adapted_case,composition_name,prediction_distribution_similarity,weight_cosine_similarity,quality_gap,reliability_gap,latency_similarity,entropy_gap,rule_score,rule_composable,inference_score,inference_composable,semantic_score,semantic_composable,similarity_score,similarity_composable,mlaas_score,mlaas_composable
client_0_brightness,C1,0.6754,0.9999999693563962,0.2930282386068967,0.8776152286860304,0.9828842428463733,0.05561361706607415,0.3833333333333333,False,0.1,False,0.9350800000000001,True,0.8634529516807591,False,0.7691043403630171,False
client_0_brightness,C1_C2,0.7008000000000001,0.9959946028251605,0.2675561575424489,0.8421111129720478,0.4980753071758144,0.02472017387990233,0.3083333333333333,False,0.1,False,0.9401600000000001,True,0.6736675183946463,False,0.685066307706946,False
client_0_brightness,C1_C2_C3,0.6975,0.9948486198659323,0.24642059787786783,0.8281733419537646,0.33275397662515693,0.05238096870643072,0.3083333333333333,False,0.0,False,0.9395,True,0.6389093615143187,False,0.6567337340397135,False
client_0_brightness,C1_C2_C3_C4,0.6591,0.9942271032371011,0.24628555768371574,0.8169142202788503,0.24663940272381799,0.054429111995969115,0.3083333333333333,False,0.0,False,0.9318200000000001,True,0.6014495673811436,False,0.6328594361400012,False
client_0_brightness,C1_C2_C3_C4_C5,0.6456999999999999,0.9938719926801562,0.24094579641362635,0.8094953135847681,0.2015964382613304,0.05882062007009181,0.3083333333333333,False,0.0,False,0.9291400000000001,True,0.5778187043440676,False,0.6229096640595407,False
client_0_brightness,C1_C2_C3_C5,0.6726000000000001,0.9942500654558994,0.23894288107662298,0.8022239729289874,0.24610792903177445,0.05957939173313509,0.3083333333333333,False,0.0,False,0.93452,True,0.6104505612122905,False,0.638395293901757,False
client_0_brightness,C1_C2_C4,0.6501,0.9947667987634355,0.26189166977993517,0.8364268816725989,0.3310748304024834,0.03820428166065959,0.3083333333333333,False,0.0,False,0.9300200000000001,True,0.6220965408353833,False,0.6429819722223824,False
client_0_brightness,C1_C2_C4_C5,0.6396999999999999,0.9941827310700503,0.24999651707979012,0.8150496111729377,0.250028305946359,0.0533919038583438,0.3083333333333333,False,0.0,False,0.92794,True,0.5990622837119909,False,0.6290926113824756,False
client_0_brightness,C1_C2_C5,0.6792,0.9947995220608281,0.24909302433990754,0.8137460276191002,0.33238812427911124,0.05352160432104691,0.3083333333333333,False,0.0,False,0.93584,True,0.6397464090971653,False,0.653898990150542,False
client_0_brightness,C1_C3,0.7279,0.9961630929185212,0.25603770434740486,0.8366437742790327,0.5022086394377944,0.03887460146545063,0.3833333333333333,False,0.1,False,0.9455800000000001,True,0.6808397710994234,False,0.6941970966863245,False
client_0_brightness,C1_C3_C4,0.6617999999999999,0.9948952681599943,0.25103860319095056,0.8321252377561563,0.33008870779377786,0.050171932528417895,0.3083333333333333,False,0.0,False,0.9323600000000001,True,0.6288742585402488,False,0.6477512192893943,False
client_0_brightness,C1_C3_C4_C5,0.6505,0.9942557697807967,0.24558815161450742,0.8118150884435149,0.24945292537991523,0.05557433011927104,0.3083333333333333,False,0.0,False,0.9301000000000001,True,0.6030568151398333,False,0.632357268377335,False
client_0_brightness,C1_C3_C5,0.6854,0.9948763335157228,0.24880033339478136,0.8175076121332837,0.3375234786440218,0.054230589319243405,0.3083333333333333,False,0.0,False,0.9370800000000001,True,0.6413774693910469,False,0.6558638030521098,False
client_0_brightness,C1_C4,0.6456000000000001,0.9960812384724479,0.27184940171214594,0.8545502590331746,0.507684140361377,0.020021674114382493,0.3833333333333333,False,0.1,False,0.9291200000000002,True,0.6586624782206221,False,0.6738628380334639,False
client_0_brightness,C1_C4_C5,0.6453,0.9948017193863614,0.2558680782893096,0.8229399572301375,0.3367039733754108,0.047361749755106874,0.3083333333333333,False,0.0,False,0.92906,True,0.6299942089130833,False,0.6457081956839243,False
client_0_brightness,C1_C5,0.6960999999999999,0.9960209110252953,0.262814658468874,0.8304834979619761,0.5014621838803442,0.04133643688610822,0.3833333333333333,False,0.1,False,0.9392200000000002,True,0.6753590236469353,False,0.6869200060036011,False
client_0_brightness,C2,0.542,0.9846705042008846,0.28951171959591204,0.8812243572614782,0.9885688971978847,0.005930173458720711,0.3833333333333333,False,0.1,False,0.8384000000000001,False,0.6929747165133748,False,0.7408377691468692,False
client_0_brightness,C2_C3,0.6013,0.9885692156667896,0.25774891600927424,0.8304242689149142,0.4991282109592713,0.041858254245594084,0.3083333333333333,False,0.1,False,0.8502600000000001,False,0.6546905467507589,False,0.6670219437443115,False
client_0_brightness,C2_C3_C4,0.5869,0.989827465678238,0.2539763394211461,0.8275461430577944,0.33471000791105854,0.04499495709145873,0.3083333333333333,False,0.0,False,0.8473800000000001,False,0.6147653566602588,False,0.6325522810402961,False
client_0_brightness,C2_C3_C4_C5,0.5962000000000001,0.9905241401048783,0.24837936562586918,0.8130320659568829,0.25157575245927294,0.05103157423451232,0.3083333333333333,False,0.0,False,0.8492400000000001,False,0.5901718119501741,False,0.6204955673044137,False
client_0_brightness,C2_C3_C5,0.6048,0.9899342057620184,0.24840691619747407,0.8197018183068973,0.3373218547227589,0.05054285831127603,0.3083333333333333,False,0.0,False,0.85096,False,0.6230723281233856,False,0.6385743155392165,False
client_0_brightness,C2_C4,0.5466000000000001,0.9884427916494068,0.27542951640133406,0.8574111876883764,0.508912441281006,0.017392530598016487,0.3833333333333333,False,0.1,False,0.8393200000000002,False,0.6355072003913642,False,0.6517786930494236,False
client_0_brightness,C2_C4_C5,0.5642,0.9898401659419792,0.2615282676964149,0.826387709318009,0.33269208474567974,0.0393466433745272,0.3083333333333333,False,0.0,False,0.8428400000000001,False,0.6082537386296537,False,0.6262166941788934,False
client_0_brightness,C2_C5,0.5683999999999999,0.9886614960582236,0.26307431097833417,0.8341373395311925,0.49687307072345266,0.03523391420323996,0.3083333333333333,False,0.1,False,0.8436800000000001,False,0.6470551375527167,False,0.6585729857199947,False
client_0_brightness,C3,0.5539,0.9846967820264911,0.27911162582809584,0.8617991499430759,0.9968794934329677,0.003038039461586761,0.3833333333333333,False,0.1,False,0.8407800000000001,False,0.7063682749226441,False,0.7489076834444106,False
client_0_brightness,C3_C4,0.5592999999999999,0.9885689277803508,0.263543566871314,0.8413254247846571,0.5058770059326436,0.035261281074731254,0.3833333333333333,False,0.1,False,0.84186,False,0.6436891415187659,False,0.657722599402316,False
client_0_brightness,C3_C4_C5,0.5781000000000001,0.9898995786580135,0.25492183699510373,0.8302501963083898,0.338301080206442,0.041664331632703555,0.3083333333333333,False,0.0,False,0.8456200000000001,False,0.6126821951459508,False,0.6310654132554769,False
client_0_brightness,C3_C5,0.5826,0.9886790168838342,0.2628628392221998,0.8416820774882288,0.5083874433599428,0.03021111340199234,0.3833333333333333,False,0.1,False,0.84652,False,0.6499058070413208,False,0.6630071849679382,False
client_0_brightness,C4,0.4835999999999999,0.9845952869929013,0.2943133574636624,0.8892662534328974,0.9769430479054493,0.02318030207983257,0.3833333333333333,False,0.1,False,0.8267200000000001,False,0.6876340610929671,False,0.7250530386560935,False
client_0_brightness,C4_C5,0.5337000000000001,0.988567957995557,0.27129889943908647,0.8490229499817585,0.5057876714852784,0.016918314843004656,0.3833333333333333,False,0.1,False,0.8367400000000002,False,0.6374642064869707,False,0.6502637195226195,False
client_0_brightness,C5,0.4788,0.9849574991856114,0.2924064550166016,0.882698523602394,0.9899790599089678,0.040112553683086194,0.3833333333333333,False,0.1,False,0.8257600000000002,False,0.7491570237228737,False,0.7278108369678016,False
client_0_glass_blur,C1,0.6507000000000001,0.9999999511335376,0.1771282386068967,0.8872134944875107,0.9731550343251615,0.028268455224371936,0.45833333333333326,False,0.1,False,0.9301400000000002,True,0.8797731840849922,False,0.786358321594351,False
client_0_glass_blur,C1_C2,0.6653,0.9959945082657701,0.15165615754244888,0.8517093787735281,0.49314504345651133,0.052065335721604544,0.3833333333333333,False,0.1,False,0.93306,True,0.5865550632767613,False,0.7011200626313553,False
client_0_glass_blur,C1_C2_C3,0.6443,0.9948484741389054,0.13052059787786782,0.837771607755245,0.32946016776779524,0.07972613054813293,0.3833333333333333,False,0.0,False,0.92886,True,0.5524078278543552,False,0.6695747697029837,False
client_0_glass_blur,C1_C2_C3_C4,0.5935,0.9942269440254364,0.13038555768371574,0.8265124860803307,0.24419801026472432,0.08177427383767133,0.3833333333333333,False,0.0,False,0.9187000000000001,True,0.521424325472525,False,0.6433909523859975,False
client_0_glass_blur,C1_C2_C3_C4_C5,0.5856,0.9938718142441979,0.12504579641362634,0.8190935793862485,0.19960090949051804,0.08616578191179403,0.3833333333333333,False,0.0,False,0.9171200000000002,True,0.5050451254827165,False,0.6346303491983347,False
client_0_glass_blur,C1_C2_C3_C5,0.6099,0.9942498922848388,0.12304288107662296,0.8118222387304678,0.24367179743469072,0.0869245535748373,0.3833333333333333,False,0.0,False,0.92198,True,0.5301959631738804,False,0.6495078595282762,False
client_0_glass_blur,C1_C2_C4,0.5948,0.9947666693804506,0.1459916697799352,0.8460251474740793,0.32779764279412116,0.0655494435023618,0.3833333333333333,False,0.0,False,0.91896,True,0.5383672986640484,False,0.655406335404261,False
client_0_glass_blur,C1_C2_C4_C5,0.5816000000000001,0.994182570153845,0.13409651707979012,0.8246478769744181,0.2475533679844756,0.08073706570004602,0.3833333333333333,False,0.0,False,0.91632,True,0.5205254770836407,False,0.641117418187006,False
client_0_glass_blur,C1_C2_C5,0.6245,0.994799373825595,0.13319302433990754,0.8233442934205806,0.3290979368591554,0.08086676616274913,0.3833333333333333,False,0.0,False,0.9249,True,0.5535461791160861,False,0.6664407495996522,False
client_0_glass_blur,C1_C3,0.6782,0.9961629589169332,0.14013770434740488,0.8462420400805131,0.49723746138726976,0.06621976330715285,0.3833333333333333,False,0.1,False,0.93564,True,0.5887792017991638,False,0.70740266085605,False
client_0_glass_blur,C1_C3_C4,0.5966,0.9948951120822448,0.13513860319095056,0.8417235035576367,0.3268212814493258,0.07751709437012011,0.3833333333333333,False,0.0,False,0.9193200000000001,True,0.5405411979265237,False,0.658197529385102,False
client_0_glass_blur,C1_C3_C4_C5,0.5888,0.9942555887552934,0.12968815161450742,0.8214133542449953,0.24698368289799372,0.08291949196097326,0.3833333333333333,False,0.0,False,0.9177600000000001,True,0.523330689005735,False,0.643663210255998,False
client_0_glass_blur,C1_C3_C5,0.6188,0.9948761586915915,0.13290033339478136,0.8271058779347641,0.3341824582457065,0.08157575116094562,0.3833333333333333,False,0.0,False,0.9237600000000001,True,0.5521145570927705,False,0.6660153905877686,False
client_0_glass_blur,C1_C4,0.6013,0.9960811291523378,0.15594940171214597,0.864148524834655,0.5026587623471931,0.04736683595608471,0.45833333333333326,False,0.1,False,0.9202600000000001,True,0.5695034630698143,False,0.6881375671467532,False
client_0_glass_blur,C1_C4_C5,0.5871999999999999,0.9948015609730272,0.13996807828930957,0.8325382230316178,0.33337106495742325,0.07470691159680909,0.3833333333333333,False,0.0,False,0.91744,True,0.5437173815594915,False,0.657561408897808,False
client_0_glass_blur,C1_C5,0.6394,0.9960207729338351,0.146914658468874,0.8400817637634564,0.4964983947180058,0.06868159872781043,0.3833333333333333,False,0.1,False,0.92788,True,0.5822996860576267,False,0.6987270471329894,False
client_0_glass_blur,C2,0.5038,0.9846703371993882,0.17361171959591207,0.8908226230629586,0.9984522072555593,0.021414988382981504,0.45833333333333326,False,0.1,False,0.83076,False,0.600851918205264,False,0.7593142243382529,False
client_0_glass_blur,C2_C3,0.5448,0.9885690078781662,0.14184891600927427,0.8400225347163945,0.4941875249338456,0.0692034160872963,0.3833333333333333,False,0.1,False,0.83896,False,0.5614862469862295,False,0.6788735915616496,False
client_0_glass_blur,C2_C3_C4,0.5266,0.9898272605519457,0.1380763394211461,0.8371444088592748,0.33139683702160305,0.07234011893316095,0.3833333333333333,False,0.0,False,0.8353200000000001,False,0.5283850828465237,False,0.6439694324172947,False
client_0_glass_blur,C2_C3_C4_C5,0.5386,0.990523922856275,0.13247936562586918,0.8226303317583633,0.24908549689523132,0.07837673607621454,0.3833333333333333,False,0.0,False,0.8377200000000001,False,0.5121773703040543,False,0.6326172993220327,False
client_0_glass_blur,C2_C3_C5,0.5477,0.9899339827938356,0.13250691619747407,0.8293000841083776,0.3339828301252584,0.07788802015297824,0.3833333333333333,False,0.0,False,0.8395400000000001,False,0.5362551192276275,False,0.6506262926062278,False
client_0_glass_blur,C2_C4,0.4961,0.9884426085641385,0.1595295164013341,0.8670094534898568,0.5038749047691548,0.0447376924397187,0.45833333333333326,False,0.1,False,0.8292200000000001,False,0.5454857113603024,False,0.6648109757101477,False
client_0_glass_blur,C2_C4_C5,0.5117,0.9898399593929854,0.14562826769641488,0.8359859751194894,0.3293988885332003,0.06669180521622942,0.3833333333333333,False,0.0,False,0.8323400000000001,False,0.5251835680012366,False,0.6391978402067469,False
client_0_glass_blur,C2_C5,0.5194000000000001,0.9886612862241807,0.1471743109783342,0.8437356053326729,0.49195470749927095,0.06257907604494217,0.3833333333333333,False,0.1,False,0.8338800000000001,False,0.5561445471042334,False,0.6719290976884978,False
client_0_glass_blur,C3,0.5065,0.9846965333850568,0.16321162582809587,0.8713974157445563,0.993200658088896,0.030383201303288976,0.45833333333333326,False,0.1,False,0.8313,False,0.6119373248674397,False,0.7628316932274575,False
client_0_glass_blur,C3_C4,0.4993000000000001,0.9885687036629686,0.14764356687131394,0.8509236905861375,0.5008695160754945,0.06260644291643347,0.45833333333333326,False,0.1,False,0.8298600000000002,False,0.5498708480134613,False,0.6688608831875578,False
client_0_glass_blur,C3_C4_C5,0.5238,0.9898993448346696,0.13902183699510373,0.8398484621098702,0.33495236261712763,0.06900949347440577,0.3833333333333333,False,0.0,False,0.8347600000000001,False,0.5278094001841716,False,0.6436754495530933,False
client_0_glass_blur,C3_C5,0.5309999999999999,0.9886787663094782,0.14696283922219974,0.8512803432897091,0.5033551036088336,0.057556275243694555,0.45833333333333326,False,0.1,False,0.8362,False,0.5582472037519434,False,0.675820493482993,False
client_0_glass_blur,C4,0.4330999999999998,0.9845950888122524,0.17841335746366238,0.8988645192343778,0.9672726490811738,0.004164859761869644,0.45833333333333326,False,0.1,False,0.81662,False,0.5917771843573283,False,0.7371587458352566,False
client_0_glass_blur,C4_C5,0.48319999999999996,0.9885677322672751,0.15539889943908647,0.8586212157832389,0.500781065916867,0.04426347668470687,0.45833333333333326,False,0.1,False,0.8266400000000002,False,0.5480920469884558,False,0.6633021798434289,False
client_0_glass_blur,C5,0.4366,0.9849572486796485,0.17650645501660162,0.8922967894038744,0.9998764682003062,0.01276739184138398,0.45833333333333326,False,0.1,False,0.8173200000000002,False,0.6639105755074525,False,0.7454900951050248,False
client_0_impulse_noise,C1,0.6950000000000001,0.999999956544368,0.19402823860689672,0.8939753670493333,0.9910096481704688,0.029536501513694913,0.45833333333333326,False,0.2,False,0.9390000000000001,True,0.891623347974343,False,0.7960854327017608,False
client_0_impulse_noise,C1_C2,0.6738,0.9959944994014567,0.16855615754244888,0.8584712513353507,0.5021928457183052,0.05079728943228157,0.45833333333333326,False,0.2,False,0.93476,True,0.5932938898885488,False,0.7019258085670337,False
client_0_impulse_noise,C1_C2_C3,0.653,0.9948485009858318,0.14742059787786782,0.8445334803170675,0.3355048203312826,0.07845808425880996,0.3833333333333333,False,0.1,False,0.9306000000000001,True,0.5589938011163905,False,0.6698198928412488,False
client_0_impulse_noise,C1_C2_C3_C4,0.6042000000000001,0.9942269793839296,0.1472855576837157,0.8332743586421533,0.24867834589602741,0.08050622754834835,0.3833333333333333,False,0.1,False,0.9208400000000001,True,0.5281539977132897,False,0.6437232138401391,False
client_0_impulse_noise,C1_C2_C3_C4_C5,0.587,0.9938718458882084,0.1419457964136263,0.8258554519480711,0.20326301577001402,0.08489773562247105,0.3833333333333333,False,0.1,False,0.9174,True,0.5097327567679695,False,0.6329389640392182,False
client_0_impulse_noise,C1_C2_C3_C5,0.6166,0.9942499166887033,0.13994288107662295,0.8185841112922904,0.2481424785643479,0.08565650728551433,0.3833333333333333,False,0.1,False,0.9233200000000001,True,0.5361389356291445,False,0.6490381878911629,False
client_0_impulse_noise,C1_C2_C4,0.6013,0.994766683628902,0.1628916697799352,0.8527870200359019,0.3338117927754236,0.06428139721303883,0.3833333333333333,False,0.1,False,0.9202600000000001,True,0.5444455067760195,False,0.6552053555063941,False
client_0_impulse_noise,C1_C2_C4_C5,0.5792999999999999,0.9941825851965393,0.15099651707979012,0.8314097495362407,0.25209526484116007,0.07946901941072304,0.3833333333333333,False,0.1,False,0.9158600000000001,True,0.5246421065462341,False,0.6388619878230639,False
client_0_impulse_noise,C1_C2_C5,0.6236,0.9947993738738845,0.15009302433990754,0.8301061659824032,0.33513594352063475,0.07959871987342615,0.3833333333333333,False,0.1,False,0.9247200000000002,True,0.5581574435835831,False,0.6647645381977882,False
client_0_impulse_noise,C1_C3,0.6953,0.9961630114777099,0.15703770434740488,0.8530039126423357,0.5063603478229826,0.06495171701782987,0.45833333333333326,False,0.2,False,0.93906,True,0.5972594452488207,False,0.7099434359115301,False
client_0_impulse_noise,C1_C3_C4,0.6091,0.9948951674577996,0.15203860319095056,0.8484853761194593,0.3328175179901486,0.07624904808079713,0.3833333333333333,False,0.1,False,0.9218200000000001,True,0.5478678170767994,False,0.6591929750245598,False
client_0_impulse_noise,C1_C3_C4_C5,0.5915,0.9942556342817542,0.14658815161450742,0.8281752268068179,0.25151512766135925,0.08165144567165028,0.3833333333333333,False,0.1,False,0.9183000000000001,True,0.5284655335353958,False,0.6424056955701456,False
client_0_impulse_noise,C1_C3_C5,0.635,0.9948761991115341,0.14980033339478135,0.8338677504965867,0.34031375134433417,0.08030770487162264,0.3833333333333333,False,0.1,False,0.927,True,0.5601654002212305,False,0.6677778445476648,False
client_0_impulse_noise,C1_C4,0.6122,0.9960811624319388,0.17284940171214597,0.8709103973964776,0.5118811141627934,0.04609878966676173,0.45833333333333326,False,0.2,False,0.9224400000000001,True,0.5767609920149545,False,0.6894582314219756,False
client_0_impulse_noise,C1_C4_C5,0.5877,0.9948015887847576,0.15686807828930954,0.8393000955934404,0.3394874713079708,0.07343886530748611,0.3833333333333333,False,0.1,False,0.91754,True,0.5486057464236481,False,0.656180882986446,False
client_0_impulse_noise,C1_C5,0.6516,0.9960207844536494,0.163814658468874,0.846843636325279,0.505607721392406,0.06741355243848746,0.45833333333333326,False,0.2,False,0.93032,True,0.5897224786412082,False,0.7002851020280145,False
client_0_impulse_noise,C2,0.4941,0.9846703147219245,0.19051171959591207,0.8975844956247812,0.9804635038797105,0.020146942093658526,0.45833333333333326,False,0.2,False,0.8288200000000001,False,0.6008096699028186,False,0.7510726664237726,False
client_0_impulse_noise,C2_C3,0.5529,0.9885690451501544,0.15874891600927427,0.8467844072782171,0.5032544537515964,0.06793536979797332,0.45833333333333326,False,0.2,False,0.8405800000000001,False,0.5681206416502013,False,0.6796031720357797,False
client_0_impulse_noise,C2_C3_C4,0.5326,0.9898273056593337,0.15497633942114608,0.8439062814210974,0.3374770219313797,0.07107207264383797,0.3833333333333333,False,0.1,False,0.83652,False,0.5343951481532833,False,0.6436816656769099,False
client_0_impulse_noise,C2_C3_C4_C5,0.5316000000000001,0.9905239608509275,0.14937936562586918,0.8293922043201859,0.2536555039389855,0.07710868978689156,0.3833333333333333,False,0.1,False,0.8363200000000001,False,0.5153575632505667,False,0.6294274955858963,False
client_0_impulse_noise,C2_C3_C5,0.5431999999999999,0.9899340132938458,0.1494069161974741,0.8360619566702002,0.3401104606183633,0.07661997386365527,0.3833333333333333,False,0.1,False,0.83864,False,0.5401778926341604,False,0.6482480120610332,False
client_0_impulse_noise,C2_C4,0.49350000000000005,0.9884426270670427,0.17642951640133409,0.8737713260516794,0.5131195693227661,0.043469646150395724,0.45833333333333326,False,0.2,False,0.8287000000000001,False,0.5500336586457866,False,0.6634360995776332,False
client_0_impulse_noise,C2_C4_C5,0.4988,0.9898399775055683,0.16252826769641487,0.842747847681312,0.3354424167978536,0.06542375892690644,0.3833333333333333,False,0.1,False,0.8297600000000002,False,0.5273594337509449,False,0.6351227367383765,False
client_0_impulse_noise,C2_C5,0.5067,0.9886612837091497,0.1640743109783342,0.8504974778944955,0.5009806704979329,0.061311029755619195,0.45833333333333326,False,0.2,False,0.8313400000000001,False,0.5586130563743198,False,0.6684904770414063,False
client_0_impulse_noise,C3,0.5035000000000001,0.9846966326473291,0.18011162582809587,0.8781592883063789,0.9887059605532672,0.029115155013966,0.45833333333333326,False,0.2,False,0.8307000000000001,False,0.6145948812354776,False,0.7586289608289684,False
client_0_impulse_noise,C3_C4,0.5047999999999999,0.9885687837036364,0.16454356687131394,0.8576855631479601,0.510059040335229,0.06133839662711049,0.45833333333333326,False,0.2,False,0.83096,False,0.5560085227567348,False,0.6690949913038204,False
client_0_impulse_noise,C3_C4_C5,0.5207,0.9898994033686268,0.1559218369951037,0.8466103346716928,0.341097781260776,0.06774144718508279,0.3833333333333333,False,0.1,False,0.8341400000000001,False,0.5320103507541702,False,0.6415807322447967,False
client_0_impulse_noise,C3_C5,0.5311000000000001,0.9886788236588856,0.16386283922219974,0.8580422158515317,0.5125902312966153,0.05628822895437158,0.45833333333333326,False,0.2,False,0.8362200000000001,False,0.5633328429425476,False,0.6749837177466134,False
client_0_impulse_noise,C4,0.4344000000000001,0.98459514927756,0.19531335746366238,0.9056263917962004,0.9850193379676451,0.0028968134725466665,0.45833333333333326,False,0.2,False,0.8168800000000002,False,0.5976056375966939,False,0.7382642829617946,False
client_0_impulse_noise,C4_C5,0.476,0.9885677708258851,0.17229889943908644,0.8653830883450615,0.5099689673689592,0.04299543039538389,0.45833333333333326,False,0.2,False,0.8252,False,0.5517214788861446,False,0.6609959551017516,False
client_0_impulse_noise,C5,0.4296,0.9849572658956823,0.19340645501660164,0.899058661965697,0.9818621044999284,0.014035438130706956,0.45833333333333326,False,0.2,False,0.8159200000000001,False,0.6645182059787111,False,0.7377834130643381,False
client_0_motion_blur,C1,0.6733,0.9999999644190644,0.2695282386068967,0.8856046693708352,0.9697159937701354,0.04796475717628179,0.3833333333333333,False,0.1,False,0.93466,True,0.8700811247344709,False,0.7715496336287836,False
client_0_motion_blur,C1_C2,0.6898000000000001,0.9959945507127048,0.24405615754244886,0.8501005536568526,0.49140231414397884,0.03236903376969469,0.3083333333333333,False,0.1,False,0.9379600000000001,True,0.6499153601910583,False,0.6870306427465682,False
client_0_motion_blur,C1_C2_C3,0.6879000000000001,0.9948485743800068,0.2229205978778678,0.8361627826385694,0.3282958857795664,0.06002982859622308,0.3083333333333333,False,0.0,False,0.9375800000000001,True,0.6165393980204265,False,0.6594210508418907,False
client_0_motion_blur,C1_C2_C3_C4,0.6471,0.9942270486955861,0.22278555768371572,0.8249036609636551,0.24333503691398842,0.062077971885761474,0.3083333333333333,False,0.0,False,0.9294200000000001,True,0.5808414476760646,False,0.6352974961382127,False
client_0_motion_blur,C1_C2_C3_C4_C5,0.6333000000000001,0.993871943844927,0.21744579641362632,0.8174847542695729,0.19889553819987468,0.06646947995988417,0.3083333333333333,False,0.0,False,0.92666,True,0.5586836413362246,False,0.6253884183486843,False
client_0_motion_blur,C1_C2_C3_C5,0.6613,0.9942500247571275,0.21544288107662296,0.8102134136137922,0.24281068367178954,0.06722825162292745,0.3083333333333333,False,0.0,False,0.9322600000000001,True,0.5898200995679679,False,0.6409747807584862,False
client_0_motion_blur,C1_C2_C4,0.6348,0.9947667368359213,0.23839166977993517,0.8444163223574037,0.3266392360165283,0.04585314155045195,0.3083333333333333,False,0.0,False,0.92696,True,0.5993296816603886,False,0.6445337850281689,False
client_0_motion_blur,C1_C2_C4_C5,0.6243,0.9941826781267087,0.2264965170797901,0.8230390518577425,0.24667853710758225,0.06104076374813616,0.3083333333333333,False,0.0,False,0.92486,True,0.5777665174996984,False,0.6308415910945324,False
client_0_motion_blur,C1_C2_C5,0.6643999999999999,0.9947994785305967,0.22559302433990752,0.8217354683039049,0.32793493496170456,0.06117046421083927,0.3083333333333333,False,0.0,False,0.9328800000000002,True,0.6165078775484323,False,0.6555472876494948,False
client_0_motion_blur,C1_C3,0.7181,0.9961630745470355,0.23253770434740487,0.8446332149638376,0.4954802698454566,0.04652346135524299,0.3083333333333333,False,0.1,False,0.9436200000000001,True,0.6568360081732547,False,0.6963903631620403,False
client_0_motion_blur,C1_C3_C4,0.6516,0.9948952285034306,0.22753860319095054,0.8401146784409611,0.32566632504309484,0.057820792418210254,0.3083333333333333,False,0.0,False,0.93032,True,0.6065052212527406,False,0.6503256788764255,False
client_0_motion_blur,C1_C3_C4_C5,0.6384000000000001,0.9942557334355914,0.2220881516145074,0.8198045291283198,0.2461108652358985,0.0632231900090634,0.3083333333333333,False,0.0,False,0.9276800000000001,True,0.5823190252088846,False,0.634767793147971,False
client_0_motion_blur,C1_C3_C5,0.6738,0.9948763122138535,0.22530033339478134,0.8254970528180885,0.333001488116438,0.061879449209035764,0.3083333333333333,False,0.0,False,0.93476,True,0.6186014374721469,False,0.6581383447546997,False
client_0_motion_blur,C1_C4,0.6342,0.9960811949806727,0.24834940171214595,0.8625396997179794,0.5008824124254666,0.02767053400417485,0.3833333333333333,False,0.1,False,0.9268400000000001,True,0.6347082315680076,False,0.6757214278164072,False
client_0_motion_blur,C1_C4_C5,0.6300999999999999,0.9948016815987619,0.23236807828930955,0.8309293979149421,0.3321929622175491,0.05501060964489923,0.3083333333333333,False,0.0,False,0.9260200000000001,True,0.6067928454771432,False,0.6472649299633125,False
client_0_motion_blur,C1_C5,0.6837,0.9960208948614596,0.23931465846887398,0.8384729386467809,0.494743814969955,0.04898529677590058,0.3083333333333333,False,0.1,False,0.9367400000000001,True,0.6509217268982289,False,0.6885952730572366,False
client_0_motion_blur,C2,0.5314,0.984670407272525,0.2660117195959121,0.889213797946283,0.9980108056845768,0.0017186864310716476,0.3833333333333333,False,0.1,False,0.8362800000000001,False,0.669675761410528,False,0.7461050755270162,False
client_0_motion_blur,C2_C3,0.5889,0.9885691504409307,0.23424891600927425,0.8384137095997191,0.4924411115874727,0.04950711413538644,0.3083333333333333,False,0.1,False,0.8477800000000001,False,0.6302253890408132,False,0.6687034548932604,False
client_0_motion_blur,C2_C3_C4,0.5721999999999999,0.9898273949787996,0.2304763394211461,0.8355355837425992,0.3302257110220186,0.05264381698125109,0.3083333333333333,False,0.0,False,0.8444400000000001,False,0.5917461198895034,False,0.634214351591081,False
client_0_motion_blur,C2_C3_C4_C5,0.5842,0.9905240806350113,0.22487936562586916,0.8210215066416877,0.2482052516154178,0.05868043412430468,0.3083333333333333,False,0.0,False,0.8468400000000001,False,0.5696780168062927,False,0.6229203993101498,False
client_0_motion_blur,C2_C3_C5,0.5940000000000001,0.9899341535720824,0.22490691619747405,0.827691258991702,0.3328025654634416,0.05819171820106839,0.3083333333333333,False,0.0,False,0.8488000000000001,False,0.6005932943125001,False,0.6410093913178464,False
client_0_motion_blur,C2_C4,0.5342,0.9884427021727777,0.25192951640133404,0.8654006283731812,0.5020942571117517,0.025041390487808846,0.3833333333333333,False,0.1,False,0.8368400000000001,False,0.6114249942504663,False,0.6534339823887275,False
client_0_motion_blur,C2_C4_C5,0.5486,0.9898400976435534,0.23802826769641486,0.8343771500028138,0.32823482310016094,0.04699550326431956,0.3083333333333333,False,0.0,False,0.8397200000000001,False,0.5854755491308354,False,0.627704172258585,False
client_0_motion_blur,C2_C5,0.5547,0.988661434241285,0.23957431097833418,0.8421267802159973,0.4902161847247377,0.042882774093032316,0.3083333333333333,False,0.1,False,0.8409400000000001,False,0.6225105034608266,False,0.6600005402253446,False
client_0_motion_blur,C3,0.5499,0.984696750374576,0.2556116258280958,0.8697885906278807,0.9896907781396905,0.01068689935137912,0.3833333333333333,False,0.1,False,0.8399800000000001,False,0.6830427533169181,False,0.7521688781238527,False
client_0_motion_blur,C3_C4,0.5485,0.9885688709890691,0.24004356687131392,0.8493148654694619,0.49909948918583813,0.04291014096452361,0.3083333333333333,False,0.1,False,0.8397000000000001,False,0.619525123031638,False,0.6597060287631791,False
client_0_motion_blur,C3_C4_C5,0.5655,0.9898995321306022,0.2314218369951037,0.8382396369931946,0.33376867171648816,0.049313191522495914,0.3083333333333333,False,0.0,False,0.8431000000000001,False,0.5901548519569009,False,0.6331378663204844,False
client_0_motion_blur,C3_C5,0.5755000000000001,0.9886789876775011,0.23936283922219972,0.8496715181730335,0.5015762928810131,0.0378599732917847,0.3833333333333333,False,0.1,False,0.8451000000000001,False,0.6266123045657178,False,0.6657238930993661,False
client_0_motion_blur,C4,0.4697000000000001,0.9845952058720254,0.27081335746366236,0.8972556941177022,0.9638543963355932,0.015531442190040212,0.3833333333333333,False,0.1,False,0.8239400000000001,False,0.6616239366917112,False,0.7251542361864275,False
client_0_motion_blur,C4_C5,0.5182,0.9885679044368022,0.24779889943908645,0.8570123906665633,0.49901135160195154,0.024567174732797015,0.3083333333333333,False,0.1,False,0.83364,False,0.6129732355115475,False,0.6513073889026837,False
client_0_motion_blur,C5,0.46599999999999986,0.984957472517035,0.2689064550166016,0.8906879642871988,0.9965892022583752,0.032463693793293835,0.3833333333333333,False,0.1,False,0.8232,False,0.7277126918275557,False,0.7320718041724483,False
client_0_zoom_blur,C1,0.6691,0.9999999700862172,0.2610282386068966,0.89402824485317,0.9737763916548021,0.04545746653127225,0.3833333333333333,False,0.2,False,0.9338200000000001,True,0.8725966281043294,False,0.774064071887381,False
client_0_zoom_blur,C1_C2,0.6797,0.9959945614557647,0.2355561575424488,0.8585241291391874,0.4934599154722947,0.03487632441470423,0.3083333333333333,False,0.2,False,0.93594,True,0.6404211075868343,False,0.6879645227090769,False
client_0_zoom_blur,C1_C2_C3,0.6785,0.9948485819819901,0.21442059787786774,0.8445863581209042,0.32967052735372615,0.06253711924123262,0.3083333333333333,False,0.1,False,0.9357000000000002,True,0.6075747769965606,False,0.660358338225353,False
client_0_zoom_blur,C1_C2_C3_C4,0.6374,0.9942270854196829,0.21428555768371566,0.8333272364459899,0.24435393015231638,0.06458526253077101,0.3083333333333333,False,0.1,False,0.9274800000000001,True,0.5727374499424605,False,0.6361036396789311,False
client_0_zoom_blur,C1_C2_C3_C4_C5,0.623,0.9938719816890963,0.20894579641362626,0.8259083297519078,0.19972835422824253,0.06897677060489371,0.3083333333333333,False,0.1,False,0.9246000000000001,True,0.5510877456941535,False,0.6260373466714252,False
client_0_zoom_blur,C1_C2_C3_C5,0.6523,0.9942500412463209,0.2069428810766229,0.818636989096127,0.24382738133655874,0.06973554226793699,0.3083333333333333,False,0.1,False,0.9304600000000001,True,0.581772267781982,False,0.6419204811375121,False
client_0_zoom_blur,C1_C2_C4,0.6300000000000001,0.9947667851630672,0.2298916697799351,0.8528398978397386,0.32800694086154614,0.04836043219546149,0.3083333333333333,False,0.1,False,0.9260000000000002,True,0.5916252868556044,False,0.6463896932108354,False
client_0_zoom_blur,C1_C2_C4_C5,0.6158999999999999,0.9941827248718048,0.21799651707979004,0.8314626273400774,0.24771143026052506,0.0635480543931457,0.3083333333333333,False,0.1,False,0.9231800000000001,True,0.5699206952928222,False,0.6319105366223737,False
client_0_zoom_blur,C1_C2_C5,0.6563,0.9947994999540156,0.21709302433990746,0.8301590437862398,0.32930806516145494,0.06367775485584881,0.3083333333333333,False,0.1,False,0.9312600000000002,True,0.6078633048575874,False,0.6567442755223621,False
client_0_zoom_blur,C1_C3,0.7087,0.9961630779697017,0.2240377043474048,0.8530567904461723,0.49755494640281933,0.04903075200025253,0.3083333333333333,False,0.2,False,0.94174,True,0.6472482363934031,False,0.6974676567062795,False
client_0_zoom_blur,C1_C3_C4,0.6459,0.9948952725006128,0.21903860319095048,0.848538253923296,0.327029956112199,0.060328083063219795,0.3083333333333333,False,0.1,False,0.9291800000000001,True,0.598338954756498,False,0.6520007714379162,False
client_0_zoom_blur,C1_C3_C4_C5,0.6312,0.9942557769547591,0.21358815161450734,0.8282281046106545,0.2471413814313798,0.06573048065407294,0.3083333333333333,False,0.1,False,0.9262400000000002,True,0.5746651669477217,False,0.6360762626391343,False
client_0_zoom_blur,C1_C3_C5,0.6659999999999999,0.9948763289891553,0.21680033339478127,0.8339206283004233,0.3343958330036271,0.0643867398540453,0.3083333333333333,False,0.1,False,0.9332,True,0.6099450461479317,False,0.6593995746354314,False
client_0_zoom_blur,C1_C4,0.6307,0.9960812601641245,0.2398494017121459,0.8709632752003142,0.5029797088513738,0.030177824649184393,0.3833333333333333,False,0.2,False,0.9261400000000002,True,0.6265087678790153,False,0.6779832576865126,False
client_0_zoom_blur,C1_C4_C5,0.6228,0.9948017388777545,0.2238680782893095,0.8393529733972771,0.33358392164253,0.057517900289908774,0.3083333333333333,False,0.1,False,0.92456,True,0.5983744625259092,False,0.6486254908523408,False
client_0_zoom_blur,C1_C5,0.6758,0.9960209192031849,0.23081465846887392,0.8468965141291157,0.49681540784112727,0.05149258742091012,0.3083333333333333,False,0.2,False,0.93516,True,0.6416657934862746,False,0.6899719540480496,False
client_0_zoom_blur,C2,0.5267,0.9846704227990227,0.257511719595912,0.8976373734286178,0.997815104525825,0.004225977076081189,0.3833333333333333,False,0.2,False,0.8353400000000001,False,0.6602624883723928,False,0.7476682959487988,False
client_0_zoom_blur,C2_C3,0.5849,0.9885691589643392,0.2257489160092742,0.8468372850820538,0.4945030625717386,0.052014404780395984,0.3083333333333333,False,0.2,False,0.8469800000000001,False,0.6217337285530545,False,0.6708582043430288,False
client_0_zoom_blur,C2_C3_C4,0.5675000000000001,0.9898274418128166,0.22197633942114603,0.843959159224934,0.33160843316655425,0.05515110762626063,0.3083333333333333,False,0.1,False,0.8435000000000001,False,0.5838872713291737,False,0.6360932629350251,False
client_0_zoom_blur,C2_C3_C4_C5,0.575,0.9905241262705242,0.2163793656258691,0.8294450821240226,0.2492445374321899,0.06118772476931422,0.3083333333333333,False,0.1,False,0.8450000000000001,False,0.5617222088012245,False,0.6238306231488402,False
client_0_zoom_blur,C2_C3_C5,0.5843,0.9899341735284268,0.216406916197474,0.8361148344740369,0.33419607742106716,0.06069900884607793,0.3083333333333333,False,0.1,False,0.8468600000000001,False,0.5916192443898145,False,0.6418904552488739,False
client_0_zoom_blur,C2_C4,0.5301,0.9884427711143381,0.243429516401334,0.8738242038555161,0.5041966277775728,0.027548681132818387,0.3833333333333333,False,0.2,False,0.8360200000000001,False,0.6031461286563107,False,0.6555768278584373,False
client_0_zoom_blur,C2_C4_C5,0.5408,0.9898401575241598,0.2295282676964148,0.8428007254851486,0.3296092089924759,0.0495027939093291,0.3083333333333333,False,0.1,False,0.8381600000000001,False,0.5771811216438517,False,0.6289614189614028,False
client_0_zoom_blur,C2_C5,0.5459,0.9886614631171483,0.2310743109783341,0.8505503556983322,0.49226881948818735,0.04539006473804186,0.3083333333333333,False,0.2,False,0.8391800000000001,False,0.6131471518299112,False,0.6611934305014406,False
client_0_zoom_blur,C3,0.5507,0.9846967515287297,0.2471116258280958,0.8782121661102156,0.9938348145048215,0.013194189996388661,0.3833333333333333,False,0.2,False,0.8401400000000001,False,0.6752689441410513,False,0.7557000431759431,False
client_0_zoom_blur,C3_C4,0.5450999999999999,0.9885689339021302,0.23154356687131386,0.8577384409517967,0.5011893201499016,0.045417431609533154,0.3833333333333333,False,0.2,False,0.8390200000000001,False,0.6111678969640341,False,0.6619863650868374,False
client_0_zoom_blur,C3_C4_C5,0.5624,0.9898995879218362,0.22292183699510365,0.8466632124755294,0.3351662289572806,0.051820482167505455,0.3083333333333333,False,0.1,False,0.8424800000000001,False,0.5826524490037844,False,0.6353397464751231,False
client_0_zoom_blur,C3_C5,0.5708,0.9886790098097082,0.23086283922219966,0.8580950936553684,0.5036764947253645,0.04036726393679424,0.3833333333333333,False,0.2,False,0.8441600000000001,False,0.6180552410286735,False,0.6677462954429113,False
client_0_zoom_blur,C4,0.47039999999999993,0.9845953291583387,0.2623133574636623,0.9056792696000371,0.9678902505208914,0.013024151545030671,0.3833333333333333,False,0.2,False,0.82408,False,0.6538164328407876,False,0.7286437892289833,False
client_0_zoom_blur,C4_C5,0.5138,0.9885679865020167,0.2392988994390864,0.8654359661488982,0.5011008135160442,0.027074465377806556,0.3833333333333333,False,0.2,False,0.8327600000000001,False,0.6047087194438354,False,0.6533876552467786,False
client_0_zoom_blur,C5,0.4609,0.9849575143513276,0.26040645501660153,0.8991115397695336,0.999238456663391,0.029956403148284294,0.3833333333333333,False,0.2,False,0.8221800000000001,False,0.7194107935220806,False,0.7341240209685435,False
client_1_brightness,C1,0.46340000000000015,0.9846705894316297,0.2880282386068967,0.8904746960967204,0.9430113138815426,0.05797976192238152,0.3833333333333333,False,0.2,False,0.8226800000000002,False,0.8129378886443455,False,0.7179498253261666,False
client_1_brightness,C1_C2,0.6412,0.9963223859858676,0.2625561575424489,0.8549705803827378,0.537372868505298,0.022354029023594957,0.3833333333333333,False,0.2,False,0.9282400000000002,True,0.6727079032035037,False,0.6833573233460533,False
client_1_brightness,C1_C2_C3,0.6711,0.9949381240916033,0.24142059787786782,0.8410328093644546,0.35900787762298514,0.05001482385012335,0.3083333333333333,False,0.1,False,0.93422,True,0.6439713083251116,False,0.6590083618254823,False
client_1_brightness,C1_C2_C3_C4,0.6751,0.9942982625029322,0.24128555768371573,0.8297736876895403,0.2660989641900627,0.05206296713966174,0.3083333333333333,False,0.1,False,0.9350200000000002,True,0.6150458053552866,False,0.6422515270274853,False
client_1_brightness,C1_C2_C3_C4_C5,0.6738999999999999,0.9938265085852624,0.23594579641362634,0.8223547809954581,0.21750216232000896,0.05645447521378444,0.3083333333333333,False,0.1,False,0.9347800000000002,True,0.593775753215319,False,0.6340076587933667,False
client_1_brightness,C1_C2_C3_C5,0.6768000000000001,0.994189382293656,0.23394288107662298,0.8150834403396774,0.26552555784304266,0.05721324687682772,0.3083333333333333,False,0.1,False,0.9353600000000002,True,0.6215442890070131,False,0.645392629772631,False
client_1_brightness,C1_C2_C4,0.6619999999999999,0.9949913502711941,0.25689166977993516,0.8492863490832889,0.3571962487200501,0.035838136804352216,0.3083333333333333,False,0.1,False,0.9324000000000001,True,0.635162354279079,False,0.6529171129285165,False
client_1_brightness,C1_C2_C4_C5,0.6742999999999999,0.9942230217592859,0.24499651707979012,0.8279090785836277,0.26975524792777633,0.05102575900203643,0.3083333333333333,False,0.1,False,0.93486,True,0.6163905902228007,False,0.6422520046576752,False
client_1_brightness,C1_C2_C5,0.6788,0.99484774317653,0.24409302433990754,0.8266054950297901,0.3586131599531638,0.05115545946473954,0.3083333333333333,False,0.1,False,0.9357600000000001,True,0.6499661600923436,False,0.6613595882495619,False
client_1_brightness,C1_C3,0.5803,0.9882738824245377,0.25103770434740486,0.8495032416897228,0.54183231586618,0.03650845660914326,0.3833333333333333,False,0.2,False,0.8460600000000001,False,0.6599263224702303,False,0.673309936614274,False
client_1_brightness,C1_C3_C4,0.6174,0.9896604148793805,0.24603860319095056,0.8449847051668463,0.35613232218664553,0.04780578767211052,0.3083333333333333,False,0.1,False,0.8534800000000001,False,0.629068728925762,False,0.645318918252914,False
client_1_brightness,C1_C3_C4_C5,0.6300999999999999,0.9902486452704862,0.24058815161450742,0.824674555854205,0.2691344705051306,0.05320818526296367,0.3083333333333333,False,0.1,False,0.8560200000000001,False,0.6083262263443852,False,0.633698099241385,False
client_1_brightness,C1_C3_C5,0.6123999999999999,0.9895366416234599,0.24380033339478135,0.8303670795439737,0.36415368779324225,0.05186444446293603,0.3083333333333333,False,0.1,False,0.8524800000000001,False,0.6357204439594508,False,0.6478078532445702,False
client_1_brightness,C1_C4,0.563,0.9884544610296235,0.26684940171214594,0.8674097264438646,0.5477398274320373,0.01765552925807512,0.3833333333333333,False,0.2,False,0.8426000000000001,False,0.6512695830242459,False,0.6661145667001,False
client_1_brightness,C1_C4_C5,0.615,0.989622435058633,0.25086807828930957,0.8357994246408273,0.3632695245139065,0.0449956048987995,0.3083333333333333,False,0.1,False,0.8530000000000001,False,0.633062241055298,False,0.6462113957871467,False
client_1_brightness,C1_C5,0.5838999999999999,0.9882866548786112,0.25781465846887397,0.8433429653726661,0.5410269658350911,0.038970292029800846,0.3833333333333333,False,0.2,False,0.8467800000000001,False,0.6615523583911406,False,0.6731320579062826,False
client_1_brightness,C2,0.7061999999999999,0.9999999699675861,0.28451171959591204,0.8940838246721682,0.9162758039977934,0.008296318315028084,0.3833333333333333,False,0.2,False,0.9412400000000001,True,0.7271103958892674,False,0.7645709904012603,False
client_1_brightness,C2_C3,0.7121999999999999,0.9962298184833592,0.25274891600927424,0.8432837363256043,0.5385088451703218,0.03949210938928671,0.3833333333333333,False,0.2,False,0.9424400000000002,True,0.6893162548730927,False,0.7008961378909044,False
client_1_brightness,C2_C3_C4,0.6962,0.9949575897448155,0.2489763394211461,0.8404056104684844,0.3611182374979829,0.04262881223515136,0.3083333333333333,False,0.1,False,0.9392400000000001,True,0.6483698016118967,False,0.6630058985120655,False
client_1_brightness,C2_C3_C4_C5,0.6786,0.9942130628474523,0.24337936562586918,0.8258915333675729,0.2714247861673213,0.04866542937820495,0.3083333333333333,False,0.1,False,0.9357200000000001,True,0.6179883730115713,False,0.6439691053356073,False
client_1_brightness,C2_C3_C5,0.6860999999999999,0.994822797327983,0.24340691619747407,0.8325612857175873,0.3639361559795438,0.048176713454968656,0.3083333333333333,False,0.1,False,0.9372200000000002,True,0.6508886678483087,False,0.6634208408448353,False
client_1_brightness,C2_C4,0.679,0.9962493762662624,0.27042951640133406,0.8702706550990664,0.549065039862887,0.015026385741709114,0.3833333333333333,False,0.2,False,0.9358000000000002,True,0.6750589290934859,False,0.69013647643024,False
client_1_brightness,C2_C4_C5,0.6818,0.9948385109478807,0.2565282676964149,0.839247176728699,0.3589411025463397,0.03698049851821983,0.3083333333333333,False,0.1,False,0.9363600000000001,True,0.6436098770251111,False,0.6582721134812748,False
client_1_brightness,C2_C5,0.696,0.9960596910807584,0.25807431097833416,0.8469968069418825,0.53607577699781,0.032867769346932585,0.3833333333333333,False,0.2,False,0.9392,True,0.6850832302078476,False,0.6956991127204422,False
client_1_brightness,C3,0.5197,0.9843009931828561,0.27411162582809584,0.8746586173537659,0.9239786543186826,0.0006718946052793884,0.3833333333333333,False,0.2,False,0.8339400000000001,False,0.6967395370129185,False,0.7296943045938956,False
client_1_brightness,C3_C4,0.594,0.9883797226646762,0.25854356687131397,0.8541848921953471,0.5457901122027289,0.03289513621842388,0.3833333333333333,False,0.2,False,0.8488000000000001,False,0.661268253101714,False,0.6748933263742671,False
client_1_brightness,C3_C4_C5,0.6067,0.9896056820937568,0.24992183699510373,0.8431096637190798,0.364992641212799,0.03929818677639618,0.3083333333333333,False,0.1,False,0.8513400000000001,False,0.6288496909128137,False,0.6443508928849659,False
client_1_brightness,C3_C5,0.5720000000000001,0.9882327701567089,0.25786283922219977,0.8545415448989188,0.5484986202176315,0.027844968545684967,0.3833333333333333,False,0.2,False,0.8444000000000002,False,0.6584371837330136,False,0.6711061177351199,False
client_1_brightness,C4,0.5085999999999999,0.9846111798103185,0.2893133574636624,0.9021257208435874,0.9487461559066526,0.025546446936139944,0.3833333333333333,False,0.2,False,0.8317200000000001,False,0.6947476287686579,False,0.7267027855608865,False
client_1_brightness,C4_C5,0.5740000000000001,0.9883246090370906,0.26629889943908647,0.8618824173924485,0.5456937293715678,0.014552169986697283,0.3833333333333333,False,0.2,False,0.8448000000000001,False,0.6565388618028425,False,0.6685422080492531,False
client_1_brightness,C5,0.487,0.9844668423452152,0.2874064550166016,0.895557991013084,0.9175828428653199,0.04247869853939357,0.3833333333333333,False,0.2,False,0.8274000000000001,False,0.7476574100795352,False,0.7171594089320619,False
client_1_glass_blur,C1,0.4363,0.9846702298773156,0.16612823860689668,0.8758168834738915,0.9975219612968876,0.02960481867636411,0.45833333333333326,False,0.1,False,0.8172600000000001,False,0.8339540857947659,False,0.74634610163609,False
client_1_glass_blur,C1_C2,0.5955999999999999,0.9963221955980641,0.14065615754244887,0.8403127677599089,0.5054929518950741,0.05072897226961237,0.45833333333333326,False,0.1,False,0.9191200000000002,True,0.5806652538719878,False,0.6907755206841648,False
client_1_glass_blur,C1_C2_C3,0.6248,0.9949378757685897,0.11952059787786781,0.8263749967416257,0.33770955410905545,0.07838976709614076,0.3833333333333333,False,0.0,False,0.92496,True,0.5560995434368265,False,0.6684028661958107,False
client_1_glass_blur,C1_C2_C3_C4,0.6184,0.9942980051346938,0.11938555768371571,0.8151158750667115,0.2503125088521849,0.08043791038567916,0.3833333333333333,False,0.0,False,0.9236800000000001,True,0.5335990602332726,False,0.6506684032239793,False
client_1_glass_blur,C1_C2_C3_C4_C5,0.6187,0.9938262444877682,0.11404579641362632,0.8076969683726293,0.20459873677753226,0.08482941845980185,0.3833333333333333,False,0.0,False,0.92374,True,0.518503210052078,False,0.6433011396030897,False
client_1_glass_blur,C1_C2_C3_C5,0.6274,0.994189123250836,0.11204288107662295,0.8004256277168486,0.2497731201260724,0.08558819012284513,0.3833333333333333,False,0.0,False,0.9254800000000001,True,0.540860083412961,False,0.65527630915839,False
client_1_glass_blur,C1_C2_C4,0.6116999999999999,0.9949911287094327,0.13499166977993518,0.8346285364604601,0.33600540100502874,0.06421308005036963,0.3833333333333333,False,0.0,False,0.9223400000000002,True,0.5493585638650864,False,0.661533117810877,False
client_1_glass_blur,C1_C2_C4_C5,0.6214999999999999,0.9942227826596326,0.12309651707979011,0.8132512659607989,0.25375188171200885,0.07940070224805384,0.3833333333333333,False,0.0,False,0.9243000000000001,True,0.5357151510619445,False,0.6514055023323082,False
client_1_glass_blur,C1_C2_C5,0.6313,0.9948475189218972,0.12219302433990753,0.8119476824069614,0.33733825326419115,0.07953040271075695,0.3833333333333333,False,0.0,False,0.9262600000000001,True,0.5624827714207444,False,0.6705187807985578,False
client_1_glass_blur,C1_C3,0.5375,0.9882735191567492,0.12913770434740487,0.8348454290668939,0.509687840290804,0.06488339985516067,0.45833333333333326,False,0.1,False,0.8375000000000001,False,0.5665991689697386,False,0.6812351875833581,False
client_1_glass_blur,C1_C3_C4,0.5694,0.9896600780380743,0.12413860319095055,0.8303268925440175,0.3350045924501307,0.07618073091812794,0.3833333333333333,False,0.0,False,0.8438800000000001,False,0.5413669279150436,False,0.6544075236750669,False
client_1_glass_blur,C1_C3_C4_C5,0.5788,0.9902483205673429,0.11868815161450741,0.8100167432313761,0.25316793222323797,0.08158312850898108,0.3833333333333333,False,0.0,False,0.8457600000000001,False,0.5275262946617492,False,0.643158945382095,False
client_1_glass_blur,C1_C3_C5,0.5696,0.9895363036247887,0.12190033339478135,0.8157092669211449,0.34255008649412005,0.08023938770895345,0.3833333333333333,False,0.0,False,0.8439200000000001,False,0.5485272059975647,False,0.6578412841227287,False
client_1_glass_blur,C1_C4,0.5216,0.9884541391445149,0.14494940171214596,0.8527519138210358,0.5152448857517808,0.046030472504092534,0.45833333333333326,False,0.1,False,0.8343200000000001,False,0.5596818882929377,False,0.6742497327247441,False
client_1_glass_blur,C1_C4_C5,0.5689,0.989622124131229,0.12896807828930956,0.8211416120179986,0.3417183766475254,0.07337054814481692,0.3833333333333333,False,0.0,False,0.8437800000000001,False,0.5463508028376015,False,0.6555953227661069,False
client_1_glass_blur,C1_C5,0.5498999999999999,0.9882863309770176,0.135914658468874,0.8286851527498372,0.5089302680567307,0.06734523527581826,0.45833333333333326,False,0.1,False,0.8399800000000001,False,0.570425671363217,False,0.682826872308009,False
client_1_glass_blur,C2,0.6489,0.9999999431217459,0.16261171959591206,0.8794260120493393,0.9740625567386679,0.02007862493098933,0.45833333333333326,False,0.1,False,0.92978,True,0.6375072787421909,False,0.7875825543179842,False
client_1_glass_blur,C2_C3,0.6547,0.9962296257164721,0.13084891600927426,0.8286259237027753,0.5065615361711728,0.06786705263530413,0.45833333333333326,False,0.1,False,0.9309400000000001,True,0.593312329613922,False,0.7059208562754143,False
client_1_glass_blur,C2_C3_C4,0.6335999999999999,0.9949573665931627,0.1270763394211461,0.8257477978456556,0.33969471581947225,0.07100375548116877,0.3833333333333333,False,0.0,False,0.92672,True,0.558633651823577,False,0.66911536828375,False
client_1_glass_blur,C2_C3_C4_C5,0.6218,0.9942128225647134,0.12147936562586917,0.8112337207447441,0.2553223737529574,0.07704037262422236,0.3833333333333333,False,0.0,False,0.9243600000000001,True,0.5369160809613072,False,0.6523027935339037,False
client_1_glass_blur,C2_C3_C5,0.6316999999999999,0.9948225715033744,0.12150691619747407,0.8179034730947584,0.3423454598650471,0.07655165670098607,0.3833333333333333,False,0.0,False,0.9263400000000002,True,0.5618473983733306,False,0.6711368751947315,False
client_1_glass_blur,C2_C4,0.6269,0.9962492228191272,0.14852951640133408,0.8556128424762376,0.5164914792863997,0.04340132898772653,0.45833333333333326,False,0.1,False,0.9253800000000001,True,0.5816464481873241,False,0.6961159523632326,False
client_1_glass_blur,C2_C4_C5,0.6301,0.994838311299138,0.13462826769641487,0.8245893641058701,0.3376467404975302,0.06535544176423724,0.3833333333333333,False,0.0,False,0.9260200000000001,True,0.5576657033478697,False,0.6665874198794814,False
client_1_glass_blur,C2_C5,0.646,0.9960595323197261,0.13617431097833418,0.8323389943190537,0.5042728109958473,0.06124271259295,0.45833333333333326,False,0.1,False,0.9292,True,0.5912646523099911,False,0.7022527065055602,False
client_1_glass_blur,C3,0.4798000000000001,0.9843006289887738,0.15221162582809586,0.8600008047309371,0.9822512026081803,0.029046837851296803,0.45833333333333326,False,0.1,False,0.8259600000000001,False,0.6115543147122917,False,0.7562829601506957,False
client_1_glass_blur,C3_C4,0.5396000000000001,0.9883793984129005,0.13664356687131393,0.8395270795725183,0.5134108383623783,0.061270079464441296,0.45833333333333326,False,0.1,False,0.8379200000000001,False,0.5658639957869982,False,0.6804516254935589,False
client_1_glass_blur,C3_C4_C5,0.5544,0.9896053695986446,0.12802183699510372,0.828451851096251,0.3433392685786823,0.0676731300224136,0.3833333333333333,False,0.0,False,0.8408800000000001,False,0.5414214455339605,False,0.6524743745968373,False
client_1_glass_blur,C3_C5,0.5270999999999999,0.9882324439304134,0.13596283922219973,0.8398837322760899,0.5159586627724437,0.05621991179170238,0.45833333333333326,False,0.1,False,0.83542,False,0.565326640825044,False,0.6785322797385402,False
client_1_glass_blur,C4,0.46230000000000016,0.9846108974804901,0.16741335746366237,0.8874679082207586,0.9914922864159933,0.0028284963098774707,0.45833333333333326,False,0.1,False,0.8224600000000001,False,0.6063160640893734,False,0.7489061739345062,False
client_1_glass_blur,C4_C5,0.5286,0.9883243228253734,0.14439889943908646,0.8472246047696197,0.5133201734913156,0.0429271132327147,0.45833333333333326,False,0.1,False,0.8357200000000001,False,0.5651054819426957,False,0.6759016583685763,False
client_1_glass_blur,C5,0.4545,0.9844665545535658,0.1655064550166016,0.8809001783902551,0.9754520266073525,0.014103755293376152,0.45833333333333326,False,0.1,False,0.8209000000000001,False,0.6704911636400286,False,0.7451474068598556,False
client_1_impulse_noise,C1,0.4505,0.9846702151861622,0.17382823860689672,0.8875276280051063,0.9644417610453687,0.030368806638054413,0.45833333333333326,False,0.1,False,0.8201000000000002,False,0.8324408837321307,False,0.742201133100677,False
client_1_impulse_noise,C1_C2,0.6175999999999999,0.9963221941361573,0.14835615754244888,0.8520235122911237,0.48872960359477174,0.04996498430792207,0.3833333333333333,False,0.1,False,0.9235200000000001,True,0.5832809117757684,False,0.6914539251848444,False
client_1_impulse_noise,C1_C2_C3,0.6412,0.9949378576787139,0.12722059787786782,0.8380857412728405,0.32651030225273087,0.07762577913445046,0.3833333333333333,False,0.0,False,0.9282400000000002,True,0.557598192270242,False,0.6690740866596921,False
client_1_impulse_noise,C1_C2_C3_C4,0.6277,0.9942979941962611,0.1270855576837157,0.8268266195979262,0.2420115508386641,0.07967392242398885,0.3833333333333333,False,0.0,False,0.92554,True,0.5332305344395923,False,0.6504992838867101,False
client_1_impulse_noise,C1_C2_C3_C4_C5,0.6234000000000001,0.9938262254501516,0.12174579641362633,0.8194077129038441,0.19781375614912658,0.08406543049811155,0.3833333333333333,False,0.0,False,0.9246800000000002,True,0.516954653554917,False,0.6425152141230068,False
client_1_impulse_noise,C1_C2_C3_C5,0.6352,0.9941890968996342,0.11974288107662297,0.8121363722480633,0.24149004952532596,0.08482420216115483,0.3833333333333333,False,0.0,False,0.9270400000000001,True,0.5402782044906891,False,0.6548107642211218,False
client_1_impulse_noise,C1_C2_C4,0.6253,0.9949911312269776,0.1426916697799352,0.8463392809916749,0.32486266291795207,0.06344909208867933,0.3833333333333333,False,0.0,False,0.92506,True,0.550019559760082,False,0.6616556451500922,False
client_1_impulse_noise,C1_C2_C4_C5,0.6258,0.9942227716641294,0.13079651707979012,0.8249620104920137,0.24533686591594595,0.07863671428636354,0.3833333333333333,False,0.0,False,0.9251600000000002,True,0.5343438629739251,False,0.6502135714271164,False
client_1_impulse_noise,C1_C2_C5,0.6393,0.994847500885205,0.12989302433990754,0.8236584269381761,0.3261513146268014,0.07876641474906665,0.3833333333333333,False,0.0,False,0.9278600000000001,True,0.5623017168914259,False,0.6695124639168629,False
client_1_impulse_noise,C1_C3,0.5464,0.9882734857922872,0.1368377043474049,0.8465561735981086,0.4927853795162428,0.06411941189347037,0.3833333333333333,False,0.1,False,0.8392800000000001,False,0.5668252364566566,False,0.6792657632086749,False
client_1_impulse_noise,C1_C3_C4,0.5703,0.9896600594213608,0.13183860319095056,0.8420376370752323,0.3238950435545645,0.07541674295643763,0.3833333333333333,False,0.0,False,0.8440600000000001,False,0.5397123851860202,False,0.6519966846257325,False
client_1_impulse_noise,C1_C3_C4_C5,0.5739,0.9902482937695155,0.12638815161450742,0.8217274877625909,0.24477228158080047,0.08081914054729078,0.3833333333333333,False,0.0,False,0.8447800000000001,False,0.524354470645783,False,0.6401308843471634,False
client_1_impulse_noise,C1_C3_C5,0.5706,0.9895362644540147,0.12960033339478136,0.8274200114523597,0.33119031107356856,0.07947539974726314,0.3833333333333333,False,0.0,False,0.8441200000000001,False,0.5469810075561208,False,0.6554003956575851,False
client_1_impulse_noise,C1_C4,0.5222,0.9884541371257952,0.15264940171214597,0.8644626583522506,0.4981581401355938,0.04526648454240223,0.3833333333333333,False,0.1,False,0.8344400000000001,False,0.5579560793442653,False,0.6705834576508842,False
client_1_impulse_noise,C1_C4_C5,0.5626,0.9896221055785633,0.13666807828930955,0.8328523565492134,0.3303861827032161,0.07260656018312661,0.3833333333333333,False,0.0,False,0.84252,False,0.5432225381013879,False,0.6516999547198334,False
client_1_impulse_noise,C1_C5,0.5507,0.9882862981088145,0.143614658468874,0.840395897281052,0.49205293017888807,0.06658124731412796,0.3833333333333333,False,0.1,False,0.8401400000000001,False,0.569036480128977,False,0.6792424726119213,False
client_1_impulse_noise,C2,0.6638999999999999,0.9999999543483148,0.17031171959591207,0.8911367565805541,0.992582679011583,0.019314636969299026,0.45833333333333326,False,0.1,False,0.9327800000000002,True,0.6436358665344649,False,0.7939176554710025,False
client_1_impulse_noise,C2_C3,0.6674,0.9962296060258584,0.13854891600927427,0.8403366682339901,0.48976275107528056,0.06710306467361382,0.3833333333333333,False,0.1,False,0.9334800000000001,True,0.5943194211060898,False,0.7047321697712348,False
client_1_impulse_noise,C2_C3_C4,0.6382000000000001,0.9949573569150452,0.13477633942114609,0.8374585423768703,0.3284296312802994,0.07023976751947847,0.3833333333333333,False,0.0,False,0.92764,True,0.5576448188134606,False,0.6674134238934135,False
client_1_impulse_noise,C2_C3_C4_C5,0.6178,0.9942128025005739,0.12917936562586918,0.8229444652759589,0.24685527670633187,0.07627638466253206,0.3833333333333333,False,0.0,False,0.9235600000000002,True,0.5338566194465317,False,0.6494404445648722,False
client_1_impulse_noise,C2_C3_C5,0.6349,0.994822541437684,0.1292069161974741,0.8296142176259732,0.3309924703500989,0.07578766873929577,0.3833333333333333,False,0.0,False,0.9269800000000001,True,0.560686808549702,False,0.6691373457317253,False
client_1_impulse_noise,C2_C4,0.633,0.9962492337167526,0.1562295164013341,0.8673235870074524,0.49936339366432064,0.042637341026036224,0.3833333333333333,False,0.1,False,0.9266000000000001,True,0.5809667480238306,False,0.6935414118714633,False
client_1_impulse_noise,C2_C4_C5,0.6269,0.9948383015231367,0.14232826769641488,0.8363001086370849,0.3264495716899288,0.06459145380254694,0.3833333333333333,False,0.0,False,0.9253800000000001,True,0.5549891866420305,False,0.6633390586158824,False
client_1_impulse_noise,C2_C5,0.6495,0.9960595127501654,0.1438743109783342,0.8440497388502685,0.48754992546914544,0.060478724631259695,0.3833333333333333,False,0.1,False,0.9299000000000002,True,0.5903372760552175,False,0.6992391999394292,False
client_1_impulse_noise,C3,0.47750000000000004,0.9843005772247008,0.15991162582809587,0.8717115492621519,0.98430790364551,0.0282828498896065,0.45833333333333326,False,0.1,False,0.8255000000000001,False,0.6125768131399911,False,0.7558653644584685,False
client_1_impulse_noise,C3_C4,0.5331,0.9883793779125554,0.14434356687131394,0.851237824103733,0.4963849141188188,0.06050609150275099,0.3833333333333333,False,0.1,False,0.8366200000000001,False,0.5629546173578847,False,0.6753775109978994,False
client_1_impulse_noise,C3_C4_C5,0.5426,0.9896053389078052,0.1357218369951037,0.8401625956274658,0.33195332200360483,0.06690914206072329,0.3833333333333333,False,0.0,False,0.83852,False,0.5371106790025219,False,0.6474682535967755,False
client_1_impulse_noise,C3_C5,0.5212,0.9882323929625398,0.14366283922219975,0.8515944768073047,0.49884824661295574,0.05545592383001208,0.3833333333333333,False,0.1,False,0.8342400000000001,False,0.5624756879642451,False,0.6735612607661894,False
client_1_impulse_noise,C4,0.4586999999999999,0.984610907954964,0.17511335746366238,0.8991786527519734,0.9586120445215337,0.0020645083481871662,0.45833333333333326,False,0.1,False,0.82174,False,0.6034281824074907,False,0.7412412021036304,False
client_1_impulse_noise,C4_C5,0.5112000000000001,0.9883243024715714,0.15209889943908644,0.8589353493008345,0.49629725591047325,0.04216312527102439,0.3833333333333333,False,0.1,False,0.8322400000000001,False,0.5597145773327696,False,0.668648145234769,False
client_1_impulse_noise,C5,0.44710000000000005,0.984466504726061,0.17320645501660165,0.8926109229214699,0.9911688076093557,0.014867743255066457,0.45833333333333326,False,0.1,False,0.8194200000000001,False,0.6717028272529124,False,0.7464418275478768,False
client_1_motion_blur,C1,0.45500000000000007,0.9846705392948516,0.2591282386068967,0.9081123362240006,0.9510459141031473,0.05228750000435056,0.3833333333333333,False,0.2,False,0.8210000000000001,False,0.8148505967526145,False,0.72542049935586,False
client_1_motion_blur,C1_C2,0.6392,0.9963223541627522,0.2336561575424489,0.872608220510018,0.48194127564141587,0.028046290941625918,0.3083333333333333,False,0.2,False,0.92784,True,0.6470402544918821,False,0.6794147624213815,False
client_1_motion_blur,C1_C2_C3,0.6598999999999999,0.994938075137758,0.21252059787786784,0.8586704494917348,0.32197515849319985,0.05570708576815431,0.3083333333333333,False,0.1,False,0.93198,True,0.6176296538667148,False,0.656905572221484,False
client_1_motion_blur,C1_C2_C3_C4,0.6655,0.9942982138510934,0.21238555768371575,0.8474113278168205,0.23865007290994977,0.0577552290576927,0.3083333333333333,False,0.1,False,0.9331,True,0.5901059086354465,False,0.642385503053823,False
client_1_motion_blur,C1_C2_C3_C4_C5,0.6628000000000001,0.993826462866371,0.20704579641362636,0.8399924211227383,0.19506617417220415,0.0621467371318154,0.3083333333333333,False,0.1,False,0.9325600000000001,True,0.5693614842462386,False,0.6348442160327555,False
client_1_motion_blur,C1_C2_C3_C5,0.6666000000000001,0.9941893370750481,0.205042881076623,0.8327210804669576,0.23813581511514825,0.06290550879485868,0.3083333333333333,False,0.1,False,0.9333200000000001,True,0.5965374591731416,False,0.6454184361960585,False
client_1_motion_blur,C1_C2_C4,0.6555,0.9949913131775208,0.2279916697799352,0.8669239892105691,0.32035040444319,0.04153039872238318,0.3083333333333333,False,0.1,False,0.9311,True,0.6098228618101589,False,0.6517917006671379,False
client_1_motion_blur,C1_C2_C4_C5,0.6635,0.9942229853482358,0.21609651707979013,0.8455467187109079,0.24192920021974879,0.05671802092006739,0.3083333333333333,False,0.1,False,0.9327000000000001,True,0.5912217839333769,False,0.6420705518465877,False
client_1_motion_blur,C1_C2_C5,0.6676,0.9948477104670915,0.21519302433990756,0.8442431351570703,0.3216211571126667,0.0568477213827705,0.3083333333333333,False,0.1,False,0.9335200000000001,True,0.6238404464448656,False,0.6592649451523027,False
client_1_motion_blur,C1_C3,0.5700000000000001,0.9882738153871503,0.2221377043474049,0.867140881817003,0.48594071788295884,0.04220071852717422,0.3083333333333333,False,0.2,False,0.8440000000000001,False,0.6326668396192822,False,0.6676153676228802,False
client_1_motion_blur,C1_C3_C4,0.6098,0.9896603543196819,0.21713860319095057,0.8626223452941265,0.3193962250628205,0.05349804959014148,0.3083333333333333,False,0.1,False,0.8519600000000002,False,0.6034539566070787,False,0.6439954507289374,False
client_1_motion_blur,C1_C3_C4_C5,0.6215999999999999,0.9902485914785846,0.21168815161450744,0.8423121959814852,0.24137245781518438,0.05890044718099463,0.3083333333333333,False,0.1,False,0.8543200000000001,False,0.5836006841962155,False,0.6339894499577434,False
client_1_motion_blur,C1_C3_C5,0.6029,0.9895365858287649,0.21490033339478137,0.8480047196712539,0.326590163200379,0.05755670638096699,0.3083333333333333,False,0.1,False,0.8505800000000001,False,0.6098453095944925,False,0.6459389011797867,False
client_1_motion_blur,C1_C4,0.5582,0.9884544120978875,0.23794940171214599,0.8850473665711448,0.49123885224511,0.02334779117610608,0.3083333333333333,False,0.2,False,0.84164,False,0.6247600645227258,False,0.6613981258890954,False
client_1_motion_blur,C1_C4_C5,0.6063999999999999,0.9896223911047012,0.2219680782893096,0.8534370647681075,0.32579720396538137,0.05068786681683046,0.3083333333333333,False,0.1,False,0.8512800000000001,False,0.6073614365964586,False,0.6445406868993834,False
client_1_motion_blur,C1_C5,0.577,0.9882866127877757,0.22891465846887402,0.8609806054999463,0.4852184420777057,0.04466255394783181,0.3083333333333333,False,0.2,False,0.8454,False,0.6351676428837543,False,0.6681341087493664,False
client_1_motion_blur,C2,0.6886000000000001,0.999999955933514,0.2556117195959121,0.9117214647994484,0.978795961987709,0.002604056396997123,0.3833333333333333,False,0.2,False,0.9377200000000001,True,0.7125806505749535,False,0.7810987832051569,False
client_1_motion_blur,C2_C3,0.6940999999999999,0.9962297702948915,0.22384891600927428,0.8609213764528845,0.482960072970286,0.04518437130731767,0.3083333333333333,False,0.2,False,0.93882,True,0.6606558705883843,False,0.6937101378259318,False
client_1_motion_blur,C2_C3_C4,0.6865,0.9949575417032717,0.22007633942114613,0.8580432505957646,0.3238678285363448,0.04832107415318232,0.3083333333333333,False,0.1,False,0.9373,True,0.6223880925785802,False,0.6611595711241572,False
client_1_motion_blur,C2_C3_C4_C5,0.6723,0.9942130182930873,0.2144793656258692,0.8435291734948531,0.24342652067646708,0.05435769129623591,0.3083333333333333,False,0.1,False,0.9344600000000001,True,0.5937414243732982,False,0.6446532073392914,False
client_1_motion_blur,C2_C3_C5,0.6804000000000001,0.9948227538149925,0.21450691619747408,0.8501989258448674,0.3263950704334552,0.05386897537299962,0.3083333333333333,False,0.1,False,0.93608,True,0.6257405618180621,False,0.6623163790457476,False
client_1_motion_blur,C2_C4,0.6713,0.9962493456720324,0.2415295164013341,0.8879082952263466,0.49242736511364404,0.020718647659740075,0.3083333333333333,False,0.2,False,0.9342600000000001,True,0.6479264269875937,False,0.6848126993742735,False
client_1_motion_blur,C2_C4_C5,0.6743999999999999,0.994838479054968,0.2276282676964149,0.8568848168559792,0.3219152714622281,0.04267276043625079,0.3083333333333333,False,0.1,False,0.9348800000000002,True,0.6182120200246883,False,0.656930704898598,False
client_1_motion_blur,C2_C5,0.6899,0.9960596668212618,0.2291743109783342,0.8646344470691627,0.48077798294023943,0.038560031264963546,0.3083333333333333,False,0.2,False,0.93798,True,0.6587761212745931,False,0.6909633130697567,False
client_1_motion_blur,C3,0.5126000000000001,0.9843009097748726,0.24521162582809589,0.8922962574810461,0.9706361211140672,0.006364156523310349,0.3833333333333333,False,0.2,False,0.8325200000000001,False,0.682945686326477,False,0.7451495452841037,False
client_1_motion_blur,C3_C4,0.5876,0.9883796571461269,0.22964356687131396,0.8718225323226273,0.48949025587967754,0.03858739813645484,0.3083333333333333,False,0.2,False,0.8475200000000002,False,0.6347392383684699,False,0.669897106018675,False
client_1_motion_blur,C3_C4_C5,0.5976,0.9896056272404017,0.22102183699510375,0.86074730384636,0.32734257610568535,0.04499044869442714,0.3083333333333333,False,0.1,False,0.8495200000000002,False,0.6029337339276064,False,0.6425446329056003,False
client_1_motion_blur,C3_C5,0.5705,0.9882327118090956,0.22896283922219976,0.872179185026199,0.49191937332175834,0.03353723046371593,0.3083333333333333,False,0.2,False,0.8441000000000001,False,0.632815830492796,False,0.6670340206991505,False
client_1_motion_blur,C4,0.5065999999999999,0.9846111324397788,0.2604133574636624,0.9197633609708676,0.9452971708359921,0.019854185018108983,0.3833333333333333,False,0.2,False,0.8313200000000001,False,0.6764515546344806,False,0.7331567430853744,False
client_1_motion_blur,C4_C5,0.5673,0.9883245682422915,0.23739889943908649,0.8795200575197287,0.48940381522120346,0.020244431904728244,0.3083333333333333,False,0.2,False,0.8434600000000001,False,0.6297397642302509,False,0.6634879810729484,False
client_1_motion_blur,C5,0.4868,0.9844668081763222,0.25850645501660163,0.9131956311403642,0.9774017288940506,0.036786436621362606,0.3833333333333333,False,0.2,False,0.8273600000000001,False,0.737764300848518,False,0.7366269433167574,False
client_1_zoom_blur,C1,0.4526,0.984670550545493,0.2570282386068967,0.8890779297571175,0.9410882642034644,0.05051609894962661,0.3833333333333333,False,0.2,False,0.8205200000000001,False,0.8142409838688287,False,0.7214655309793634,False
client_1_zoom_blur,C1_C2,0.633,0.9963223614840503,0.2315561575424489,0.8535738140431349,0.4768952495517403,0.02981769199634987,0.3083333333333333,False,0.2,False,0.9266000000000001,True,0.6429109625771507,False,0.6756821180210179,False
client_1_zoom_blur,C1_C2_C3,0.6607000000000001,0.9949380775156983,0.21042059787786785,0.8396360430248517,0.3186040111520185,0.05747848682287826,0.3083333333333333,False,0.1,False,0.9321400000000002,True,0.6150604691985848,False,0.6549079025821477,False
client_1_zoom_blur,C1_C2_C3_C4,0.6615,0.9942982223977493,0.21028555768371576,0.8283769213499375,0.23615135666572715,0.059526630112416656,0.3083333333333333,False,0.1,False,0.9323000000000001,True,0.5867284584181458,False,0.6396023208676214,False
client_1_zoom_blur,C1_C2_C3_C4_C5,0.656,0.9938264756449748,0.20494579641362637,0.8209580146558553,0.19302379047560936,0.06391813818653935,0.3083333333333333,False,0.1,False,0.9312,True,0.5655464206928146,False,0.6315923012024691,False
client_1_zoom_blur,C1_C2_C3_C5,0.6595,0.9941893463174046,0.202942881076623,0.8136866740000746,0.23564248325773904,0.06467690984958263,0.3083333333333333,False,0.1,False,0.9319000000000002,True,0.5925422638330569,False,0.6420163310263597,False
client_1_zoom_blur,C1_C2_C4,0.649,0.9949913270434114,0.22589166977993522,0.8478895827436861,0.31699626861718705,0.04330179977710713,0.3083333333333333,False,0.1,False,0.9298000000000002,True,0.6057984583923561,False,0.648337435628427,False
client_1_zoom_blur,C1_C2_C4_C5,0.6552,0.9942230031096965,0.21399651707979014,0.8265123122440249,0.2393961508258398,0.058489421974791345,0.3083333333333333,False,0.1,False,0.9310400000000001,True,0.586976119715333,False,0.6384205048734097,False
client_1_zoom_blur,C1_C2_C5,0.6619,0.994847725181955,0.21309302433990757,0.8252087286901872,0.31825371624007864,0.05861912243749445,0.3083333333333333,False,0.1,False,0.9323800000000002,True,0.6199761417442448,False,0.6559680192740694,False
client_1_zoom_blur,C1_C3,0.5717000000000001,0.9882738171676614,0.2200377043474049,0.84810647535012,0.48085281679540487,0.04397211958189817,0.3083333333333333,False,0.2,False,0.8443400000000001,False,0.6301280968174001,False,0.6654543471147832,False
client_1_zoom_blur,C1_C3_C4,0.609,0.9896603645981459,0.21503860319095058,0.8435879388272435,0.31605207969476523,0.05526945064486544,0.3083333333333333,False,0.1,False,0.8518000000000001,False,0.6005621185097905,False,0.6416831830643307,False
client_1_zoom_blur,C1_C3_C4_C5,0.6164,0.9902486066223508,0.20958815161450745,0.8232777895146022,0.23884523763085067,0.060671848235718584,0.3083333333333333,False,0.1,False,0.8532800000000001,False,0.5799766546988369,False,0.6309605683029416,False
client_1_zoom_blur,C1_C3_C5,0.5982,0.9895365970159173,0.21280033339478138,0.8289703132043709,0.32317069579338575,0.05932810743569095,0.3083333333333333,False,0.1,False,0.8496400000000001,False,0.6061710106981653,False,0.6428315692891302,False
client_1_zoom_blur,C1_C4,0.5518,0.9884544312959684,0.235849401712146,0.8660129601042618,0.48609547858118785,0.025119192230830034,0.3083333333333333,False,0.2,False,0.8403600000000001,False,0.6205655643371801,False,0.6576060143492388,False
client_1_zoom_blur,C1_C4_C5,0.5972999999999999,0.9896224136876145,0.2198680782893096,0.8344026583012245,0.3223860390076493,0.052459267871554416,0.3083333333333333,False,0.1,False,0.8494600000000001,False,0.6028065572730674,False,0.6405550177777314,False
client_1_zoom_blur,C1_C5,0.5730999999999999,0.9882866331554436,0.22681465846887403,0.8419461990330632,0.4801381033691001,0.04643395500255576,0.3083333333333333,False,0.2,False,0.84462,False,0.6314990846454996,False,0.6648546044344906,False
client_1_zoom_blur,C2,0.6851,0.9999999594342848,0.2535117195959121,0.8926870583325653,0.968547763274939,0.0008326553422731697,0.3833333333333333,False,0.2,False,0.9370200000000002,True,0.7086390762403114,False,0.7768657035160688,False
client_1_zoom_blur,C2_C3,0.6921999999999999,0.9962297683069701,0.2217489160092743,0.8418869699860014,0.47790337985920883,0.046955772362041626,0.3083333333333333,False,0.2,False,0.9384400000000002,True,0.6573985765880829,False,0.6908353581594437,False
client_1_zoom_blur,C2_C3_C4,0.6833,0.9949575493401395,0.21797633942114614,0.8390088441288815,0.32047686454342694,0.05009247520790627,0.3083333333333333,False,0.1,False,0.93666,True,0.6190211235149632,False,0.6583579392062588,False
client_1_zoom_blur,C2_C3_C4_C5,0.6655,0.994213031421218,0.2123793656258692,0.8244947670279701,0.24087779402379011,0.056129092350959864,0.3083333333333333,False,0.1,False,0.9331,True,0.5898051763693637,False,0.6413000239876938,False
client_1_zoom_blur,C2_C3_C5,0.6746000000000001,0.9948227623836414,0.2124069161974741,0.8311645193779844,0.3229776456885904,0.05564037642772357,0.3083333333333333,False,0.1,False,0.9349200000000002,True,0.6218531411135174,False,0.6589894551638161,False
client_1_zoom_blur,C2_C4,0.6676,0.9962493607603196,0.2394295164013341,0.8688738887594636,0.4872715474710762,0.022490048714464028,0.3083333333333333,False,0.2,False,0.9335200000000001,True,0.6442624115709946,False,0.6815580982167289,False
client_1_zoom_blur,C2_C4_C5,0.6665,0.9948384988727242,0.2255282676964149,0.8378504103890961,0.3185447511508033,0.04444416149097474,0.3083333333333333,False,0.1,False,0.9333,True,0.6139110422950299,False,0.653193164153176,False
client_1_zoom_blur,C2_C5,0.6824000000000001,0.996059683137938,0.22707431097833422,0.8456000406022797,0.47574413676877536,0.0403314323196875,0.3083333333333333,False,0.2,False,0.9364800000000002,True,0.6543925096736048,False,0.6869731064521108,False
client_1_zoom_blur,C3,0.5149000000000001,0.9843009020808033,0.2431116258280959,0.8732618510141631,0.9604733576441723,0.008135557578034303,0.3833333333333333,False,0.2,False,0.8329800000000002,False,0.6802142330930231,False,0.7420935504046227,False
client_1_zoom_blur,C3_C4,0.5872999999999999,0.9883796669014637,0.22754356687131397,0.8527881258557443,0.4843651903859127,0.040358799191178796,0.3083333333333333,False,0.2,False,0.8474600000000001,False,0.6317812383538783,False,0.6673286542243011,False
client_1_zoom_blur,C3_C4_C5,0.5961000000000001,0.9896056436197752,0.21892183699510376,0.841712897379477,0.3239152307779946,0.046761849749151096,0.3083333333333333,False,0.1,False,0.8492200000000001,False,0.5999066830133687,False,0.6400757264692485,False
client_1_zoom_blur,C3_C5,0.5681,0.9882327229236735,0.22686283922219977,0.8531447785593159,0.48676887445964107,0.03530863151843988,0.3083333333333333,False,0.2,False,0.8436200000000001,False,0.6294429816391661,False,0.6640404825029543,False
client_1_zoom_blur,C4,0.5062,0.9846111593162055,0.2583133574636624,0.9007289545039846,0.9353997114822844,0.01808278396338503,0.3833333333333333,False,0.2,False,0.8312400000000001,False,0.6731610446670215,False,0.7296138159432299,False
client_1_zoom_blur,C4_C5,0.5684,0.9883245962300382,0.2352988994390865,0.8604856510528457,0.48427965477923623,0.022015832959452197,0.3083333333333333,False,0.2,False,0.8436800000000001,False,0.6270604454566389,False,0.661199713935416,False
client_1_zoom_blur,C5,0.48560000000000003,0.9844668370217422,0.25640645501660164,0.8941612246734811,0.9671681280937676,0.03501503556663865,0.3833333333333333,False,0.2,False,0.8271200000000001,False,0.7345908113027917,False,0.7328567882790966,False
client_2_brightness,C1,0.4625999999999999,0.9846969166345863,0.2977282386068967,0.8541059046385234,0.9586862846818958,0.057352792913009765,0.26666666666666666,False,0.1,False,0.82252,False,0.8102667653619164,False,0.7153532057810088,False
client_2_brightness,C1_C2,0.5429999999999999,0.9882877244849597,0.27225615754244886,0.8186017889245408,0.4858130234597822,0.022980998032966715,0.19166666666666665,False,0.1,False,0.8386000000000001,False,0.6455787561632826,False,0.6462215428909486,False
client_2_brightness,C1_C2_C3,0.6729,0.9947262214791934,0.2511205978778678,0.8046640179062576,0.3245617944185107,0.050641792859495105,0.19166666666666665,False,0.0,False,0.9345800000000002,True,0.639075099611052,False,0.6468598855162857,False
client_2_brightness,C1_C2_C3_C4,0.645,0.994024773458993,0.2509855576837157,0.7934048962313434,0.2405673042114446,0.0526899361490335,0.19166666666666665,False,0.0,False,0.929,True,0.602666870549842,False,0.6254936180771542,False
client_2_brightness,C1_C2_C3_C4_C5,0.6565000000000001,0.9936057891152245,0.24564579641362633,0.7859859895372612,0.19663326765944106,0.0570814442231562,0.19166666666666665,False,0.0,False,0.9313,True,0.5833212022580625,False,0.6207328568214259,False
client_2_brightness,C1_C2_C3_C5,0.6738999999999999,0.9940274489863661,0.24364288107662296,0.7787146488814805,0.2400489150492012,0.057840215886199475,0.19166666666666665,False,0.0,False,0.9347800000000002,True,0.614851700672957,False,0.634108035406585,False
client_2_brightness,C1_C2_C4,0.5518000000000001,0.9894652758562984,0.26659166977993515,0.812917557625092,0.3229239876621517,0.036465105813723975,0.19166666666666665,False,0.0,False,0.8403600000000001,False,0.6057817262310998,False,0.617340566688138,False
client_2_brightness,C1_C2_C4_C5,0.5949,0.9901086975541741,0.25469651707979013,0.7915402871254308,0.24387277488432446,0.05165272801140819,0.19166666666666665,False,0.0,False,0.8489800000000001,False,0.5931699336294025,False,0.6147957660621427,False
client_2_brightness,C1_C2_C5,0.5942000000000001,0.9895390534498315,0.2537930243399075,0.7902367035715931,0.3242049491145743,0.0517824284741113,0.19166666666666665,False,0.0,False,0.8488400000000001,False,0.6264837303295483,False,0.6309193289906845,False
client_2_brightness,C1_C3,0.7118,0.9961706001689644,0.26073770434740484,0.8131344502315259,0.48984459582288986,0.03713542561851502,0.19166666666666665,False,0.1,False,0.9423600000000001,True,0.6833541714504493,False,0.6852148570086816,False
client_2_brightness,C1_C3_C4,0.6704,0.9947516422898373,0.25573860319095054,0.8086159137086494,0.32196214273803025,0.04843275668148228,0.19166666666666665,False,0.0,False,0.93408,True,0.6356001553615749,False,0.6445262486994626,False
client_2_brightness,C1_C3_C4_C5,0.6738,0.9940167398399338,0.2502881516145074,0.7883057643960081,0.2433115598058074,0.05383515427233543,0.19166666666666665,False,0.0,False,0.93476,True,0.611803727124445,False,0.6324502568695901,False
client_2_brightness,C1_C3_C5,0.7035,0.9947047296508378,0.25350033339478134,0.7939982880857768,0.32921387446102596,0.05249141347230779,0.19166666666666665,False,0.0,False,0.9407000000000001,True,0.6500916560307752,False,0.6544966290377829,False
client_2_brightness,C1_C4,0.5222,0.9882374165386882,0.2765494017121459,0.8310409349856677,0.49518529354534,0.01828249826744688,0.19166666666666665,False,0.1,False,0.8344400000000001,False,0.6374197844952214,False,0.6418233718787539,False
client_2_brightness,C1_C4_C5,0.5943,0.9894738232448111,0.26056807828930956,0.7994306331826304,0.32841454486859417,0.04562257390817126,0.19166666666666665,False,0.0,False,0.8488600000000001,False,0.6234143732211983,False,0.6294937983495003,False
client_2_brightness,C1_C5,0.5909,0.9882904839115791,0.267514658468874,0.8069741739144691,0.4891165175061803,0.039597261039172604,0.19166666666666665,False,0.1,False,0.84818,False,0.6580953448457301,False,0.6585738549012744,False
client_2_brightness,C2,0.5016,0.9843009088701046,0.2942117195959121,0.8577150332139712,0.9866592667553036,0.0076693493056563256,0.26666666666666666,False,0.1,False,0.8303200000000001,False,0.6926919171367907,False,0.7290109915874462,False
client_2_brightness,C2_C3,0.7037,0.9959017316744816,0.2624489160092742,0.8069149448674073,0.48684000545042505,0.04011907839865847,0.19166666666666665,False,0.1,False,0.9407400000000001,True,0.682732556546055,False,0.6832198734393299,False
client_2_brightness,C2_C3_C4,0.6651,0.9945862982208893,0.2586763394211461,0.8040368190102875,0.326469669511484,0.04325578124452312,0.19166666666666665,False,0.0,False,0.9330200000000002,True,0.636491852346819,False,0.6442050474641609,False
client_2_brightness,C2_C3_C4_C5,0.6605000000000001,0.9939323933388231,0.2530793656258692,0.789522741909376,0.24538212429042872,0.04929239838757671,0.19166666666666665,False,0.0,False,0.9321000000000002,True,0.6079050801467301,False,0.6295075599126831,False
client_2_brightness,C2_C3_C5,0.6891999999999999,0.994600241358881,0.25310691619747405,0.7961924942593903,0.3290172143869781,0.048803682464340414,0.19166666666666665,False,0.0,False,0.93784,True,0.6461692882245027,False,0.6514356621866821,False
client_2_brightness,C2_C4,0.532,0.9880373415273858,0.28012951640133404,0.8339018636408695,0.4963833545109938,0.015653354751080872,0.19166666666666665,False,0.1,False,0.8364000000000001,False,0.6378223916174574,False,0.6429808532662664,False
client_2_brightness,C2_C4_C5,0.5739000000000001,0.9893986450095442,0.26622826769641483,0.802878385270502,0.3245014262760566,0.03760746752759159,0.19166666666666665,False,0.0,False,0.8447800000000001,False,0.6147467222588577,False,0.6231393258937311,False
client_2_brightness,C2_C5,0.5756,0.9882204722522662,0.26777431097833415,0.8106280154836856,0.4846403852714987,0.03349473835630434,0.19166666666666665,False,0.1,False,0.8451200000000001,False,0.6539845385235638,False,0.6541873114636618,False
client_2_brightness,C3,0.8544,0.9999999769032214,0.2838116258280958,0.838289825895569,0.9784338725711288,0.0012988636146511467,0.26666666666666666,False,0.1,False,0.9708800000000002,True,0.7764021038387194,False,0.8050882658426382,False
client_2_brightness,C3_C4,0.7058,0.9959732289781918,0.2682435668713139,0.8178161007371502,0.4934226495676667,0.03352210522779564,0.19166666666666665,False,0.1,False,0.94116,True,0.6805216148883443,False,0.6827216559641381,False
client_2_brightness,C3_C4_C5,0.6753,0.9945882320318483,0.2596218369951037,0.8067408722608829,0.32997233198872084,0.03992515578576794,0.19166666666666665,False,0.0,False,0.93506,True,0.6381346321193825,False,0.6464864618819489,False
client_2_brightness,C3_C5,0.7201000000000001,0.9958901247692752,0.2675628392221997,0.8181727534407218,0.49587128169054423,0.028471937555056726,0.19166666666666665,False,0.1,False,0.9440200000000001,True,0.684794851941385,False,0.6861552418063959,False
client_2_brightness,C4,0.4835999999999999,0.9841561645561794,0.29901335746366237,0.8657569293853905,0.9528913580199413,0.024919477926768185,0.26666666666666666,False,0.1,False,0.8267200000000001,False,0.6929974613935761,False,0.7168639437868967,False
client_2_brightness,C4_C5,0.5468999999999999,0.9880918138765924,0.27599889943908645,0.8255136259342516,0.4933355144751448,0.015179138996069041,0.19166666666666665,False,0.1,False,0.8393800000000001,False,0.6452327901076269,False,0.6470271268920491,False
client_2_brightness,C5,0.46720000000000006,0.9844493543537667,0.2971064550166016,0.859189199554887,0.9852538328801154,0.04185172953002181,0.26666666666666666,False,0.1,False,0.8234400000000001,False,0.7531820636696747,False,0.7211532301909115,False
client_2_glass_blur,C1,0.41759999999999997,0.9846965483105712,0.1842282386068967,0.8892903276997588,0.9647630138622804,0.025246214053209703,0.45833333333333326,False,0.2,False,0.8135200000000001,False,0.8314594008356688,False,0.7337869202584063,False
client_2_glass_blur,C1_C2,0.4898,0.9882873960909562,0.15875615754244887,0.8537862119857762,0.48889239804043405,0.055087576892766776,0.3833333333333333,False,0.2,False,0.8279600000000001,False,0.5382811239468793,False,0.662415794434402,False
client_2_glass_blur,C1_C2_C3,0.6133,0.9947259975609914,0.13762059787786782,0.839848440967493,0.3266190619089237,0.08274837171929517,0.3833333333333333,False,0.1,False,0.92266,True,0.5355761674543984,False,0.6615697365368515,False
client_2_glass_blur,C1_C2_C3_C4,0.5831,0.9940245463691153,0.13748555768371573,0.8285893192925787,0.2420921642002711,0.08479651500883356,0.3833333333333333,False,0.1,False,0.91662,True,0.5097592890475864,False,0.6396369869630675,False
client_2_glass_blur,C1_C2_C3_C4_C5,0.5903,0.9936055500518446,0.13214579641362634,0.8211704125984965,0.1978796473506004,0.08918802308295626,0.3833333333333333,False,0.1,False,0.9180600000000001,True,0.4971629239679094,False,0.6339605272531054,False
client_2_glass_blur,C1_C2_C3_C5,0.611,0.9940272093189424,0.13014288107662297,0.8138990719427158,0.24157048917632368,0.08994679474599954,0.3833333333333333,False,0.1,False,0.9222000000000001,True,0.5207350086921583,False,0.6480507446046483,False
client_2_glass_blur,C1_C2_C4,0.4970999999999999,0.9894649778550716,0.15309166977993519,0.8481019806863274,0.32497087375015277,0.06857168467352404,0.3833333333333333,False,0.1,False,0.82942,False,0.5071958817356947,False,0.6330283266116163,False
client_2_glass_blur,C1_C2_C4_C5,0.5310999999999999,0.9901084028488052,0.1411965170797901,0.8267247101866662,0.24541858693057964,0.08375930687120825,0.3833333333333333,False,0.1,False,0.8362200000000001,False,0.4998407475405751,False,0.6285633118364435,False
client_2_glass_blur,C1_C2_C5,0.5318,0.9895387397634507,0.14029302433990753,0.8254211266328286,0.3262599547052336,0.08388900733391136,0.3833333333333333,False,0.1,False,0.8363600000000001,False,0.523099574462435,False,0.6450687096776637,False
client_2_glass_blur,C1_C3,0.6495,0.996170410524582,0.14723770434740488,0.8483188732927611,0.4929495249293685,0.06924200447831508,0.3833333333333333,False,0.2,False,0.9299000000000002,True,0.5716290125010225,False,0.6995942472072243,False
client_2_glass_blur,C1_C3_C4,0.6039,0.9947514368690131,0.14223860319095055,0.8438003367698848,0.32400293207549796,0.08053933554128234,0.3833333333333333,False,0.1,False,0.9207800000000002,True,0.5314102990840387,False,0.6578528077889149,False
client_2_glass_blur,C1_C3_C4_C5,0.6097999999999999,0.9940165137769559,0.13678815161450741,0.8234901874572433,0.24485381453399252,0.08594173313213549,0.3833333333333333,False,0.1,False,0.9219600000000001,True,0.5178678331506823,False,0.6461771049087551,False
client_2_glass_blur,C1_C3_C5,0.6380000000000001,0.9947045070875559,0.14000033339478135,0.8291827111470121,0.33130062962743434,0.08459799233210785,0.3833333333333333,False,0.1,False,0.9276000000000002,True,0.5452499220414042,False,0.6680323778645318,False
client_2_glass_blur,C1_C4,0.4706,0.9882371143416283,0.16304940171214596,0.866225358046903,0.49832407520005284,0.05038907712724694,0.3833333333333333,False,0.2,False,0.8241200000000001,False,0.5301249184612749,False,0.658349510076408,False
client_2_glass_blur,C1_C4_C5,0.5355,0.9894735269136852,0.14706807828930957,0.8346150562438659,0.3304962334042009,0.07772915276797132,0.3833333333333333,False,0.1,False,0.8371000000000001,False,0.5215020825422769,False,0.6443685190965199,False
client_2_glass_blur,C1_C5,0.5315000000000001,0.9882901582127632,0.154014658468874,0.8421585969757045,0.4922168316152156,0.07170383989897267,0.3833333333333333,False,0.2,False,0.8363000000000002,False,0.547335891456813,False,0.6735322948894418,False
client_2_glass_blur,C2,0.4610000000000001,0.9843006212089237,0.18071171959591206,0.8928994562752066,0.9929133054885043,0.024437229554143736,0.45833333333333326,False,0.2,False,0.8222000000000002,False,0.5803166276191406,False,0.7483601841079739,False
client_2_glass_blur,C2_C3,0.6479999999999999,0.9959015795106513,0.14894891600927426,0.8420993679286426,0.4899258896594402,0.07222565725845853,0.3833333333333333,False,0.2,False,0.9296,True,0.5725335282766354,False,0.6989154621544904,False
client_2_glass_blur,C2_C3_C4,0.5983,0.9945861180987441,0.1451763394211461,0.8392212420715228,0.3285390302595511,0.07536236010432318,0.3833333333333333,False,0.1,False,0.9196600000000001,True,0.5334431311829784,False,0.6574773258954688,False
client_2_glass_blur,C2_C3_C4_C5,0.6032,0.9939321863029918,0.13957936562586917,0.8247071649706114,0.246937503499296,0.08139897724737677,0.3833333333333333,False,0.1,False,0.9206400000000001,True,0.5164444990454337,False,0.6445770366534138,False
client_2_glass_blur,C2_C3_C5,0.6285,0.9946000439847468,0.13960691619747406,0.8313769173206257,0.3311027230037804,0.08091026132414048,0.3833333333333333,False,0.1,False,0.9257000000000002,True,0.5429973832707503,False,0.6659311667413393,False
client_2_glass_blur,C2_C4,0.4737,0.9880370789402347,0.16662951640133408,0.8690862867021049,0.4995297301953138,0.047759933610880934,0.3833333333333333,False,0.2,False,0.8247400000000001,False,0.5296428134157922,False,0.6581685181918236,False
client_2_glass_blur,C2_C4_C5,0.5216000000000001,0.9893983747839717,0.15272826769641487,0.8380628083317374,0.3265583111169433,0.06971404638739165,0.3833333333333333,False,0.1,False,0.8343200000000001,False,0.5167292263981885,False,0.6393090911229176,False
client_2_glass_blur,C2_C5,0.5239,0.9882201858331635,0.1542743109783342,0.8458124385449209,0.4877123269673678,0.0656013172161044,0.3833333333333333,False,0.2,False,0.8347800000000001,False,0.5455684586974284,False,0.6706800848251385,False
client_2_glass_blur,C3,0.8036,0.9999999672187674,0.17031162582809586,0.8734742489568044,0.9846357738182115,0.03340544247445121,0.45833333333333326,False,0.2,False,0.96072,True,0.6631292295468161,False,0.8223870864612874,False
client_2_glass_blur,C3_C4,0.6485000000000001,0.9959731054430012,0.15474356687131394,0.8530005237983855,0.49655025852671786,0.0656286840875957,0.3833333333333333,False,0.2,False,0.9297000000000002,True,0.5701316455889814,False,0.6981055953550337,False
client_2_glass_blur,C3_C4_C5,0.6224,0.9945880530624437,0.14612183699510373,0.8419252953221182,0.3320638947142486,0.072031734645568,0.3833333333333333,False,0.1,False,0.9244800000000002,True,0.5382694151157159,False,0.6625431809392971,False
client_2_glass_blur,C3_C5,0.6656,0.9958899741444881,0.15406283922219974,0.8533571765019572,0.49901441154992626,0.06057851641485679,0.3833333333333333,False,0.2,False,0.9331200000000002,True,0.5756083771238346,False,0.7021022799594385,False
client_2_glass_blur,C4,0.43069999999999986,0.9841559297842252,0.18551335746366238,0.9009413524466259,0.9589313554763955,0.007187100933031876,0.45833333333333326,False,0.2,False,0.8161400000000001,False,0.5791088181617075,False,0.7337103386299203,False
client_2_glass_blur,C4_C5,0.5074000000000001,0.988091553524897,0.16249889943908646,0.860698048995487,0.49646257111967157,0.0472857178558691,0.3833333333333333,False,0.2,False,0.8314800000000001,False,0.5416428264045711,False,0.665970928456739,False
client_2_glass_blur,C5,0.4346,0.984449071375807,0.1836064550166016,0.8943736226161224,0.9914989631297205,0.009745150670221747,0.45833333333333326,False,0.2,False,0.8169200000000001,False,0.6523443288835067,False,0.742100641951364,False
client_2_impulse_noise,C1,0.4141,0.9846966477865412,0.1867282386068967,0.904590447207994,0.9562118056014963,0.024286802928223272,0.45833333333333326,False,0.2,False,0.8128200000000001,False,0.8305551832876069,False,0.7324067104522671,False
client_2_impulse_noise,C1_C2,0.4890000000000001,0.9882874451181743,0.16125615754244887,0.8690863314940114,0.48455908441554557,0.05604698801775321,0.3833333333333333,False,0.2,False,0.8278000000000001,False,0.5326749637007074,False,0.6624191534656914,False
client_2_impulse_noise,C1_C2_C3,0.606,0.9947260311756586,0.14012059787786782,0.8551485604757282,0.32372406326138664,0.0837077828442816,0.3833333333333333,False,0.1,False,0.9212,True,0.5289507135574935,False,0.660560755481101,False
client_2_impulse_noise,C1_C2_C3_C4,0.5736,0.9940245783576616,0.13998555768371573,0.8438894388008139,0.2399463724517952,0.08575592613381999,0.3833333333333333,False,0.1,False,0.9147200000000002,True,0.5031246521640953,False,0.6383378469619052,False
client_2_impulse_noise,C1_C2_C3_C4_C5,0.5827,0.9936055691174022,0.13464579641362634,0.8364705321067317,0.19612573467904035,0.09014743420794269,0.3833333333333333,False,0.1,False,0.9165400000000001,True,0.49122620988226673,False,0.6331197604827283,False
client_2_impulse_noise,C1_C2_C3_C5,0.602,0.9940272263988598,0.13264288107662298,0.829199191450951,0.23942932131134048,0.09090620587098597,0.3833333333333333,False,0.1,False,0.9204000000000001,True,0.5141665642011974,False,0.6468525263984586,False
client_2_impulse_noise,C1_C2_C4,0.4917,0.9894650196214124,0.1555916697799352,0.8634021001945625,0.3220904838718119,0.06953109579851047,0.3833333333333333,False,0.1,False,0.8283400000000001,False,0.5010620695092576,False,0.6324022689400399,False
client_2_impulse_noise,C1_C2_C4_C5,0.5277,0.9901084260500991,0.14369651707979011,0.8420248296949013,0.24324331132635724,0.08471871799619468,0.3833333333333333,False,0.1,False,0.8355400000000001,False,0.4944170929465415,False,0.6284782733066814,False
client_2_impulse_noise,C1_C2_C5,0.5247999999999999,0.9895387616913628,0.14279302433990754,0.8407212461410638,0.3233681390160423,0.08484841845889779,0.3833333333333333,False,0.1,False,0.83496,False,0.5165489853463655,False,0.6441203628762313,False
client_2_impulse_noise,C1_C3,0.6479999999999999,0.9961704614370235,0.14973770434740488,0.8636189928009963,0.4885802508287267,0.07020141560330151,0.3833333333333333,False,0.2,False,0.9296,True,0.5658291418002787,False,0.6994504145204077,False
client_2_impulse_noise,C1_C3_C4,0.6006,0.9947514797864173,0.14473860319095055,0.8591004562781199,0.3211311215795809,0.08149874666626877,0.3833333333333333,False,0.1,False,0.92012,True,0.5256041266567557,False,0.6576484662240358,False
client_2_impulse_noise,C1_C3_C4_C5,0.6051,0.9940165376361475,0.13928815161450742,0.8387903069654785,0.24268354480822285,0.08690114425712192,0.3833333333333333,False,0.1,False,0.9210200000000002,True,0.5121679021126074,False,0.6458330676862629,False
client_2_impulse_noise,C1_C3_C5,0.6317999999999999,0.9947045298727993,0.14250033339478135,0.8444828306552473,0.32836413575260026,0.08555740345709428,0.3833333333333333,False,0.1,False,0.9263600000000001,True,0.5388310293662684,False,0.6672350955974371,False
client_2_impulse_noise,C1_C4,0.46589999999999987,0.9882371774867151,0.16554940171214597,0.8815254775551382,0.4939071635987893,0.05134848825223337,0.3833333333333333,False,0.2,False,0.8231800000000001,False,0.5237172194080187,False,0.6575561523359962,False
client_2_impulse_noise,C1_C4_C5,0.5304000000000001,0.9894735578670166,0.14956807828930957,0.8499151757521011,0.3275668693213782,0.07868856389295775,0.3833333333333333,False,0.1,False,0.8360800000000002,False,0.5153464600071926,False,0.6437926644214452,False
client_2_impulse_noise,C1_C5,0.5253000000000001,0.9882901910611764,0.156514658468874,0.8574587164839397,0.48785405176552515,0.0726632510239591,0.3833333333333333,False,0.2,False,0.8350600000000001,False,0.5405994595760178,False,0.6724497574400099,False
client_2_impulse_noise,C2,0.4517000000000001,0.9843006215230011,0.18321171959591206,0.9081995757834418,0.9841125862049728,0.025396640679130167,0.45833333333333326,False,0.2,False,0.8203400000000002,False,0.572549704254772,False,0.7457700522649066,False
client_2_impulse_noise,C2_C3,0.639,0.9959015806574745,0.15144891600927426,0.8573994874368778,0.4855834156480703,0.07318506838344496,0.3833333333333333,False,0.2,False,0.9278000000000002,True,0.5652397410065176,False,0.6972769795324046,False
client_2_impulse_noise,C2_C3_C4,0.588,0.9945861278368503,0.1476763394211461,0.854521361579758,0.32562701391027327,0.07632177122930961,0.3833333333333333,False,0.1,False,0.9176000000000002,True,0.5262672424306943,False,0.655864936524058,False
client_2_impulse_noise,C2_C3_C4_C5,0.5915,0.9939321856862813,0.14207936562586918,0.8400072844788465,0.244748764928808,0.0823583883723632,0.3833333333333333,False,0.1,False,0.9183000000000001,True,0.5093809811063762,False,0.6428293007667976,False
client_2_impulse_noise,C2_C3_C5,0.615,0.9946000343150074,0.14210691619747406,0.8466770368288609,0.3281679832807232,0.0818696724491269,0.3833333333333333,False,0.1,False,0.923,True,0.5351416379295977,False,0.6636742288136035,False
client_2_impulse_noise,C2_C4,0.4708,0.9880370924134027,0.16912951640133408,0.88438640621034,0.4951021322319002,0.048719344735867365,0.3833333333333333,False,0.2,False,0.8241600000000001,False,0.5236008783207061,False,0.657733013244598,False
client_2_impulse_noise,C2_C4_C5,0.5127999999999999,0.9893983733221023,0.15522826769641487,0.8533629278399726,0.32366385093602107,0.07067345751237808,0.3833333333333333,False,0.1,False,0.8325600000000001,False,0.5099139423090705,False,0.6380002107451828,False
client_2_impulse_noise,C2_C5,0.509,0.9882201706143198,0.1567743109783342,0.8611125580531561,0.4833894729407054,0.06656072834109084,0.3833333333333333,False,0.2,False,0.8318000000000001,False,0.537113306061833,False,0.6678655229268609,False
client_2_impulse_noise,C3,0.7787999999999999,0.9999999692245298,0.17281162582809587,0.8887743684650395,0.9759084227050814,0.03436485359943764,0.45833333333333326,False,0.2,False,0.9557600000000002,True,0.6523127427350042,False,0.8167116285906374,False
client_2_impulse_noise,C3_C4,0.6295999999999999,0.9959731200384837,0.15724356687131394,0.8683006433066207,0.4921490692070636,0.06658809521258213,0.3833333333333333,False,0.2,False,0.9259200000000001,True,0.5608480425339288,False,0.6944753723610229,False
client_2_impulse_noise,C3_C4_C5,0.6058000000000001,0.9945880521296872,0.14862183699510373,0.8572254148303534,0.3291206356145647,0.07299114577055443,0.3833333333333333,False,0.1,False,0.9211600000000002,True,0.5298436931055176,False,0.6596645408836326,False
client_2_impulse_noise,C3_C5,0.6521000000000001,0.9958899594304986,0.15656283922219974,0.8686572960101924,0.4945913811300379,0.06153792753984322,0.3833333333333333,False,0.2,False,0.93042,True,0.5674200758777421,False,0.6995476828834865,False
client_2_impulse_noise,C4,0.43420000000000003,0.9841559566730368,0.18801335746366238,0.916241471954861,0.9504318363088363,0.008146512058018307,0.45833333333333326,False,0.2,False,0.8168400000000001,False,0.5739302767346542,False,0.7337404521249944,False
client_2_impulse_noise,C4_C5,0.48930000000000007,0.98809155117107,0.16499889943908647,0.8759981685037221,0.49206215902019335,0.048245128980855534,0.3833333333333333,False,0.2,False,0.8278600000000002,False,0.5325920643002601,False,0.6625008575169015,False
client_2_impulse_noise,C5,0.4226,0.9844490409368463,0.1861064550166016,0.9096737421243576,0.9827107799155534,0.008785739545235316,0.45833333333333326,False,0.2,False,0.8145200000000001,False,0.6443997458882922,False,0.7389730111715621,False
client_2_motion_blur,C1,0.4647,0.9846969320699805,0.27712823860689667,0.8785799376526572,0.9613475112823259,0.056614790084886124,0.3833333333333333,False,0.1,False,0.8229400000000001,False,0.8122099874700285,False,0.7228728574895872,False
client_2_motion_blur,C1_C2,0.5363,0.9882877191691196,0.25165615754244886,0.8430758219386746,0.4871615965660467,0.023719000861090356,0.3083333333333333,False,0.1,False,0.8372600000000001,False,0.6399048698478182,False,0.651718659750447,False
client_2_motion_blur,C1_C2_C3,0.667,0.9947262163618869,0.2305205978778678,0.8291380509203914,0.32546274866662167,0.051379795687618746,0.3083333333333333,False,0.0,False,0.9334,True,0.6337010316867463,False,0.65242747864386,False
client_2_motion_blur,C1_C2_C3_C4,0.6409,0.9940247647821696,0.2303855576837157,0.8178789292454771,0.2412350973356299,0.05342793897715714,0.3083333333333333,False,0.0,False,0.92818,True,0.5982265180973896,False,0.6313745782680399,False
client_2_motion_blur,C1_C2_C3_C4_C5,0.6495,0.9936057804381793,0.22504579641362632,0.8104600225513949,0.1971791038634068,0.05781944705127984,0.3083333333333333,False,0.0,False,0.9299000000000002,True,0.5786601927968128,False,0.6260094256282234,False
client_2_motion_blur,C1_C2_C3_C5,0.6679999999999999,0.9940274429532949,0.22304288107662296,0.8031886818956142,0.24071526917185904,0.058578218714323116,0.3083333333333333,False,0.0,False,0.9336,True,0.610000530046905,False,0.6396287083259157,False
client_2_motion_blur,C1_C2_C4,0.5491999999999999,0.9894652658853369,0.24599166977993517,0.8373915906392257,0.32382039550652664,0.037203108641847615,0.3083333333333333,False,0.0,False,0.83984,False,0.6013373953283436,False,0.623567249564234,False
client_2_motion_blur,C1_C2_C4_C5,0.5902000000000001,0.9901086879147335,0.2340965170797901,0.8160143201395645,0.2445497436967637,0.05239073083953183,0.3083333333333333,False,0.0,False,0.8480400000000001,False,0.5886366060384282,False,0.6205585611981559,False
client_2_motion_blur,C1_C2_C5,0.5872,0.9895390469909859,0.23319302433990752,0.8147107365857269,0.3251049127923285,0.05252043130223494,0.3083333333333333,False,0.0,False,0.8474400000000001,False,0.62099034382145,False,0.6362667237358797,False
client_2_motion_blur,C1_C3,0.7116,0.9961706055658247,0.24013770434740486,0.8376084832456596,0.49120436021016634,0.03787342844663866,0.3083333333333333,False,0.1,False,0.94232,True,0.6787806445565326,False,0.6920142142669222,False
client_2_motion_blur,C1_C3_C4,0.6712,0.9947516393684636,0.23513860319095053,0.8330899467227831,0.3228558805877067,0.04917075950960592,0.3083333333333333,False,0.0,False,0.9342400000000002,True,0.6316189612720992,False,0.6514323989865366,False
client_2_motion_blur,C1_C3_C4_C5,0.6674,0.9940167354279296,0.2296881516145074,0.8127797974101418,0.24398697073584097,0.05457315710045907,0.3083333333333333,False,0.0,False,0.9334800000000001,True,0.6068847766154899,False,0.6378727414746094,False
client_2_motion_blur,C1_C3_C5,0.6959,0.9947047301954494,0.23290033339478133,0.8184723210999105,0.3301277424634634,0.05322941630043143,0.3083333333333333,False,0.0,False,0.9391800000000001,True,0.6444240890073054,False,0.6597268060486061,False
client_2_motion_blur,C1_C4,0.5264,0.9882374145021717,0.2559494017121459,0.8555149679998014,0.49655988322747147,0.01902050109557052,0.3083333333333333,False,0.1,False,0.8352800000000001,False,0.6338938339057736,False,0.6495056927092903,False
client_2_motion_blur,C1_C4_C5,0.5924,0.9894738189298582,0.23996807828930955,0.8239046661967642,0.32932619400422614,0.0463605767362949,0.3083333333333333,False,0.0,False,0.8484800000000001,False,0.6189944445698834,False,0.6358635306150495,False
client_2_motion_blur,C1_C5,0.5867,0.9882904870030906,0.24691465846887398,0.8314482069286029,0.490474260813762,0.040335263867296245,0.3083333333333333,False,0.1,False,0.8473400000000001,False,0.6528304048011702,False,0.6645728074825064,False
client_2_motion_blur,C2,0.49960000000000004,0.9843008837084327,0.273611719595912,0.882189066228105,0.9893981438292793,0.006931346477532685,0.3833333333333333,False,0.1,False,0.8299200000000001,False,0.6876653588856696,False,0.7357261652713203,False
client_2_motion_blur,C2_C3,0.7021000000000001,0.9959017164840486,0.24184891600927425,0.8313889778815411,0.4881914293660057,0.04085708122678211,0.3083333333333333,False,0.1,False,0.94042,True,0.6779332487856946,False,0.6897375584857728,False
client_2_motion_blur,C2_C3_C4,0.6622,0.9945862816448955,0.2380763394211461,0.8285108520244212,0.32737591984865855,0.04399378407264676,0.3083333333333333,False,0.0,False,0.9324400000000002,True,0.6318615950184919,False,0.6503736975178104,False
client_2_motion_blur,C2_C3_C4_C5,0.654,0.993932378786601,0.23247936562586916,0.8139967749235097,0.24606328292059357,0.05003040121570035,0.3083333333333333,False,0.0,False,0.9308000000000001,True,0.6030325100050373,False,0.634911192029685,False
client_2_motion_blur,C2_C3_C5,0.6844,0.9946002283819793,0.23250691619747405,0.8206665272735241,0.3299305364787995,0.049541685292464055,0.3083333333333333,False,0.0,False,0.9368800000000002,True,0.6410824495269632,False,0.6572257273110795,False
client_2_motion_blur,C2_C4,0.527,0.9880373192080671,0.25952951640133404,0.8583758966550032,0.4977612699022354,0.016391357579204513,0.3083333333333333,False,0.1,False,0.8354000000000001,False,0.632502743155746,False,0.6488238351820643,False
client_2_motion_blur,C2_C4_C5,0.569,0.9893986273050187,0.24562826769641485,0.8273524182846358,0.32540221294765265,0.03834547035571523,0.3083333333333333,False,0.0,False,0.8438000000000001,False,0.6098806208447606,False,0.6289068829885587,False
client_2_motion_blur,C2_C5,0.5710999999999999,0.9882204553521499,0.24717431097833417,0.8351020484978193,0.48598570323998846,0.034232741184427984,0.3083333333333333,False,0.1,False,0.8442200000000001,False,0.648681086199117,False,0.6601237749787497,False
client_2_motion_blur,C3,0.8482000000000001,0.9999999722299013,0.2632116258280958,0.8627638589097028,0.9811499166932288,0.0020368664427747873,0.3833333333333333,False,0.1,False,0.9696400000000001,True,0.7705761890237397,False,0.8109588770338075,False
client_2_motion_blur,C3_C4,0.7030000000000001,0.9959732169287248,0.24764356687131392,0.8422901337512839,0.4947923463092029,0.03426010805591928,0.3083333333333333,False,0.1,False,0.9406000000000001,True,0.6754919533764862,False,0.6890029962039653,False
client_2_motion_blur,C3_C4_C5,0.669,0.9945882211392274,0.2390218369951037,0.8312149052750166,0.3308883054008008,0.04066315861389158,0.3083333333333333,False,0.0,False,0.9338000000000002,True,0.6328387313143156,False,0.6519770576872541,False
client_2_motion_blur,C3_C5,0.7111999999999999,0.9958901180471988,0.24696283922219972,0.8426467864548556,0.49724777561385325,0.029209940383180366,0.3083333333333333,False,0.1,False,0.9422400000000002,True,0.6785618641593696,False,0.6912179425480558,False
client_2_motion_blur,C4,0.48639999999999994,0.9841561453317778,0.27841335746366236,0.8902309623995243,0.9555364984269766,0.024181475098644545,0.3833333333333333,False,0.1,False,0.8272800000000001,False,0.6889489356751339,False,0.7245203713248368,False
client_2_motion_blur,C4_C5,0.5414,0.9880918000109139,0.25539889943908645,0.8499876589483853,0.4947049693375285,0.015917141824192682,0.3083333333333333,False,0.1,False,0.8382800000000001,False,0.639846501434732,False,0.6527684183928036,False
client_2_motion_blur,C5,0.4636000000000001,0.9844493457420935,0.2765064550166016,0.8836632325690208,0.9879888085965004,0.04111372670189817,0.3833333333333333,False,0.1,False,0.8227200000000001,False,0.748189357158678,False,0.7275476269132672,False
client_2_zoom_blur,C1,0.44820000000000004,0.9846968167452638,0.2646282386068967,0.8661121974014906,0.9446393866013031,0.05177575358877884,0.3833333333333333,False,0.1,False,0.8196400000000001,False,0.8116105049216169,False,0.7174844354633225,False
client_2_zoom_blur,C1_C2,0.5216000000000001,0.9882876147386304,0.2391561575424489,0.830608081687508,0.4786947761918259,0.02855803735719764,0.3083333333333333,False,0.1,False,0.8343200000000001,False,0.625255149176836,False,0.6483385007643883,False
client_2_zoom_blur,C1_C2_C3,0.6513,0.9947261456291489,0.21802059787786784,0.8166703106692248,0.3198062382789297,0.05621883218372603,0.3083333333333333,False,0.0,False,0.9302600000000001,True,0.6194492565390348,False,0.6494093883946572,False
client_2_zoom_blur,C1_C2_C3_C4,0.6262,0.9940247017038416,0.21788555768371576,0.8054111889943105,0.23704245519902514,0.058266975473264426,0.3083333333333333,False,0.0,False,0.9252400000000001,True,0.5852211259634114,False,0.6288492631999368,False
client_2_zoom_blur,C1_C2_C3_C4_C5,0.6398,0.9936057161831485,0.21254579641362636,0.7979922823002283,0.19375215053677086,0.06265848354738712,0.3083333333333333,False,0.0,False,0.9279600000000001,True,0.56739591973929,False,0.6246372480867733,False
client_2_zoom_blur,C1_C2_C3_C5,0.6557999999999999,0.9940273727214679,0.210542881076623,0.7907209416444476,0.2365316615973362,0.0634172552104304,0.3083333333333333,False,0.0,False,0.93116,True,0.5974369037702931,False,0.637605198739529,False
client_2_zoom_blur,C1_C2_C4,0.5335,0.9894651827664743,0.2334916697799352,0.8249238503880592,0.31819242905434925,0.0420421451379549,0.3083333333333333,False,0.0,False,0.8367000000000001,False,0.5873860356124819,False,0.6205548656249094,False
client_2_zoom_blur,C1_C2_C4_C5,0.5806,0.9901086084700286,0.22159651707979014,0.803546579888398,0.24029949333417885,0.057229767335639115,0.3083333333333333,False,0.0,False,0.8461200000000001,False,0.5766423997681732,False,0.6190417212115812,False
client_2_zoom_blur,C1_C2_C5,0.5754,0.9895389546816823,0.22069302433990756,0.8022429963345603,0.3194546215567463,0.05735946779834222,0.3083333333333333,False,0.0,False,0.8450800000000002,False,0.6076007133163724,False,0.6340298730017858,False
client_2_zoom_blur,C1_C3,0.6961,0.9961705468834312,0.2276377043474049,0.825140742994493,0.48266727700358875,0.04271246494274594,0.3083333333333333,False,0.1,False,0.9392200000000002,True,0.663785271855685,False,0.6884600118640114,False
client_2_zoom_blur,C1_C3_C4,0.6542,0.9947515869348981,0.22263860319095058,0.8206222064716165,0.3172446773094401,0.054009796005713206,0.3083333333333333,False,0.0,False,0.9308400000000001,True,0.6171522533270195,False,0.6481633738190534,False
client_2_zoom_blur,C1_C3_C4_C5,0.6606000000000001,0.9940166787612003,0.21718815161450744,0.8003120571589752,0.2397465013116659,0.059412193596566354,0.3083333333333333,False,0.0,False,0.9321200000000001,True,0.5954114296012687,False,0.6369178622313119,False
client_2_zoom_blur,C1_C3_C5,0.6922,0.9947046680320553,0.22040033339478138,0.8060045808487439,0.32439015494489093,0.058068452796538716,0.3083333333333333,False,0.0,False,0.9384400000000002,True,0.6325721482757707,False,0.6590925020870962,False
client_2_zoom_blur,C1_C4,0.5062,0.9882373369543457,0.243449401712146,0.8430472277486348,0.48792972156044634,0.023859537591677804,0.3083333333333333,False,0.1,False,0.8312400000000001,False,0.6180628831606194,False,0.6449928708412034,False
client_2_zoom_blur,C1_C4_C5,0.5831,0.9894737443929327,0.2274680782893096,0.8114369259455976,0.32360253731861227,0.051199613232402186,0.3083333333333333,False,0.0,False,0.84662,False,0.6061383766610327,False,0.6341120103454249,False
client_2_zoom_blur,C1_C5,0.5804,0.988290395515613,0.23441465846887402,0.8189804666774363,0.48194986666249634,0.04517430036340353,0.3083333333333333,False,0.1,False,0.84608,False,0.6397082522673256,False,0.662861136329641,False
client_2_zoom_blur,C2,0.491,0.984300790502725,0.26111171959591206,0.8697213259769384,0.9722025019284417,0.0020923099814254,0.3833333333333333,False,0.1,False,0.8282000000000002,False,0.6730854018742237,False,0.7318202442248947,False
client_2_zoom_blur,C2_C3,0.6927000000000001,0.9959016679148078,0.2293489160092743,0.8189212376303745,0.47970671059955894,0.045696117722889396,0.3083333333333333,False,0.1,False,0.9385400000000002,True,0.6641882933869799,False,0.6874138309935187,False
client_2_zoom_blur,C2_C3_C4,0.6495,0.9945862358885462,0.22557633942114613,0.8160431117732546,0.3216861587350111,0.04883282056875404,0.3083333333333333,False,0.0,False,0.9299000000000002,True,0.6183619655940044,False,0.6479489621186943,False
client_2_zoom_blur,C2_C3_C4_C5,0.6472,0.993932327129067,0.2199793656258692,0.8015290346723432,0.2417867273959684,0.054869437711807634,0.3083333333333333,False,0.0,False,0.92944,True,0.5916561543973891,False,0.6339490965681365,False
client_2_zoom_blur,C2_C3_C5,0.6766,0.9946001729395766,0.2200069161974741,0.8081987870223575,0.32419637638073934,0.05438072178857134,0.3083333333333333,False,0.0,False,0.9353200000000002,True,0.6284696877742385,False,0.6557721101778702,False
client_2_zoom_blur,C2_C4,0.5132,0.9880372521055256,0.2470295164013341,0.8459081564038367,0.4891102282536048,0.021230394075311798,0.3083333333333333,False,0.1,False,0.8326400000000002,False,0.6179706604090306,False,0.6455868394067132,False
client_2_zoom_blur,C2_C4_C5,0.5617000000000001,0.9893985596320264,0.2331282676964149,0.8148846780334692,0.31974675466477015,0.04318450685182251,0.3083333333333333,False,0.0,False,0.8423400000000001,False,0.5976379221959212,False,0.627569003772267,False
client_2_zoom_blur,C2_C5,0.5640000000000001,0.9882203743826161,0.23467431097833422,0.8226343082466527,0.47753931977549363,0.03907177768053527,0.3083333333333333,False,0.1,False,0.8428000000000001,False,0.6354613549407547,False,0.6582677080668276,False
client_2_zoom_blur,C3,0.8503000000000001,0.9999999705846582,0.25071162582809586,0.8502961186585362,0.9640976281643711,0.0068759029388820725,0.3833333333333333,False,0.1,False,0.9700600000000001,True,0.7583247088658207,False,0.8092216449738707,False
client_2_zoom_blur,C3_C4,0.6958,0.9959731960060508,0.23514356687131396,0.8298223935001173,0.4861929042590303,0.039099144552026566,0.3083333333333333,False,0.1,False,0.93916,True,0.6621540844365899,False,0.6870963295842794,False
client_2_zoom_blur,C3_C4_C5,0.6651,0.9945881837993088,0.22652183699510375,0.81874716502385,0.32513749937358744,0.045502195109998866,0.3083333333333333,False,0.0,False,0.9330200000000002,True,0.6211259201172181,False,0.6513001149887111,False
client_2_zoom_blur,C3_C5,0.7107,0.9958900820503412,0.23446283922219976,0.830179046203689,0.4886056584451766,0.03404897687928765,0.3083333333333333,False,0.1,False,0.9421400000000002,True,0.6666191562678877,False,0.6906427378898323,False
client_2_zoom_blur,C4,0.4730000000000001,0.9841561055743258,0.2659133574636624,0.8777632221483577,0.9389293685747444,0.01934243860253726,0.3833333333333333,False,0.1,False,0.8246000000000001,False,0.6735404891080726,False,0.7197721633777834,False
client_2_zoom_blur,C4_C5,0.5396,0.9880917455095822,0.2428988994390865,0.8375199186972188,0.4861070458904831,0.020756178320299967,0.3083333333333333,False,0.1,False,0.8379200000000001,False,0.6278264617763736,False,0.6519420487780114,False
client_2_zoom_blur,C5,0.4648,0.9844492774811383,0.26400645501660164,0.8711954923178542,0.9708176608026433,0.03627469020579088,0.3833333333333333,False,0.1,False,0.8229600000000001,False,0.7369436613078307,False,0.7256066096771882,False
client_3_brightness,C1,0.4504,0.9845953142545245,0.2803282386068967,0.905301535595623,0.9429614845673618,0.050446690953784845,0.3833333333333333,False,0.2,False,0.8200800000000001,False,0.8165495905296581,False,0.7183474883777997,False
client_3_brightness,C1_C2,0.5645,0.9883967522822731,0.2548561575424489,0.8697974198816404,0.4778445015261684,0.029887099992191635,0.3083333333333333,False,0.2,False,0.8429000000000001,False,0.624351567699869,False,0.6575492071593985,False
client_3_brightness,C1_C2_C3,0.6054,0.9895633101268861,0.23372059787786784,0.8558596488633572,0.3192381870783484,0.057547894818720025,0.3083333333333333,False,0.1,False,0.8510800000000002,False,0.6000015144745348,False,0.6398621448735017,False
client_3_brightness,C1_C2_C3_C4,0.6848000000000001,0.9941371736439512,0.23358555768371575,0.8446005271884429,0.23662141196988362,0.05959603810825842,0.3083333333333333,False,0.1,False,0.93696,True,0.5890144519273619,False,0.6412864827615435,False
client_3_brightness,C1_C2_C3_C4_C5,0.6651,0.9937463153890509,0.22824579641362636,0.8371816204943607,0.19340800108452777,0.06398754618238112,0.3083333333333333,False,0.1,False,0.9330200000000002,True,0.5652633998201905,False,0.6304354718569185,False
client_3_brightness,C1_C2_C3_C5,0.613,0.9902564306603232,0.226242881076623,0.82991027983858,0.23611152565793447,0.0647463178454244,0.3083333333333333,False,0.1,False,0.8526000000000001,False,0.5799033076724956,False,0.6289859169588331,False
client_3_brightness,C1_C2_C4,0.6692,0.9948253682879505,0.2491916697799352,0.8641131885821915,0.3176272443590383,0.043371207772948894,0.3083333333333333,False,0.1,False,0.93384,True,0.60720105547564,False,0.6494327996095557,False
client_3_brightness,C1_C2_C4_C5,0.6623999999999999,0.9941588198926762,0.23729651707979013,0.8427359180825303,0.2398726648382053,0.05855882997063311,0.3083333333333333,False,0.1,False,0.93248,True,0.5860379973414771,False,0.6369053316163293,False
client_3_brightness,C1_C2_C5,0.6047,0.9896955964903488,0.23639302433990755,0.8414323345286927,0.31888719491027706,0.05868853043333622,0.3083333333333333,False,0.1,False,0.8509400000000001,False,0.6045586453420887,False,0.6405866498536384,False
client_3_brightness,C1_C3,0.5670999999999999,0.9881633381886693,0.2433377043474049,0.8643300811886254,0.48180994624087836,0.044041527577739936,0.3083333333333333,False,0.2,False,0.8434200000000001,False,0.6262704141951365,False,0.6616660377919301,False
client_3_brightness,C1_C3_C4,0.6833,0.9947950122202773,0.23833860319095057,0.8598115446657489,0.3166811760444445,0.0553388586407072,0.3083333333333333,False,0.1,False,0.93666,True,0.6140505563596869,False,0.6546582924425435,False
client_3_brightness,C1_C3_C4_C5,0.6665000000000001,0.9941133022035351,0.23288815161450743,0.8395013953531076,0.23932065505976602,0.06074125623156035,0.3083333333333333,False,0.1,False,0.9333,True,0.5886021513476559,False,0.6388109514888121,False
client_3_brightness,C1_C3_C5,0.5957,0.9895438988164891,0.23610033339478137,0.8451939190428763,0.3238139616286977,0.05939751543153271,0.3083333333333333,False,0.1,False,0.8491400000000001,False,0.6029646670690132,False,0.6394240434001576,False
client_3_brightness,C1_C4,0.6682,0.9962009620523073,0.25914940171214595,0.8822365659427672,0.48706304345678164,0.025188600226671798,0.3083333333333333,False,0.2,False,0.93364,True,0.6429015979950168,False,0.679591194059476,False
client_3_brightness,C1_C4_C5,0.6751,0.994790035002447,0.24316807828930959,0.85062626413973,0.32302774299682463,0.05252867586739618,0.3083333333333333,False,0.1,False,0.9350200000000002,True,0.6169754466953993,False,0.6542392434223836,False
client_3_brightness,C1_C5,0.5875999999999999,0.9883682289217876,0.25011465846887404,0.8581698048715687,0.48109381018951763,0.046503362998397524,0.3083333333333333,False,0.2,False,0.84752,False,0.6314293048103666,False,0.6649244255356934,False
client_3_brightness,C2,0.5187999999999999,0.9846109626346168,0.2768117195959121,0.9089106641710708,0.9704756413099601,0.000763247346431406,0.3833333333333333,False,0.2,False,0.8337600000000001,False,0.6684042087409909,False,0.73787584034699,False
client_3_brightness,C2_C3,0.5914999999999999,0.9882729273665561,0.24504891600927428,0.8581105758245069,0.4788546385000606,0.04702518035788339,0.3083333333333333,False,0.2,False,0.8483,False,0.6323212853336811,False,0.6662566022833818,False
client_3_brightness,C2_C3_C4,0.6781999999999999,0.9947687165401631,0.24127633942114612,0.855232449967387,0.3211147683529371,0.05016188320374804,0.3083333333333333,False,0.1,False,0.93564,True,0.6153196433552122,False,0.6543901139920161,False
client_3_brightness,C2_C3_C4_C5,0.6573,0.9941318172549485,0.2356793656258692,0.8407183728664755,0.24135725722202478,0.05619850034680163,0.3083333333333333,False,0.1,False,0.9314600000000002,True,0.585815235998562,False,0.6367020343779374,False
client_3_brightness,C2_C3_C5,0.5984,0.9896491360062917,0.23570691619747408,0.8473881252164899,0.32362052726091517,0.055709784423565334,0.3083333333333333,False,0.1,False,0.8496800000000001,False,0.6026539082229547,False,0.6398056667866616,False
client_3_brightness,C2_C4,0.6610999999999999,0.9960398020582429,0.2627295164013341,0.885097494597969,0.48824145329201774,0.022559456710305792,0.3083333333333333,False,0.2,False,0.93222,True,0.6400198768852028,False,0.6773725282243525,False
client_3_brightness,C2_C4_C5,0.6406000000000001,0.9947780402522879,0.2488282676964149,0.8540740162276016,0.31917880912109725,0.04451356948681651,0.3083333333333333,False,0.1,False,0.9281200000000001,True,0.606098979384187,False,0.645090244606998,False
client_3_brightness,C2_C5,0.5662,0.9884998283513441,0.2503743109783342,0.8618236464407851,0.476691097472567,0.04040084031552926,0.3083333333333333,False,0.2,False,0.8432400000000001,False,0.6263253741737079,False,0.6593728882194009,False
client_3_brightness,C3,0.5183,0.9841560610773169,0.26641162582809585,0.8894854568526686,0.9623851637105703,0.008204965573876066,0.3833333333333333,False,0.2,False,0.8336600000000001,False,0.6778165924241591,False,0.7400893040010554,False
client_3_brightness,C3_C4,0.6948000000000001,0.9960886105767331,0.2508435668713139,0.8690117316942497,0.48532931115195155,0.04042820718702056,0.3083333333333333,False,0.2,False,0.93896,True,0.6522587445805585,False,0.6875256276964133,False
client_3_brightness,C3_C4_C5,0.6594,0.9947493685495455,0.24222183699510375,0.8579365032179824,0.3245599785976729,0.04683125774499286,0.3083333333333333,False,0.1,False,0.93188,True,0.6112405397061834,False,0.6508557816029887,False
client_3_brightness,C3_C5,0.5575000000000001,0.9882802647873739,0.25016283922219973,0.8693683843978214,0.4877377797184066,0.035378039514281645,0.3083333333333333,False,0.2,False,0.8415000000000001,False,0.6244340995463566,False,0.6590861325112981,False
client_3_brightness,C4,0.7071000000000001,0.9999999742416361,0.2816133574636624,0.9169525603424901,0.9372616088776532,0.018013375967543266,0.3833333333333333,False,0.2,False,0.9414200000000001,True,0.714148811969698,False,0.7702063189912405,False
client_3_brightness,C4_C5,0.6426000000000001,0.9960124955654852,0.2585988994390865,0.8767092568913512,0.4852436052880884,0.02208524095529396,0.3083333333333333,False,0.2,False,0.92852,True,0.6409857691591581,False,0.6747324444881264,False
client_3_brightness,C5,0.4746999999999999,0.9846962382171156,0.27970645501660163,0.9103848305119866,0.9690932599881616,0.03494562757079689,0.3833333333333333,False,0.2,False,0.8249400000000001,False,0.730071329583481,False,0.7280700554809005,False
client_3_glass_blur,C1,0.4191999999999999,0.9845948982790304,0.1574282386068967,0.9040651677017716,0.9679437840270959,0.03140159677302223,0.45833333333333326,False,0.2,False,0.8138400000000001,False,0.8240526869399283,False,0.7415602282852626,False
client_3_glass_blur,C1_C2,0.5299,0.9883964140087447,0.13195615754244888,0.868561051987789,0.49050424916982877,0.048932194172954246,0.3833333333333333,False,0.2,False,0.8359800000000001,False,0.5657215779540367,False,0.6776174522440398,False
client_3_glass_blur,C1_C2_C3,0.5724,0.9895629552839139,0.11082059787786783,0.8546232809695058,0.3276959068464394,0.07659298899948264,0.3833333333333333,False,0.1,False,0.8444800000000001,False,0.5442833885994508,False,0.6594099810691403,False
client_3_glass_blur,C1_C2_C3_C4,0.6358999999999999,0.9941369000619961,0.11068555768371573,0.8433641592945915,0.24289032864268803,0.07864113228902103,0.3833333333333333,False,0.1,False,0.9271800000000001,True,0.5364863675012476,False,0.6572165745903283,False
client_3_glass_blur,C1_C2_C3_C4_C5,0.6194,0.9937460097836166,0.10534579641362633,0.8359452526005093,0.1985320455763546,0.08303264036314373,0.3833333333333333,False,0.1,False,0.92388,True,0.5176644320109678,False,0.6467765828448118,False
client_3_glass_blur,C1_C2_C3_C5,0.5778000000000001,0.9902560567791858,0.10334288107662297,0.8286739119447286,0.24236693368511125,0.083791412026187,0.3833333333333333,False,0.1,False,0.8455600000000001,False,0.5294653384840052,False,0.6476532869986558,False
client_3_glass_blur,C1_C2_C4,0.6255000000000001,0.9948251323120383,0.1262916697799352,0.8628768206883402,0.32604228470269375,0.062416301953711506,0.3833333333333333,False,0.1,False,0.9251,True,0.5518357922335627,False,0.6668321236937191,False
client_3_glass_blur,C1_C2_C4_C5,0.6233,0.9941585344857088,0.11439651707979012,0.841499550188679,0.24622771840430283,0.07760392415139572,0.3833333333333333,False,0.1,False,0.92466,True,0.5355128470704453,False,0.6548126484587702,False
client_3_glass_blur,C1_C2_C5,0.5684,0.9896952274203262,0.11349302433990754,0.8401959666348413,0.3273356156862096,0.07773362461409883,0.3833333333333333,False,0.1,False,0.8436800000000001,False,0.5486631889764827,False,0.6594726234054353,False
client_3_glass_blur,C1_C3,0.5342,0.9881629357904433,0.12043770434740489,0.863093713294774,0.4945747521811661,0.06308662175850255,0.3833333333333333,False,0.2,False,0.8368400000000001,False,0.5662892544300954,False,0.6820952817109572,False
client_3_glass_blur,C1_C3_C4,0.6397999999999999,0.9947947350874882,0.11543860319095056,0.8585751767718975,0.32507115177800583,0.07438395282146981,0.3833333333333333,False,0.1,False,0.9279600000000001,True,0.556702252416359,False,0.6720925953733128,False
client_3_glass_blur,C1_C3_C4_C5,0.6239,0.9941129857849472,0.10998815161450742,0.8382650274592562,0.24566108398443828,0.07978635041232296,0.3833333333333333,False,0.1,False,0.9247800000000002,True,0.5369905567605455,False,0.6560153372006439,False
client_3_glass_blur,C1_C3_C5,0.5598000000000001,0.989543487307312,0.11320033339478136,0.8439575511490249,0.3323929094341455,0.07844260961229532,0.3833333333333333,False,0.1,False,0.8419600000000002,False,0.5466574714323387,False,0.6584161138700266,False
client_3_glass_blur,C1_C4,0.6309,0.9962007401551879,0.13624940171214597,0.8810001980489158,0.49996702204609755,0.04423369440743441,0.3833333333333333,False,0.2,False,0.92618,True,0.5836064967327179,False,0.6991683086085301,False
client_3_glass_blur,C1_C4_C5,0.6373000000000001,0.9947897421099541,0.12026807828930956,0.8493898962458786,0.33158586116116434,0.07157377004815879,0.3833333333333333,False,0.1,False,0.9274600000000002,True,0.5613011443599859,False,0.6728471716873677,False
client_3_glass_blur,C1_C5,0.5514000000000001,0.9883678064129392,0.127214658468874,0.8569334369777173,0.49383964321778107,0.06554845717916014,0.3833333333333333,False,0.2,False,0.8402800000000001,False,0.5712154479958085,False,0.6846898708501914,False
client_3_glass_blur,C2,0.49040000000000006,0.9846107013648261,0.15391171959591207,0.9076742962772194,0.9961868856040009,0.018281846834331206,0.45833333333333326,False,0.2,False,0.8280800000000001,False,0.6073059675963253,False,0.7617944001624548,False
client_3_glass_blur,C2_C3,0.5658000000000001,0.9882726038801931,0.12214891600927427,0.8568742079306555,0.4915411481534001,0.066070274538646,0.3833333333333333,False,0.2,False,0.8431600000000001,False,0.5739799008228266,False,0.6881102027273921,False
client_3_glass_blur,C2_C3_C4,0.6365000000000001,0.994768490423911,0.1183763394211461,0.8539960820735356,0.32962220522626484,0.06920697738451065,0.3833333333333333,False,0.1,False,0.9273,True,0.5590659090790993,False,0.6722079193540462,False
client_3_glass_blur,C2_C3_C4_C5,0.6113999999999999,0.9941315391853156,0.11277936562586918,0.8394820049726242,0.24775164275672895,0.07524359452756424,0.3833333333333333,False,0.1,False,0.92228,True,0.5342179556498633,False,0.6532572190815664,False
client_3_glass_blur,C2_C3_C5,0.561,0.9896487766915322,0.11280691619747409,0.8461517573226385,0.33219435032332645,0.07475487860432795,0.3833333333333333,False,0.1,False,0.8422000000000002,False,0.5464205320912531,False,0.6584967227468069,False
client_3_glass_blur,C2_C4,0.6218999999999999,0.9960396547309871,0.1398295164013341,0.8838611267041177,0.5011766520190296,0.041604550891068404,0.45833333333333326,False,0.2,False,0.92438,True,0.5806922500891744,False,0.6965759017149187,False
client_3_glass_blur,C2_C4_C5,0.6061,0.9947777976737148,0.12592826769641488,0.8528376483337502,0.32763495576246615,0.06355866366757912,0.3833333333333333,False,0.1,False,0.9212200000000001,True,0.5526487630315771,False,0.664337788630172,False
client_3_glass_blur,C2_C5,0.5280999999999999,0.9884994830561173,0.1274743109783342,0.8605872785469337,0.4893202874678644,0.059445934496291875,0.3833333333333333,False,0.2,False,0.8356200000000001,False,0.5661509637402935,False,0.67873502037003,False
client_3_glass_blur,C3,0.49960000000000004,0.9841556753265941,0.14351162582809587,0.8882490889588172,0.9878820633707441,0.027250059754638678,0.45833333333333326,False,0.2,False,0.8299200000000001,False,0.6190899783061419,False,0.7659049699935605,False
client_3_glass_blur,C3_C4,0.6644,0.9960884036235609,0.12794356687131395,0.8677753638003983,0.4981873571975409,0.05947330136778317,0.3833333333333333,False,0.2,False,0.9328800000000002,True,0.5931283194522441,False,0.7084735587255115,False
client_3_glass_blur,C3_C4_C5,0.6148,0.9947490854820448,0.11932183699510372,0.856700135324131,0.33315869096363127,0.06587635192575547,0.3833333333333333,False,0.1,False,0.92296,True,0.5546331981075205,False,0.6681118306732953,False
client_3_glass_blur,C3_C5,0.5247999999999999,0.9882798569865283,0.12726283922219975,0.86813201650397,0.5006596343966404,0.05442313369504426,0.45833333333333326,False,0.2,False,0.83496,False,0.5651584585346181,False,0.6795867850973906,False
client_3_glass_blur,C4,0.6825999999999999,0.9999999451404897,0.15871335746366239,0.9157161924486387,0.9620928989868527,0.0010317182132193459,0.45833333333333326,False,0.2,False,0.93652,True,0.6541895864585755,False,0.7947289344034658,False
client_3_glass_blur,C4_C5,0.6068,0.9960122633869463,0.13569889943908647,0.8754728889974998,0.4980993806899755,0.04113033513605657,0.3833333333333333,False,0.2,False,0.9213600000000002,True,0.5827065216654919,False,0.6945999163434108,False
client_3_glass_blur,C5,0.44400000000000006,0.9846958126219206,0.15680645501660162,0.9091484626181352,0.9947678802368793,0.015900533390034277,0.45833333333333326,False,0.2,False,0.8188000000000001,False,0.672687018474612,False,0.7515212576222199,False
client_3_impulse_noise,C1,0.42800000000000016,0.9845949460301229,0.16862823860689669,0.8945961698868508,0.9831173687317188,0.023481545625132938,0.45833333333333326,False,0.2,False,0.8156000000000001,False,0.8358053100204564,False,0.7431680549949136,False
client_3_impulse_noise,C1_C2,0.5227999999999999,0.9883964009477162,0.14315615754244887,0.8590920541728682,0.4981934434139312,0.05685224532084354,0.3833333333333333,False,0.2,False,0.8345600000000001,False,0.5400484952800891,False,0.6745483886991624,False
client_3_impulse_noise,C1_C2_C3,0.5555999999999999,0.9895629471024796,0.12202059787786781,0.845154283154585,0.33283290104170715,0.08451304014737193,0.3833333333333333,False,0.1,False,0.8411200000000001,False,0.5181720445474028,False,0.6538904784904149,False
client_3_impulse_noise,C1_C2_C3_C4,0.6259,0.9941368975124864,0.12188555768371571,0.8338951614796707,0.24669790201255884,0.08656118343691033,0.3833333333333333,False,0.1,False,0.9251800000000001,True,0.5146751780647854,False,0.6527911889729086,False
client_3_impulse_noise,C1_C2_C3_C4_C5,0.6006,0.9937460003422771,0.11654579641362632,0.8264762547855885,0.20164425401226369,0.09095269151103302,0.3833333333333333,False,0.1,False,0.92012,True,0.49617443535201455,False,0.6404521228622337,False
client_3_impulse_noise,C1_C2_C3_C5,0.5546,0.9902560414513263,0.11454288107662296,0.8192049141298078,0.24616630226266473,0.0917114631740763,0.3833333333333333,False,0.1,False,0.8409200000000001,False,0.5047168328824153,False,0.6405862578671024,False
client_3_impulse_noise,C1_C2_C4,0.6318999999999999,0.994825128336503,0.13749166977993518,0.8534078228734193,0.33115335654990613,0.0703363531016008,0.3833333333333333,False,0.1,False,0.92638,True,0.5313301278889325,False,0.6659474374865624,False
client_3_impulse_noise,C1_C2_C4_C5,0.611,0.994158522311413,0.1255965170797901,0.8320305523737581,0.2500876090337871,0.08552397529928502,0.3833333333333333,False,0.1,False,0.9222000000000001,True,0.5131676261718374,False,0.6499377243683159,False
client_3_impulse_noise,C1_C2_C5,0.5504,0.989695206571301,0.12469302433990753,0.8307269688199206,0.3324669619207917,0.08565367576198812,0.3833333333333333,False,0.1,False,0.84008,False,0.5223296060879835,False,0.6537119887010546,False
client_3_impulse_noise,C1_C3,0.5278,0.9881629606534686,0.13163770434740488,0.8536247154798531,0.5023277560423683,0.07100667290639184,0.45833333333333326,False,0.2,False,0.8355600000000001,False,0.5401384021560591,False,0.6791789876743108,False
client_3_impulse_noise,C1_C3_C4,0.6306,0.9947947564303433,0.12663860319095055,0.8491061789569767,0.3301670000472218,0.08230400396935911,0.3833333333333333,False,0.1,False,0.92612,True,0.5322694571339354,False,0.6680848695142348,False
client_3_impulse_noise,C1_C3_C4_C5,0.6038000000000001,0.99411299228616,0.12118815161450741,0.8287960296443353,0.24951209199541904,0.08770640156021225,0.3833333333333333,False,0.1,False,0.92076,True,0.5129616595668959,False,0.6495786403215905,False
client_3_impulse_noise,C1_C3_C5,0.5443,0.9895434911991114,0.12440033339478135,0.8344885533341041,0.3376035343172678,0.08636266076018462,0.3833333333333333,False,0.1,False,0.83886,False,0.5206243775760525,False,0.6531713398435188,False
client_3_impulse_noise,C1_C4,0.6411,0.996200771153893,0.14744940171214596,0.871531200233995,0.5078045556753462,0.052153745555323705,0.45833333333333326,False,0.2,False,0.92822,True,0.5613844555542988,False,0.6995889217526289,False
client_3_impulse_noise,C1_C4_C5,0.6233,0.9947897501315391,0.13146807828930956,0.8399208984309579,0.3367838346738941,0.07949382119604809,0.3833333333333333,False,0.1,False,0.92466,True,0.5359666076208781,False,0.6678998682127385,False
client_3_impulse_noise,C1_C5,0.5450999999999999,0.9883678113084218,0.138414658468874,0.8474644391627965,0.5015811234364876,0.07346850832704943,0.45833333333333326,False,0.2,False,0.8390200000000001,False,0.5449770532874995,False,0.681791268091537,False
client_3_impulse_noise,C2,0.48030000000000006,0.9846106301261243,0.16511171959591206,0.8982052984622986,0.9883344785956766,0.0262018979822205,0.45833333333333326,False,0.2,False,0.8260600000000001,False,0.5768434608361498,False,0.7550170047315575,False
client_3_impulse_noise,C2_C3,0.542,0.9882725682639931,0.13334891600927426,0.8474052101157346,0.4992465969308928,0.0739903256865353,0.3833333333333333,False,0.2,False,0.8384000000000001,False,0.5442899686641183,False,0.6817043855781585,False
client_3_impulse_noise,C2_C3_C4,0.6202000000000001,0.9947684713568556,0.1295763394211461,0.8445270842586148,0.33478939626985693,0.07712702853239994,0.3833333333333333,False,0.1,False,0.9240400000000002,True,0.533484019528954,False,0.6667944539678614,False
client_3_impulse_noise,C2_C3_C4_C5,0.5928,0.9941315157877384,0.12397936562586917,0.8300130071577033,0.25163542257856764,0.08316364567545353,0.3833333333333333,False,0.1,False,0.91856,True,0.5107874133421384,False,0.6471270705849266,False
client_3_impulse_noise,C2_C3_C5,0.5390000000000001,0.9896487409553372,0.12400691619747407,0.8366827595077176,0.3374018625737353,0.08267492975221724,0.3833333333333333,False,0.1,False,0.8378000000000001,False,0.5193270550815536,False,0.6519513182681576,False
client_3_impulse_noise,C2_C4,0.6165,0.9960396255526207,0.15102951640133408,0.8743921288891968,0.5090331479301363,0.0495246020389577,0.45833333333333326,False,0.2,False,0.9233,True,0.5554397084016311,False,0.6938802952799745,False
client_3_impulse_noise,C2_C4_C5,0.5972,0.994777766198206,0.13712826769641487,0.8433686505188294,0.3327709944823739,0.07147871481546841,0.3833333333333333,False,0.1,False,0.91944,True,0.5290174031511494,False,0.6603980902975597,False
client_3_impulse_noise,C2_C5,0.5166999999999999,0.9884994294943424,0.1386743109783342,0.8511182807320129,0.4969909218085218,0.06736598564418117,0.3833333333333333,False,0.2,False,0.8333400000000001,False,0.539176509583114,False,0.6748022367443144,False
client_3_impulse_noise,C3,0.4751000000000001,0.9841556771331764,0.15471162582809586,0.8787800911438963,0.996643104145299,0.03517011090252797,0.45833333333333326,False,0.2,False,0.8250200000000001,False,0.587728724327377,False,0.7595702787282959,False
client_3_impulse_noise,C3_C4,0.631,0.9960884117373997,0.13914356687131393,0.8583063659854775,0.5059969926205393,0.06739335251567247,0.45833333333333326,False,0.2,False,0.9262000000000001,True,0.5615849490570586,False,0.7001685876513869,False
client_3_impulse_noise,C3_C4_C5,0.5911,0.9947490784752019,0.13052183699510372,0.8472311375092102,0.3383813203154991,0.07379640307364477,0.3833333333333333,False,0.1,False,0.91822,True,0.5277080953185115,False,0.6612294553608081,False
client_3_impulse_noise,C3_C5,0.502,0.9882798394665839,0.13846283922219974,0.8586630186890492,0.5085080254871815,0.06234318484293355,0.45833333333333326,False,0.2,False,0.8304000000000001,False,0.5359641276233372,False,0.6734095600300178,False
client_3_impulse_noise,C4,0.6794,0.9999999594067802,0.16991335746366237,0.9062471946337178,0.9771747646255339,0.008951769361108641,0.45833333333333326,False,0.2,False,0.93588,True,0.6277736802080514,False,0.7939184106029682,False
client_3_impulse_noise,C4_C5,0.6012,0.9960122521341446,0.14689889943908646,0.8660038911825789,0.5059076369843389,0.04905038628394587,0.45833333333333326,False,0.2,False,0.9202400000000002,True,0.5576454954521597,False,0.6918546655702311,False
client_3_impulse_noise,C5,0.4444,0.9846957769291813,0.1680064550166016,0.8996794648032144,0.9897443069159324,0.007980482242144982,0.45833333333333326,False,0.2,False,0.8188800000000002,False,0.6475008206916791,False,0.7474096360379906,False
client_3_motion_blur,C1,0.44800000000000006,0.9845952234094303,0.2502282386068967,0.8989673392799643,0.9424216064473387,0.0406172225324547,0.3833333333333333,False,0.2,False,0.8196000000000001,False,0.8252797737900925,False,0.7231460749532104,False
client_3_motion_blur,C1_C2,0.5547,0.9883966827671713,0.22475615754244888,0.8634632235659817,0.47757091899350995,0.03971656841352178,0.3083333333333333,False,0.2,False,0.8409400000000001,False,0.5964385985484827,False,0.6609210571182806,False
client_3_motion_blur,C1_C2_C3,0.5924,0.9895632168899081,0.20362059787786782,0.8495254525476985,0.3190554121558301,0.06737736324005017,0.3083333333333333,False,0.1,False,0.8484800000000001,False,0.5728126660075992,False,0.6426121516100366,False
client_3_motion_blur,C1_C2_C3_C4,0.667,0.9941371014842866,0.20348555768371573,0.8382663308727842,0.236485938013479,0.06942550652958857,0.3083333333333333,False,0.1,False,0.9334,True,0.5637848034111611,False,0.6430859539067639,False
client_3_motion_blur,C1_C2_C3_C4_C5,0.6479,0.9937462318341822,0.19814579641362634,0.830847424178702,0.19329726830303898,0.07381701460371126,0.3833333333333333,False,0.1,False,0.9295800000000001,True,0.542173237297038,False,0.6323598889580812,False
client_3_motion_blur,C1_C2_C3_C5,0.5951,0.9902563286328243,0.19614288107662298,0.8235760835229213,0.2359763436291091,0.07457578626675454,0.3833333333333333,False,0.1,False,0.8490200000000001,False,0.5544024247461256,False,0.6307654405160024,False
client_3_motion_blur,C1_C2_C4,0.6597999999999999,0.9948253188749547,0.2190916697799352,0.8577789922665329,0.31744539175704006,0.05320067619427904,0.3083333333333333,False,0.1,False,0.9319600000000001,True,0.581745282165252,False,0.652902999574991,False
client_3_motion_blur,C1_C2_C4_C5,0.6480999999999999,0.9941587504898688,0.20719651707979012,0.8364017217668717,0.2397353294268897,0.06838829839196325,0.3083333333333333,False,0.1,False,0.9296200000000001,True,0.5614910630158025,False,0.6394044310219389,False
client_3_motion_blur,C1_C2_C5,0.5888,0.989695507289931,0.20629302433990754,0.835098138213034,0.3187046209429356,0.06851799885466636,0.3083333333333333,False,0.1,False,0.8477600000000001,False,0.576966374692277,False,0.6427566975885207,False
client_3_motion_blur,C1_C3,0.5578,0.9881632219347526,0.21323770434740488,0.8579958848729667,0.48153409335373276,0.05387099599907008,0.3083333333333333,False,0.2,False,0.8415600000000001,False,0.5977849838305502,False,0.6651374243321516,False
client_3_motion_blur,C1_C3_C4,0.6696,0.994794932044183,0.20823860319095056,0.8534773483500903,0.31649986509933414,0.06516832706203735,0.3083333333333333,False,0.1,False,0.9339200000000001,True,0.5868927088326458,False,0.6572685945867367,False
client_3_motion_blur,C1_C3_C4_C5,0.6484000000000001,0.9941132097964276,0.20278815161450742,0.833167199037449,0.2391836356931737,0.07057072465289049,0.3083333333333333,False,0.1,False,0.9296800000000001,True,0.5631539539273303,False,0.6405501095025063,False
client_3_motion_blur,C1_C3_C5,0.5795000000000001,0.9895437787187024,0.20600033339478135,0.8388597227272176,0.3236285669167158,0.06922698385286286,0.3083333333333333,False,0.1,False,0.8459000000000001,False,0.575089300921397,False,0.6415335208066381,False
client_3_motion_blur,C1_C4,0.6635,0.9962009123872636,0.22904940171214597,0.8759023696271085,0.4867841829894797,0.03501806864800194,0.3083333333333333,False,0.2,False,0.9327000000000001,True,0.6159088880292197,False,0.683981992401441,False
client_3_motion_blur,C1_C4_C5,0.6597999999999999,0.9947899586650968,0.21306807828930957,0.8442920678240713,0.32284279842224906,0.062358144288726325,0.3083333333333333,False,0.1,False,0.9319600000000001,True,0.5896881957932452,False,0.6565288196084325,False
client_3_motion_blur,C1_C5,0.5777000000000001,0.98836811937352,0.220014658468874,0.85183560855591,0.48081836731507294,0.05633283141972767,0.3083333333333333,False,0.2,False,0.8455400000000001,False,0.6029034611366756,False,0.6682758954195851,False
client_3_motion_blur,C2,0.5064,0.9846109140823899,0.24671171959591207,0.9025764678554121,0.9699200103819386,0.00906622107489874,0.3833333333333333,False,0.2,False,0.8312800000000001,False,0.637887881863541,False,0.7406712848193744,False
client_3_motion_blur,C2_C3,0.5765,0.988272833306474,0.21494891600927427,0.8517763795088482,0.47858047762898703,0.056854648779213535,0.3083333333333333,False,0.2,False,0.8453,False,0.6027431820652078,False,0.668588331665585,False
client_3_motion_blur,C2_C3_C4,0.6597,0.9947686507004294,0.2111763394211461,0.8488982536517283,0.3209309190226227,0.05999135162507818,0.3083333333333333,False,0.1,False,0.93194,True,0.5875211068587268,False,0.6560399113264408,False
client_3_motion_blur,C2_C3_C4_C5,0.6407,0.9941317356368444,0.20557936562586918,0.8343841765508169,0.24121907183013389,0.06602796876813177,0.3083333333333333,False,0.1,False,0.9281400000000002,True,0.5609664260145283,False,0.6387409613443724,False
client_3_motion_blur,C2_C3_C5,0.5856,0.9896490306058134,0.20560691619747407,0.8410539289008312,0.3234352432968106,0.06553925284489548,0.3083333333333333,False,0.1,False,0.8471200000000001,False,0.5756513575836222,False,0.6425951692821793,False
client_3_motion_blur,C2_C4,0.6444,0.9960397730316611,0.23262951640133409,0.8787632982823104,0.4879619181442576,0.03238892513163594,0.3083333333333333,False,0.2,False,0.9288800000000001,True,0.6107360235528088,False,0.6793631957579183,False
client_3_motion_blur,C2_C4_C5,0.6264000000000001,0.9947779779387892,0.21872826769641487,0.8477398199119429,0.31899606819451676,0.05434303790814665,0.3083333333333333,False,0.1,False,0.9252800000000001,True,0.5797112455868219,False,0.6476002643274162,False
client_3_motion_blur,C2_C5,0.5513999999999999,0.9884997402645692,0.2202743109783342,0.8554894501251264,0.4764181753036903,0.05023030873685941,0.3083333333333333,False,0.2,False,0.84028,False,0.5970389664467737,False,0.6617448665367047,False
client_3_motion_blur,C3,0.5067999999999999,0.9841559203299144,0.23631162582809587,0.8831512605370099,0.9618341648612794,0.01803443399520621,0.3833333333333333,False,0.2,False,0.8313600000000001,False,0.6478304006703769,False,0.7430656564501509,False
client_3_motion_blur,C3_C4,0.6797,0.9960885360174365,0.22074356687131394,0.862677535378591,0.48505144330646144,0.050257675608350705,0.3083333333333333,False,0.2,False,0.93594,True,0.6226806674624783,False,0.6898366195838901,False
client_3_motion_blur,C3_C4_C5,0.6406000000000001,0.994749275861727,0.21212183699510373,0.8516023069023237,0.3243741567651295,0.056660726166323006,0.3083333333333333,False,0.1,False,0.9281200000000001,True,0.5834897833206522,False,0.6524451790673507,False
client_3_motion_blur,C3_C5,0.5444,0.9882801308646054,0.22006283922219974,0.8630341880821627,0.48745853294121777,0.04520750793561179,0.3083333333333333,False,0.2,False,0.8388800000000001,False,0.5954374108530188,False,0.6617968367397408,False
client_3_motion_blur,C4,0.7089000000000001,0.9999999655042903,0.2515133574636624,0.9106183640268314,0.9367249941339418,0.00818390754621312,0.3833333333333333,False,0.2,False,0.9417800000000001,True,0.6867596625969667,False,0.7758455746634632,False
client_3_motion_blur,C4_C5,0.6318999999999999,0.9960124265406745,0.22849889943908647,0.8703750605756925,0.4849657865121748,0.031914709376624106,0.3083333333333333,False,0.2,False,0.92638,True,0.6131453266506737,False,0.6779234472964156,False
client_3_motion_blur,C5,0.4715999999999999,0.9846961117735155,0.2496064550166016,0.9040506341963279,0.9685384205213412,0.025116159149466744,0.3833333333333333,False,0.2,False,0.82432,False,0.7043800428210762,False,0.7327256426672505,False
client_3_zoom_blur,C1,0.45410000000000017,0.9845952864181139,0.2512282386068967,0.8976728860650052,0.9378155462364965,0.04244497893116472,0.3833333333333333,False,0.2,False,0.8208200000000001,False,0.8238375261153621,False,0.7231154301912828,False
client_3_zoom_blur,C1_C2,0.5554,0.9883966914697789,0.22575615754244888,0.8621687703510226,0.4752368039936176,0.03788881201481176,0.3083333333333333,False,0.2,False,0.8410800000000002,False,0.6016521726292174,False,0.6602647905373278,False
client_3_zoom_blur,C1_C2_C3,0.5976,0.9895632517180969,0.20462059787786782,0.8482309993327394,0.3174960374248912,0.06554960684134015,0.3083333333333333,False,0.1,False,0.8495200000000002,False,0.5786348845863393,False,0.6430108383079907,False
client_3_zoom_blur,C1_C2_C3_C4,0.6748,0.9941371280214427,0.20448555768371574,0.8369718776578251,0.2353301193628288,0.06759775013087854,0.3083333333333333,False,0.1,False,0.93496,True,0.5694825654725497,False,0.6440853501625691,False
client_3_zoom_blur,C1_C2_C3_C4_C5,0.6554,0.9937462642254268,0.19914579641362634,0.8295529709637429,0.19235253311201184,0.07198925820500124,0.3833333333333333,False,0.1,False,0.9310800000000001,True,0.5473633394694839,False,0.6333415030766286,False
client_3_zoom_blur,C1_C2_C3_C5,0.5973,0.9902563686294675,0.19714288107662298,0.8222816303079622,0.234823015607283,0.07274802986804452,0.3833333333333333,False,0.1,False,0.8494600000000001,False,0.5590420558865067,False,0.6306453375894698,False
client_3_zoom_blur,C1_C2_C4,0.6655,0.9948253252310804,0.2200916697799352,0.8564845390515737,0.3158938859574231,0.051372919795569016,0.3083333333333333,False,0.1,False,0.9331,True,0.5874404482255839,False,0.6534032543647968,False
client_3_zoom_blur,C1_C2_C4_C5,0.6557,0.9941587692926916,0.20819651707979012,0.8351072685519125,0.2385636294632513,0.06656054199325323,0.3083333333333333,False,0.1,False,0.9311400000000001,True,0.5671584050846904,False,0.6403606494682799,False
client_3_zoom_blur,C1_C2_C5,0.5897,0.9896955317077456,0.20729302433990754,0.833803684998075,0.31714696069459875,0.06669024245595634,0.3083333333333333,False,0.1,False,0.8479400000000001,False,0.5819073168184644,False,0.6422957251009204,False
client_3_zoom_blur,C1_C3,0.5613,0.9881632975781512,0.21423770434740488,0.8567014316580075,0.47918060844593047,0.05204323960036006,0.3083333333333333,False,0.2,False,0.8422600000000001,False,0.6037116916574548,False,0.6650372971577752,False
client_3_zoom_blur,C1_C3_C4,0.6807999999999998,0.9947949828313483,0.20923860319095056,0.8521828951351311,0.31495298053578247,0.06334057066332732,0.3083333333333333,False,0.1,False,0.9361600000000001,True,0.593877697633852,False,0.6588697825099634,False
client_3_zoom_blur,C1_C3_C4_C5,0.6571999999999999,0.994113261653376,0.20378815161450742,0.8318727458224897,0.23801463211779522,0.06874296825418047,0.3083333333333333,False,0.1,False,0.93144,True,0.5690911722240171,False,0.6417468738373243,False
client_3_zoom_blur,C1_C3_C5,0.585,0.9895438472166272,0.20700033339478136,0.8375652695122585,0.32204684101509284,0.06739922745415283,0.3083333333333333,False,0.1,False,0.8470000000000001,False,0.5809976170005406,False,0.6419877440044024,False
client_3_zoom_blur,C1_C4,0.6741,0.9962009445799944,0.23004940171214597,0.8746079164121494,0.4844050384100303,0.03319031224929192,0.3083333333333333,False,0.2,False,0.9348200000000002,True,0.6231110381659285,False,0.6852967246026014,False
client_3_zoom_blur,C1_C4_C5,0.6725000000000001,0.9947899986545508,0.21406807828930957,0.8429976146091123,0.32126491294297266,0.0605303878900163,0.3083333333333333,False,0.1,False,0.9345000000000001,True,0.5969433938245321,False,0.658423805188972,False
client_3_zoom_blur,C1_C5,0.5791999999999999,0.988368178234314,0.221014658468874,0.8505411553409509,0.47846838049900153,0.054505075021017646,0.3083333333333333,False,0.2,False,0.84584,False,0.608435709713677,False,0.6677764645070338,False
client_3_zoom_blur,C2,0.5081,0.9846108706784186,0.24771171959591207,0.901282014640453,0.9651795524627265,0.007238464676188716,0.3833333333333333,False,0.2,False,0.8316200000000001,False,0.6436683915705632,False,0.7397337392332419,False
client_3_zoom_blur,C2_C3,0.5809,0.9882728541653767,0.21594891600927427,0.850481926293889,0.4762414284384633,0.05502689238050351,0.3083333333333333,False,0.2,False,0.84618,False,0.6088535038569818,False,0.6686710806777647,False
client_3_zoom_blur,C2_C3_C4,0.6746000000000001,0.9947686651897116,0.2121763394211461,0.8476038004367692,0.3193623778024021,0.05816359522636816,0.3083333333333333,False,0.1,False,0.9349200000000002,True,0.5951768965723826,False,0.658376760658757,False
client_3_zoom_blur,C2_C3_C4_C5,0.6478,0.994131760486975,0.20657936562586918,0.8330897233358577,0.24004012011547457,0.06420021236942175,0.3083333333333333,False,0.1,False,0.9295600000000002,True,0.5664953566219452,False,0.6395957306499709,False
client_3_zoom_blur,C2_C3_C5,0.5876,0.9896490630447701,0.20660691619747407,0.8397594756858721,0.3218544622591714,0.06371149644618546,0.3083333333333333,False,0.1,False,0.8475200000000002,False,0.5808092452327099,False,0.6423495742409469,False
client_3_zoom_blur,C2_C4,0.658,0.9960397517443571,0.2336295164013341,0.8774688450673512,0.4855770174159697,0.030561168732925914,0.3083333333333333,False,0.2,False,0.9316000000000002,True,0.6185142286641513,False,0.6812767660333039,False
client_3_zoom_blur,C2_C4_C5,0.6355,0.9947779824344188,0.21972826769641488,0.8464453666969838,0.31743698350558996,0.05251528150943663,0.3083333333333333,False,0.1,False,0.9271,True,0.5860906551734926,False,0.6487790029672609,False
client_3_zoom_blur,C2_C5,0.5543999999999999,0.9884997461471353,0.2212743109783342,0.8541949969101673,0.47408969430752484,0.048402552338149385,0.3083333333333333,False,0.2,False,0.8408800000000001,False,0.6028111299947975,False,0.661549726192489,False
client_3_zoom_blur,C3,0.5146999999999999,0.9841560080161819,0.23731162582809587,0.8818568073220507,0.9571332262942011,0.01620667759649619,0.3833333333333333,False,0.2,False,0.8329400000000001,False,0.6547771738059787,False,0.743376040952493,False
client_3_zoom_blur,C3_C4,0.6993999999999999,0.9960885805267062,0.22174356687131394,0.8613830821636319,0.4826807674455294,0.04842991920964068,0.3083333333333333,False,0.2,False,0.93988,True,0.6318372873915928,False,0.6929730479920617,False
client_3_zoom_blur,C3_C4_C5,0.6496999999999999,0.9947493239420516,0.21312183699510373,0.8503078536873646,0.32278878681320994,0.05483296976761298,0.3083333333333333,False,0.1,False,0.92994,True,0.5899561728619548,False,0.6536186693715356,False
client_3_zoom_blur,C3_C5,0.544,0.9882802017859627,0.22106283922219974,0.8617397348672036,0.48507609249454753,0.04337975153690177,0.3083333333333333,False,0.2,False,0.8388000000000001,False,0.6005239751903032,False,0.6609109175131823,False
client_3_zoom_blur,C4,0.7245999999999999,0.9999999671079534,0.2525133574636624,0.9093239108118722,0.9321467759623036,0.010011663944923144,0.3833333333333333,False,0.2,False,0.94492,True,0.6952686642072385,False,0.7777404860283722,False
client_3_zoom_blur,C4_C5,0.6363000000000001,0.9960124552304924,0.22949889943908647,0.8690806073607333,0.4825955292965171,0.030086952977914083,0.3083333333333333,False,0.2,False,0.9272600000000002,True,0.6190290941683465,False,0.6779999562697518,False
client_3_zoom_blur,C5,0.4657000000000001,0.9846961662780692,0.2506064550166016,0.9027561809813688,0.96380471508535,0.026943915548176767,0.3833333333333333,False,0.2,False,0.8231400000000001,False,0.7079597350813263,False,0.7302694671594672,False
client_4_brightness,C1,0.47440000000000004,0.98495731994309,0.2960282386068967,0.8638147128232535,0.9435905641333608,0.05337174769547082,0.3833333333333333,False,0.1,False,0.8248800000000002,False,0.8166560191870063,False,0.7160570231514756,False
client_4_brightness,C1_C2,0.5405,0.9885006014319262,0.2705561575424489,0.8283105971092709,0.4781632867751471,0.026962043250505663,0.3083333333333333,False,0.1,False,0.8381000000000001,False,0.6323925688785813,False,0.6455450517618879,False
client_4_brightness,C1_C2_C3,0.5744,0.9897299671171695,0.24942059787786783,0.8143728260909877,0.31945116101574056,0.05462283807703405,0.3083333333333333,False,0.0,False,0.8448800000000001,False,0.6060494891034278,False,0.6264493887817999,False
client_4_brightness,C1_C2_C3_C4,0.5851999999999999,0.9904116273356326,0.24928555768371574,0.8031137044160734,0.23677926963171209,0.05667098136657245,0.3083333333333333,False,0.0,False,0.8470400000000001,False,0.5789044917837847,False,0.6133642627550087,False
client_4_brightness,C1_C2_C3_C4_C5,0.6374,0.9939695159537327,0.24394579641362635,0.7956947977219913,0.193537029706984,0.061062489440695145,0.3083333333333333,False,0.0,False,0.9274800000000001,True,0.5695305321561598,False,0.6176772354171092,False
client_4_brightness,C1_C2_C3_C5,0.6535,0.9943465902925497,0.24194288107662298,0.7884234570662105,0.23626904315840414,0.06182126110373842,0.3083333333333333,False,0.0,False,0.9307000000000001,True,0.5998858349537275,False,0.6306467701081353,False
client_4_brightness,C1_C2_C4,0.5539000000000001,0.9897878307040621,0.26489166977993517,0.8226263658098221,0.3178391435853598,0.04044615103126292,0.3083333333333333,False,0.0,False,0.8407800000000001,False,0.5945423353372451,False,0.6181189896608054,False
client_4_brightness,C1_C2_C4_C5,0.6334000000000001,0.994364493553749,0.2529965170797901,0.8012490953101609,0.24003269151412052,0.055633773228947137,0.3083333333333333,False,0.0,False,0.9266800000000002,True,0.5910193532540531,False,0.62388978940649,False
client_4_brightness,C1_C2_C5,0.6659999999999999,0.9950074881089183,0.25209302433990755,0.7999455117563232,0.3190999346896423,0.055763473691650245,0.3083333333333333,False,0.0,False,0.9332,True,0.6302139844943062,False,0.6466628938559884,False
client_4_brightness,C1_C3,0.5670999999999999,0.9884921244440824,0.25903770434740486,0.8228432584162559,0.48213137696401576,0.041116470836053964,0.3083333333333333,False,0.1,False,0.8434200000000001,False,0.6395443648379389,False,0.6545073989104032,False
client_4_brightness,C1_C3_C4,0.5821000000000001,0.9898341026342252,0.25403860319095056,0.8183247218933795,0.316892444118535,0.05241380189902123,0.3083333333333333,False,0.0,False,0.8464200000000001,False,0.604681946103119,False,0.6261796818629142,False
client_4_brightness,C1_C3_C4_C5,0.6581,0.994430757715486,0.24858815161450742,0.7980145725807382,0.23948031347241974,0.057816199489874376,0.3083333333333333,False,0.0,False,0.9316200000000001,True,0.5978114994901138,False,0.629937691996496,False
client_4_brightness,C1_C3_C5,0.6834,0.9950756398725502,0.25180033339478136,0.8037070962705068,0.3240299882106734,0.05647245868984674,0.3083333333333333,False,0.0,False,0.9366800000000002,True,0.6340755059043343,False,0.6508249146505279,False
client_4_brightness,C1_C4,0.5388000000000001,0.9886402008295938,0.27484940171214595,0.8407497431703977,0.48738797868797246,0.022263543484985826,0.3083333333333333,False,0.1,False,0.8377600000000002,False,0.6280158355406951,False,0.6449753465839345,False
client_4_brightness,C1_C4_C5,0.6623,0.9951146475619539,0.2588680782893096,0.8091394413673605,0.32324324506737134,0.04960361912571021,0.3083333333333333,False,0.0,False,0.9324600000000001,True,0.6264664042931533,False,0.6444985840711572,False
client_4_brightness,C1_C5,0.7162,0.9964377859448132,0.265814658468874,0.8166829820991992,0.4814147631555422,0.04357830625671155,0.3083333333333333,False,0.1,False,0.9432400000000001,True,0.6722567697019455,False,0.6850338452562665,False
client_4_brightness,C2,0.4878,0.9844666417509164,0.29251171959591205,0.8674238413987013,0.9711230764440981,0.003688304088117378,0.3833333333333333,False,0.1,False,0.8275600000000001,False,0.6760129636731961,False,0.7244877809198406,False
client_4_brightness,C2_C3,0.5621,0.9883430302704966,0.26074891600927425,0.8166237530521374,0.47917409764350843,0.04410012361619742,0.3083333333333333,False,0.1,False,0.8424200000000001,False,0.6395945972096859,False,0.6531658324156226,False
client_4_brightness,C2_C3_C4,0.5609999999999999,0.9897097715125706,0.2569763394211461,0.8137456271950175,0.3213289942173202,0.047236826462062065,0.3083333333333333,False,0.0,False,0.8422000000000001,False,0.6025453674003586,False,0.6226924878821374,False
client_4_brightness,C2_C3_C4_C5,0.6301,0.9943206880621733,0.25137936562586916,0.7992315500941061,0.24151827431668754,0.053273443605115656,0.3083333333333333,False,0.0,False,0.9260200000000001,True,0.5910778545458797,False,0.6240433296810779,False
client_4_brightness,C2_C3_C5,0.6662,0.9949376348938533,0.2514069161974741,0.8059013024441204,0.32383642479667823,0.05278472768187936,0.3083333333333333,False,0.0,False,0.9332400000000001,True,0.6296390535540229,False,0.6471778637940896,False
client_4_brightness,C2_C4,0.5079,0.9883889733315054,0.27842951640133407,0.8436106718255996,0.48856717467784994,0.01963439996861982,0.3083333333333333,False,0.1,False,0.8315800000000001,False,0.6202843947577055,False,0.6379788244789345,False
client_4_brightness,C2_C4_C5,0.6297999999999999,0.9949327724062537,0.2645282676964149,0.8125871934552321,0.3193917434455677,0.041588512745130535,0.3083333333333333,False,0.0,False,0.9259600000000001,True,0.6155964395369162,False,0.6357150956254484,False
client_4_brightness,C2_C5,0.6904000000000001,0.9961581526133301,0.26607431097833417,0.8203368236684156,0.47700911324905565,0.03747578357384329,0.3083333333333333,False,0.1,False,0.93808,True,0.6660749380679725,False,0.6785194739498589,False
client_4_brightness,C3,0.5401,0.9844491406189978,0.28211162582809585,0.8479986340802991,0.9630272014300522,0.0052799088321900944,0.3833333333333333,False,0.1,False,0.8380200000000001,False,0.6959167483329844,False,0.7373476451760511,False
client_4_brightness,C3_C4,0.5586,0.9884964692748993,0.266543566871314,0.8275249089218802,0.48565308975523785,0.03750315044533459,0.3083333333333333,False,0.1,False,0.8417200000000001,False,0.6362510357654553,False,0.6515432728794668,False
client_4_brightness,C3_C4_C5,0.6483000000000001,0.9950514616102095,0.25792183699510374,0.816449680445613,0.32477650287127086,0.04390620100330689,0.3083333333333333,False,0.0,False,0.9296600000000002,True,0.6209782732171969,False,0.6414508227926042,False
client_4_brightness,C3_C5,0.6993,0.9963135682231395,0.2658628392221998,0.8278815616254519,0.4880631650875952,0.03245298277259567,0.3083333333333333,False,0.1,False,0.9398600000000001,True,0.6678527508414503,False,0.681829187995052,False
client_4_brightness,C4,0.48250000000000004,0.984696058157264,0.2973133574636624,0.8754657375701206,0.9378868858754839,0.020938432709229238,0.3833333333333333,False,0.1,False,0.8265000000000001,False,0.6791157132195837,False,0.7150619088966952,False
client_4_brightness,C4_C5,0.6622999999999999,0.9963177824636188,0.2742988994390865,0.8352224341189817,0.48556732671426994,0.01916018421360799,0.3083333333333333,False,0.1,False,0.9324600000000001,True,0.6576969635538829,False,0.6715095638757524,False
client_4_brightness,C5,0.7126000000000001,0.9999999793706724,0.2954064550166016,0.8688980077396171,0.969739772891799,0.03787068431248286,0.3833333333333333,False,0.1,False,0.94252,True,0.7938545428902658,False,0.7715514240151025,False
client_4_glass_blur,C1,0.47320000000000007,0.9849569725323205,0.1805282386068967,0.8927567985903744,0.9703859686292513,0.0388182890427714,0.45833333333333326,False,0.2,False,0.8246400000000002,False,0.829900046978016,False,0.7471702431452121,False
client_4_glass_blur,C1_C2,0.5315000000000001,0.9885002723400589,0.1550561575424489,0.8572526828763918,0.49174182302936686,0.041515501903205076,0.3833333333333333,False,0.2,False,0.8363000000000002,False,0.5908144133141049,False,0.6724549017710706,False
client_4_glass_blur,C1_C2_C3,0.5619999999999999,0.9897296320247728,0.13392059787786784,0.8433149118581086,0.3285227047567066,0.06917629672973347,0.3833333333333333,False,0.1,False,0.8424000000000001,False,0.5656673266984207,False,0.6517778390882258,False
client_4_glass_blur,C1_C2_C3_C4,0.5615,0.9904113013443094,0.13378555768371575,0.8320557901831943,0.2435031566089525,0.07122444001927186,0.3833333333333333,False,0.1,False,0.8423000000000002,False,0.5413695319265768,False,0.6359631835289041,False
client_4_glass_blur,C1_C2_C3_C4_C5,0.6118,0.9939692551106559,0.12844579641362636,0.8246368834891121,0.1990329547332106,0.07561594809339456,0.3833333333333333,False,0.1,False,0.9223600000000001,True,0.535000117822806,False,0.6396505768304512,False
client_4_glass_blur,C1_C2_C3_C5,0.6318,0.9943463387879081,0.126442881076623,0.8173655428333314,0.24297844109213726,0.07637471975643784,0.3833333333333333,False,0.1,False,0.9263600000000001,True,0.5622474470048965,False,0.6536428079706658,False
client_4_glass_blur,C1_C2_C4,0.5364,0.989787511704015,0.1493916697799352,0.8515684515769429,0.3268649104176291,0.054999609683962336,0.3833333333333333,False,0.1,False,0.8372800000000001,False,0.5552280941750123,False,0.6424182878039618,False
client_4_glass_blur,C1_C2_C4_C5,0.6123000000000001,0.9943642537204225,0.13749651707979013,0.8301911810772817,0.2468489668202067,0.07018723188164655,0.3833333333333333,False,0.1,False,0.9224600000000001,True,0.5540771829658943,False,0.6470272050777541,False
client_4_glass_blur,C1_C2_C5,0.6532,0.9950072674805895,0.13659302433990755,0.8288875975234442,0.32816150455863974,0.07031693234434966,0.3833333333333333,False,0.1,False,0.9306400000000001,True,0.5902369762619364,False,0.6719093722808342,False
client_4_glass_blur,C1_C3,0.5532,0.9884917770772105,0.1435377043474049,0.8517853441833767,0.4958225961823605,0.05566992948875338,0.3833333333333333,False,0.2,False,0.8406400000000002,False,0.5955258411526116,False,0.68045978185741,False
client_4_glass_blur,C1_C3_C4,0.5562,0.9898337716270849,0.13853860319095057,0.8472668076605003,0.3258913272619313,0.06696726055172064,0.3833333333333333,False,0.1,False,0.8412400000000001,False,0.5619921162932194,False,0.6487936008668774,False
client_4_glass_blur,C1_C3_C4_C5,0.6311,0.9944305098190768,0.13308815161450743,0.8269566583478589,0.24628090274515138,0.07236965814257379,0.3833333333333333,False,0.1,False,0.92622,True,0.5593632483963124,False,0.6518919688484726,False
client_4_glass_blur,C1_C3_C5,0.655,0.9950754087847868,0.13630033339478137,0.8326491820376277,0.3332315581849112,0.07102591734254615,0.3833333333333333,False,0.1,False,0.931,True,0.5905637948698793,False,0.6729793910045349,False
client_4_glass_blur,C1_C4,0.5161,0.988639877926425,0.15934940171214598,0.8696918289375186,0.5012284710919775,0.03681700213768524,0.45833333333333326,False,0.2,False,0.8332200000000001,False,0.5835620817835421,False,0.6691975890608138,False
client_4_glass_blur,C1_C4_C5,0.6348,0.9951144319967328,0.1433680782893096,0.8380815271344815,0.3324224736770804,0.06415707777840962,0.3833333333333333,False,0.1,False,0.92696,True,0.5839806734349913,False,0.666828595256767,False
client_4_glass_blur,C1_C5,0.6890000000000001,0.9964376112271351,0.150314658468874,0.8456250678663201,0.4950856324916443,0.058131764909410966,0.3833333333333333,False,0.2,False,0.9378000000000002,True,0.6260254665306038,False,0.7083221927566634,False
client_4_glass_blur,C2,0.4819,0.9844663326873376,0.17701171959591208,0.8963659271658222,0.9987003293731931,0.010865154564582036,0.45833333333333326,False,0.2,False,0.8263800000000001,False,0.6322348028942896,False,0.7548173782696559,False
client_4_glass_blur,C2_C3,0.5461,0.9883427024900986,0.14524891600927428,0.8455658388192582,0.4927813381759566,0.05865358226889683,0.3833333333333333,False,0.2,False,0.8392200000000001,False,0.5953697434111627,False,0.6786814235427447,False
client_4_glass_blur,C2_C3_C4,0.5336000000000001,0.9897094533784042,0.14147633942114612,0.8426877129621384,0.33045386331159593,0.06179028511476148,0.3833333333333333,False,0.1,False,0.8367200000000001,False,0.5601988076720089,False,0.6450316066508713,False
client_4_glass_blur,C2_C3_C4_C5,0.6043999999999999,0.9943204488559327,0.1358793656258692,0.8281736358612269,0.24837673613207129,0.06782690225781507,0.3833333333333333,False,0.1,False,0.9208800000000001,True,0.5534454544858128,False,0.6462691827796186,False
client_4_glass_blur,C2_C3_C5,0.6407,0.994937415096073,0.13590691619747408,0.8348433882112413,0.33303249809664787,0.06733818633457878,0.3833333333333333,False,0.1,False,0.9281400000000002,True,0.5869942915088908,False,0.6699112430712397,False
client_4_glass_blur,C2_C4,0.4831000000000001,0.988388669392127,0.1629295164013341,0.8725527575927204,0.5024411530393558,0.034187858621319234,0.45833333333333326,False,0.2,False,0.8266200000000001,False,0.5757153747922612,False,0.6617877679400721,False
client_4_glass_blur,C2_C4_C5,0.601,0.9949325678716318,0.1490282676964149,0.841529279222353,0.32846159988921697,0.05614197139782995,0.3833333333333333,False,0.1,False,0.9202000000000001,True,0.5741389601815651,False,0.6577632345839659,False
client_4_glass_blur,C2_C5,0.6712,0.9961579933942127,0.1505743109783342,0.8492789094355365,0.4905548741156596,0.052029242226542705,0.3833333333333333,False,0.2,False,0.9342400000000002,True,0.6217680201267858,False,0.7033828028560682,False
client_4_glass_blur,C3,0.5166000000000001,0.9844487959577839,0.16661162582809588,0.87694071984742,0.9903745535377578,0.019833367484889508,0.45833333333333326,False,0.2,False,0.8333200000000002,False,0.6489947745817588,False,0.7641112552420615,False
client_4_glass_blur,C3_C4,0.532,0.9884961476938514,0.15104356687131396,0.8564669946890011,0.4994443160342147,0.052056609098034,0.3833333333333333,False,0.2,False,0.8364000000000001,False,0.5900244224470087,False,0.6749756623957646,False
client_4_glass_blur,C3_C4_C5,0.6282,0.9950512468803526,0.14242183699510375,0.8453917662127338,0.33399927183059086,0.0584596596560063,0.3833333333333333,False,0.1,False,0.92564,True,0.5802694221168152,False,0.6652695422152088,False
client_4_glass_blur,C3_C5,0.6755,0.9963133947438785,0.15036283922219976,0.8568236473925728,0.5019228309481563,0.04700644142529509,0.45833333333333326,False,0.2,False,0.9351,True,0.6224364472349392,False,0.7058352950480241,False
client_4_glass_blur,C4,0.4556999999999999,0.9846957618578557,0.1818133574636624,0.9044078233372415,0.9645203214286532,0.006384974056529824,0.45833333333333326,False,0.2,False,0.8211400000000001,False,0.6314555024771875,False,0.7410227453241595,False
client_4_glass_blur,C4_C5,0.6368999999999999,0.9963176315680764,0.15879889943908648,0.8641645198861025,0.499356117556246,0.0337136428663074,0.3833333333333333,False,0.2,False,0.9273800000000001,True,0.6133209092801778,False,0.6951815004417512,False
client_4_glass_blur,C5,0.7287,0.9999999693449428,0.17990645501660163,0.897840093506738,0.9972777437640005,0.023317225659783447,0.45833333333333326,False,0.2,False,0.94574,True,0.7580379385550122,False,0.806273224761109,False
client_4_impulse_noise,C1,0.45209999999999995,0.9849569772416618,0.1962282386068967,0.9092329506620621,0.9563379257817036,0.02794086942755314,0.45833333333333326,False,0.2,False,0.82042,False,0.836220290987714,False,0.7386482507247394,False
client_4_impulse_noise,C1_C2,0.5073000000000001,0.9885002524326664,0.17075615754244888,0.8737288349480795,0.4846229956522502,0.05239292151842334,0.3833333333333333,False,0.2,False,0.8314600000000001,False,0.5481785907630976,False,0.6646987475213374,False
client_4_impulse_noise,C1_C2_C3,0.5391999999999999,0.9897296092588832,0.14962059787786783,0.8597910639297963,0.3237667610580012,0.08005371634495173,0.3833333333333333,False,0.1,False,0.83784,False,0.5254742718391577,False,0.6447742610024756,False
client_4_impulse_noise,C1_C2_C3_C4,0.5410999999999999,0.9904112814811418,0.14948555768371574,0.848531942254882,0.23997802033519974,0.08210185963449013,0.3833333333333333,False,0.1,False,0.8382200000000001,False,0.505548477688897,False,0.6296857675086888,False
client_4_impulse_noise,C1_C2_C3_C4_C5,0.5891000000000001,0.9939692387816511,0.14414579641362635,0.8411130355607999,0.19615160281082467,0.08649336770861282,0.3833333333333333,False,0.1,False,0.9178200000000001,True,0.5015101894462548,False,0.6330419183873418,False
client_4_impulse_noise,C1_C2_C3_C5,0.6087,0.9943463211760739,0.14214288107662298,0.8338416949050191,0.23946090099794737,0.0872521393716561,0.3833333333333333,False,0.1,False,0.92174,True,0.5255484331252627,False,0.6468269116366296,False
client_4_impulse_noise,C1_C2_C4,0.5141,0.9897874947005475,0.1650916697799352,0.8680446036486307,0.3221329662064065,0.0658770292991806,0.3833333333333333,False,0.1,False,0.8328200000000001,False,0.5163080305272196,False,0.6355195107681926,False
client_4_impulse_noise,C1_C2_C4_C5,0.5871,0.9943642403759008,0.15319651707979012,0.8466673331489695,0.2432753940616665,0.08106465149686481,0.3833333333333333,False,0.1,False,0.9174200000000001,True,0.517203782624503,False,0.6397801030643103,False
client_4_impulse_noise,C1_C2_C5,0.6225,0.9950072534149768,0.15229302433990755,0.8453637495951318,0.32341078986779614,0.08119435195956792,0.3833333333333333,False,0.1,False,0.9245000000000001,True,0.5485448315659992,False,0.6633268417367117,False
client_4_impulse_noise,C1_C3,0.5342,0.9884917651781544,0.1592377043474049,0.8682614962550645,0.48864469243979997,0.06654734910397164,0.3833333333333333,False,0.2,False,0.8368400000000001,False,0.5532191692420475,False,0.6737318139362554,False
client_4_impulse_noise,C1_C3_C4,0.5371,0.9898337599833672,0.15423860319095056,0.8637429597321881,0.3211734773784599,0.0778446801669389,0.3833333333333333,False,0.1,False,0.8374200000000002,False,0.5227253864281435,False,0.6425376437686084,False
client_4_impulse_noise,C1_C3_C4_C5,0.6071,0.9944305004848015,0.14878815161450742,0.8434328104195468,0.24271555371276185,0.08324707775779205,0.3833333333333333,False,0.1,False,0.9214200000000001,True,0.5225800053327889,False,0.6448865123823084,False
client_4_impulse_noise,C1_C3_C5,0.6373,0.9950754000480583,0.15200033339478136,0.8491253341093155,0.32840744555460455,0.08190333695776442,0.3833333333333333,False,0.1,False,0.9274600000000002,True,0.5512027704243482,False,0.6669821819382966,False
client_4_impulse_noise,C1_C4,0.49950000000000006,0.9886398746820285,0.17504940171214597,0.8861679810092064,0.4939723078064992,0.047694421752903504,0.3833333333333333,False,0.2,False,0.8299000000000001,False,0.5423429885776053,False,0.6629339709620076,False
client_4_impulse_noise,C1_C4_C5,0.6172000000000001,0.9951144289300773,0.15906807828930958,0.8545576792061691,0.3276100739674061,0.07503449739362789,0.3833333333333333,False,0.1,False,0.92344,True,0.5451133381348563,False,0.6608537299086698,False
client_4_impulse_noise,C1_C5,0.6737,0.9964376121297887,0.166014658468874,0.8621012199380078,0.487918397594099,0.06900918452462923,0.3833333333333333,False,0.2,False,0.9347400000000001,True,0.5843670186545663,False,0.7023363611648539,False
client_4_impulse_noise,C2,0.47919999999999996,0.9844662893395445,0.19271171959591207,0.9128420792375099,0.9842423863768482,0.0217425741798003,0.45833333333333326,False,0.2,False,0.8258400000000001,False,0.59077538674017,False,0.749893396207997,False
client_4_impulse_noise,C2_C3,0.5312999999999999,0.9883426663183347,0.16094891600927427,0.862041990890946,0.48564746198961145,0.0695310018841151,0.3833333333333333,False,0.2,False,0.8362600000000001,False,0.5538715598234617,False,0.6728022562782916,False
client_4_impulse_noise,C2_C3_C4,0.5202,0.9897094254930935,0.15717633942114612,0.8591638650338261,0.3256699626978057,0.07266770472997974,0.3833333333333333,False,0.1,False,0.8340400000000001,False,0.5224177809168121,False,0.63990243615822,False
client_4_impulse_noise,C2_C3_C4_C5,0.5838999999999999,0.9943204274170394,0.15157936562586918,0.8446497879329147,0.24478104622690278,0.07870432187303333,0.3833333333333333,False,0.1,False,0.9167800000000002,True,0.5177374934126049,False,0.6399576557179751,False
client_4_impulse_noise,C2_C3_C5,0.6201999999999999,0.9949373902925852,0.15160691619747407,0.851319540282929,0.32821126721106914,0.07821560594979704,0.3833333333333333,False,0.1,False,0.92404,True,0.5473590805166982,False,0.6633546071405951,False
client_4_impulse_noise,C2_C4,0.47150000000000003,0.9883886418676253,0.1786295164013341,0.8890289096644082,0.4951674340507779,0.0450652782365375,0.3833333333333333,False,0.2,False,0.8243000000000001,False,0.5355830960337119,False,0.6565206338446249,False
client_4_impulse_noise,C2_C4_C5,0.5831999999999999,0.9949325487361208,0.16472826769641488,0.8580054312940407,0.3237065407908916,0.06701939101304821,0.3833333333333333,False,0.1,False,0.9166400000000001,True,0.5360762816153384,False,0.6517598341443673,False
client_4_impulse_noise,C2_C5,0.6542,0.996157970406295,0.1662743109783342,0.8657550615072243,0.48345322991074113,0.06290666184176097,0.3833333333333333,False,0.2,False,0.9308400000000001,True,0.5800929129487166,False,0.6970700846246699,False
client_4_impulse_noise,C3,0.5106999999999999,0.9844487675575121,0.18231162582809587,0.8934168719191077,0.9760371407834573,0.030710787100107773,0.45833333333333326,False,0.2,False,0.8321400000000001,False,0.6073932444315766,False,0.7585713822183158,False
client_4_impulse_noise,C3_C4,0.5161,0.9884961279527639,0.16674356687131395,0.8729431467606888,0.49221398152976614,0.06293402871325227,0.3833333333333333,False,0.2,False,0.8332200000000001,False,0.5483155148459674,False,0.6688572067538263,False
client_4_impulse_noise,C3_C4_C5,0.6038,0.9950512329759755,0.15812183699510374,0.8618679182844216,0.32916404519561204,0.06933707927122457,0.3833333333333333,False,0.1,False,0.92076,True,0.5404404370596738,False,0.6579301093145066,False
client_4_impulse_noise,C3_C5,0.6501,0.9963133794798377,0.16606283922219975,0.8732997994642605,0.4946566155830657,0.05788386104051335,0.3833333333333333,False,0.2,False,0.9300200000000001,True,0.5790918733142426,False,0.6978096641293665,False
client_4_impulse_noise,C4,0.4493999999999999,0.9846957508067533,0.1975133574636624,0.9208839754089292,0.9505571941362212,0.00449244555868844,0.45833333333333326,False,0.2,False,0.81988,False,0.589703317023019,False,0.7354777328626213,False
client_4_impulse_noise,C4_C5,0.6162000000000001,0.9963176247462823,0.17449889943908647,0.8806406719577903,0.49212705987982014,0.04459106248152567,0.3833333333333333,False,0.2,False,0.9232400000000001,True,0.5717052087156386,False,0.688103302749276,False
client_4_impulse_noise,C5,0.6902999999999999,0.9999999666388536,0.19560645501660162,0.9143162455784257,0.9828403951952734,0.012439806044565183,0.45833333333333326,False,0.2,False,0.9380600000000001,True,0.7136092794407539,False,0.7942133697133144,False
client_4_motion_blur,C1,0.47039999999999993,0.9849572686192635,0.2689282386068967,0.8586157404914015,0.965787504971403,0.048012265891309025,0.3833333333333333,False,0.1,False,0.82408,False,0.82391775564552,False,0.7245965038211336,False
client_4_motion_blur,C1_C2,0.5352,0.9885005350951486,0.24345615754244887,0.823111624777419,0.489411557572789,0.032321525054667455,0.3083333333333333,False,0.1,False,0.8370400000000001,False,0.620602801447743,False,0.6516347954208757,False
client_4_motion_blur,C1_C2_C3,0.5670999999999999,0.9897298979673512,0.22232059787786781,0.8091738537591358,0.32696590182731583,0.059982319881195845,0.3083333333333333,False,0.0,False,0.8434200000000001,False,0.594417007480247,False,0.631392425880966,False
client_4_motion_blur,C1_C2_C3_C4,0.5776,0.9904115618065257,0.22218555768371573,0.7979147320842215,0.2423492441942673,0.06203046317073424,0.3083333333333333,False,0.0,False,0.8455200000000002,False,0.5688495389836349,False,0.6178583473285131,False
client_4_motion_blur,C1_C2_C3_C4_C5,0.63,0.9939694628704878,0.21684579641362633,0.7904958253901393,0.19808977764837732,0.06642197124485694,0.3083333333333333,False,0.0,False,0.9260000000000002,True,0.5606035887783442,False,0.6220078771555536,False
client_4_motion_blur,C1_C2_C3_C5,0.6465000000000001,0.994346537595272,0.21484288107662297,0.7832244847343586,0.24182701519860225,0.06718074290790021,0.3083333333333333,False,0.0,False,0.9293,True,0.5897894866597404,False,0.6352584567435342,False
client_4_motion_blur,C1_C2_C4,0.548,0.9897877682396273,0.23779166977993518,0.8174273934779701,0.3253159634417113,0.045805632835424714,0.3083333333333333,False,0.0,False,0.8396000000000001,False,0.5838610866506512,False,0.6233344439060035,False
client_4_motion_blur,C1_C2_C4_C5,0.6287,0.9943644457701053,0.2258965170797901,0.7960501229783089,0.24567919928481707,0.06099325503310893,0.3083333333333333,False,0.0,False,0.92574,True,0.5815512037261202,False,0.6289791841707154,False
client_4_motion_blur,C1_C2_C5,0.661,0.995007442566131,0.22499302433990753,0.7947465394244713,0.32660641328423745,0.06112295549581204,0.3083333333333333,False,0.0,False,0.9322000000000001,True,0.6191605814054275,False,0.6520642832331649,False
client_4_motion_blur,C1_C3,0.5564,0.9884920613712511,0.23193770434740488,0.817644286084404,0.49347299276372775,0.046475952640215756,0.3083333333333333,False,0.1,False,0.8412800000000001,False,0.6261865563000871,False,0.659535812222594,False
client_4_motion_blur,C1_C3_C4,0.5742,0.9898340423903913,0.22693860319095055,0.8131257495615275,0.3243469939004969,0.05777328370318302,0.3083333333333333,False,0.0,False,0.8448400000000001,False,0.5930454761953894,False,0.6309906825373546,False
client_4_motion_blur,C1_C3_C4_C5,0.6466999999999999,0.9944307117321072,0.2214881516145074,0.7928156002488862,0.24511382715099844,0.06317568129403617,0.3083333333333333,False,0.0,False,0.92934,True,0.5869084547729827,False,0.6336844883023508,False
client_4_motion_blur,C1_C3_C5,0.6721,0.9950755967588796,0.22470033339478135,0.7985081239386549,0.3316524409475442,0.06183194049400853,0.3083333333333333,False,0.0,False,0.93442,True,0.6216287883299384,False,0.6549894993419828,False
client_4_motion_blur,C1_C4,0.5343,0.9886401478427778,0.24774940171214596,0.8355507708385458,0.49885325032095673,0.027623025289147618,0.3083333333333333,False,0.1,False,0.83686,False,0.6163604115257673,False,0.6512684930799828,False
client_4_motion_blur,C1_C4_C5,0.6551,0.995114610979564,0.23176807828930956,0.8039404690355085,0.3308471905282367,0.054963100929872,0.3083333333333333,False,0.0,False,0.9310200000000002,True,0.6151150373896392,False,0.6494794686136671,False
client_4_motion_blur,C1_C5,0.7049000000000001,0.9964377582449173,0.238714658468874,0.8114840097673472,0.4927395213955084,0.048937788060873344,0.3083333333333333,False,0.1,False,0.9409800000000001,True,0.6588489415028863,False,0.6899388941310955,False
client_4_motion_blur,C2,0.4858,0.9844665615259048,0.26541171959591203,0.8622248690668494,0.9939676896626345,0.0016711777160444141,0.3833333333333333,False,0.1,False,0.8271600000000001,False,0.6641995570458946,False,0.7335567902853604,False
client_4_motion_blur,C2_C3,0.5555,0.9883429526278387,0.23364891600927426,0.8114247807202855,0.49044614666647,0.04945960542035921,0.3083333333333333,False,0.1,False,0.8411000000000001,False,0.6270852313715513,False,0.6590003294584981,False
client_4_motion_blur,C2_C3_C4,0.5559999999999999,0.9897097014819569,0.2298763394211461,0.8085466548631656,0.32888790901077225,0.05259630826622386,0.3083333333333333,False,0.0,False,0.8412000000000001,False,0.5917042255034646,False,0.6281043596015199,False
client_4_motion_blur,C2_C3_C4_C5,0.6258,0.9943206346478486,0.22427936562586917,0.7940325777622541,0.24719972880562402,0.05863292540927745,0.3083333333333333,False,0.0,False,0.9251600000000002,True,0.5817820998463651,False,0.6292197126628151,False
client_4_motion_blur,C2_C3_C5,0.6567999999999999,0.994937581881363,0.22430691619747406,0.8007023301122684,0.3314543241649461,0.058144209486041154,0.3083333333333333,False,0.0,False,0.9313600000000002,True,0.6176915633026251,False,0.65172153583206,False
client_4_motion_blur,C2_C4,0.5034000000000001,0.9883889056727057,0.25132951640133405,0.8384116994937476,0.5000601856128352,0.024993881772781612,0.3833333333333333,False,0.1,False,0.8306800000000001,False,0.6087199851355648,False,0.6442775159009864,False
client_4_motion_blur,C2_C4_C5,0.6237999999999999,0.9949327258831747,0.23742826769641487,0.8073882211233802,0.32690508652348593,0.04694799454929233,0.3083333333333333,False,0.0,False,0.92476,True,0.6049167904058045,False,0.640917857703231,False
client_4_motion_blur,C2_C5,0.6845000000000001,0.9961581100009657,0.2389743109783342,0.8151378513365637,0.4882302333709179,0.04283526537800508,0.3083333333333333,False,0.1,False,0.9369000000000001,True,0.6538926829959694,False,0.6844837922185734,False
client_4_motion_blur,C3,0.5324,0.9844490662918415,0.25501162582809583,0.8427996617484471,0.9856813680019711,0.010639390636351886,0.3833333333333333,False,0.1,False,0.8364800000000001,False,0.6831295931687549,False,0.7452385663918184,False
client_4_motion_blur,C3_C4,0.5493,0.9884964048192532,0.23944356687131393,0.8223259365900283,0.49707755001466225,0.04286263224949638,0.3083333333333333,False,0.1,False,0.8398600000000002,False,0.6232532931842099,False,0.6568682548070373,False
client_4_motion_blur,C3_C4_C5,0.6402,0.9950514174881507,0.23082183699510372,0.811250708113761,0.33241651655288385,0.04926568280746868,0.3083333333333333,False,0.0,False,0.9280400000000002,True,0.6095918554041826,False,0.64625891947133,False
client_4_motion_blur,C3_C5,0.6903999999999999,0.9963135292751328,0.23876283922219974,0.8226825892935999,0.4995443197456295,0.037812464576757465,0.3083333333333333,False,0.1,False,0.93808,True,0.6550578611684362,False,0.6872455139038722,False
client_4_motion_blur,C4,0.47920000000000007,0.9846960039387698,0.2702133574636624,0.8702667652382686,0.9599496538914762,0.015578950905067446,0.3833333333333333,False,0.1,False,0.8258400000000001,False,0.6672059630686404,False,0.7237145544230097,False
client_4_motion_blur,C4_C5,0.6571,0.9963177531585041,0.24719889943908646,0.8300234617871297,0.49698976949151635,0.02451966601776978,0.3083333333333333,False,0.1,False,0.9314200000000001,True,0.6461239907470683,False,0.6776541493369936,False
client_4_motion_blur,C5,0.7131000000000001,0.9999999742279609,0.2683064550166016,0.8636990354077652,0.9925518454001179,0.03251120250832107,0.3833333333333333,False,0.1,False,0.94262,True,0.7841615262151684,False,0.7811139402550388,False
client_4_zoom_blur,C1,0.47440000000000004,0.9849573092788811,0.2663282386068966,0.8917418743021855,0.9388195017930103,0.04926598535980098,0.3833333333333333,False,0.2,False,0.8248800000000002,False,0.8207736488698792,False,0.723835524698457,False
client_4_zoom_blur,C1_C2,0.5384000000000001,0.988500572874873,0.24085615754244877,0.856237758588203,0.4757455571614916,0.0310678055861755,0.3083333333333333,False,0.2,False,0.8376800000000001,False,0.6178512033045458,False,0.6533742162756395,False
client_4_zoom_blur,C1_C2_C3,0.5722,0.9897299438906083,0.2197205978778677,0.8422999875699198,0.3178359250629486,0.05872860041270389,0.3083333333333333,False,0.1,False,0.8444400000000001,False,0.592131553580423,False,0.6344190530938225,False
client_4_zoom_blur,C1_C2_C3_C4,0.5811000000000001,0.9904116225441948,0.21958555768371563,0.8310408658950055,0.23558204628161097,0.060776743702242286,0.3083333333333333,False,0.1,False,0.8462200000000001,False,0.5661635338924622,False,0.6210375332745941,False
client_4_zoom_blur,C1_C2_C3_C4_C5,0.6319,0.9939695118266761,0.21424579641362623,0.8236219592009233,0.1925584514242026,0.06516825177636498,0.3083333333333333,False,0.1,False,0.9263800000000002,True,0.5575550496675972,False,0.6251142350830348,False
client_4_zoom_blur,C1_C2_C3_C5,0.6489,0.9943465726360996,0.21224288107662287,0.8163506185451426,0.2350743996585097,0.06592702343940826,0.3083333333333333,False,0.1,False,0.92978,True,0.5869214576939155,False,0.6382205540247596,False
client_4_zoom_blur,C1_C2_C4,0.5528000000000001,0.989787828362851,0.23519166977993508,0.8505535272887541,0.316232058451309,0.04455191336693276,0.3083333333333333,False,0.1,False,0.8405600000000001,False,0.5814319485253051,False,0.6263102883136462,False
client_4_zoom_blur,C1_C2_C4_C5,0.6287,0.9943644914102008,0.22329651707979,0.8291762567890929,0.2388190179373952,0.059739535564616975,0.3083333333333333,False,0.1,False,0.92574,True,0.5781800145755822,False,0.6314397704103285,False
client_4_zoom_blur,C1_C2_C5,0.6621000000000001,0.995007468728097,0.22239302433990743,0.8278726732352553,0.31748647463707774,0.05986923602732008,0.3083333333333333,False,0.1,False,0.93242,True,0.6161263981889763,False,0.6542929141172046,False
client_4_zoom_blur,C1_C3,0.5629,0.9884921129659838,0.22933770434740477,0.850770419895188,0.47969358355745806,0.0452222331717238,0.3083333333333333,False,0.2,False,0.8425800000000001,False,0.6241787672479352,False,0.6619125540813653,False
client_4_zoom_blur,C1_C3_C4,0.5821000000000001,0.9898341120074732,0.22433860319095045,0.8462518833723115,0.31529014576632103,0.056519564234691066,0.3083333333333333,False,0.1,False,0.8464200000000001,False,0.5913092096371856,False,0.6345919402150142,False
client_4_zoom_blur,C1_C3_C4_C5,0.6494,0.9944307642546523,0.2188881516145073,0.8259417340596702,0.23826943287622282,0.061921961825544214,0.3083333333333333,False,0.1,False,0.92988,True,0.5840824870707946,False,0.6366882333329831,False
client_4_zoom_blur,C1_C3_C5,0.6746000000000001,0.9950756318105416,0.22210033339478125,0.8316342577494389,0.32239160040492415,0.060578221025516577,0.3083333333333333,False,0.1,False,0.9349200000000002,True,0.6188776731630588,False,0.6574699516248697,False
client_4_zoom_blur,C1_C4,0.5419,0.9886402209227335,0.24514940171214586,0.8686769046493298,0.48492360640761434,0.026369305820655664,0.3083333333333333,False,0.2,False,0.8383800000000001,False,0.6144302668304827,False,0.653835192294384,False
client_4_zoom_blur,C1_C4_C5,0.6564000000000001,0.995114660221505,0.22916807828930946,0.8370666028462925,0.3216088352587802,0.053709381461380046,0.3083333333333333,False,0.1,False,0.9312800000000001,True,0.6120820519952256,False,0.6517244207892425,False
client_4_zoom_blur,C1_C5,0.7027,0.9964377799368421,0.2361146584688739,0.8446101435781312,0.4789805931522742,0.04768406859238139,0.3083333333333333,False,0.2,False,0.9405400000000002,True,0.6551743237352157,False,0.690579726201912,False
client_4_zoom_blur,C2,0.4848999999999999,0.9844665962618963,0.262811719595912,0.8953510028776334,0.9662128018886047,0.0004174582475524602,0.3833333333333333,False,0.2,False,0.82698,False,0.6601471345244232,False,0.7316584330588309,False
client_4_zoom_blur,C2_C3,0.5572000000000001,0.9883430009627499,0.23104891600927416,0.8445509145310695,0.4767512570825305,0.048205885951867256,0.3083333333333333,False,0.2,False,0.8414400000000001,False,0.6241674660303616,False,0.6604339745897709,False
client_4_zoom_blur,C2_C3_C4,0.5568,0.9897097686624176,0.227276339421146,0.8416727886739496,0.3197042634056243,0.0513425887977319,0.3083333333333333,False,0.1,False,0.8413600000000001,False,0.5885277925348246,False,0.6302602572976608,False
client_4_zoom_blur,C2_C3_C4_C5,0.6199999999999999,0.9943206855400354,0.22167936562586907,0.8271587115730381,0.24029708921066958,0.057379205940785494,0.3083333333333333,False,0.1,False,0.9240000000000002,True,0.5772314996587162,False,0.63051180830334,False
client_4_zoom_blur,C2_C3_C5,0.6522,0.994937615014531,0.22170691619747396,0.8338284639230524,0.32219901570261833,0.0568904900175492,0.3083333333333333,False,0.1,False,0.9304400000000002,True,0.6134810166166906,False,0.6527830941473064,False
client_4_zoom_blur,C2_C4,0.5041,0.988388975056818,0.24872951640133398,0.8715378333045316,0.48609684004709003,0.023740162304289658,0.3083333333333333,False,0.2,False,0.8308200000000001,False,0.605394839969114,False,0.6454574740457383,False
client_4_zoom_blur,C2_C4_C5,0.6196999999999999,0.9949327730167598,0.23482826769641477,0.8405143549341642,0.3177768079249146,0.04569427508080037,0.3083333333333333,False,0.1,False,0.92394,True,0.6007421050722006,False,0.6421048247913121,False
client_4_zoom_blur,C2_C5,0.6738999999999999,0.9961581291373419,0.23637431097833408,0.8482639851473477,0.4745972194651063,0.04158154590951313,0.3083333333333333,False,0.2,False,0.9347800000000002,True,0.6484785918790201,False,0.6834698066457646,False
client_4_zoom_blur,C3,0.5290999999999999,0.9844491284157282,0.25241162582809573,0.8759257955592311,0.9581578619218768,0.009385671167859932,0.3833333333333333,False,0.2,False,0.8358200000000001,False,0.6786096815383539,False,0.7429064909816553,False
client_4_zoom_blur,C3_C4,0.5529,0.9884964885884826,0.23684356687131383,0.8554520704008123,0.4831974895668933,0.041608912781004426,0.3083333333333333,False,0.2,False,0.8405800000000001,False,0.6206642055006949,False,0.6586448728524078,False
client_4_zoom_blur,C3_C4_C5,0.6394,0.9950514737598621,0.22822183699510362,0.844376841924545,0.3231343404750169,0.048011963338976726,0.3083333333333333,False,0.1,False,0.92788,True,0.6060655301263683,False,0.6480751088911771,False
client_4_zoom_blur,C3_C5,0.6853,0.9963135614606213,0.23616283922219963,0.8558087231043839,0.4855953788727125,0.03655874510826551,0.3083333333333333,False,0.2,False,0.93706,True,0.6506766955095938,False,0.6872683455474651,False
client_4_zoom_blur,C4,0.4867,0.9846961083813836,0.26761335746366227,0.9033928990490526,0.9331446629550809,0.0168326703735594,0.3833333333333333,False,0.2,False,0.8273400000000001,False,0.6647903725884956,False,0.7236861905053318,False
client_4_zoom_blur,C4_C5,0.6556000000000001,0.9963178063736737,0.24459889943908636,0.8631495955979137,0.48311216016825975,0.023265946549277827,0.3083333333333333,False,0.2,False,0.9311200000000002,True,0.642349708231797,False,0.6784112514964546,False
client_4_zoom_blur,C5,0.689,0.9999999778126916,0.2657064550166015,0.8968251692185492,0.9648364927126108,0.03376492197681302,0.3833333333333333,False,0.2,False,0.9378000000000002,True,0.7752816163796902,False,0.7745834838155619,False
