adapted_case,composition_name,prediction_distribution_similarity,weight_cosine_similarity,quality_gap,reliability_gap,latency_similarity,entropy_gap,rule_score,rule_composable,inference_score,inference_composable,semantic_score,semantic_composable,similarity_score,similarity_composable,mlaas_score,mlaas_composable
client_0_brightness,C1,0.6565000000000001,1.0,0.2918282386068967,0.8820131784588864,0.9852510938299145,0.05461198899821795,0.3833333333333333,False,0.1,False,0.9313,True,0.7911516132079456,False,0.7664775116657317,False
client_0_brightness,C1_C2,0.6869000000000001,0.9959946597557057,0.2663561575424489,0.8465090627449038,0.4992747058224472,0.025721801947758527,0.3083333333333333,False,0.1,False,0.9373800000000001,True,0.744240143770539,False,0.6832059937996673,False
client_0_brightness,C1_C2_C3,0.6986999999999999,0.9948486868625148,0.24522059787786785,0.8325712917266206,0.33355527045256816,0.05338259677428692,0.3083333333333333,False,0.0,False,0.93974,True,0.7104756072854388,False,0.6578138011817977,False
client_0_brightness,C1_C2_C3_C4,0.6561999999999999,0.9942271915915243,0.24508555768371576,0.8213121700517063,0.24723332689867952,0.05543074006382531,0.3083333333333333,False,0.0,False,0.9312400000000001,True,0.6643725968001081,False,0.6330780336231437,False
client_0_brightness,C1_C2_C3_C4_C5,0.6521999999999999,0.9938720573503702,0.23974579641362637,0.8138932633576241,0.20208189596568368,0.05982224813794801,0.3083333333333333,False,0.0,False,0.9304400000000002,True,0.6350765813325041,False,0.6249865635117399,False
client_0_brightness,C1_C2_C3_C5,0.681,0.994250108408741,0.237742881076623,0.8066219227018434,0.24670057338244514,0.06058101980099129,0.3083333333333333,False,0.0,False,0.9362000000000001,True,0.6741692527062658,False,0.640873626339745,False
client_0_brightness,C1_C2_C4,0.6311,0.9947668873521959,0.2606916697799352,0.840824831445455,0.33187208073350366,0.039205909728515786,0.3083333333333333,False,0.0,False,0.92622,True,0.6911311679249533,False,0.6400212349836242,False
client_0_brightness,C1_C2_C4_C5,0.6349,0.9941827901667983,0.24879651707979014,0.8194475609457937,0.25063039082680083,0.0543935319262,0.3083333333333333,False,0.0,False,0.9269800000000001,True,0.6620971320586695,False,0.6289328351551993,False
client_0_brightness,C1_C2_C5,0.6769999999999998,0.9947995506283346,0.24789302433990756,0.8181439773919561,0.3331885371096081,0.05452323238890311,0.3083333333333333,False,0.0,False,0.9354,True,0.709793858278092,False,0.6542988734074282,False
client_0_brightness,C1_C3,0.7199,0.9961631519509168,0.2548377043474049,0.8410417240518888,0.5034179914249154,0.03987622953330683,0.3833333333333333,False,0.1,False,0.94398,True,0.7541120637918381,False,0.6935187738675133,False
client_0_brightness,C1_C3_C4,0.6547000000000001,0.9948953585949061,0.24983860319095058,0.8365231875290123,0.33088358347561303,0.05117356059627409,0.3083333333333333,False,0.0,False,0.9309400000000001,True,0.6990125901775249,False,0.6471700074900293,False
client_0_brightness,C1_C3_C4_C5,0.6536,0.9942558299353621,0.24438815161450744,0.816213038216371,0.25005362470547654,0.05657595818712724,0.3083333333333333,False,0.0,False,0.93072,True,0.6670918862297596,False,0.633777215250646,False
client_0_brightness,C1_C3_C5,0.6851,0.9948763630648265,0.24760033339478138,0.8219055619061397,0.3383362577512374,0.0552322173870996,0.3083333333333333,False,0.0,False,0.9370200000000002,True,0.7123410364229817,False,0.6566461597606594,False
client_0_brightness,C1_C4,0.6211,0.9960813302947292,0.27064940171214596,0.8589482088060306,0.508906677720876,0.02102330218223869,0.3833333333333333,False,0.1,False,0.92422,True,0.7284323540082039,False,0.6698871588471055,False
client_0_brightness,C1_C4_C5,0.6388,0.994801770612852,0.2546680782893096,0.8273379070029934,0.33751477905913807,0.04836337782296307,0.3083333333333333,False,0.0,False,0.9277600000000001,True,0.7000801806642031,False,0.6452501620432536,False
client_0_brightness,C1_C5,0.6849999999999999,0.9960209124244929,0.261614658468874,0.8348814477348321,0.5026697383525666,0.042338064953964416,0.3833333333333333,False,0.1,False,0.937,True,0.7481192169560497,False,0.6856213121551706,False
client_0_brightness,C2,0.5473999999999999,0.984670585894127,0.28831171959591206,0.8856223070343342,0.9861940759149812,0.004928545390864514,0.3833333333333333,False,0.1,False,0.8394800000000001,False,0.7600388176290676,False,0.7421226162062226,False
client_0_brightness,C2_C3,0.6118,0.9885693002619621,0.25654891600927426,0.8348222186877703,0.5003301450686237,0.04285988231345028,0.3833333333333333,False,0.1,False,0.8523600000000001,False,0.7316794254414016,False,0.6700421424625022,False
client_0_brightness,C2_C3_C4,0.5906,0.9898275727685781,0.25277633942114613,0.8319440928306504,0.33551601199260855,0.04599658515931493,0.3083333333333333,False,0.0,False,0.8481200000000001,False,0.6871243196200402,False,0.6341332982519599,False
client_0_brightness,C2_C3_C4_C5,0.6065,0.9905242129683749,0.2471793656258692,0.817430015729739,0.25218156369439765,0.05203320230236852,0.3083333333333333,False,0.0,False,0.8513000000000001,False,0.6565624856634082,False,0.6233565391014236,False
client_0_brightness,C2_C3_C5,0.6188,0.9899342525988556,0.2472069161974741,0.8240997680797533,0.3381341483060891,0.051544486379132226,0.3083333333333333,False,0.0,False,0.8537600000000001,False,0.6969048260191872,False,0.6422165786005356,False
client_0_brightness,C2_C4,0.5418000000000001,0.9884429081516842,0.2742295164013341,0.8618091374612324,0.5101379364712576,0.018394158665872684,0.3833333333333333,False,0.1,False,0.8383600000000001,False,0.7095711745206649,False,0.6517436103652151,False
client_0_brightness,C2_C4_C5,0.5649,0.9898402340710348,0.26032826769641493,0.830785659090865,0.33349322953330635,0.0403482714423834,0.3083333333333333,False,0.0,False,0.8429800000000001,False,0.6802960979916447,False,0.6271967317395155,False
client_0_brightness,C2_C5,0.5807,0.9886615235286806,0.2618743109783342,0.8385352893040485,0.49806957430431303,0.036235542271096155,0.3083333333333333,False,0.1,False,0.8461400000000001,False,0.7236432736407983,False,0.6619520869075437,False
client_0_brightness,C3,0.5743,0.9846968689677471,0.27791162582809587,0.866197099715932,0.9944847077541901,0.0040396675294429585,0.3833333333333333,False,0.1,False,0.84486,False,0.7742210054670653,False,0.7531885386741919,False
client_0_brightness,C3_C4,0.5641999999999998,0.988569047639333,0.262343566871314,0.8457233745575131,0.5070951915915928,0.03626290914258745,0.3833333333333333,False,0.1,False,0.84284,False,0.7196584852512136,False,0.6596260554831879,False
client_0_brightness,C3_C4_C5,0.5864,0.98989964831496,0.25372183699510376,0.8346481460812458,0.3391157318302191,0.04266595970055975,0.3083333333333333,False,0.0,False,0.8472800000000001,False,0.6864371531087896,False,0.6335681524889072,False
client_0_brightness,C3_C5,0.5942000000000001,0.9886790457891655,0.2616628392221998,0.8460800272610848,0.5096116743200932,0.031212741469848537,0.3833333333333333,False,0.1,False,0.8488400000000001,False,0.7262438790738235,False,0.66625183191832,False
client_0_brightness,C4,0.47720000000000007,0.9845954383508245,0.2931133574636624,0.8936642032057535,0.9792955920942772,0.022178674011976374,0.3833333333333333,False,0.1,False,0.8254400000000001,False,0.7425165362231391,False,0.7249233727427293,False
client_0_brightness,C4_C5,0.5316000000000001,0.9885680190009243,0.2700988994390865,0.8534208997546145,0.5070056420209044,0.017919942910860853,0.3833333333333333,False,0.1,False,0.8363200000000001,False,0.7102627138427894,False,0.6507671208081037,False
client_0_brightness,C5,0.486,0.9849574729018697,0.29120645501660164,0.88709647337525,0.9876008510175446,0.03911092561523,0.3833333333333333,False,0.1,False,0.8272,False,0.7496822062307322,False,0.7294549849100543,False
client_0_glass_blur,C1,0.41459999999999997,1.0,0.08422823860689671,0.9071773753805368,0.9733524966228679,0.1944215408584694,0.45833333333333326,False,0.2,False,0.8829200000000001,False,0.4713990477211322,False,0.7597542119164874,False
client_0_glass_blur,C1_C2,0.36039999999999994,0.9959946597557057,0.058756157542448874,0.8716732596665542,0.493245107218141,0.2747553318044459,0.3083333333333333,False,0.2,False,0.8720800000000002,False,0.42089477680132475,False,0.660736493770971,False
client_0_glass_blur,C1_C2_C3,0.3419000000000001,0.9948486868625148,0.037620597877867826,0.857735488648271,0.32952701833058906,0.3024161266309743,0.3083333333333333,False,0.1,False,0.8683800000000002,False,0.4007993170388546,False,0.629684570449567,False
client_0_glass_blur,C1_C2_C3_C4,0.3248,0.9942271915915243,0.037485557683715726,0.8464763669733567,0.24424756033485845,0.3044642699205127,0.3083333333333333,False,0.1,False,0.8649600000000002,False,0.3876215216298349,False,0.6102373000025445,False
client_0_glass_blur,C1_C2_C3_C4_C5,0.31099999999999994,0.9938720573503702,0.03214579641362633,0.8390574602792745,0.1996414103899863,0.30885577799463537,0.3083333333333333,False,0.1,False,0.8622000000000001,False,0.3779561673903389,False,0.6002948860887654,False
client_0_glass_blur,C1_C2_C3_C5,0.32289999999999996,0.994250108408741,0.030142881076622968,0.8317861196234938,0.24372124073129872,0.30961454965767865,0.3083333333333333,False,0.1,False,0.8645800000000001,False,0.39216245064609073,False,0.6126941795016808,False
client_0_glass_blur,C1_C2_C4,0.3195999999999998,0.9947668873521959,0.05309166977993519,0.8659890283671053,0.327864156014981,0.28823943958520315,0.3083333333333333,False,0.1,False,0.86392,False,0.3934170319854081,False,0.6209560697320846,False
client_0_glass_blur,C1_C2_C4_C5,0.3072999999999999,0.9941827901667983,0.04119651707979012,0.8446117578674441,0.2476035988882094,0.30342706178288736,0.3083333333333333,False,0.1,False,0.8614600000000001,False,0.3853351754563892,False,0.6068438964596459,False
client_0_glass_blur,C1_C2_C5,0.32799999999999996,0.9947995506283346,0.04029302433990754,0.8433081743136066,0.32916471392189517,0.3035567622455905,0.3083333333333333,False,0.1,False,0.8656000000000001,False,0.40347142815679427,False,0.6277305284620506,False
client_0_glass_blur,C1_C3,0.38560000000000005,0.9961631519509168,0.04723770434740488,0.8662059209735391,0.49733835553893935,0.2889097593899942,0.3083333333333333,False,0.2,False,0.8771200000000001,False,0.42772521732212976,False,0.6694792663824832,False
client_0_glass_blur,C1_C3_C4,0.34520000000000006,0.9948953585949061,0.04223860319095056,0.8616873844506627,0.3268875965572974,0.30020709045296146,0.3083333333333333,False,0.1,False,0.86904,False,0.39953882479874675,False,0.6285072297985311,False
client_0_glass_blur,C1_C3_C4_C5,0.3249000000000001,0.9942558299353621,0.03678815161450742,0.8413772351380213,0.24703379820727212,0.3056094880438146,0.3083333333333333,False,0.1,False,0.8649800000000001,False,0.38991186508482045,False,0.6114696696431701,False
client_0_glass_blur,C1_C3_C5,0.34620000000000006,0.9948763630648265,0.04000033339478136,0.8470697588277901,0.33425026700559657,0.30426574724378697,0.3083333333333333,False,0.1,False,0.86924,False,0.4062961129846493,False,0.6320853813036962,False
client_0_glass_blur,C1_C4,0.3556999999999999,0.9960813302947292,0.06304940171214596,0.884112405727681,0.5027607565317519,0.27005683203892605,0.3833333333333333,False,0.2,False,0.87114,False,0.4153933510971252,False,0.6596143943014458,False
client_0_glass_blur,C1_C4_C5,0.32499999999999996,0.994801770612852,0.04706807828930956,0.8525021039246439,0.3334387090779934,0.29739690767965044,0.3083333333333333,False,0.1,False,0.865,False,0.40017736110622937,False,0.6257113677391896,False
client_0_glass_blur,C1_C5,0.3554999999999998,0.9960209124244929,0.054014658468874,0.8600456446564825,0.49659913890610585,0.2913715948106518,0.3083333333333333,False,0.2,False,0.8711,False,0.423735848246566,False,0.6625436119580435,False
client_0_glass_blur,C2,0.26049999999999995,0.984670585894127,0.08071171959591207,0.9107865039559846,0.9982496530239948,0.24410498446582285,0.3833333333333333,False,0.2,False,0.7821000000000001,False,0.4313661272651185,False,0.7311901513201904,False
client_0_glass_blur,C2_C3,0.2935,0.9885693002619621,0.048948916009274264,0.8599864156094206,0.49428780022475954,0.29189341217013764,0.3083333333333333,False,0.2,False,0.7887000000000001,False,0.40941210024355945,False,0.6492100931858943,False
client_0_glass_blur,C2_C3_C4,0.2834,0.9898275727685781,0.0451763394211461,0.8571082897523008,0.33146408055278026,0.2950301150160023,0.3083333333333333,False,0.1,False,0.78668,False,0.38878501877902777,False,0.6159193316561592,False
client_0_glass_blur,C2_C3_C4_C5,0.28159999999999996,0.9905242129683749,0.03957936562586918,0.8425942126513893,0.24913603868231296,0.3010667321590559,0.3083333333333333,False,0.1,False,0.7863200000000001,False,0.3805253591183876,False,0.6018038537911716,False
client_0_glass_blur,C2_C3_C5,0.2866000000000001,0.9899342525988556,0.039606916197474085,0.8492639650014037,0.3340505983787277,0.3005780162358196,0.3083333333333333,False,0.1,False,0.7873200000000001,False,0.39264916648071857,False,0.6189962883072283,False
client_0_glass_blur,C2_C4,0.25969999999999993,0.9884429081516842,0.06662951640133408,0.8869733343828828,0.5039771457204347,0.26742768852256005,0.3833333333333333,False,0.2,False,0.7819400000000001,False,0.3931257188762153,False,0.6381278719072155,False
client_0_glass_blur,C2_C4_C5,0.2621000000000001,0.9898402340710348,0.05272826769641488,0.8559498560125154,0.32946572666186175,0.28938180129907076,0.3083333333333333,False,0.1,False,0.7824200000000001,False,0.3849707960722795,False,0.6098676508573917,False
client_0_glass_blur,C2_C5,0.2592,0.9886615235286806,0.05427431097833419,0.8636994862256989,0.4920545297305536,0.2852690721277835,0.3083333333333333,False,0.2,False,0.7818400000000001,False,0.40126677782624565,False,0.6404854976849569,False
client_0_glass_blur,C3,0.3162999999999999,0.9846968689677471,0.07031162582809586,0.8913612966375823,0.9934021878319608,0.2530731973861303,0.3833333333333333,False,0.2,False,0.7932600000000001,False,0.4523745584037664,False,0.7454084543819111,False
client_0_glass_blur,C3_C4,0.29600000000000004,0.988569047639333,0.054743566871313945,0.8708875714791635,0.5009711472051777,0.2852964389992748,0.3833333333333333,False,0.2,False,0.7892000000000001,False,0.4062562840610802,False,0.6487976662980699,False
client_0_glass_blur,C3_C4_C5,0.2849999999999999,0.98989964831496,0.04612183699510372,0.8598123430028962,0.33502032759784667,0.2916994895572471,0.3083333333333333,False,0.1,False,0.787,False,0.388809063675685,False,0.6165054913345978,False
client_0_glass_blur,C3_C5,0.29379999999999995,0.9886790457891655,0.054062839222199746,0.8712442241827352,0.5034572390875756,0.2802462713265359,0.3833333333333333,False,0.2,False,0.7887600000000001,False,0.40661002171556493,False,0.6489773645639816,False
client_0_glass_blur,C4,0.2569,0.9845954383508245,0.08551335746366237,0.9188284001274039,0.9674689177876586,0.226854855844711,0.3833333333333333,False,0.2,False,0.7813800000000001,False,0.4241055382735253,False,0.7225344575735706,False
client_0_glass_blur,C4_C5,0.261,0.9885680190009243,0.06249889943908646,0.8785850966762649,0.5008826790991822,0.2669534727675482,0.3833333333333333,False,0.2,False,0.7822000000000001,False,0.39745838732663835,False,0.6394589479159244,False
client_0_glass_blur,C5,0.22830000000000006,0.9849574729018697,0.08360645501660163,0.9122606702969004,0.9996736250314454,0.20992260424145737,0.3833333333333333,False,0.2,False,0.7756600000000001,False,0.42755066114556217,False,0.7243659594049995,False
client_0_impulse_noise,C1,0.4296,1.0,0.14102823860689673,0.8980107914629132,0.9958398567632114,0.049297277466584966,0.45833333333333326,False,0.2,False,0.88592,False,0.6654573442189495,False,0.7549750255527937,False
client_0_impulse_noise,C1_C2,0.4607999999999999,0.9959946597557057,0.11555615754244888,0.8625066757489306,0.5046405476181612,0.12963106841256145,0.45833333333333326,False,0.2,False,0.8921600000000001,True,0.622709457527117,False,0.6708189234592126,False
client_0_impulse_noise,C1_C2_C3,0.5056,0.9948486868625148,0.09442059787786783,0.8485689047306474,0.3371400801585331,0.15729186323908984,0.3833333333333333,False,0.1,False,0.9011200000000001,True,0.6014014174676531,False,0.6516705244233935,False
client_0_impulse_noise,C1_C2_C3_C4,0.4871,0.9942271915915243,0.09428555768371573,0.8373097830557331,0.24989041107157192,0.15934000652862823,0.3833333333333333,False,0.1,False,0.8974200000000001,True,0.5689405972154058,False,0.631549211758125,False
client_0_impulse_noise,C1_C2_C3_C4_C5,0.488,0.9938720573503702,0.08894579641362634,0.8298908763616509,0.20425372536317654,0.16373151460275093,0.3833333333333333,False,0.1,False,0.8976000000000002,True,0.5472710810707431,False,0.6243406906916411,False
client_0_impulse_noise,C1_C2_C3_C5,0.5057,0.994250108408741,0.08694288107662297,0.8226195357058702,0.24935193190761118,0.1644902862657942,0.3833333333333333,False,0.1,False,0.90114,True,0.5777189774077626,False,0.638103659345181,False
client_0_impulse_noise,C1_C2_C4,0.4557,0.9947668873521959,0.1098916697799352,0.8568224444494817,0.3354388007392707,0.1431151761933187,0.3833333333333333,False,0.1,False,0.89114,True,0.586669381415922,False,0.6374143402851802,False
client_0_impulse_noise,C1_C2_C4_C5,0.47550000000000003,0.9941827901667983,0.09799651707979012,0.8354451739498205,0.2533239841746938,0.15830279839100292,0.3833333333333333,False,0.1,False,0.8951,True,0.5684932539526837,False,0.6293513151251805,False
client_0_impulse_noise,C1_C2_C5,0.4982,0.9947995506283346,0.09709302433990755,0.834141590395983,0.33676940543204886,0.15843249885370603,0.3833333333333333,False,0.1,False,0.89964,True,0.6045863751027017,False,0.6510148083723191,False
client_0_impulse_noise,C1_C3,0.5266000000000001,0.9961631519509168,0.10403770434740489,0.8570393370559155,0.5088283622440268,0.14378549599810975,0.45833333333333326,False,0.2,False,0.9053200000000001,True,0.6384909302604922,False,0.6877006093317384,False
client_0_impulse_noise,C1_C3_C4,0.4939,0.9948953585949061,0.09903860319095056,0.8525208005330391,0.33443967983103395,0.155082827061077,0.3833333333333333,False,0.1,False,0.8987800000000001,True,0.596627760382916,False,0.6474809880615161,False
client_0_impulse_noise,C1_C3_C4_C5,0.4958,0.9942558299353621,0.09358815161450743,0.8322106512203977,0.25274101939014054,0.16048522465193016,0.3833333333333333,False,0.1,False,0.8991600000000002,True,0.5737314438315049,False,0.6345144554879814,False
client_0_impulse_noise,C1_C3_C5,0.5217999999999999,0.9948763630648265,0.09680033339478136,0.8379031749101665,0.3419724500351154,0.15914148385190252,0.3833333333333333,False,0.1,False,0.90436,True,0.6095826792364296,False,0.6564731595178376,False
client_0_impulse_noise,C1_C4,0.45089999999999997,0.9960813302947292,0.11984940171214598,0.8749458218100574,0.5143760369525526,0.12493256864704161,0.45833333333333326,False,0.2,False,0.8901800000000002,True,0.6172137124433491,False,0.6687007919938436,False
client_0_impulse_noise,C1_C4_C5,0.48360000000000003,0.994801770612852,0.10386807828930956,0.8433355200070203,0.34114214268686954,0.152272644287766,0.3833333333333333,False,0.1,False,0.8967200000000002,True,0.5993284166303043,False,0.6466953960692026,False
client_0_impulse_noise,C1_C5,0.5099,0.9960209124244929,0.110814658468874,0.8508790607388589,0.5080720674912913,0.14624733141876733,0.45833333333333326,False,0.2,False,0.90198,True,0.6368067942792796,False,0.6834415392833183,False
client_0_impulse_noise,C2,0.41079999999999994,0.984670585894127,0.13751171959591207,0.901619920038361,0.9757078765475174,0.0989807210739384,0.45833333333333326,False,0.2,False,0.8121600000000001,False,0.6490544207598483,False,0.7444651376331324,False
client_0_impulse_noise,C2_C3,0.4808,0.9885693002619621,0.10574891600927427,0.850819831691797,0.5057073299585381,0.1467691487782532,0.45833333333333326,False,0.2,False,0.8261600000000001,False,0.6290231017623992,False,0.6766773407408876,False
client_0_impulse_noise,C2_C3_C4,0.4576999999999999,0.9898275727685781,0.1019763394211461,0.8479417058346772,0.33912189432409096,0.14990585162411785,0.3833333333333333,False,0.1,False,0.82154,False,0.59074754543485,False,0.6400342360186589,False
client_0_impulse_noise,C2_C3_C4_C5,0.46689999999999987,0.9905242129683749,0.09637936562586918,0.8334276287337657,0.25489182792128423,0.15594246876717144,0.3833333333333333,False,0.1,False,0.8233800000000001,False,0.5670073068743248,False,0.6277383532472036,False
client_0_impulse_noise,C2_C3_C5,0.48419999999999996,0.9899342525988556,0.09640691619747409,0.8400973810837801,0.34176816846449104,0.15545375284393514,0.3833333333333333,False,0.1,False,0.8268400000000001,False,0.5999753137440462,False,0.6477831439326186,False
client_0_impulse_noise,C2_C4,0.40969999999999995,0.9884429081516842,0.1234295164013341,0.8778067504652592,0.515620528377426,0.1223034251306756,0.45833333333333326,False,0.2,False,0.8119400000000001,False,0.6059632493098347,False,0.6581798900468515,False
client_0_impulse_noise,C2_C4_C5,0.4388000000000001,0.9898402340710348,0.10952826769641488,0.8467832720948918,0.3370773724685462,0.14425753790718632,0.3833333333333333,False,0.1,False,0.8177600000000002,False,0.5861703381027528,False,0.6344533216269663,False
client_0_impulse_noise,C2_C5,0.4482999999999999,0.9886615235286806,0.1110743109783342,0.8545329023080753,0.503422464222045,0.14014480873589907,0.45833333333333326,False,0.2,False,0.81966,False,0.6209241505463379,False,0.6683024261914928,False
client_0_impulse_noise,C3,0.4714999999999999,0.9846968689677471,0.12711162582809588,0.8821947127199588,0.9839103541172257,0.10794893399424588,0.45833333333333326,False,0.2,False,0.8243000000000001,False,0.6711230870549065,False,0.7622734292472017,False
client_0_impulse_noise,C3_C4,0.4528000000000001,0.988569047639333,0.11154356687131395,0.8617209875615399,0.5125450822864669,0.14017217560739037,0.45833333333333326,False,0.2,False,0.8205600000000001,False,0.6204014791343053,False,0.6701957949225653,False
client_0_impulse_noise,C3_C4_C5,0.4680000000000001,0.98989964831496,0.10292183699510372,0.8506457590852726,0.3427603013351798,0.14657522616536267,0.3833333333333333,False,0.1,False,0.8236000000000001,False,0.5927836444423558,False,0.6423768276903021,False
client_0_impulse_noise,C3_C5,0.483,0.9886790457891655,0.11086283922219975,0.8620776402651116,0.5150886103430108,0.13512200793465146,0.45833333333333326,False,0.2,False,0.8266000000000001,False,0.6270909722704998,False,0.6768669804233063,False
client_0_impulse_noise,C4,0.37339999999999995,0.9845954383508245,0.1423133574636624,0.9096618162097803,0.9898203496218229,0.08173059245282654,0.45833333333333326,False,0.2,False,0.8046800000000001,False,0.6398860495586842,False,0.7380280855486411,False
client_0_impulse_noise,C4_C5,0.4305000000000001,0.9885680190009243,0.11929889943908646,0.8694185127586413,0.5124545703020539,0.12182920937566377,0.45833333333333326,False,0.2,False,0.8161000000000002,False,0.6134484673340104,False,0.6633966677647364,False
client_0_impulse_noise,C5,0.4028999999999999,0.9849574729018697,0.14040645501660165,0.9030940863792768,0.977099693413613,0.06479834084957292,0.45833333333333326,False,0.2,False,0.8105800000000001,False,0.6497745988566582,False,0.7424945146896706,False
client_0_motion_blur,C1,0.6905,1.0,0.2642282386068966,0.8756780115897256,0.9620530191051446,0.04077977871498539,0.3833333333333333,False,0.1,False,0.9381000000000002,True,0.7890103631272932,False,0.7735243800338617,False
client_0_motion_blur,C1_C2,0.6920000000000002,0.9959946597557057,0.23875615754244878,0.840173895875743,0.48751911173441254,0.03955401223099109,0.3083333333333333,False,0.1,False,0.9384000000000001,True,0.7372592358642348,False,0.6867613582951442,False
client_0_motion_blur,C1_C2_C3,0.6833,0.9948486868625148,0.21762059787786772,0.8262361248574598,0.32570159727498194,0.06721480705751948,0.3083333333333333,False,0.0,False,0.93666,True,0.6998478914045012,False,0.6580495498593645,False
client_0_motion_blur,C1_C2_C3_C4,0.6373,0.9942271915915243,0.21748555768371564,0.8149770031825455,0.24141213347117021,0.06926295034705787,0.3083333333333333,False,0.0,False,0.9274600000000002,True,0.6536608517482028,False,0.6330202782507258,False
client_0_motion_blur,C1_C2_C3_C4_C5,0.627,0.9938720573503702,0.21214579641362624,0.8075580964884633,0.19732380845632402,0.07365445842118057,0.3083333333333333,False,0.0,False,0.9254,True,0.6235584243552563,False,0.6238814293229519,False
client_0_motion_blur,C1_C2_C3_C5,0.6552,0.994250108408741,0.21014288107662288,0.8002867558326826,0.24089192381909078,0.07441323008422385,0.3083333333333333,False,0.0,False,0.9310400000000001,True,0.6621204855447724,False,0.6394383797401582,False
client_0_motion_blur,C1_C2_C4,0.634,0.9947668873521959,0.2330916697799351,0.8344896645762941,0.3240580388348101,0.053038120011748346,0.3083333333333333,False,0.0,False,0.9268000000000001,True,0.6842368876691242,False,0.6439249099169693,False
client_0_motion_blur,C1_C2_C4_C5,0.6239999999999999,0.9941827901667983,0.22119651707979002,0.8131123940766329,0.2447292123646715,0.06822574220943256,0.3083333333333333,False,0.0,False,0.9248000000000001,True,0.6529935437729426,False,0.6304590827758573,False
client_0_motion_blur,C1_C2_C5,0.6692,0.9947995506283346,0.22029302433990744,0.8118088105227954,0.32534349879428925,0.06835544267213567,0.3083333333333333,False,0.0,False,0.93384,True,0.7008118896096097,False,0.6560563490574484,False
client_0_motion_blur,C1_C3,0.7032,0.9961631519509168,0.22723770434740478,0.8347065571827279,0.4915648422571513,0.05370843981653939,0.3083333333333333,False,0.1,False,0.9406400000000001,True,0.742719027418706,False,0.6926946273470445,False
client_0_motion_blur,C1_C3_C4,0.6343000000000001,0.9948953585949061,0.22223860319095046,0.8301880206598515,0.32309281608368967,0.06500577087950665,0.3083333333333333,False,0.0,False,0.92686,True,0.6873986172637581,False,0.6464183373247285,False
client_0_motion_blur,C1_C3_C4_C5,0.6257999999999999,0.9942558299353621,0.21678815161450732,0.8098778713472101,0.24416602639937549,0.0704081684703598,0.3083333333333333,False,0.0,False,0.92516,True,0.6546024908305859,False,0.6319261789025096,False
client_0_motion_blur,C1_C3_C5,0.6576,0.9948763630648265,0.22000033339478126,0.8155703950369789,0.3303700145888957,0.06906442767033216,0.3083333333333333,False,0.0,False,0.9315200000000001,True,0.6993634704604603,False,0.6544393944412749,False
client_0_motion_blur,C1_C4,0.629,0.9960813302947292,0.24304940171214587,0.8526130419368698,0.496924295552883,0.03485551246547125,0.3083333333333333,False,0.1,False,0.9258000000000002,True,0.7219090495988373,False,0.6739571657265909,False
client_0_motion_blur,C1_C4_C5,0.6251,0.994801770612852,0.22706807828930947,0.8210027401338327,0.3295678778941851,0.06219558810619563,0.3083333333333333,False,0.0,False,0.9250200000000002,True,0.689883681112788,False,0.6458072651233469,False
client_0_motion_blur,C1_C5,0.6773,0.9960209124244929,0.2340146584688739,0.8285462808656713,0.4908342070598742,0.056170275237196976,0.3083333333333333,False,0.1,False,0.9354600000000002,True,0.7386225596181162,False,0.6866006892097162,False
client_0_motion_blur,C2,0.524,0.984670585894127,0.260711719595912,0.8792871401651734,0.9901242372784865,0.008903664892368046,0.3833333333333333,False,0.1,False,0.8348000000000001,False,0.7490203972669157,False,0.7431151317920075,False
client_0_motion_blur,C2_C3,0.5813999999999999,0.9885693002619621,0.22894891600927417,0.8284870518186094,0.4885497003017585,0.05669209259668284,0.3083333333333333,False,0.1,False,0.84628,False,0.7176153712552066,False,0.666492536822213,False
client_0_motion_blur,C2_C3_C4,0.5633999999999999,0.9898275727685781,0.225176339421146,0.8256089259614896,0.3276161724833667,0.05982879544254749,0.3083333333333333,False,0.0,False,0.8426800000000001,False,0.674196541420272,False,0.6319998136631954,False
client_0_motion_blur,C2_C3_C4_C5,0.5764,0.9905242129683749,0.21957936562586908,0.8110948488605781,0.2462438623353958,0.06586541258560108,0.3083333333333333,False,0.0,False,0.8452800000000001,False,0.6436235883956449,False,0.6210354821427071,False
client_0_motion_blur,C2_C3_C5,0.5862,0.9899342525988556,0.21960691619747397,0.8177646012105925,0.33017266387991184,0.06537669666236479,0.3083333333333333,False,0.0,False,0.8472400000000001,False,0.682899244141943,False,0.638990765028384,False
client_0_motion_blur,C2_C4,0.5278,0.9884429081516842,0.246629516401334,0.8554739705920716,0.49812656389394067,0.032226368949105244,0.3083333333333333,False,0.1,False,0.8355600000000001,False,0.6986659017896623,False,0.6514278191628357,False
client_0_motion_blur,C2_C4_C5,0.5463,0.9898402340710348,0.23272826769641478,0.8244504922217042,0.32564101713043037,0.05418048172561596,0.3083333333333333,False,0.0,False,0.8392600000000001,False,0.6691688530277371,False,0.6267927725720244,False
client_0_motion_blur,C2_C5,0.5597,0.9886615235286806,0.2342743109783341,0.8322001224348877,0.48634235545096316,0.050067752554328715,0.3083333333333333,False,0.1,False,0.8419400000000001,False,0.7114738576764291,False,0.6602931264499579,False
client_0_motion_blur,C3,0.5262,0.9846968689677471,0.25031162582809574,0.8598619328467711,0.9818699569840303,0.01787187781267552,0.3833333333333333,False,0.1,False,0.8352400000000001,False,0.7567152392712504,False,0.7459320718332438,False
client_0_motion_blur,C3_C4,0.527,0.988569047639333,0.23474356687131384,0.8393882076883523,0.49515546148544787,0.05009511942582001,0.3083333333333333,False,0.1,False,0.8354000000000001,False,0.704168129304323,False,0.6546845927750428,False
client_0_motion_blur,C3_C4_C5,0.5568,0.98989964831496,0.22612183699510363,0.828312979212085,0.3311311356835027,0.05649816998379231,0.3083333333333333,False,0.0,False,0.8413600000000001,False,0.6730066462612692,False,0.630937716572648,False
client_0_motion_blur,C3_C5,0.5545,0.9886790457891655,0.23406283922219964,0.839744860391924,0.4976126927655155,0.0450449517530811,0.3083333333333333,False,0.1,False,0.8409000000000001,False,0.7102460625959088,False,0.6607985189204885,False
client_0_motion_blur,C4,0.4517,0.9845954383508245,0.2655133574636623,0.8873290363365927,0.9562377416992767,0.008346463728743814,0.3833333333333333,False,0.1,False,0.8203400000000001,False,0.7283217079186379,False,0.7200982859768131,False
client_0_motion_blur,C4_C5,0.516,0.9885680190009243,0.24249889943908637,0.8470857328854537,0.49506802039009673,0.03175215319409341,0.3083333333333333,False,0.1,False,0.8332,False,0.6990955548431692,False,0.6501460797950263,False
client_0_motion_blur,C5,0.4649000000000001,0.9849574729018697,0.2636064550166015,0.8807613065060892,0.9887138677714,0.025278715331997437,0.3833333333333333,False,0.1,False,0.8229800000000002,False,0.7388806779782169,False,0.7303440715739093,False
client_0_zoom_blur,C1,0.6941999999999999,1.0,0.2490282386068967,0.9077591431447032,0.978317270522379,0.01921693274699665,0.3833333333333333,False,0.2,False,0.9388400000000001,True,0.771695370756458,False,0.7837653434728062,False
client_0_zoom_blur,C1_C2,0.6826000000000001,0.9959946597557057,0.2235561575424489,0.8722550274307206,0.49576099991156375,0.06111685819897983,0.3083333333333333,False,0.2,False,0.93652,True,0.718046800862337,False,0.6927778490860722,False
client_0_zoom_blur,C1_C2_C3,0.6551,0.9948486868625148,0.20242059787786784,0.8583172564124374,0.33120783503930235,0.08877765302550822,0.3083333333333333,False,0.1,False,0.9310200000000002,True,0.6783549015277814,False,0.6597589105677263,False
client_0_zoom_blur,C1_C2_C3_C4,0.6094999999999999,0.9942271915915243,0.20228555768371576,0.8470581347375231,0.24549339256601532,0.09082579631504661,0.3083333333333333,False,0.1,False,0.9219000000000002,True,0.6344207647597252,False,0.6345246432251926,False
client_0_zoom_blur,C1_C2_C3_C4_C5,0.5947,0.9938720573503702,0.19694579641362636,0.8396392280434409,0.2006597202695056,0.09521730438916931,0.3833333333333333,False,0.1,False,0.9189400000000001,True,0.6050673088237138,False,0.624336724841086,False
client_0_zoom_blur,C1_C2_C3_C5,0.6239999999999999,0.994250108408741,0.194942881076623,0.8323678873876602,0.24496438836685475,0.09597607605221259,0.3833333333333333,False,0.1,False,0.9248000000000001,True,0.6422893853388131,False,0.6402609858052086,False
client_0_zoom_blur,C1_C2_C4,0.6151,0.9947668873521959,0.2178916697799352,0.8665707961312717,0.32953649097073057,0.07460096597973709,0.3083333333333333,False,0.1,False,0.9230200000000002,True,0.6648026284242371,False,0.6474887134996512,False
client_0_zoom_blur,C1_C2_C4_C5,0.5972999999999999,0.9941827901667983,0.20599651707979014,0.8451935256316105,0.24886654924735507,0.0897885881774213,0.3083333333333333,False,0.1,False,0.9194600000000002,True,0.6339298011328911,False,0.6321946633078916,False
client_0_zoom_blur,C1_C2_C5,0.6441,0.9947995506283346,0.20509302433990756,0.843889942077773,0.33084368262643915,0.08991828864012441,0.3083333333333333,False,0.1,False,0.9288200000000002,True,0.6801764757755651,False,0.658384498979376,False
client_0_zoom_blur,C1_C3,0.6727,0.9961631519509168,0.2120377043474049,0.8667876887377055,0.4998751266422884,0.07527128578452813,0.3083333333333333,False,0.2,False,0.9345400000000001,True,0.719179788594026,False,0.6945047973795696,False
client_0_zoom_blur,C1_C3_C4,0.6014999999999999,0.9948953585949061,0.20703860319095058,0.8622691522148291,0.3285549503814181,0.0865686168474954,0.3083333333333333,False,0.1,False,0.9203000000000001,True,0.6650173871125276,False,0.6471988773397719,False
client_0_zoom_blur,C1_C3_C4_C5,0.5875999999999999,0.9942558299353621,0.20158815161450744,0.8419590029021877,0.24829384218711698,0.09197101443834854,0.3083333333333333,False,0.1,False,0.9175200000000001,True,0.6332400748014874,False,0.6313598552155556,False
client_0_zoom_blur,C1_C3_C5,0.6208,0.9948763630648265,0.20480033339478138,0.8476515265919565,0.33595517556369014,0.0906272736383209,0.3083333333333333,False,0.1,False,0.9241600000000001,True,0.6762263220950671,False,0.6544445397917314,False
client_0_zoom_blur,C1_C4,0.6092,0.9960813302947292,0.227849401712146,0.8846941734918474,0.5053251856469879,0.05641835843345999,0.3833333333333333,False,0.2,False,0.92184,True,0.7003777257732589,False,0.6779254569009097,False
client_0_zoom_blur,C1_C4_C5,0.5912000000000001,0.994801770612852,0.2118680782893096,0.8530838716888103,0.3351394781268846,0.08375843407418437,0.3083333333333333,False,0.1,False,0.9182400000000002,True,0.6673922639262874,False,0.6463896983253845,False
client_0_zoom_blur,C1_C5,0.6427,0.9960209124244929,0.21881465846887402,0.8606274124206489,0.4991321394911098,0.07773312120518572,0.3083333333333333,False,0.2,False,0.9285400000000001,True,0.7143808546827269,False,0.6875883888514609,False
client_0_zoom_blur,C2,0.518,0.984670585894127,0.2455117195959121,0.911368271720151,0.9931837260779405,0.030466510860356788,0.3833333333333333,False,0.2,False,0.8336000000000001,False,0.728100867118982,False,0.7487751427073962,False
client_0_zoom_blur,C2_C3,0.5601,0.9885693002619621,0.2137489160092743,0.860568183373587,0.49680901137685207,0.07825493856467158,0.3083333333333333,False,0.2,False,0.8420200000000001,False,0.6960249194316593,False,0.6701325121927293,False
client_0_zoom_blur,C2_C3_C4,0.5368,0.9898275727685781,0.20997633942114613,0.8576900575164672,0.3331547776244615,0.08139164141053623,0.3083333333333333,False,0.1,False,0.8373600000000001,False,0.6531582000037703,False,0.634035647846912,False
client_0_zoom_blur,C2_C3_C4_C5,0.5463,0.9905242129683749,0.2043793656258692,0.8431759804155557,0.25040680554896105,0.08742825855358982,0.3083333333333333,False,0.1,False,0.8392600000000001,False,0.6239162141659282,False,0.6220961839409179,False
client_0_zoom_blur,C2_C3_C5,0.5541,0.9899342525988556,0.2044069161974741,0.8498457327655701,0.3357544884881188,0.08693954263035353,0.3083333333333333,False,0.1,False,0.8408200000000001,False,0.660733694485884,False,0.6399352431055232,False
client_0_zoom_blur,C2_C4,0.5139,0.9884429081516842,0.2314295164013341,0.8875551021470492,0.5065477792655321,0.053789214917093986,0.3833333333333333,False,0.2,False,0.8327800000000001,False,0.6782903363599817,False,0.6565801753926517,False
client_0_zoom_blur,C2_C4_C5,0.5238,0.9898402340710348,0.2175282676964149,0.8565316237766818,0.3311462307404865,0.0757433276936047,0.3083333333333333,False,0.1,False,0.8347600000000001,False,0.6491375154274783,False,0.6296419284495333,False
client_0_zoom_blur,C2_C5,0.5382,0.9886615235286806,0.2190743109783342,0.8642812539898653,0.4945643496517214,0.07163059852231746,0.3083333333333333,False,0.2,False,0.83764,False,0.6898720100702879,False,0.6638856384456072,False
client_0_zoom_blur,C3,0.492,0.9846968689677471,0.2351116258280959,0.8919430644017488,0.9984692290847212,0.03943472378066426,0.3833333333333333,False,0.2,False,0.8284000000000001,False,0.7318836835666696,False,0.7486600394088798,False
client_0_zoom_blur,C3_C4,0.49839999999999995,0.988569047639333,0.21954356687131396,0.8714693392433299,0.5035264480696456,0.07165796539380875,0.3833333333333333,False,0.2,False,0.8296800000000001,False,0.6809606538388208,False,0.6568869032473801,False
client_0_zoom_blur,C3_C4_C5,0.5226999999999999,0.98989964831496,0.21092183699510375,0.8603941107670626,0.336729163999905,0.07806101595178105,0.3083333333333333,False,0.1,False,0.8345400000000001,False,0.6504255607546466,False,0.6314854353914261,False
client_0_zoom_blur,C3_C5,0.5166000000000001,0.9886790457891655,0.21886283922219976,0.8718259919469016,0.5060252207476774,0.06660779772106984,0.3833333333333333,False,0.2,False,0.8333200000000002,False,0.6852110162146913,False,0.6611491376724187,False
client_0_zoom_blur,C4,0.4317,0.9845954383508245,0.2503133574636624,0.9194101678915703,0.9724036813479165,0.013216382239244928,0.3833333333333333,False,0.2,False,0.8163400000000001,False,0.7058170555186183,False,0.7255795870620387,False
client_0_zoom_blur,C4_C5,0.4878,0.9885680190009243,0.2272988994390865,0.8791668644404314,0.5034375287148527,0.053314999162082155,0.3833333333333333,False,0.2,False,0.8275600000000001,False,0.6760420409485569,False,0.652428094615475,False
client_0_zoom_blur,C5,0.4422999999999999,0.9849574729018697,0.24840645501660163,0.9128424380610668,0.9946004716985439,0.003715869364008695,0.3833333333333333,False,0.2,False,0.8184600000000001,False,0.7150253998890428,False,0.7332495055148358,False
client_1_brightness,C1,0.4805999999999999,0.984670585894127,0.2788282386068967,0.8927958202965796,0.9455314641273171,0.05683141304469297,0.3833333333333333,False,0.2,False,0.8261200000000001,False,0.7485683773230977,False,0.7239659670878069,False
client_1_brightness,C1_C2,0.6666,0.9963223996431703,0.2533561575424489,0.857291704582597,0.5359405942574113,0.02350237790128351,0.3833333333333333,False,0.2,False,0.9333200000000001,True,0.7459054943100408,False,0.6902229836479222,False
client_1_brightness,C1_C2_C3,0.6720999999999999,0.9949381320059505,0.23222059787786783,0.8433539335643138,0.3580510043455193,0.0511631727278119,0.3083333333333333,False,0.1,False,0.93442,True,0.7106773259991823,False,0.6610891011728444,False
client_1_brightness,C1_C2_C3_C4,0.6680999999999999,0.9942982658187028,0.23208555768371575,0.8320948118893995,0.26538972351913176,0.053211316017350296,0.3083333333333333,False,0.1,False,0.9336200000000001,True,0.6726324000299145,False,0.6427817919764391,False
client_1_brightness,C1_C2_C3_C4_C5,0.6623,0.9938265119586976,0.22674579641362635,0.8246759051953173,0.2169224480020585,0.05760282409147299,0.3083333333333333,False,0.1,False,0.9324600000000001,True,0.6431746218535427,False,0.6336438290244497,False
client_1_brightness,C1_C2_C3_C5,0.6696,0.9941893890971312,0.224742881076623,0.8174045645395366,0.2648178454873516,0.05836159575451627,0.3083333333333333,False,0.1,False,0.9339200000000001,True,0.6776816461239443,False,0.6458832010821737,False
client_1_brightness,C1_C2_C4,0.6734,0.9949913559277351,0.2476916697799352,0.8516074732831481,0.35624420402544815,0.03698648568204077,0.3083333333333333,False,0.1,False,0.9346800000000002,True,0.7053225400630567,False,0.6570788175408903,False
client_1_brightness,C1_C2_C4_C5,0.667,0.9942230268875952,0.23579651707979013,0.8302302027834869,0.2690362620662201,0.052174107879724985,0.3083333333333333,False,0.1,False,0.9334,True,0.6743961939466208,False,0.6427203209310117,False
client_1_brightness,C1_C2_C5,0.6767000000000001,0.9948477534124999,0.23489302433990755,0.8289266192296494,0.35765733872723754,0.05230380834242809,0.3083333333333333,False,0.1,False,0.9353400000000001,True,0.7152660654726828,False,0.6628205384715564,False
client_1_brightness,C1_C3,0.5866,0.9882738787277482,0.2418377043474049,0.8518243658895819,0.5403881557342282,0.03765680548683181,0.3833333333333333,False,0.2,False,0.8473200000000001,False,0.7309981053237754,False,0.6763532162685115,False
client_1_brightness,C1_C3_C4,0.6146,0.9896604088960104,0.23683860319095057,0.8473058293667055,0.35518311320382717,0.04895413654979908,0.3083333333333333,False,0.1,False,0.8529200000000001,False,0.6952254855285259,False,0.6466411876796623,False
client_1_brightness,C1_C3_C4_C5,0.6215,0.9902486417678109,0.23138815161450743,0.8269956800540641,0.2684171392182063,0.054356534140652224,0.3083333333333333,False,0.1,False,0.8543000000000002,False,0.6655093870598501,False,0.633906744703451,False
client_1_brightness,C1_C3_C5,0.6102000000000001,0.9895366404406196,0.23460033339478137,0.8326882037438329,0.3631830992505977,0.05301279334062459,0.3083333333333333,False,0.1,False,0.8520400000000001,False,0.7015221781660622,False,0.6492458477194594,False
client_1_brightness,C1_C4,0.5739000000000001,0.9884544539949753,0.25764940171214595,0.8697308506437238,0.5462799218518487,0.018803878135763674,0.3833333333333333,False,0.2,False,0.8447800000000001,False,0.722773564334921,False,0.6700746965971186,False
client_1_brightness,C1_C4_C5,0.6064,0.9896224316713619,0.24166807828930958,0.8381205488406867,0.36230129255524696,0.046143953776488056,0.3083333333333333,False,0.1,False,0.8512800000000001,False,0.6978810232350529,False,0.6463698611379466,False
client_1_brightness,C1_C5,0.5866,0.9882866549923839,0.248614658468874,0.8456640895725253,0.5395849522240703,0.0401186409074894,0.3833333333333333,False,0.2,False,0.8473200000000001,False,0.7320572090055447,False,0.6754557676268189,False
client_1_brightness,C2,0.7177,1.0,0.27531171959591205,0.8964049488720274,0.9187245049398187,0.00714796943733953,0.3833333333333333,False,0.2,False,0.94354,True,0.7914814987069168,False,0.7694328490161341,False
client_1_brightness,C2_C3,0.6874,0.9962298319912758,0.24354891600927428,0.8456048605254634,0.5370735431735127,0.040640458266975266,0.3833333333333333,False,0.2,False,0.9374800000000001,True,0.7542323061727891,False,0.6977211926131119,False
client_1_brightness,C2_C3_C4,0.6722999999999999,0.9949575953036017,0.23977633942114612,0.8427267346683436,0.3601557394220208,0.04377716111283991,0.3083333333333333,False,0.1,False,0.9344600000000001,True,0.7103304499182762,False,0.6601055124286164,False
client_1_brightness,C2_C3_C4_C5,0.6537,0.9942130679030811,0.2341793656258692,0.8282126575674321,0.27070135044093835,0.049813778255893504,0.3083333333333333,False,0.1,False,0.9307400000000001,True,0.6727967050511708,False,0.6409165316214422,False
client_1_brightness,C2_C3_C5,0.6668000000000001,0.9948228074665694,0.23420691619747408,0.8348824099174464,0.3629661472302479,0.04932506233265721,0.3083333333333333,False,0.1,False,0.9333600000000002,True,0.7132442436534433,False,0.6614389535426795,False
client_1_brightness,C2_C4,0.6663,0.9962493863834836,0.26122951640133407,0.8725917792989256,0.5476016021586391,0.016174734619397668,0.3833333333333333,False,0.2,False,0.9332600000000002,True,0.7421440727400247,False,0.6893759033328206,False
client_1_brightness,C2_C4_C5,0.6598999999999999,0.9948385188589278,0.2473282676964149,0.8415683009285582,0.35798440724626773,0.03812884739590838,0.3083333333333333,False,0.1,False,0.93198,True,0.7062159270199595,False,0.6557728884234557,False
client_1_brightness,C2_C5,0.6783000000000001,0.996059707862645,0.2488743109783342,0.8493179311417417,0.534646959922535,0.03401611822462114,0.3833333333333333,False,0.2,False,0.9356600000000002,True,0.7505850781119245,False,0.6939454650817504,False
client_1_brightness,C3,0.5173000000000001,0.9843009893552769,0.26491162582809585,0.8769797415536251,0.9264479407402707,0.0018202434829679426,0.3833333333333333,False,0.2,False,0.8334600000000001,False,0.7561957196831461,False,0.7317802735326832,False
client_1_brightness,C3_C4,0.5710999999999999,0.9883797154863634,0.24934356687131395,0.8565060163952063,0.5443354032505751,0.034043485096112436,0.3833333333333333,False,0.2,False,0.8442200000000001,False,0.7265682085275911,False,0.6720944955681596,False
client_1_brightness,C3_C4_C5,0.5856,0.9896056786111675,0.24072183699510374,0.845430787918939,0.3640198165852153,0.040446535654084736,0.3083333333333333,False,0.1,False,0.8471200000000001,False,0.6918027432900394,False,0.6420084396829173,False
client_1_brightness,C3_C5,0.5569,0.9882327701271145,0.24866283922219976,0.856862669098778,0.5470366922067808,0.02899331742337352,0.3833333333333333,False,0.2,False,0.8413800000000001,False,0.7242726056895602,False,0.6698658445470167,False
client_1_brightness,C4,0.49540000000000006,0.9846111693860742,0.2801133574636624,0.9044468450434466,0.9512816322289295,0.02439809805845139,0.3833333333333333,False,0.2,False,0.8290800000000002,False,0.743751350228513,False,0.726641991160479,False
client_1_brightness,C4_C5,0.5503,0.9883246057353617,0.2570988994390865,0.8642035415923077,0.5442392773111462,0.015700518864385837,0.3833333333333333,False,0.2,False,0.8400600000000001,False,0.719648550438029,False,0.6655834293968089,False
client_1_brightness,C5,0.46799999999999997,0.9844668459132,0.27820645501660163,0.8978791152129432,0.9200350368028954,0.04133034966170501,0.3833333333333333,False,0.2,False,0.8236000000000001,False,0.7395195016670784,False,0.7159219608531598,False
client_1_glass_blur,C1,0.36049999999999993,0.984670585894127,0.07982823860689671,0.9064296301237887,0.9878114604367157,0.16853004777346714,0.45833333333333326,False,0.2,False,0.8021,False,0.4962275700020572,False,0.7495653473324075,False
client_1_glass_blur,C1_C2,0.3507,0.9963223996431703,0.05435615754244887,0.8709255144098061,0.5005721682585853,0.24886383871944362,0.3833333333333333,False,0.2,False,0.8701400000000001,False,0.4565352759589101,False,0.661132679430878,False
client_1_glass_blur,C1_C2_C3,0.3605999999999998,0.9949381320059505,0.033220597877867825,0.856987743391523,0.3344220787020972,0.276524633545972,0.3083333333333333,False,0.1,False,0.87212,False,0.43928696121668254,False,0.6352266970268808,False
client_1_glass_blur,C1_C2_C3_C4,0.3500000000000001,0.9942982658187028,0.033085557683715724,0.8457286217166087,0.24787581078755203,0.2785727768355104,0.3083333333333333,False,0.1,False,0.8700000000000001,False,0.4237631733384539,False,0.6168223904128443,False
client_1_glass_blur,C1_C2_C3_C4_C5,0.3405,0.9938265119586976,0.02774579641362633,0.8383097150225265,0.20260704507895022,0.2829642849096331,0.3083333333333333,False,0.1,False,0.8681000000000001,False,0.4120004454213367,False,0.607584129422549,False
client_1_glass_blur,C1_C2_C3_C5,0.3496999999999999,0.9941893890971312,0.025742881076622967,0.8310383743667458,0.24734167280768074,0.2837230565726764,0.3083333333333333,False,0.1,False,0.8699400000000002,False,0.4286624895640505,False,0.6195713475289605,False
client_1_glass_blur,C1_C2_C4,0.3474999999999999,0.9949913559277351,0.048691669779935186,0.8652412831103573,0.33273451488715344,0.2623479465002009,0.3083333333333333,False,0.1,False,0.8695000000000002,False,0.433475108651197,False,0.6283602606959522,False
client_1_glass_blur,C1_C2_C4_C5,0.3370000000000001,0.9942230268875952,0.03679651707979012,0.8438640126106961,0.2512817026470476,0.2775355686978851,0.3083333333333333,False,0.1,False,0.8674000000000002,False,0.42252932965576057,False,0.614332790029898,False
client_1_glass_blur,C1_C2_C5,0.34539999999999993,0.9948477534124999,0.03589302433990754,0.8425604290568585,0.33405439233121287,0.2776652691605882,0.3083333333333333,False,0.1,False,0.8690800000000001,False,0.4416451437634525,False,0.6330033301750724,False
client_1_glass_blur,C1_C3,0.37239999999999995,0.9882738787277482,0.04283770434740488,0.8654581757167912,0.5047262209945949,0.2630182663049919,0.3833333333333333,False,0.2,False,0.8044800000000001,False,0.4607169418337609,False,0.6675442103033058,False
client_1_glass_blur,C1_C3_C4,0.35519999999999996,0.9896604088960104,0.03783860319095056,0.8609396391939147,0.3317434488268673,0.2743155973679592,0.3083333333333333,False,0.1,False,0.8010400000000001,False,0.43485761290985914,False,0.6312366357869912,False
client_1_glass_blur,C1_C3_C4_C5,0.34750000000000003,0.9902486417678109,0.03238815161450742,0.8406294898812734,0.2507034376867713,0.27971799495881233,0.3083333333333333,False,0.1,False,0.7995000000000001,False,0.42469262416537473,False,0.6167273853798847,False
client_1_glass_blur,C1_C3_C5,0.359,0.9895366404406196,0.03560033339478136,0.8463220135710421,0.33921549032620363,0.2783742541587847,0.3083333333333333,False,0.1,False,0.8018000000000001,False,0.44238729872937976,False,0.6353757069173014,False
client_1_glass_blur,C1_C4,0.3509000000000001,0.9884544539949753,0.058649401712145964,0.883364660470933,0.5102291707094905,0.24416533895392378,0.3833333333333333,False,0.2,False,0.8001800000000001,False,0.45016539079106144,False,0.6594279273513679,False
client_1_glass_blur,C1_C4_C5,0.345,0.9896224316713619,0.04266807828930956,0.8517543586678957,0.3383918768619385,0.27150541459464816,0.3083333333333333,False,0.1,False,0.799,False,0.4376200612093351,False,0.6304713589820059,False
client_1_glass_blur,C1_C5,0.35140000000000005,0.9882866549923839,0.049614658468874,0.8592978993997344,0.5039760234410962,0.2654801017256495,0.3833333333333333,False,0.2,False,0.8002800000000001,False,0.4585974586254654,False,0.662457362852945,False
client_1_glass_blur,C2,0.3076,1.0,0.07631171959591207,0.9100387586992366,0.9836379015022227,0.21821349138082058,0.3833333333333333,False,0.2,False,0.8615200000000001,False,0.4812611057820721,False,0.7415589093113358,False
client_1_glass_blur,C2_C3,0.34289999999999987,0.9962298319912758,0.04454891600927426,0.8592386703526727,0.5016303502689348,0.2660019190851354,0.3833333333333333,False,0.2,False,0.8685800000000001,False,0.4587827676425047,False,0.6628959350149173,False
client_1_glass_blur,C2_C3_C4,0.3317,0.9949575953036017,0.0407763394211461,0.8563605444955528,0.33638791561040987,0.269138621931,0.3083333333333333,False,0.1,False,0.8663400000000001,False,0.43436326846123946,False,0.6283953286490152,False
client_1_glass_blur,C2_C3_C4_C5,0.32719999999999994,0.9942130679030811,0.03517936562586918,0.8418464673946413,0.2528369065390568,0.2751752390740536,0.3083333333333333,False,0.1,False,0.86544,False,0.4218012564894638,False,0.6132070238237868,False
client_1_glass_blur,C2_C3_C5,0.3364999999999999,0.9948228074665694,0.035206916197474084,0.8485162197446556,0.3390128556603502,0.2746865231508173,0.3083333333333333,False,0.1,False,0.8673000000000002,False,0.4386369879393102,False,0.6317516762114207,False
client_1_glass_blur,C2_C4,0.32310000000000005,0.9962493863834836,0.06222951640133408,0.8862255891261348,0.5114636291252248,0.24153619543755778,0.3833333333333333,False,0.2,False,0.8646200000000002,False,0.4454121655554852,False,0.6546716897088586,False
client_1_glass_blur,C2_C4_C5,0.3161999999999999,0.9948385188589278,0.04832826769641488,0.8552021107557674,0.3343598765574393,0.2634903082140685,0.3083333333333333,False,0.1,False,0.86324,False,0.43149477875580466,False,0.623471363268411,False
client_1_glass_blur,C2_C5,0.31589999999999996,0.996059707862645,0.04987431097833419,0.8629517409689509,0.4993639049717933,0.25937757904278125,0.3083333333333333,False,0.2,False,0.8631800000000001,False,0.4519880082310073,False,0.6555722350743228,False
client_1_glass_blur,C3,0.33410000000000006,0.9843009893552769,0.06591162582809587,0.8906135513808343,0.9919070443652852,0.22718170430112805,0.3833333333333333,False,0.2,False,0.7968200000000001,False,0.4936507634128826,False,0.7493954752404071,False
client_1_glass_blur,C3_C4,0.3297,0.9883797154863634,0.050343566871313944,0.8701398262224155,0.5084129770811512,0.25940494591427254,0.3833333333333333,False,0.2,False,0.7959400000000001,False,0.4506130364897713,False,0.6577933913169958,False
client_1_glass_blur,C3_C4_C5,0.3245,0.9896056786111675,0.04172183699510372,0.8590645977461482,0.33999699002019373,0.26580799647224485,0.3083333333333333,False,0.1,False,0.7949,False,0.43131673628805955,False,0.6261472553526339,False
client_1_glass_blur,C3_C5,0.3326000000000001,0.9882327701271145,0.049662839222199745,0.8704964789259871,0.5109359993794983,0.25435477824153363,0.3833333333333333,False,0.2,False,0.7965200000000001,False,0.45189703810646975,False,0.6589490869642812,False
client_1_glass_blur,C4,0.31679999999999986,0.9846111693860742,0.08111335746366237,0.9180806548706558,0.9818404821714241,0.20096336275970872,0.3833333333333333,False,0.2,False,0.7933600000000001,False,0.47568767944365575,False,0.7381971421316988,False
client_1_glass_blur,C4_C5,0.3052999999999999,0.9883246057353617,0.05809889943908646,0.8778373514195169,0.5083231947984852,0.24106197968254595,0.3833333333333333,False,0.2,False,0.7910600000000001,False,0.4438098050173634,False,0.6505635938769976,False
client_1_glass_blur,C5,0.2871999999999999,0.9844668459132,0.07920645501660163,0.9115129250401524,0.9850410303016806,0.1840311111564551,0.45833333333333326,False,0.2,False,0.78744,False,0.47582740444256555,False,0.7339265405356378,False
client_1_impulse_noise,C1,0.36,0.984670585894127,0.13002823860689672,0.8930493605573424,0.9687552329217913,0.06459260904727893,0.45833333333333326,False,0.2,False,0.802,False,0.6297817895091371,False,0.7342760748727781,False
client_1_impulse_noise,C1_C2,0.45520000000000016,0.9963223996431703,0.10455615754244887,0.8575452448433598,0.49091544983809104,0.1449263999932554,0.3833333333333333,False,0.2,False,0.89104,True,0.6051120825681476,False,0.6687233087901345,False
client_1_impulse_noise,C1_C2_C3,0.46820000000000006,0.9949381320059505,0.08342059787786782,0.8436074738250766,0.3279706216447518,0.1725871948197838,0.3833333333333333,False,0.1,False,0.8936400000000002,True,0.5784416286120333,False,0.6440783786587673,False
client_1_impulse_noise,C1_C2_C3_C4,0.4634999999999999,0.9942982658187028,0.08328555768371572,0.8323483521501623,0.24309394903052642,0.1746353381093222,0.3833333333333333,False,0.1,False,0.8927,True,0.5501024845627503,False,0.6271879911047944,False
client_1_impulse_noise,C1_C2_C3_C4_C5,0.4506000000000001,0.9938265119586976,0.07794579641362633,0.8249294454560802,0.1986984794246865,0.1790268461834449,0.3833333333333333,False,0.1,False,0.89012,True,0.5267249380495433,False,0.6174443893350516,False
client_1_impulse_noise,C1_C2_C3_C5,0.45519999999999994,0.9941893890971312,0.07594288107662296,0.8176581048002994,0.24257011529926578,0.17978561784648817,0.3833333333333333,False,0.1,False,0.89104,True,0.5535080978755057,False,0.6283390090706328,False
client_1_impulse_noise,C1_C2_C4,0.4617999999999999,0.9949913559277351,0.09889166977993519,0.851861013543911,0.3263156132326268,0.15841050777401267,0.3833333333333333,False,0.1,False,0.89236,True,0.5725417847997328,False,0.6385584534084022,False
client_1_impulse_noise,C1_C2_C4_C5,0.4504,0.9942230268875952,0.08699651707979011,0.8304837430442498,0.24643413660052418,0.17359812997169688,0.3833333333333333,False,0.1,False,0.8900800000000002,True,0.5493124015700077,False,0.6246652498639489,False
client_1_impulse_noise,C1_C2_C5,0.4516,0.9948477534124999,0.08609302433990754,0.8291801594904122,0.3276100284443947,0.1737278304344,0.3833333333333333,False,0.1,False,0.89032,True,0.5798984689991696,False,0.6415764304410642,False
client_1_impulse_noise,C1_C3,0.42889999999999984,0.9882738787277482,0.09303770434740488,0.8520779061503447,0.49498936524302384,0.1590808275788037,0.3833333333333333,False,0.2,False,0.8157800000000001,False,0.6003787338499443,False,0.6655188121963469,False
client_1_impulse_noise,C1_C3_C4,0.4398000000000001,0.9896604088960104,0.08803860319095055,0.8475593696274684,0.32534366618551624,0.17037815864177097,0.3833333333333333,False,0.1,False,0.8179600000000001,False,0.5690193629340907,False,0.6354986523020764,False
client_1_impulse_noise,C1_C3_C4_C5,0.4386000000000001,0.9902486417678109,0.08258815161450742,0.827249220314827,0.2458670271583688,0.17578055623262412,0.3833333333333333,False,0.1,False,0.8177200000000001,False,0.547118481663992,False,0.6226020763175597,False
client_1_impulse_noise,C1_C3_C5,0.43809999999999993,0.9895366404406196,0.08580033339478135,0.8329417440045958,0.33267156183464214,0.17443681543259648,0.3833333333333333,False,0.1,False,0.8176200000000001,False,0.5760362777391853,False,0.6385088942623444,False
client_1_impulse_noise,C1_C4,0.4121,0.9884544539949753,0.10884940171214597,0.8699843909044866,0.500386155568228,0.14022790022773557,0.45833333333333326,False,0.2,False,0.8124200000000001,False,0.5908486422230496,False,0.6583212973664707,False
client_1_impulse_noise,C1_C4_C5,0.42800000000000005,0.9896224316713619,0.09286807828930956,0.8383740891014495,0.33186383699506705,0.16756797586845995,0.3833333333333333,False,0.1,False,0.8156000000000001,False,0.5714732126726673,False,0.634387724051987,False
client_1_impulse_noise,C1_C5,0.4186000000000001,0.9882866549923839,0.099814658468874,0.8459176298332881,0.494253640021375,0.1615426629994613,0.3833333333333333,False,0.2,False,0.8137200000000001,False,0.6000824506720301,False,0.6625748592123563,False
client_1_impulse_noise,C2,0.4668000000000001,1.0,0.12651171959591206,0.8966584891327902,0.9970220113216024,0.11427605265463237,0.45833333333333326,False,0.2,False,0.8933600000000002,True,0.6508864119833269,False,0.7646977043185671,False
client_1_impulse_noise,C2_C3,0.4746999999999999,0.9962298319912758,0.09474891600927426,0.8458584007862262,0.49195321807724113,0.16206448035894716,0.3833333333333333,False,0.2,False,0.8949400000000001,True,0.6131841355742107,False,0.6759424816199339,False
client_1_impulse_noise,C2_C3_C4,0.47009999999999985,0.9949575953036017,0.0909763394211461,0.8429802749291064,0.329898534883536,0.1652011832048118,0.3833333333333333,False,0.1,False,0.89402,True,0.5790670814894698,False,0.6433994255469956,False
client_1_impulse_noise,C2_C3_C4_C5,0.4522999999999999,0.9942130679030811,0.08537936562586917,0.828466197828195,0.24795933849277416,0.1712378003478654,0.3833333333333333,False,0.1,False,0.89046,True,0.5508499023854281,False,0.6258734832578857,False
client_1_impulse_noise,C2_C3_C5,0.45730000000000004,0.9948228074665694,0.08540691619747408,0.8351359501782093,0.33247283626728524,0.1707490844246291,0.3833333333333333,False,0.1,False,0.8914600000000001,True,0.580357699699998,False,0.6432256453761631,False
client_1_impulse_noise,C2_C4,0.4683999999999999,0.9962493863834836,0.11242951640133408,0.8728453195596885,0.5015967996009852,0.13759875671136956,0.45833333333333326,False,0.2,False,0.89368,True,0.6029404948134401,False,0.670380296847366,False
client_1_impulse_noise,C2_C4_C5,0.44419999999999993,0.9948385188589278,0.09852826769641487,0.841821841189321,0.32790961946412345,0.15955286948788028,0.3833333333333333,False,0.1,False,0.8888400000000001,False,0.5731540650801583,False,0.6364032848931032,False
client_1_impulse_noise,C2_C5,0.4417000000000001,0.996059707862645,0.10007431097833419,0.8495714714025046,0.4897304955945863,0.15544014031659303,0.3833333333333333,False,0.2,False,0.8883400000000001,False,0.6049285752302398,False,0.6674275262422369,False
client_1_impulse_noise,C3,0.40180000000000005,0.9843009893552769,0.11611162582809587,0.877233281814388,0.9887102269703663,0.12324426557493984,0.45833333333333326,False,0.2,False,0.8103600000000001,False,0.6423960870931005,False,0.7509180848047786,False
client_1_impulse_noise,C3_C4,0.4352999999999999,0.9883797154863634,0.10054356687131394,0.8567595566559691,0.49860499878687714,0.15546750718808433,0.3833333333333333,False,0.2,False,0.8170600000000001,False,0.6002230983321337,False,0.6655737687014963,False
client_1_impulse_noise,C3_C4_C5,0.4251999999999999,0.9896056786111675,0.09192183699510371,0.8456843281797018,0.33343798533588903,0.16187055774605663,0.3833333333333333,False,0.1,False,0.8150400000000001,False,0.5686745647043685,False,0.6335974274591283,False
client_1_impulse_noise,C3_C5,0.41569999999999996,0.9882327701271145,0.09986283922219974,0.8571162093595408,0.5010793485511749,0.15041733951534542,0.45833333333333326,False,0.2,False,0.8131400000000001,False,0.5968902122308303,False,0.6622197298419717,False
client_1_impulse_noise,C4,0.3861,0.9846111693860742,0.13131335746366238,0.9047003853042095,0.9628994429539302,0.0970259240335205,0.45833333333333326,False,0.2,False,0.8072200000000002,False,0.6243203188532018,False,0.7368909073315555,False
client_1_impulse_noise,C4_C5,0.4015000000000002,0.9883246057353617,0.10829889943908645,0.8644570818530706,0.49851694852664036,0.13712454095635773,0.3833333333333333,False,0.2,False,0.8103000000000001,False,0.5909634069246927,False,0.6564643176659841,False
client_1_impulse_noise,C5,0.33899999999999997,0.9844668459132,0.12940645501660164,0.898132655473706,0.9956018163705859,0.08009367243026688,0.45833333333333326,False,0.2,False,0.7978000000000001,False,0.6234315078033904,False,0.7350206707927742,False
client_1_motion_blur,C1,0.48039999999999994,0.984670585894127,0.24782823860689668,0.916265321009094,0.9541903429782894,0.058155293321482615,0.3833333333333333,False,0.2,False,0.82608,False,0.7477340249981728,False,0.7342046929292528,False
client_1_motion_blur,C1_C2,0.6681000000000001,0.9963223996431703,0.22235615754244886,0.8807612052951114,0.4835347108697021,0.022178497624493865,0.3083333333333333,False,0.2,False,0.9336200000000001,True,0.7368507116232782,False,0.6885887570416319,False
client_1_motion_blur,C1_C2_C3,0.6819999999999999,0.9949381320059505,0.2012205978778678,0.8668234342768282,0.3230397001419584,0.049839292451022255,0.3083333333333333,False,0.1,False,0.9364000000000001,True,0.7033395142722175,False,0.6646137904033836,False
client_1_motion_blur,C1_C2_C3_C4,0.6775,0.9942982658187028,0.20108555768371572,0.8555643126019139,0.23943911807505144,0.05188743574056065,0.3083333333333333,False,0.1,False,0.9355,True,0.6648907578099401,False,0.6480186209588746,False
client_1_motion_blur,C1_C2_C3_C4_C5,0.6717,0.9938265119586976,0.19574579641362633,0.8481454059078317,0.19571111854506232,0.056278943814683347,0.3833333333333333,False,0.1,False,0.9343400000000002,True,0.6351926945072508,False,0.6398285132043018,False
client_1_motion_blur,C1_C2_C3_C5,0.6873,0.9941893890971312,0.19374288107662296,0.840874065252051,0.2389231599973979,0.057037715477726625,0.3833333333333333,False,0.1,False,0.9374600000000002,True,0.6716471879348109,False,0.6527912140554344,False
client_1_motion_blur,C1_C2_C4,0.6674,0.9949913559277351,0.21669166977993518,0.8750769739956625,0.3214095741919445,0.035662605405251124,0.3083333333333333,False,0.1,False,0.9334800000000001,True,0.6947698134300871,False,0.657458841645441,False
client_1_motion_blur,C1_C2_C4_C5,0.6786,0.9942230268875952,0.2047965170797901,0.8536997034960013,0.2427290871144087,0.05085022760293534,0.3083333333333333,False,0.1,False,0.9357200000000001,True,0.6671453222986494,False,0.648325836011901,False
client_1_motion_blur,C1_C2_C5,0.6931,0.9948477534124999,0.20389302433990752,0.8523961199421637,0.3226845283319578,0.05097992806563845,0.3083333333333333,False,0.1,False,0.93862,True,0.7093373889418852,False,0.667652926463752,False
client_1_motion_blur,C1_C3,0.5955999999999999,0.9882738787277482,0.21083770434740487,0.8752938666020964,0.48754737640728396,0.036332925210042166,0.3083333333333333,False,0.2,False,0.8491200000000001,False,0.7234426862478162,False,0.6761320104743741,False
client_1_motion_blur,C1_C3_C4,0.6282000000000001,0.9896604088960104,0.20583860319095054,0.8707753300792199,0.3204522400225672,0.04763025627300943,0.3083333333333333,False,0.1,False,0.8556400000000001,False,0.68862511121283,False,0.6509619631146618,False
client_1_motion_blur,C1_C3_C4_C5,0.6265,0.9902486417678109,0.2003881516145074,0.8504651807665786,0.24217050396076273,0.05303265386386258,0.3083333333333333,False,0.1,False,0.8553000000000001,False,0.6569313844652007,False,0.6382043677232137,False
client_1_motion_blur,C1_C3_C5,0.6289,0.9895366404406196,0.20360033339478134,0.8561577044563473,0.3276699633701457,0.05168891306383494,0.3083333333333333,False,0.1,False,0.8557800000000001,False,0.6960540136710477,False,0.6544301706146204,False
client_1_motion_blur,C1_C4,0.5815,0.9884544539949753,0.22664940171214595,0.8932003513562382,0.49286302791179987,0.017479997858974028,0.3083333333333333,False,0.2,False,0.8463000000000002,False,0.7148644225499977,False,0.6694582678803604,False
client_1_motion_blur,C1_C4_C5,0.617,0.9896224316713619,0.21066807828930956,0.861590049553201,0.3268743823858947,0.04482007349969841,0.3083333333333333,False,0.1,False,0.8534,False,0.690766649393686,False,0.6499514291753276,False
client_1_motion_blur,C1_C5,0.6097,0.9882866549923839,0.21761465846887398,0.8691335902850397,0.4868227125523435,0.038794760630699754,0.3083333333333333,False,0.2,False,0.8519400000000001,False,0.7274567273676045,False,0.6780702697637251,False
client_1_motion_blur,C2,0.6969,1.0,0.24431171959591205,0.9198744495845418,0.9820321404309432,0.008471849714129176,0.3833333333333333,False,0.2,False,0.9393800000000001,True,0.7920522158972273,False,0.7864813261856104,False
client_1_motion_blur,C2_C3,0.6961,0.9962298319912758,0.21254891600927425,0.8690743612379779,0.48455687663293623,0.03931657799018562,0.3083333333333333,False,0.2,False,0.9392200000000002,True,0.7467012776504596,False,0.697504809376248,False
client_1_motion_blur,C2_C3_C4,0.6744,0.9949575953036017,0.2087763394211461,0.866196235380858,0.3249386278917467,0.04245328083605027,0.3083333333333333,False,0.1,False,0.9348800000000002,True,0.7014420861018211,False,0.6620290401938129,False
client_1_motion_blur,C2_C3_C4_C5,0.6584000000000001,0.9942130679030811,0.20317936562586916,0.8516821582799465,0.24423135813934843,0.04848989797910386,0.3083333333333333,False,0.1,False,0.9316800000000001,True,0.6641440738554154,False,0.6451094832323757,False
client_1_motion_blur,C2_C3_C5,0.6777,0.9948228074665694,0.20320691619747405,0.8583519106299609,0.3274742255709259,0.048001182055867564,0.3083333333333333,False,0.1,False,0.93554,True,0.706162324204942,False,0.6650675192820664,False
client_1_motion_blur,C2_C4,0.6588,0.9962493863834836,0.23022951640133407,0.89606128001144,0.49405547034264724,0.014850854342608022,0.3083333333333333,False,0.2,False,0.9317600000000001,True,0.731219391949711,False,0.6857136270408737,False
client_1_motion_blur,C2_C4_C5,0.6632,0.9948385188589278,0.21632826769641486,0.8650378016410726,0.32297961510739226,0.03680496711911874,0.3083333333333333,False,0.1,False,0.9326400000000001,True,0.6975874820957864,False,0.6579788800669321,False
client_1_motion_blur,C2_C5,0.6857,0.996059707862645,0.21787431097833418,0.8727874318542561,0.48236757199127434,0.03269223794783149,0.3083333333333333,False,0.2,False,0.9371400000000001,True,0.7427893455737548,False,0.6935165375667497,False
client_1_motion_blur,C3,0.5261,0.9843009893552769,0.23391162582809585,0.9004492422661395,0.9738453207975178,0.0004963632061782963,0.3833333333333333,False,0.2,False,0.8352200000000001,False,0.7610481753322456,False,0.751566699615384,False
client_1_motion_blur,C3_C4,0.5785,0.9883797154863634,0.21834356687131393,0.8799755171077207,0.4911086501883689,0.03271960481932279,0.3083333333333333,False,0.2,False,0.8457000000000001,False,0.718720423290257,False,0.6714760950269699,False
client_1_motion_blur,C3_C4_C5,0.5900000000000001,0.9896056786111675,0.20972183699510372,0.8689002886314534,0.3284248639669825,0.03912265537729509,0.3083333333333333,False,0.1,False,0.8480000000000001,False,0.6833455371485233,False,0.6443163992305223,False
client_1_motion_blur,C3_C5,0.5680000000000001,0.9882327701271145,0.21766283922219973,0.8803321698112924,0.49354579898510115,0.027669437146583875,0.3083333333333333,False,0.2,False,0.8436000000000001,False,0.7171079816458377,False,0.6699346159739322,False
client_1_motion_blur,C4,0.5065,0.9846111693860742,0.24911335746366237,0.927916345755961,0.9484225927272893,0.025721978335241036,0.3833333333333333,False,0.2,False,0.8313,False,0.7439836265501312,False,0.7368371333314024,False
client_1_motion_blur,C4_C5,0.5532,0.9883246057353617,0.22609889943908645,0.8876730423048221,0.49102192373243914,0.014376638587596191,0.3083333333333333,False,0.2,False,0.8406400000000002,False,0.7108004059894185,False,0.6640669087523189,False
client_1_motion_blur,C5,0.48240000000000005,0.9844668459132,0.2472064550166016,0.9213486159254576,0.9806332976052694,0.04265422993849466,0.3833333333333333,False,0.2,False,0.8264800000000001,False,0.7468620205696797,False,0.7394685630848861,False
client_1_zoom_blur,C1,0.4664999999999999,0.984670585894127,0.23822823860689668,0.8848592755248974,0.9410469522151772,0.05273339222009177,0.3833333333333333,False,0.1,False,0.8233,False,0.745601164854465,False,0.7275754102282107,False
client_1_zoom_blur,C1_C2,0.6473,0.9963223996431703,0.21275615754244886,0.8493551598109148,0.4768743147555973,0.02760039872588471,0.3083333333333333,False,0.1,False,0.9294600000000002,True,0.7335554145181655,False,0.6818760732703912,False
client_1_zoom_blur,C1_C2_C3,0.6697,0.9949381320059505,0.1916205978778678,0.8354173887926316,0.3185900250407496,0.0552611935524131,0.3833333333333333,False,0.0,False,0.93394,True,0.7015934199024721,False,0.6600432508347224,False
client_1_zoom_blur,C1_C2_C3_C4,0.6673,0.9942982658187028,0.19148555768371572,0.8241582671177173,0.23614099006946657,0.0573093368419515,0.3833333333333333,False,0.0,False,0.9334600000000002,True,0.6632975206644949,False,0.644098390809338,False
client_1_zoom_blur,C1_C2_C3_C4_C5,0.6677,0.9938265119586976,0.18614579641362633,0.8167393604236352,0.19301531709763345,0.06170084491607419,0.3833333333333333,False,0.0,False,0.93354,True,0.6346360168858085,False,0.6372687483663964,False
client_1_zoom_blur,C1_C2_C3_C5,0.6731,0.9941893890971312,0.18414288107662297,0.8094680197678544,0.23563213900005503,0.06245961657911747,0.3833333333333333,False,0.0,False,0.93462,True,0.6692471908815938,False,0.6480724053075462,False
client_1_zoom_blur,C1_C2_C4,0.6493,0.9949913559277351,0.20709166977993518,0.843670928511466,0.31698235308276346,0.04108450650664197,0.3083333333333333,False,0.0,False,0.9298600000000001,True,0.6918384813669343,False,0.651732792875185,False
client_1_zoom_blur,C1_C2_C4_C5,0.6682,0.9942230268875952,0.1951965170797901,0.8222936580118048,0.23938564178927532,0.056272128704326185,0.3833333333333333,False,0.0,False,0.93364,True,0.6655214211250555,False,0.6443565423984546,False
client_1_zoom_blur,C1_C2_C5,0.6738999999999999,0.9948477534124999,0.19429302433990753,0.8209900744579672,0.3182397455060914,0.056401829167029294,0.3833333333333333,False,0.0,False,0.9347800000000002,True,0.706193779736604,False,0.6617033653501591,False
client_1_zoom_blur,C1_C3,0.5932,0.9882738787277482,0.20123770434740487,0.8438878211178997,0.4808317082695727,0.04175482631143301,0.3083333333333333,False,0.1,False,0.8486400000000001,False,0.7238391460010388,False,0.6730882722984123,False
client_1_zoom_blur,C1_C3_C4,0.6264,0.9896604088960104,0.19623860319095054,0.8393692845950234,0.316038205608443,0.05305215737440028,0.3833333333333333,False,0.0,False,0.8552800000000002,False,0.6889758286297515,False,0.6484985516834172,False
client_1_zoom_blur,C1_C3_C4_C5,0.6252,0.9902486417678109,0.1907881516145074,0.819059135282382,0.2388347527783296,0.058454554965253425,0.3833333333333333,False,0.0,False,0.8550400000000001,False,0.657126361683624,False,0.6360566129383074,False
client_1_zoom_blur,C1_C3_C5,0.6215999999999999,0.9895366404406196,0.19400033339478134,0.8247516589721507,0.32315650921333033,0.05711081416522579,0.3833333333333333,False,0.0,False,0.8543200000000001,False,0.6953087150496483,False,0.6508468752348376,False
client_1_zoom_blur,C1_C4,0.5665,0.9884544539949753,0.21704940171214596,0.8617943058720416,0.4860741399124557,0.022901898960364875,0.3083333333333333,False,0.1,False,0.8433,False,0.712749500437764,False,0.6638798857320719,False
client_1_zoom_blur,C1_C4_C5,0.6110000000000001,0.9896224316713619,0.20106807828930956,0.8301840040690045,0.32237188687253726,0.050241974601089257,0.3083333333333333,False,0.0,False,0.8522000000000002,False,0.6902717653780504,False,0.6466303255242364,False
client_1_zoom_blur,C1_C5,0.5914,0.9882866549923839,0.208014658468874,0.8377275448008431,0.4801170262178306,0.0442166617320906,0.3083333333333333,False,0.1,False,0.8482800000000001,False,0.724672835426879,False,0.6718485279484028,False
client_1_zoom_blur,C2,0.6845,1.0,0.23471171959591206,0.8884684041003452,0.9685052458667702,0.003049948612738329,0.3833333333333333,False,0.1,False,0.9369000000000001,True,0.7902289816898662,False,0.7800753427243561,False
client_1_zoom_blur,C2_C3,0.6887000000000001,0.9962298319912758,0.20294891600927426,0.8376683157537812,0.4778824008080591,0.044738479091576466,0.3083333333333333,False,0.1,False,0.93774,True,0.7460934789473989,False,0.6934693096628529,False
client_1_zoom_blur,C2_C3_C4,0.6743,0.9949575953036017,0.1991763394211461,0.8347901898966614,0.3204627962174496,0.047875181937441114,0.3833333333333333,False,0.0,False,0.93486,True,0.7021212148433063,False,0.6598932693105338,False
client_1_zoom_blur,C2_C3_C4_C5,0.6564000000000001,0.9942130679030811,0.19357936562586917,0.82027611279575,0.24086721994590196,0.053911799080494704,0.3833333333333333,False,0.0,False,0.9312800000000001,True,0.6641934252485246,False,0.6428160510452667,False
client_1_zoom_blur,C2_C3_C5,0.671,0.9948228074665694,0.19360691619747405,0.8269458651457643,0.32296346758306804,0.05342308315725841,0.3833333333333333,False,0.0,False,0.9342000000000001,True,0.7055281941025858,False,0.6616047631360752,False
client_1_zoom_blur,C2_C4,0.6567000000000001,0.9962493863834836,0.22062951640133407,0.8646552345272435,0.48725015717515235,0.02027275544399887,0.3083333333333333,False,0.1,False,0.9313400000000001,True,0.7316878570721064,False,0.682711959858955,False
client_1_zoom_blur,C2_C4_C5,0.6577,0.9948385188589278,0.20672826769641486,0.833631756156876,0.31853076764093596,0.042226868220509584,0.3083333333333333,False,0.0,False,0.93154,True,0.697167351889973,False,0.6547685060252211,False
client_1_zoom_blur,C2_C5,0.6731,0.996059707862645,0.20827431097833418,0.8413813863700595,0.4757232525042983,0.03811413904922234,0.3083333333333333,False,0.1,False,0.93462,True,0.741138121316643,False,0.6884470691209349,False
client_1_zoom_blur,C3,0.5329999999999999,0.9843009893552769,0.22431162582809586,0.869043196781943,0.9604311946870828,0.005918264307569143,0.3833333333333333,False,0.1,False,0.8366000000000001,False,0.7630460762581694,False,0.7490432698448775,False
client_1_zoom_blur,C3_C4,0.5874999999999999,0.9883797154863634,0.20874356687131393,0.8485694716235241,0.4843439276735476,0.038141505920713636,0.3083333333333333,False,0.1,False,0.8475,False,0.7214052931666501,False,0.670702545975586,False
client_1_zoom_blur,C3_C4_C5,0.5962000000000001,0.9896056786111675,0.20012183699510372,0.8374942431472568,0.32390101151426676,0.04454455647868594,0.3083333333333333,False,0.0,False,0.8492400000000001,False,0.6852864697432206,False,0.6434310241915594,False
client_1_zoom_blur,C3_C5,0.5743,0.9882327701271145,0.20806283922219973,0.8489261243270958,0.48674750623010815,0.03309133824797472,0.3083333333333333,False,0.1,False,0.84486,False,0.7192430568853901,False,0.668614352874514,False
client_1_zoom_blur,C4,0.5101,0.9846111693860742,0.23951335746366237,0.8965103002717645,0.9353586492106629,0.02030007723385019,0.3833333333333333,False,0.1,False,0.8320200000000001,False,0.7454077038983542,False,0.7337237400796575,False
client_1_zoom_blur,C4_C5,0.557,0.9883246057353617,0.21649889943908646,0.8562669968206256,0.4842583958217219,0.019798539688987038,0.3083333333333333,False,0.1,False,0.8414000000000001,False,0.7124268970686892,False,0.6622535986217559,False
client_1_zoom_blur,C5,0.4841,0.9844668459132,0.2376064550166016,0.889942570441261,0.9671256712489644,0.03723232883710381,0.3833333333333333,False,0.1,False,0.8268200000000001,False,0.7478486736507686,False,0.7358864332652054,False
client_2_brightness,C1,0.4579000000000001,0.9846968689677471,0.2923282386068966,0.8647792559357903,0.9496681870754785,0.05204537736962844,0.3833333333333333,False,0.1,False,0.8215800000000001,False,0.7450585963631393,False,0.7147569118560843,False
client_2_brightness,C1_C2,0.5329999999999999,0.9882877423272347,0.2668561575424488,0.8292751402218077,0.4812431142683905,0.028288413576348037,0.3083333333333333,False,0.1,False,0.8366000000000001,False,0.7098723722433585,False,0.645454899750852,False
client_2_brightness,C1_C2_C3,0.6646000000000001,0.9947262411043828,0.24572059787786774,0.8153373692035245,0.3215087310878391,0.05594920840287643,0.3083333333333333,False,0.0,False,0.9329200000000002,True,0.7019249223929838,False,0.646736611904916,False
client_2_brightness,C1_C2_C3_C4,0.6343,0.9940247862423112,0.24558555768371565,0.8040782475286102,0.23830435389604368,0.05799735169241482,0.3083333333333333,False,0.0,False,0.92686,True,0.6579379682017801,False,0.6250483657004643,False
client_2_brightness,C1_C2_C3_C4_C5,0.6441000000000001,0.9936057741539271,0.24024579641362626,0.796659340834528,0.19478359271493095,0.06238885976653752,0.3083333333333333,False,0.0,False,0.9288200000000002,True,0.631174793623374,False,0.6200302539699912,False
client_2_brightness,C1_C2_C3_C5,0.6607000000000001,0.9940274322508509,0.2382428810766229,0.7893880001787473,0.23779084107774912,0.0631476314295808,0.3083333333333333,False,0.0,False,0.9321400000000002,True,0.6680662362280249,False,0.6331637523949183,False
client_2_brightness,C1_C2_C4,0.5442,0.9894652852141306,0.2611916697799351,0.8235909089223589,0.3198863307281558,0.0417725213571053,0.3083333333333333,False,0.0,False,0.8388400000000001,False,0.6706415477268133,False,0.617360372302632,False
client_2_brightness,C1_C2_C4_C5,0.5832999999999999,0.9901086733128278,0.24929651707979003,0.8022136384226977,0.24157873091749704,0.05696014355478951,0.3083333333333333,False,0.0,False,0.8466600000000001,False,0.6487571520997347,False,0.6141642875502347,False
client_2_brightness,C1_C2_C5,0.5804,0.9895390238308951,0.24839302433990745,0.8009100548688601,0.32115524252930816,0.05708984401749262,0.3083333333333333,False,0.0,False,0.84608,False,0.6874388211125696,False,0.6296967168795707,False
client_2_brightness,C1_C3,0.6965,0.9961705878538549,0.25533770434740477,0.8238078015287926,0.4852367627416306,0.04244284116189634,0.3083333333333333,False,0.1,False,0.9393,True,0.747829326425072,False,0.6833806230591345,False
client_2_brightness,C1_C3_C4,0.6595,0.9947516314967833,0.25033860319095047,0.8192892650059163,0.3189335336140912,0.0537401722248636,0.3083333333333333,False,0.0,False,0.9319000000000002,True,0.698218083019293,False,0.6438878598457907,False
client_2_brightness,C1_C3_C4_C5,0.6614,0.9940167003144571,0.24488815161450733,0.7989791156932748,0.24102279503451787,0.05914256981571675,0.3083333333333333,False,0.0,False,0.93228,True,0.6666016148028795,False,0.6316598311399635,False
client_2_brightness,C1_C3_C5,0.6857,0.9947046796111807,0.24810033339478127,0.8046716393830436,0.3261170502957972,0.05779882901568911,0.3083333333333333,False,0.0,False,0.9371400000000001,True,0.7107189747935565,False,0.6524645893265325,False
client_2_brightness,C1_C4,0.516,0.9882373888926511,0.27114940171214585,0.8417142862829345,0.4905272219928342,0.0235899138108282,0.3083333333333333,False,0.1,False,0.8332,False,0.7037862105621505,False,0.641799087168772,False
client_2_brightness,C1_C4_C5,0.5817,0.989473763315665,0.2551680782893095,0.8101039844798974,0.32532523977649636,0.05092998945155258,0.3083333333333333,False,0.0,False,0.8463400000000001,False,0.6855921605754001,False,0.6285032604749781,False
client_2_brightness,C1_C5,0.5752999999999999,0.9882903983370827,0.26211465846887394,0.817647525211736,0.4845155332569426,0.044904676582553926,0.3083333333333333,False,0.1,False,0.84506,False,0.7226277333797263,False,0.6566809760662542,False
client_2_brightness,C2,0.5004,0.9843009893552769,0.288811719595912,0.8683883845112381,0.977378035017616,0.0023619337622750036,0.3833333333333333,False,0.1,False,0.83008,False,0.7507461179792797,False,0.7290620964666699,False
client_2_brightness,C2_C3,0.7033,0.995901784269435,0.25704891600927415,0.8175882961646741,0.48226043572254745,0.04542649394203979,0.3083333333333333,False,0.1,False,0.94066,True,0.7502048702664709,False,0.6843713051424718,False
client_2_brightness,C2_C3_C4,0.6599,0.9945863308301379,0.253276339421146,0.8147101703075543,0.3233986593257419,0.04856319678790444,0.3083333333333333,False,0.0,False,0.93198,True,0.7004317575189658,False,0.6446981870785888,False
client_2_brightness,C2_C3_C4_C5,0.6517000000000001,0.9939323863963379,0.2476793656258691,0.8001960932066429,0.2430738822898087,0.05459981393095803,0.3083333333333333,False,0.0,False,0.9303400000000002,True,0.6644479059443992,False,0.6294332452537887,False
client_2_brightness,C2_C3_C5,0.6767,0.9946002346906053,0.24770691619747398,0.8068658455566572,0.3259222401488542,0.054111098007721736,0.3083333333333333,False,0.0,False,0.9353400000000001,True,0.7079388433818091,False,0.6504640011351289,False
client_2_brightness,C2_C4,0.5238999999999999,0.9880373786504342,0.274729516401334,0.8445752149381364,0.49171401312924423,0.020960770294462194,0.3083333333333333,False,0.1,False,0.8347800000000001,False,0.7042136374743464,False,0.6425743275442528,False
client_2_brightness,C2_C4_C5,0.5630999999999999,0.989398628385229,0.26082826769641476,0.8135517365677689,0.32144893081185993,0.04291488307097291,0.3083333333333333,False,0.0,False,0.84262,False,0.6780374815689943,False,0.6225161586057555,False
client_2_brightness,C2_C5,0.5601,0.9882204513686125,0.2623743109783341,0.8213013667809524,0.4800815067642921,0.038802153899685665,0.3083333333333333,False,0.1,False,0.8420200000000001,False,0.7177818028318659,False,0.6523228667152164,False
client_2_brightness,C3,0.8322,1.0,0.27841162582809575,0.8489631771928359,0.9692300148491014,0.006606279158032469,0.3833333333333333,False,0.1,False,0.9664400000000002,True,0.828159660954181,False,0.8009548340473152,False
client_2_brightness,C3_C4,0.696,0.9959732365844592,0.2628435668713138,0.828489452034417,0.4887811587211645,0.03882952077117696,0.3083333333333333,False,0.1,False,0.9392,True,0.746246971608472,False,0.6819806944458179,False
client_2_brightness,C3_C4_C5,0.661,0.994588195267682,0.25422183699510364,0.8174142235581497,0.32686837322260703,0.04523257132914926,0.3083333333333333,False,0.0,False,0.9322000000000001,True,0.7007823466993568,False,0.6451529979056196,False
client_2_brightness,C3_C5,0.6965,0.995890073757954,0.26216283922219963,0.8288461047379887,0.4912067572366575,0.03377935309843805,0.3083333333333333,False,0.1,False,0.9393,True,0.7468693570111798,False,0.6826496618430811,False
client_2_brightness,C4,0.481,0.9841561568351027,0.2936133574636623,0.8764302806826574,0.9439277716911908,0.019612062383386863,0.3833333333333333,False,0.1,False,0.8262000000000002,False,0.7406751671148064,False,0.7166985601066581,False
client_2_brightness,C4_C5,0.5332999999999999,0.9880917482316509,0.2705988994390864,0.8361869772315185,0.4886948432844381,0.020486554539450363,0.3083333333333333,False,0.1,False,0.8366600000000001,False,0.7087995696598886,False,0.6455263146546463,False
client_2_brightness,C5,0.4525999999999999,0.9844492335359907,0.29170645501660153,0.8698625508521539,0.9759858216714667,0.036544313986640486,0.3833333333333333,False,0.1,False,0.82052,False,0.7427798709722927,False,0.7185269389153532,False
client_2_glass_blur,C1,0.30820000000000003,0.9846968689677471,0.0921282386068966,0.9111779653058187,0.964161775269576,0.1447261298114344,0.45833333333333326,False,0.2,False,0.7916400000000001,False,0.5168456910332133,False,0.7323955004319067,False
client_2_glass_blur,C1_C2,0.3205999999999999,0.9882877423272347,0.06665615754244877,0.8756738495918361,0.4885877211683337,0.22505992075741088,0.3083333333333333,False,0.2,False,0.79412,False,0.4785578858960084,False,0.6491236920678435,False
client_2_glass_blur,C1_C2_C3,0.37440000000000007,0.9947262411043828,0.04552059787786772,0.8617360785735529,0.3264155134910109,0.25272071558393927,0.3083333333333333,False,0.1,False,0.8748800000000001,False,0.4695045534509493,False,0.6343578393225532,False
client_2_glass_blur,C1_C2_C3_C4,0.35629999999999984,0.9940247862423112,0.04538555768371562,0.8504769568986387,0.24194129279452997,0.25476885887347767,0.3083333333333333,False,0.1,False,0.8712600000000001,False,0.44885319974560245,False,0.6148556244171643,False
client_2_glass_blur,C1_C2_C3_C4_C5,0.34899999999999987,0.9936057741539271,0.040045796413626225,0.8430580502045565,0.1977563291066499,0.25916036694760036,0.3083333333333333,False,0.1,False,0.8698000000000001,False,0.43473343591166125,False,0.6062846721853378,False
client_2_glass_blur,C1_C2_C3_C5,0.3639,0.9940274322508509,0.03804288107662286,0.8357867095487758,0.2414199428775287,0.25991913861064364,0.3083333333333333,False,0.1,False,0.8727800000000001,False,0.4554495637009286,False,0.619209443691877,False
client_2_glass_blur,C1_C2_C4,0.3257000000000001,0.9894652852141306,0.06099166977993508,0.8699896182923873,0.3247683524801662,0.23854402853816814,0.3083333333333333,False,0.1,False,0.7951400000000001,False,0.45482567384658157,False,0.6193166475900369,False
client_2_glass_blur,C1_C2_C4_C5,0.32799999999999996,0.9901086733128278,0.049096517079790014,0.8486123477927261,0.24526564250411487,0.25373165073585235,0.3083333333333333,False,0.1,False,0.7956000000000001,False,0.4437273406108528,False,0.6085215408045612,False
client_2_glass_blur,C1_C2_C5,0.3317000000000001,0.9895390238308951,0.048193024339907437,0.8473087642388886,0.32605663008229074,0.25386135119855546,0.3083333333333333,False,0.1,False,0.7963400000000002,False,0.4649944130261456,False,0.6256168653271701,False
client_2_glass_blur,C1_C3,0.4114000000000001,0.9961705878538549,0.055137704347404774,0.8702065108988211,0.49264231966301375,0.23921434834295918,0.3083333333333333,False,0.2,False,0.8822800000000002,False,0.5007524830986186,False,0.672521605380414,False
client_2_glass_blur,C1_C3_C4,0.38159999999999994,0.9947516314967833,0.050138603190950454,0.8656879743759447,0.32380101402503986,0.25051167940592645,0.3083333333333333,False,0.1,False,0.87632,False,0.46879764986886135,False,0.6339612268649832,False
client_2_glass_blur,C1_C3_C4_C5,0.3636999999999999,0.9940167003144571,0.044688151614507315,0.8453778250633033,0.24470122207267986,0.2559140769967796,0.3083333333333333,False,0.1,False,0.8727400000000001,False,0.4529420759237115,False,0.6175353874845988,False
client_2_glass_blur,C1_C3_C5,0.3868999999999999,0.9947046796111807,0.04790033339478125,0.8510703487530721,0.33109416366485367,0.25457033619675196,0.3083333333333333,False,0.1,False,0.87738,False,0.47687190789683165,False,0.6383798829373466,False
client_2_glass_blur,C1_C4,0.3448,0.9882373888926511,0.07094940171214587,0.888112995652963,0.4980135205235375,0.22036142099189104,0.3083333333333333,False,0.2,False,0.7989600000000001,False,0.47906768569086333,False,0.6537362178119154,False
client_2_glass_blur,C1_C4_C5,0.3389,0.989473763315665,0.054968078289309455,0.8565026938499258,0.3302902687399147,0.24770149663261543,0.3083333333333333,False,0.1,False,0.79778,False,0.46379718561371247,False,0.6256161372046648,False
client_2_glass_blur,C1_C5,0.34530000000000005,0.9882903983370827,0.061914658468873895,0.8640462345817644,0.4919100829620298,0.24167618376361677,0.3083333333333333,False,0.2,False,0.7990600000000001,False,0.4875881899475299,False,0.6568397569442745,False
client_2_glass_blur,C2,0.3003000000000001,0.9843009893552769,0.08861171959591196,0.9147870938812666,0.9922945236841735,0.19440957341878784,0.45833333333333326,False,0.2,False,0.7900600000000001,False,0.5103494947750573,False,0.7367052651369843,False
client_2_glass_blur,C2_C3,0.36960000000000026,0.995901784269435,0.05684891600927416,0.8639870055347025,0.4896205687172027,0.24219800112310264,0.3083333333333333,False,0.2,False,0.8739200000000003,False,0.49425183258604466,False,0.6637832026784058,False
client_2_glass_blur,C2_C3_C4,0.3427,0.9945863308301379,0.05307633942114599,0.8611088796775828,0.32833428532078013,0.24533470396896728,0.3083333333333333,False,0.1,False,0.8685400000000001,False,0.4638225401087723,False,0.6269251832145994,False
client_2_glass_blur,C2_C3_C4_C5,0.34050000000000014,0.9939323863963379,0.047479365625869074,0.8465948025766713,0.24678361248672961,0.2513713211120209,0.3083333333333333,False,0.1,False,0.8681000000000001,False,0.448408022961369,False,0.6126150622301758,False
client_2_glass_blur,C2_C3_C5,0.35749999999999993,0.9946002346906053,0.04750691619747398,0.8532645549266856,0.33089638037625535,0.2508826051887846,0.3083333333333333,False,0.1,False,0.8715000000000002,False,0.47031361682777023,False,0.6322987001176119,False
client_2_glass_blur,C2_C4,0.29510000000000003,0.9880373786504342,0.07452951640133398,0.8909739243081648,0.4992184241567518,0.21773227747552504,0.3083333333333333,False,0.2,False,0.78902,False,0.4679239429608564,False,0.6429950806867571,False
client_2_glass_blur,C2_C4_C5,0.30599999999999994,0.989398628385229,0.06062826769641477,0.8599504459377973,0.32635480055881577,0.23968639025203575,0.3083333333333333,False,0.1,False,0.7912000000000001,False,0.4551984306236465,False,0.6167572034921495,False
client_2_glass_blur,C2_C5,0.3064,0.9882204513686125,0.062174310978334084,0.8677000761509809,0.4874083855134594,0.2355736610807485,0.3083333333333333,False,0.2,False,0.7912800000000001,False,0.4782514082241214,False,0.6477281134020527,False
client_2_glass_blur,C3,0.4498,1.0,0.07821162582809577,0.8953618865628643,0.9840221505568815,0.2033777863390953,0.3833333333333333,False,0.2,False,0.8899600000000001,False,0.5534057571675366,False,0.7721131321258738,False
client_2_glass_blur,C3_C4,0.3729999999999999,0.9959732365844592,0.06264356687131384,0.8748881614044455,0.49624080928959546,0.2356010279522398,0.3083333333333333,False,0.2,False,0.8746,False,0.49143795172739957,False,0.6635524954965067,False
client_2_glass_blur,C3_C4_C5,0.349,0.994588195267682,0.054021836995103614,0.8638129329281782,0.33185695308622476,0.2420040785102121,0.3083333333333333,False,0.1,False,0.8698000000000001,False,0.46485201711047186,False,0.628430584815346,False
client_2_glass_blur,C3_C5,0.37260000000000004,0.995890073757954,0.06196283922219964,0.8752448141080171,0.4987034266570267,0.2305508602795009,0.3083333333333333,False,0.2,False,0.8745200000000002,False,0.49204523695801133,False,0.6640488666641577,False
client_2_glass_blur,C4,0.32419999999999993,0.9841561568351027,0.09341335746366226,0.9228289900526858,0.9583337511628154,0.17715944479767598,0.45833333333333326,False,0.2,False,0.7948400000000001,False,0.5083018170907385,False,0.7328996269379858,False
client_2_glass_blur,C4_C5,0.30159999999999987,0.9880917482316509,0.07039889943908635,0.8825856866015469,0.49615317652918517,0.2172580617205132,0.3083333333333333,False,0.2,False,0.79032,False,0.4730821232277337,False,0.6453578522405984,False
client_2_glass_blur,C5,0.252,0.9844492335359907,0.09150645501660153,0.9162612602221823,0.9908810627410298,0.16022719319442236,0.45833333333333326,False,0.2,False,0.7804000000000001,False,0.5029300222928286,False,0.7260658580662688,False
client_2_impulse_noise,C1,0.3288000000000001,0.9846968689677471,0.1493282386068966,0.9150063031942688,0.9580443013028059,0.028745054907643897,0.45833333333333326,False,0.2,False,0.7957600000000001,False,0.6546954067416922,False,0.7242348394273977,False
client_2_impulse_noise,C1_C2,0.37550000000000006,0.9882877423272347,0.12385615754244877,0.8795021874802862,0.4854876992203622,0.10907884585362038,0.3833333333333333,False,0.2,False,0.8051000000000001,False,0.6168316373181768,False,0.6484265214670942,False
client_2_impulse_noise,C1_C2_C3,0.47140000000000004,0.9947262411043828,0.10272059787786772,0.865564416462003,0.3243444519146765,0.13673964068014877,0.3833333333333333,False,0.1,False,0.8942800000000002,True,0.6062410689666266,False,0.6422864607961314,False
client_2_impulse_noise,C1_C2_C3_C4,0.46510000000000007,0.9940247862423112,0.10258555768371562,0.8543052947870887,0.24040620853987418,0.13878778396968716,0.3833333333333333,False,0.1,False,0.8930200000000001,True,0.5741402058154788,False,0.6252514413550784,False
client_2_impulse_noise,C1_C2_C3_C4_C5,0.4699000000000001,0.9936057741539271,0.09724579641362623,0.8468863880930065,0.19650159237459502,0.14317929204380986,0.3833333333333333,False,0.1,False,0.8939800000000002,True,0.5516708653168674,False,0.6191565586277719,False
client_2_impulse_noise,C1_C2_C3_C5,0.46999999999999986,0.9940274322508509,0.09524288107662286,0.8396150474372258,0.23988816651645123,0.14393806370685314,0.3833333333333333,False,0.1,False,0.8940000000000001,True,0.5801558611651565,False,0.6290659222085064,False
client_2_impulse_noise,C1_C2_C4,0.3989999999999999,0.9894652852141306,0.11819166977993509,0.8738179561808374,0.322707741914089,0.12256295363437764,0.3833333333333333,False,0.1,False,0.8098000000000001,False,0.5855020914854026,False,0.6225073592656662,False
client_2_impulse_noise,C1_C2_C4_C5,0.42869999999999986,0.9901086733128278,0.10629651707979001,0.8524406856811761,0.24370946570739152,0.13775057583206185,0.3833333333333333,False,0.1,False,0.81574,False,0.5678283230485418,False,0.6172931392340615,False
client_2_impulse_noise,C1_C2_C5,0.41570000000000007,0.9895390238308951,0.10539302433990744,0.8511371021273386,0.3239878455718661,0.13788027629476496,0.3833333333333333,False,0.1,False,0.8131400000000001,False,0.5983564680521632,False,0.6309459422139302,False
client_2_impulse_noise,C1_C3,0.5053000000000001,0.9961705878538549,0.11233770434740478,0.8740348487872711,0.4895165718447857,0.12323327343916868,0.3833333333333333,False,0.2,False,0.9010600000000002,True,0.6474518473579987,False,0.6796192896056135,False
client_2_impulse_noise,C1_C3_C4,0.4837,0.9947516314967833,0.10733860319095045,0.8695163122643947,0.32174654108852657,0.13453060450213594,0.3833333333333333,False,0.1,False,0.8967400000000001,True,0.6062157036203887,False,0.6429131660665257,False
client_2_impulse_noise,C1_C3_C4_C5,0.48750000000000004,0.9940167003144571,0.10188815161450732,0.8492061629517533,0.24314862644603,0.1399330020929891,0.3833333333333333,False,0.1,False,0.8975000000000002,True,0.5817321034664646,False,0.6309277021481139,False
client_2_impulse_noise,C1_C3_C5,0.49629999999999996,0.9947046796111807,0.10510033339478125,0.8548986866415221,0.32899341669611715,0.13858926129296145,0.3833333333333333,False,0.1,False,0.8992600000000002,True,0.6161578120380534,False,0.6487825673324444,False
client_2_impulse_noise,C1_C4,0.3877999999999999,0.9882373888926511,0.12814940171214587,0.891941333541413,0.49485369317397215,0.10438034608810054,0.3833333333333333,False,0.2,False,0.8075600000000001,False,0.6158837115008902,False,0.6506470861308474,False
client_2_impulse_noise,C1_C4_C5,0.4414,0.989473763315665,0.11216807828930946,0.8603310317383759,0.32819462237400365,0.13172042172882492,0.3833333333333333,False,0.1,False,0.8182800000000001,False,0.601191474132171,False,0.6346398417203275,False
client_2_impulse_noise,C1_C5,0.4176000000000001,0.9882903983370827,0.1191146584688739,0.8678745724702145,0.48878898108504387,0.12569510885982627,0.3833333333333333,False,0.2,False,0.8135200000000001,False,0.629588782419641,False,0.6596183703577223,False
client_2_impulse_noise,C2,0.35870000000000013,0.9843009893552769,0.14581171959591196,0.9186154317697166,0.9859985512947793,0.07842849851499734,0.45833333333333326,False,0.2,False,0.8017400000000001,False,0.6568207001232953,False,0.7360689044479504,False
client_2_impulse_noise,C2_C3,0.5052,0.995901784269435,0.11404891600927416,0.8678153434231526,0.48651399349346997,0.12621692621931213,0.3833333333333333,False,0.2,False,0.9010400000000001,True,0.6489040409048545,False,0.6792247214225042,False
client_2_impulse_noise,C2_C3_C4,0.48249999999999993,0.9945863308301379,0.110276339421146,0.8649372175660328,0.3262510494008678,0.12935362906517678,0.3833333333333333,False,0.1,False,0.8965000000000001,True,0.6085001715699125,False,0.6434113698194619,False
client_2_impulse_noise,C2_C3_C4_C5,0.48130000000000006,0.9939323863963379,0.10467936562586908,0.8504231404651214,0.24521780437906954,0.13539024620823037,0.3833333333333333,False,0.1,False,0.8962600000000001,True,0.580426145761921,False,0.6294047343974887,False
client_2_impulse_noise,C2_C3_C5,0.49319999999999997,0.9946002346906053,0.10470691619747398,0.8570928928151357,0.3287968883153051,0.13490153028499408,0.3833333333333333,False,0.1,False,0.8986400000000001,True,0.6146119315801432,False,0.6479616354942671,False
client_2_impulse_noise,C2_C4,0.39059999999999984,0.9880373786504342,0.13172951640133398,0.8948022621966149,0.49605095185921433,0.10175120257173453,0.3833333333333333,False,0.2,False,0.8081200000000001,False,0.6153039148698487,False,0.6504044200160947,False
client_2_impulse_noise,C2_C4_C5,0.4224,0.989398628385229,0.11782826769641477,0.8637787838262474,0.32428412419769287,0.12370531534824525,0.3833333333333333,False,0.1,False,0.8144800000000001,False,0.5942289988307832,False,0.6285659020087699,False
client_2_impulse_noise,C2_C5,0.4082000000000001,0.9882204513686125,0.11937431097833409,0.8715284140394309,0.48431584628815105,0.119592586176958,0.3833333333333333,False,0.2,False,0.8116400000000001,False,0.6259229022606992,False,0.6564124393458362,False
client_2_impulse_noise,C3,0.6416,1.0,0.13541162582809577,0.8991902244513144,0.9777786652381716,0.08739671143530481,0.45833333333333326,False,0.2,False,0.92832,True,0.7253613277029306,False,0.7981672688509771,False
client_2_impulse_noise,C3_C4,0.5389999999999999,0.9959732365844592,0.11984356687131384,0.8787164992928955,0.49309222954919946,0.1196199530484493,0.3833333333333333,False,0.2,False,0.9078000000000002,True,0.6527450049795194,False,0.6850656133372728,False
client_2_impulse_noise,C3_C4_C5,0.5064,0.994588195267682,0.11122183699510362,0.8676412708166282,0.32975136632343377,0.1260230036064216,0.3833333333333333,False,0.1,False,0.9012800000000001,True,0.6132638845686842,False,0.6484323012516329,False
client_2_impulse_noise,C3_C5,0.5234,0.995890073757954,0.11916283922219964,0.8790731519964672,0.4955392219478528,0.11456978537571039,0.3833333333333333,False,0.2,False,0.9046800000000002,True,0.6501877853254044,False,0.682518859511168,False
client_2_impulse_noise,C4,0.38639999999999997,0.9841561568351027,0.15061335746366228,0.9266573279411359,0.9522532552081022,0.061178369893885476,0.45833333333333326,False,0.2,False,0.8072800000000001,False,0.6558897233620926,False,0.7330663615358881,False
client_2_impulse_noise,C4_C5,0.4254,0.9880917482316509,0.12759889943908637,0.886414024489997,0.4930051528066112,0.1012769868167227,0.3833333333333333,False,0.2,False,0.8150800000000001,False,0.6254498339802607,False,0.6584310812849288,False
client_2_impulse_noise,C5,0.3526,0.9844492335359907,0.1487064550166015,0.9200895981106324,0.9845940585670788,0.04424611829063185,0.45833333333333326,False,0.2,False,0.8005200000000001,False,0.6575208738728421,False,0.7338712910203236,False
client_2_motion_blur,C1,0.4348000000000001,0.9846968689677471,0.2528282386068967,0.8589352007627011,0.9595838069167432,0.034195089819190505,0.3833333333333333,False,0.1,False,0.8169600000000001,False,0.7326089656824806,False,0.7194356303070284,False
client_2_motion_blur,C1_C2,0.5071000000000001,0.9882877423272347,0.22735615754244887,0.8234310850487185,0.4862678416808214,0.046138701126785975,0.3083333333333333,False,0.1,False,0.8314200000000002,False,0.6970388925389186,False,0.6485954397160293,False
client_2_motion_blur,C1_C2_C3,0.6298999999999999,0.9947262411043828,0.2062205978778678,0.8094933140304353,0.32486564921619276,0.07379949595331436,0.3083333333333333,False,0.0,False,0.92598,True,0.6879007157931775,False,0.6477835900132777,False
client_2_motion_blur,C1_C2_C3_C4,0.6015000000000001,0.9940247862423112,0.20608555768371573,0.7982341923555211,0.24079252335555573,0.07584763924285276,0.3083333333333333,False,0.0,False,0.9203000000000001,True,0.645340778037608,False,0.6263015940750579,False
client_2_motion_blur,C1_C2_C3_C4_C5,0.6079000000000001,0.9936057741539271,0.20074579641362633,0.7908152856614389,0.1968173557523396,0.08023914731697546,0.3083333333333333,False,0.0,False,0.9215800000000001,True,0.6186524743760364,False,0.6205126010601639,False
client_2_motion_blur,C1_C2_C3_C5,0.6313,0.9940274322508509,0.19874288107662297,0.7835439450056582,0.2402736488773055,0.08099791898001873,0.3833333333333333,False,0.0,False,0.9262600000000001,True,0.6561800771574764,False,0.6350959084375205,False
client_2_motion_blur,C1_C2_C4,0.5203,0.9894652852141306,0.22169166977993518,0.8177468537492697,0.3232263091449176,0.059622808907543234,0.3083333333333333,False,0.0,False,0.8340600000000001,False,0.6589587735039827,False,0.6205639624686753,False
client_2_motion_blur,C1_C2_C4_C5,0.5527,0.9901086733128278,0.2097965170797901,0.7963695832496085,0.24410108861054536,0.07481043110522745,0.3083333333333333,False,0.0,False,0.8405400000000001,False,0.6366085775685294,False,0.6158643535715355,False
client_2_motion_blur,C1_C2_C5,0.5605,0.9895390238308951,0.20889302433990753,0.795065999695771,0.3245084698336326,0.07494013156793056,0.3083333333333333,False,0.0,False,0.8421000000000001,False,0.676546011259332,False,0.6337029568231267,False
client_2_motion_blur,C1_C3,0.6537999999999999,0.9961705878538549,0.21583770434740487,0.8179637463557035,0.4903031884025436,0.060293128712334276,0.3083333333333333,False,0.1,False,0.93076,True,0.7315096140020263,False,0.683169502674008,False
client_2_motion_blur,C1_C3_C4,0.6185,0.9947516314967833,0.21083860319095055,0.8134452098328271,0.32226356374144266,0.07159045977530154,0.3083333333333333,False,0.0,False,0.9237000000000002,True,0.6829715138980171,False,0.6436694603539521,False
client_2_motion_blur,C1_C3_C4_C5,0.6192,0.9940167003144571,0.2053881516145074,0.7931350605201857,0.24353934812239275,0.07699285736615469,0.3083333333333333,False,0.0,False,0.92384,True,0.6521130138081037,False,0.6310387362402297,False
client_2_motion_blur,C1_C3_C5,0.6494,0.9947046796111807,0.20860033339478135,0.7988275842099545,0.32952208453669957,0.07564911656612705,0.3083333333333333,False,0.0,False,0.92988,True,0.6964584284839277,False,0.653201190657404,False
client_2_motion_blur,C1_C4,0.4848000000000001,0.9882373888926511,0.23164940171214596,0.8358702311098454,0.4956488860869543,0.04144020136126614,0.3083333333333333,False,0.1,False,0.8269600000000001,False,0.6897776277873563,False,0.6438990144702872,False
client_2_motion_blur,C1_C4_C5,0.5468,0.989473763315665,0.21566807828930956,0.8042599293068082,0.3287220066117907,0.06878027700199052,0.3083333333333333,False,0.0,False,0.8393600000000001,False,0.6716779936756038,False,0.6295182083247282,False
client_2_motion_blur,C1_C5,0.5513000000000001,0.9882903983370827,0.222614658468874,0.8118034700386468,0.4895744284588113,0.06275496413299186,0.3083333333333333,False,0.1,False,0.8402600000000001,False,0.7101811986230092,False,0.660208349589319,False
client_2_motion_blur,C2,0.4746,0.9843009893552769,0.24931171959591206,0.862544329338149,0.987582977299911,0.015488353788162934,0.3833333333333333,False,0.1,False,0.8249200000000001,False,0.7375815311524734,False,0.73325867940582,False
client_2_motion_blur,C2_C3,0.6554,0.995901784269435,0.21754891600927426,0.8117442409915849,0.48729578513214855,0.06327678149247773,0.3083333333333333,False,0.1,False,0.9310800000000001,True,0.7329314338250805,False,0.683113969507083,False
client_2_motion_blur,C2_C3_C4,0.6089,0.9945863308301379,0.2137763394211461,0.8088661151344652,0.32677531046209696,0.06641348433834238,0.3083333333333333,False,0.0,False,0.92178,True,0.6832658263897126,False,0.642489111788551,False
client_2_motion_blur,C2_C3_C4_C5,0.6147,0.9939323863963379,0.20817936562586917,0.7943520380335537,0.2456118510697764,0.07245010148139597,0.3083333333333333,False,0.0,False,0.9229400000000001,True,0.6510294572103715,False,0.6298564334924733,False
client_2_motion_blur,C2_C3_C5,0.6443000000000001,0.9946002346906053,0.20820691619747406,0.801021790383568,0.32932524034946276,0.07196138555815967,0.3083333333333333,False,0.0,False,0.92886,True,0.694462211585307,False,0.6519801956579419,False
client_2_motion_blur,C2_C4,0.5015000000000001,0.9880373786504342,0.23522951640133408,0.8387311597650472,0.496848068677453,0.03881105784490013,0.3083333333333333,False,0.1,False,0.8303000000000001,False,0.6919761363401149,False,0.6464367331365856,False
client_2_motion_blur,C2_C4_C5,0.5354,0.989398628385229,0.22132826769641487,0.8077076813946797,0.3248052245570752,0.06076517062141085,0.3083333333333333,False,0.0,False,0.8370800000000002,False,0.6656784170951392,False,0.6249630118374896,False
client_2_motion_blur,C2_C5,0.5464000000000001,0.9882204513686125,0.22287431097833418,0.8154573116078633,0.4850941056685007,0.0566524414501236,0.3083333333333333,False,0.1,False,0.8392800000000001,False,0.7073927435897525,False,0.6579009809787493,False
client_2_motion_blur,C3,0.7688,1.0,0.23891162582809586,0.8431191220197467,0.9793498825005417,0.024456566708470406,0.3833333333333333,False,0.1,False,0.9537600000000002,True,0.8076118076882624,False,0.7976144020602942,False
client_2_motion_blur,C3_C4,0.6447,0.9959732365844592,0.22334356687131393,0.8226453968613279,0.4938845919217406,0.0566798083216149,0.3083333333333333,False,0.1,False,0.9289400000000001,True,0.7282330515369518,False,0.6800569755686241,False
client_2_motion_blur,C3_C4_C5,0.6225,0.994588195267682,0.21472183699510372,0.8115701683850606,0.33028125213243875,0.0630828588795872,0.3083333333333333,False,0.0,False,0.9245000000000001,True,0.68609456478733,False,0.645451168170277,False
client_2_motion_blur,C3_C5,0.6641,0.995890073757954,0.22266283922219973,0.8230020495648995,0.49633551645435675,0.051629640648875985,0.3083333333333333,False,0.1,False,0.9328200000000002,True,0.7326412305609191,False,0.684511008169312,False
client_2_motion_blur,C4,0.4474,0.9841561568351027,0.25411335746366237,0.8705862255095682,0.953783455043631,0.0017617748329489258,0.3833333333333333,False,0.1,False,0.8194800000000001,False,0.7258878407323297,False,0.7192652912598372,False
client_2_motion_blur,C4_C5,0.5070999999999999,0.9880917482316509,0.23109889943908646,0.8303429220584293,0.49379737525333284,0.0383368420898883,0.3083333333333333,False,0.1,False,0.83142,False,0.6958769080196919,False,0.6486224155311161,False
client_2_motion_blur,C5,0.43089999999999995,0.9844492335359907,0.2522064550166016,0.8640184956790647,0.9861762276573308,0.01869402643620255,0.3833333333333333,False,0.1,False,0.8161800000000001,False,0.7304953700351553,False,0.7235406145952172,False
client_2_zoom_blur,C1,0.41379999999999995,0.9846968689677471,0.2386282386068967,0.8666244194378587,0.9480258181257443,0.021108174935854485,0.3833333333333333,False,0.1,False,0.81276,False,0.7172970043203339,False,0.7165329544163442,False
client_2_zoom_blur,C1_C2,0.4859999999999999,0.9882877423272347,0.21315615754244888,0.8311203037238761,0.4804108459467762,0.059225616010121995,0.3083333333333333,False,0.1,False,0.8272,False,0.6825456145936107,False,0.646812962436736,False
client_2_zoom_blur,C1_C2_C3,0.6044,0.9947262411043828,0.19202059787786782,0.8171825327055929,0.3209527095592743,0.08688641083665039,0.3833333333333333,False,0.0,False,0.9208800000000001,True,0.6732496373637467,False,0.6455099239494098,False
client_2_zoom_blur,C1_C2_C3_C4,0.5791000000000001,0.9940247862423112,0.19188555768371574,0.8059234110306787,0.23789222713771704,0.08893455412618878,0.3833333333333333,False,0.0,False,0.9158200000000001,True,0.6322974228995597,False,0.624850456699006,False
client_2_zoom_blur,C1_C2_C3_C4_C5,0.5871,0.9936057741539271,0.18654579641362634,0.7985045043365965,0.1944467313469853,0.09332606220031148,0.3833333333333333,False,0.0,False,0.9174200000000001,True,0.6066821558655475,False,0.6194873980466088,False
client_2_zoom_blur,C1_C2_C3_C5,0.6115999999999999,0.9940274322508509,0.18454288107662298,0.7912331636808158,0.23737960239540476,0.09408483386335476,0.3833333333333333,False,0.0,False,0.92232,True,0.6437325935314611,False,0.6341860210086561,False
client_2_zoom_blur,C1_C2_C4,0.4953000000000001,0.9894652852141306,0.2074916697799352,0.8254360724244273,0.3193331150006181,0.07270972379087925,0.3083333333333333,False,0.0,False,0.8290600000000001,False,0.6444881617685219,False,0.6183942455073312,False
client_2_zoom_blur,C1_C2_C4_C5,0.5311000000000001,0.9901086733128278,0.19559651707979012,0.8040588019247661,0.24116094140746094,0.08789734598856347,0.3833333333333333,False,0.0,False,0.8362200000000001,False,0.6237119914898825,False,0.6145652459984344,False
client_2_zoom_blur,C1_C2_C5,0.5377000000000001,0.9895390238308951,0.19469302433990754,0.8027552183709286,0.320599832328616,0.08802704645126658,0.3833333333333333,False,0.0,False,0.8375400000000001,False,0.662569206375387,False,0.6319701511896392,False
client_2_zoom_blur,C1_C3,0.6331,0.9961705878538549,0.20163770434740488,0.825652965030861,0.4843975877505733,0.0733800435956703,0.3083333333333333,False,0.1,False,0.92662,True,0.7170522669618549,False,0.6814573044111297,False
client_2_zoom_blur,C1_C3_C4,0.5943,0.9947516314967833,0.19663860319095056,0.8211344285079847,0.31838196566671173,0.08467737465863756,0.3833333333333333,False,0.0,False,0.91886,True,0.6685922658683046,False,0.6416620626065217,False
client_2_zoom_blur,C1_C3_C4_C5,0.5945,0.9940167003144571,0.19118815161450742,0.8008242791953433,0.24060596696748332,0.09007977224949071,0.3833333333333333,False,0.0,False,0.9189,True,0.6385980139634,False,0.6291209818767636,False
client_2_zoom_blur,C1_C3_C5,0.6261000000000001,0.9947046796111807,0.19440033339478135,0.8065168028851121,0.32555305907794435,0.08873603144946307,0.3833333333333333,False,0.0,False,0.9252200000000002,True,0.6823038893319868,False,0.6513563074331687,False
client_2_zoom_blur,C1_C4,0.46710000000000007,0.9882373888926511,0.21744940171214597,0.843559449785003,0.4896788976103134,0.05452711624460216,0.3083333333333333,False,0.1,False,0.8234200000000002,False,0.675832025253831,False,0.6427739386424747,False
client_2_zoom_blur,C1_C4_C5,0.5215000000000001,0.989473763315665,0.20146807828930957,0.8119491479819658,0.3247626179264172,0.08186719188532654,0.3083333333333333,False,0.0,False,0.8343000000000002,False,0.6571461649472248,False,0.6272752524551692,False
client_2_zoom_blur,C1_C5,0.5302000000000001,0.9882903983370827,0.208414658468874,0.8194926887138044,0.4836776055698673,0.07584187901632788,0.3083333333333333,False,0.1,False,0.8360400000000001,False,0.6957214110482336,False,0.6584179068790459,False
client_2_zoom_blur,C2,0.4635,0.9843009893552769,0.23511171959591207,0.8702335480133065,0.9756877442837455,0.028575268671498955,0.3833333333333333,False,0.1,False,0.8227000000000001,False,0.7240603098545373,False,0.7322685546701025,False
client_2_zoom_blur,C2_C3,0.6463999999999999,0.995901784269435,0.20334891600927427,0.8194334596667425,0.4814264080315124,0.07636369637581375,0.3083333333333333,False,0.1,False,0.9292800000000001,True,0.7208812091318422,False,0.6837490159544716,False
client_2_zoom_blur,C2_C3_C4,0.5886,0.9945863308301379,0.1995763394211461,0.8165553338096228,0.32283936932983504,0.0795003992216784,0.3833333333333333,False,0.0,False,0.9177200000000001,True,0.669717734981425,False,0.6412508454296144,False
client_2_zoom_blur,C2_C3_C4_C5,0.5931,0.9939323863963379,0.19397936562586918,0.8020412567087113,0.2426535070448576,0.08553701636473199,0.3833333333333333,False,0.0,False,0.91862,True,0.6381476342810971,False,0.6285536865550053,False
client_2_zoom_blur,C2_C3_C5,0.626,0.9946002346906053,0.19400691619747407,0.8087110090587256,0.32535858583829264,0.0850483004414957,0.3833333333333333,False,0.0,False,0.9252,True,0.6813132760084785,False,0.6511357866232235,False
client_2_zoom_blur,C2_C4,0.4757000000000001,0.9880373786504342,0.2210295164013341,0.8464203784402048,0.4908636362941523,0.05189797272823615,0.3083333333333333,False,0.1,False,0.8251400000000001,False,0.6763970599325191,False,0.6436887685274412,False
client_2_zoom_blur,C2_C4_C5,0.516,0.989398628385229,0.20712826769641488,0.8153969000698373,0.32089301270269754,0.07385208550474687,0.3083333333333333,False,0.0,False,0.8332,False,0.6524000554467116,False,0.6239094913341299,False
client_2_zoom_blur,C2_C5,0.5271000000000001,0.9882204513686125,0.2086743109783342,0.8231465302830209,0.4792512473423361,0.06973935633345962,0.3083333333333333,False,0.1,False,0.8354200000000002,False,0.6932919185383186,False,0.656481331181032,False
client_2_zoom_blur,C3,0.7668,1.0,0.22471162582809587,0.8508083406949043,0.9675538154110211,0.03754348159180643,0.3833333333333333,False,0.1,False,0.9533600000000002,True,0.7961010930941392,False,0.7984641105099058,False
client_2_zoom_blur,C3_C4,0.6128,0.9959732365844592,0.20914356687131394,0.8303346155364855,0.487935854003976,0.06976672320495092,0.3083333333333333,False,0.1,False,0.92256,True,0.7115126214724393,False,0.676096149852587,False
client_2_zoom_blur,C3_C4_C5,0.5933999999999999,0.994588195267682,0.20052183699510373,0.8192593870602182,0.32630308265676833,0.07616977376292322,0.3083333333333333,False,0.0,False,0.9186800000000002,True,0.6707602030535433,False,0.6424444561426588,False
client_2_zoom_blur,C3_C5,0.6411,0.995890073757954,0.20846283922219974,0.8306912682400571,0.4903572576567363,0.064716555532212,0.3083333333333333,False,0.1,False,0.92822,True,0.7177068070891872,False,0.6823242782773036,False
client_2_zoom_blur,C4,0.4197000000000002,0.9841561568351027,0.23991335746366238,0.8782754441847258,0.9422953302931151,0.011325140050387095,0.3833333333333333,False,0.1,False,0.8139400000000001,False,0.7090173755626681,False,0.7150365881772498,False
client_2_zoom_blur,C4_C5,0.48130000000000006,0.9880917482316509,0.21689889943908647,0.8380321407335869,0.4878496878423281,0.05142375697322432,0.3083333333333333,False,0.1,False,0.8262600000000001,False,0.6803885497178467,False,0.645881799916431,False
client_2_zoom_blur,C5,0.41269999999999996,0.9844492335359907,0.23800645501660161,0.8717077143542223,0.9742979386501028,0.005607111552866528,0.3833333333333333,False,0.1,False,0.8125400000000002,False,0.7156057041232157,False,0.7211338786612874,False
client_3_brightness,C1,0.4212,0.9845954383508245,0.2589282386068967,0.9035527588004968,0.9450419830633267,0.029694365190041427,0.3833333333333333,False,0.2,False,0.8142400000000001,False,0.7177034100962953,False,0.7170287352167402,False
client_3_brightness,C1_C2,0.5388999999999999,0.9883969192270429,0.23345615754244886,0.8680486430865142,0.4788987914234768,0.05063942575593505,0.3083333333333333,False,0.2,False,0.8377800000000001,False,0.6922614190009639,False,0.6567452208483017,False
client_3_brightness,C1_C2_C3,0.5644,0.9895634539791658,0.2123205978778678,0.854110872068231,0.3199425367033765,0.07830022058246344,0.3083333333333333,False,0.1,False,0.8428800000000001,False,0.6631618853182882,False,0.6359081658894506,False
client_3_brightness,C1_C2_C3_C4,0.6365000000000001,0.9941372880659187,0.21218555768371572,0.8428517503933167,0.23714348047403078,0.08034836387200184,0.3083333333333333,False,0.1,False,0.9273,True,0.643044309639055,False,0.6358360416672539,False
client_3_brightness,C1_C2_C3_C4_C5,0.6219,0.9937464062627542,0.20684579641362633,0.8354328436992345,0.1938347258892514,0.08473987194612453,0.3083333333333333,False,0.1,False,0.9243800000000002,True,0.6129607519133967,False,0.6259859573130911,False
client_3_brightness,C1_C2_C3_C5,0.5715999999999999,0.9902565375758138,0.20484288107662296,0.8281615030434538,0.23663246917689132,0.08549864360916781,0.3083333333333333,False,0.1,False,0.8443200000000001,False,0.634042052604629,False,0.6249152493662098,False
client_3_brightness,C1_C2_C4,0.6403000000000001,0.9948254885498866,0.22779166977993517,0.8623644117870654,0.31832803968841444,0.06412353353669231,0.3083333333333333,False,0.1,False,0.9280600000000001,True,0.6739921877018386,False,0.6478981050483055,False
client_3_brightness,C1_C2_C4_C5,0.6322,0.9941589093948715,0.2158965170797901,0.8409871412874041,0.24040190672834244,0.07931115573437653,0.3083333333333333,False,0.1,False,0.9264400000000002,True,0.6441708953732728,False,0.6350763202152832,False
client_3_brightness,C1_C2_C5,0.5705,0.9896957067523967,0.21499302433990752,0.8396835577335666,0.3195907701254383,0.07944085619707963,0.3083333333333333,False,0.1,False,0.8441000000000001,False,0.6683582619564654,False,0.6379925092695677,False
client_3_brightness,C1_C3,0.5195,0.9881634485318495,0.22193770434740487,0.8625813043934991,0.4828729852778916,0.06479385334148335,0.3083333333333333,False,0.2,False,0.8339000000000001,False,0.6914727612722569,False,0.6564637899884561,False
client_3_brightness,C1_C3_C4,0.6265,0.99479509423062,0.21693860319095054,0.8580627678706227,0.31737988402058537,0.07609118440445062,0.3083333333333333,False,0.1,False,0.9253,True,0.6742346565163249,False,0.6475431727603275,False
client_3_brightness,C1_C3_C4_C5,0.6213000000000001,0.9941133630368064,0.2114881516145074,0.8377526185579813,0.239848679025807,0.08149358199530377,0.3083333333333333,False,0.1,False,0.9242600000000001,True,0.6432189785307253,False,0.6339816907691619,False
client_3_brightness,C1_C3_C5,0.5547,0.9895439711999656,0.21470033339478134,0.8434451422477501,0.32452840699170216,0.08014984119527613,0.3083333333333333,False,0.1,False,0.8409400000000001,False,0.6659234992839376,False,0.635472069269941,False
client_3_brightness,C1_C4,0.6307,0.99620103688782,0.23774940171214595,0.880487789147641,0.48813767263934765,0.045940925990415216,0.3083333333333333,False,0.2,False,0.9261400000000002,True,0.7096392856063154,False,0.6764112571835791,False
client_3_brightness,C1_C4_C5,0.6381,0.9947900842411299,0.22176807828930956,0.8488774873446039,0.3237404536901656,0.0732810016311396,0.3083333333333333,False,0.1,False,0.9276200000000001,True,0.6809679551705655,False,0.6510869177292757,False
client_3_brightness,C1_C5,0.5519,0.9883682896083151,0.22871465846887398,0.8564210280764425,0.4821552691832288,0.06725568876214094,0.3083333333333333,False,0.2,False,0.8403800000000001,False,0.699195813226348,False,0.6621018517922286,False
client_3_brightness,C2,0.5003,0.9846111693860742,0.255411719595912,0.9071618873759446,0.9726168455321477,0.019989078417312012,0.3833333333333333,False,0.2,False,0.8300600000000001,False,0.730445121596536,False,0.7387092448622063,False
client_3_brightness,C2_C3,0.5511999999999999,0.9882730803777422,0.22364891600927425,0.8563617990293806,0.47991115710817983,0.06777750612162681,0.3083333333333333,False,0.2,False,0.8402400000000001,False,0.699067320673922,False,0.6625130589277304,False
client_3_brightness,C2_C3_C4,0.6347,0.9947688274959945,0.2198763394211461,0.8534836731722608,0.32182325836395487,0.07091420896749145,0.3083333333333333,False,0.1,False,0.9269400000000001,True,0.6781655260459519,False,0.6499369565058735,False
client_3_brightness,C2_C3_C4_C5,0.6164000000000001,0.9941318998420723,0.21427936562586916,0.8389695960713494,0.24188977463536432,0.07695082611054505,0.3083333333333333,False,0.1,False,0.9232800000000001,True,0.6420886147456505,False,0.6327336766985174,False
client_3_brightness,C2_C3_C5,0.5593999999999999,0.9896492370892126,0.21430691619747405,0.8456393484213637,0.32433454584094085,0.07646211018730875,0.3083333333333333,False,0.1,False,0.8418800000000001,False,0.6659493820775485,False,0.6362536130397383,False
client_3_brightness,C2_C4,0.6418999999999999,0.9960399199946979,0.24132951640133407,0.8833487178028429,0.48931868245340576,0.04331178247404921,0.3083333333333333,False,0.2,False,0.92838,True,0.7107218862940301,False,0.6778531199644084,False
client_3_brightness,C2_C4_C5,0.6245,0.9947781183726786,0.22742826769641486,0.8523252394324754,0.3198830277378576,0.06526589525055992,0.3083333333333333,False,0.1,False,0.9249,True,0.6746059441626006,False,0.6461162262749156,False
client_3_brightness,C2_C5,0.5426,0.988499931596206,0.22897431097833418,0.8600748696456589,0.47774284256243826,0.06115316607927268,0.3083333333333333,False,0.2,False,0.83852,False,0.6955802604991981,False,0.6589683802068349,False
client_3_brightness,C3,0.48429999999999995,0.9841561568351027,0.24501162582809585,0.8877366800575424,0.9645085175467637,0.028957291337619484,0.3833333333333333,False,0.2,False,0.82686,False,0.734623027462923,False,0.7378191162403388,False
client_3_brightness,C3_C4,0.6441000000000001,0.9960886713218801,0.22944356687131393,0.8672629548991235,0.48640011512265935,0.06118053295076398,0.3083333333333333,False,0.2,False,0.9288200000000002,True,0.716918881731974,False,0.6817049229600716,False
client_3_brightness,C3_C4_C5,0.6135999999999999,0.9947494085393834,0.22082183699510372,0.8561877264228562,0.32527606993159686,0.06758358350873628,0.3083333333333333,False,0.1,False,0.92272,True,0.674021041824286,False,0.6459441301882285,False
client_3_brightness,C3_C5,0.5212999999999999,0.9882803116730149,0.22876283922219973,0.8676196076026952,0.48881389760204946,0.05613036527802506,0.3083333333333333,False,0.2,False,0.8342600000000001,False,0.6909661267672106,False,0.6561664877856422,False
client_3_brightness,C4,0.6780999999999999,0.9999999999999998,0.26021335746366236,0.9152037835473639,0.9393295314805473,0.002738949796200152,0.3833333333333333,False,0.2,False,0.9356200000000001,True,0.7635994971728911,False,0.7689250309839792,False
client_3_brightness,C4_C5,0.6251,0.9960125083600894,0.23719889943908645,0.874960480096225,0.48631422016207937,0.04283756671903738,0.3083333333333333,False,0.2,False,0.9250200000000002,True,0.7102268650131676,False,0.6755516923423328,False
client_3_brightness,C5,0.46030000000000004,0.984696238457156,0.2583064550166016,0.9086360537168604,0.9712314142000275,0.014193301807053471,0.3833333333333333,False,0.2,False,0.8220600000000001,False,0.7241339116470716,False,0.7297228086917691,False
client_3_glass_blur,C1,0.26250000000000007,0.9845954383508245,0.06822823860689661,0.9131042822369063,0.9788695552651276,0.20149321990289293,0.3833333333333333,False,0.2,False,0.7825000000000001,False,0.4270214087066401,False,0.7311494020007413,False
client_3_glass_blur,C1_C2,0.2901999999999998,0.9883969192270429,0.042756157542448776,0.8776001665229237,0.49604086948409487,0.2818270108488694,0.3083333333333333,False,0.2,False,0.7880400000000001,False,0.39506773673188095,False,0.6495287888040662,False
client_3_glass_blur,C1_C2_C3,0.30920000000000003,0.9895634539791658,0.021620597877867728,0.8636623955046405,0.3313948102052148,0.3094878056753978,0.3083333333333333,False,0.1,False,0.7918400000000001,False,0.38375670900750053,False,0.6262537729334593,False
client_3_glass_blur,C1_C2_C3_C4,0.33620000000000005,0.9941372880659187,0.021485557683715628,0.8524032738297262,0.2456319797700288,0.3115359489649362,0.3083333333333333,False,0.1,False,0.86724,False,0.3818430060600774,False,0.6165688938700945,False
client_3_glass_blur,C1_C2_C3_C4_C5,0.3293999999999999,0.9937464062627542,0.016145796413626234,0.8449843671356441,0.20077299773616003,0.3159274570390589,0.3083333333333333,False,0.1,False,0.86588,False,0.3744463211219794,False,0.6079687640261139,False
client_3_glass_blur,C1_C2_C3_C5,0.31099999999999994,0.9902565375758138,0.01414288107662287,0.8377130264798633,0.24510267693467228,0.31668622870210217,0.3083333333333333,False,0.1,False,0.7922000000000001,False,0.38068137439494076,False,0.613584443261407,False
client_3_glass_blur,C1_C2_C4,0.33329999999999993,0.9948254885498866,0.03709166977993509,0.8719159352234749,0.3297225226208156,0.29531111862962667,0.3083333333333333,False,0.1,False,0.86666,False,0.38719598979918946,False,0.6278721539784268,False
client_3_glass_blur,C1_C2_C4_C5,0.3286,0.9941589093948715,0.025196517079790023,0.8505386647238137,0.24900704068328405,0.3104987408273109,0.3083333333333333,False,0.1,False,0.86572,False,0.3815277758436968,False,0.6151724993499125,False
client_3_glass_blur,C1_C2_C5,0.3043999999999999,0.9896957067523967,0.024293024339907446,0.849235081169976,0.3310304522191417,0.310628441290014,0.3083333333333333,False,0.1,False,0.79088,False,0.38832979273291807,False,0.6261555980319493,False
client_3_glass_blur,C1_C3,0.31709999999999994,0.9881634485318495,0.031237704347404784,0.8721328278299088,0.5001573187429927,0.2959814384344177,0.3833333333333333,False,0.2,False,0.7934200000000001,False,0.40201386597015376,False,0.6585358090251174,False
client_3_glass_blur,C1_C3_C4,0.34519999999999995,0.99479509423062,0.026238603190950463,0.8676142913070323,0.32874042792711583,0.307278769497385,0.3083333333333333,False,0.1,False,0.86904,False,0.3903969007115826,False,0.6326504338852745,False
client_3_glass_blur,C1_C3_C4_C5,0.3356,0.9941133630368064,0.020788151614507325,0.847304141994391,0.24843401031548412,0.3126811670882381,0.3083333333333333,False,0.1,False,0.8671200000000001,False,0.38392092073180667,False,0.6176539093707384,False
client_3_glass_blur,C1_C3_C5,0.3197,0.9895439711999656,0.024000333394781262,0.8529966656841597,0.33614483072291285,0.3113374262882105,0.3083333333333333,False,0.1,False,0.7939400000000001,False,0.3904573450143699,False,0.6298905063598242,False
client_3_glass_blur,C1_C4,0.3457,0.99620103688782,0.04704940171214587,0.8900393125840506,0.5056104544432859,0.27712851108334957,0.3833333333333333,False,0.2,False,0.86914,False,0.4035292992204341,False,0.6620009658880077,False
client_3_glass_blur,C1_C4_C5,0.3438,0.9947900842411299,0.031068078289309464,0.8584290107810133,0.335328672804357,0.30446858672407395,0.3083333333333333,False,0.1,False,0.8687600000000002,False,0.39481871666786367,False,0.633639713895755,False
client_3_glass_blur,C1_C5,0.30779999999999985,0.9883682896083151,0.038014658468873905,0.865972551512852,0.4994139121568516,0.2984432738550753,0.3083333333333333,False,0.2,False,0.79156,False,0.4023287931544991,False,0.655828732730594,False
client_3_glass_blur,C2,0.26839999999999986,0.9846111693860742,0.06471171959591197,0.9167134108123541,0.9926233651843888,0.25117666351024637,0.3833333333333333,False,0.2,False,0.78368,False,0.421684927674155,False,0.7354257011362955,False
client_3_glass_blur,C2_C3,0.3041999999999999,0.9882730803777422,0.032948916009274166,0.8659133224657902,0.4970894725782545,0.29896509121456116,0.3083333333333333,False,0.2,False,0.7908400000000001,False,0.40149278035088126,False,0.6556438743653863,False
client_3_glass_blur,C2_C3_C4,0.3327999999999999,0.9947688274959945,0.029176339421146003,0.8630351966086703,0.33334285188850626,0.3021017940604258,0.3083333333333333,False,0.1,False,0.86656,False,0.3907999863387067,False,0.6309560275544246,False
client_3_glass_blur,C2_C3_C4_C5,0.3234,0.9941318998420723,0.023579365625869084,0.8485211195077589,0.2505481664983709,0.3081384112034794,0.3083333333333333,False,0.1,False,0.8646800000000001,False,0.3817163184855211,False,0.6149605074147597,False
client_3_glass_blur,C2_C3_C5,0.3026000000000001,0.9896492370892126,0.023606916197473987,0.8551908718577732,0.335944030354432,0.3076496952802431,0.3083333333333333,False,0.1,False,0.7905200000000001,False,0.38659151612311415,False,0.6263106622860776,False
client_3_glass_blur,C2_C4,0.32289999999999996,0.9960399199946979,0.050629516401333986,0.8929002412392524,0.5068337382467245,0.27449936756698357,0.3833333333333333,False,0.2,False,0.8645800000000001,False,0.3977980569741453,False,0.6566512834667131,False
client_3_glass_blur,C2_C4_C5,0.32189999999999996,0.9947781183726786,0.03672826769641478,0.8618767628688849,0.3313331711292205,0.2964534803434943,0.3083333333333333,False,0.1,False,0.8643800000000001,False,0.3891776574478533,False,0.6269814072968292,False
client_3_glass_blur,C2_C5,0.2826000000000001,0.988499931596206,0.03827431097833409,0.8696263930820685,0.4948435436850376,0.29234075117220704,0.3083333333333333,False,0.2,False,0.7865200000000001,False,0.39597561475413356,False,0.6494836727749959,False
client_3_glass_blur,C3,0.31220000000000003,0.9841561568351027,0.05431162582809577,0.8972882034939519,0.9990328901157004,0.26014487643055384,0.3833333333333333,False,0.2,False,0.7924400000000001,False,0.4412483209391185,False,0.749399143097767,False
client_3_glass_blur,C3_C4,0.34619999999999995,0.9960886713218801,0.03874356687131385,0.876814478335533,0.5038107014332714,0.29236811804369833,0.3833333333333333,False,0.2,False,0.86924,False,0.4082092966073664,False,0.664702192565835,False
client_3_glass_blur,C3_C4_C5,0.3319,0.9947494085393834,0.030121836995103624,0.8657392498592658,0.33691925609509643,0.29877116860167063,0.3083333333333333,False,0.1,False,0.8663800000000001,False,0.39029178368675455,False,0.6310279197645694,False
client_3_glass_blur,C3_C5,0.3052999999999999,0.9882803116730149,0.03806283922219965,0.8771711310391047,0.5063108847314234,0.2873179503709594,0.3833333333333333,False,0.2,False,0.7910600000000001,False,0.3988420655271786,False,0.655561037555158,False
client_3_glass_blur,C4,0.3622000000000001,0.9999999999999998,0.06951335746366227,0.9247553069837734,0.9729526277206144,0.2339265348891345,0.3833333333333333,False,0.2,False,0.8724400000000001,False,0.43891400649972917,False,0.7515648025756337,False
client_3_glass_blur,C4_C5,0.33520000000000016,0.9960125083600894,0.04649889943908636,0.8845120035326345,0.5037217318812629,0.27402515181197173,0.3833333333333333,False,0.2,False,0.86704,False,0.4042857717444721,False,0.6601483470298105,False
client_3_glass_blur,C5,0.26970000000000005,0.984696238457156,0.06760645501660154,0.9181875771532699,0.9940393114676479,0.21699428328588088,0.3833333333333333,False,0.2,False,0.7839400000000001,False,0.42452500113620084,False,0.7352595404889342,False
client_3_impulse_noise,C1,0.28169999999999995,0.9845954383508245,0.1126282386068967,0.9244006893400329,0.9893894363658592,0.09877257547851537,0.45833333333333326,False,0.2,False,0.78634,False,0.5724646676647761,False,0.7293430189312002,False
client_3_impulse_noise,C1_C2,0.35109999999999997,0.9883969192270429,0.08715615754244888,0.8888965736260503,0.5013718055010628,0.17910636642449185,0.45833333333333326,False,0.2,False,0.80022,False,0.542374131180644,False,0.6550246167177723,False
client_3_impulse_noise,C1_C2_C3,0.39890000000000003,0.9895634539791658,0.06602059787786782,0.8749588026077671,0.33495630007075067,0.20676716125102024,0.3083333333333333,False,0.1,False,0.80978,False,0.5265804737223607,False,0.6371557116168791,False
client_3_impulse_noise,C1_C2_C3_C4,0.43779999999999997,0.9941372880659187,0.06588555768371572,0.8636996809328529,0.24827177912615256,0.20881530454055863,0.3083333333333333,False,0.1,False,0.8875600000000001,False,0.5129227497370933,False,0.6296664944516319,False
client_3_impulse_noise,C1_C2_C3_C4_C5,0.43899999999999995,0.9937464062627542,0.06054579641362633,0.8562807742387707,0.20293069898763041,0.21320681261468133,0.3083333333333333,False,0.1,False,0.8878000000000001,False,0.4959892013176515,False,0.6225699449867207,False
client_3_impulse_noise,C1_C2_C3_C5,0.4153,0.9902565375758138,0.05854288107662296,0.84900943358299,0.24773678788945158,0.2139655842777246,0.3083333333333333,False,0.1,False,0.8130600000000001,False,0.5125554838239604,False,0.6272209061626756,False
client_3_impulse_noise,C1_C2_C4,0.4123,0.9948254885498866,0.08149166977993519,0.8832123423266015,0.33326604046295016,0.1925904742052491,0.3833333333333333,False,0.1,False,0.88246,False,0.5264202427423588,False,0.6366304982571662,False
client_3_impulse_noise,C1_C2_C4_C5,0.43010000000000026,0.9941589093948715,0.06959651707979012,0.8618350718269403,0.25168311171557156,0.20777809640293332,0.3083333333333333,False,0.1,False,0.8860200000000003,False,0.5130974421692005,False,0.6282573542666827,False
client_3_impulse_noise,C1_C2_C5,0.405,0.9896957067523967,0.06869302433990754,0.8605314882731028,0.3345880263405715,0.20790779686563643,0.3083333333333333,False,0.1,False,0.811,False,0.5329058933382951,False,0.639236753566548,False
client_3_impulse_noise,C1_C3,0.3728,0.9881634485318495,0.07563770434740488,0.8834292349330353,0.5055324941139459,0.19326079401004015,0.45833333333333326,False,0.2,False,0.80456,False,0.5489550371918333,False,0.6630004848096206,False
client_3_impulse_noise,C1_C3_C4,0.4394,0.99479509423062,0.07063860319095056,0.8789106984101589,0.3322733912276858,0.2045581250730074,0.3083333333333333,False,0.1,False,0.88788,False,0.5336853632931208,False,0.6444466672557012,False
client_3_impulse_noise,C1_C3_C4_C5,0.4444999999999999,0.9941133630368064,0.06518815161450742,0.8586005490975175,0.25110392300797657,0.20996052266386056,0.3083333333333333,False,0.1,False,0.8889,False,0.5170975978491918,False,0.6322175326195494,False
client_3_impulse_noise,C1_C3_C5,0.41069999999999995,0.9895439711999656,0.06840033339478135,0.8642930727872863,0.3397573689133286,0.20861678186383292,0.3083333333333333,False,0.1,False,0.8121400000000001,False,0.5338848777342105,False,0.6410626547082199,False
client_3_impulse_noise,C1_C4,0.4096000000000001,0.99620103688782,0.09144940171214597,0.9013357196871772,0.5110442344964305,0.174407866658972,0.45833333333333326,False,0.2,False,0.88192,False,0.552042601147796,False,0.6681173626089493,False
client_3_impulse_noise,C1_C4_C5,0.4474,0.9947900842411299,0.07546807828930956,0.86972541788414,0.33893243977064347,0.2017479422996964,0.3083333333333333,False,0.1,False,0.88948,False,0.5401585902052277,False,0.6473301079993249,False
client_3_impulse_noise,C1_C5,0.4025000000000001,0.9883682896083151,0.082414658468874,0.8772689586159786,0.5047810981600145,0.19572262943069774,0.45833333333333326,False,0.2,False,0.8105000000000001,False,0.5568448903639338,False,0.6680918106415393,False
client_3_impulse_noise,C2,0.36,0.9846111693860742,0.10911171959591207,0.9280098179154808,0.9820690986885754,0.1484560190858688,0.45833333333333326,False,0.2,False,0.802,False,0.5800770956613337,False,0.7438844885474455,False
client_3_impulse_noise,C2_C3,0.41559999999999997,0.9882730803777422,0.07734891600927427,0.8772097295689167,0.5024316779005277,0.1962444467901836,0.45833333333333326,False,0.2,False,0.8131200000000001,False,0.5593316842420785,False,0.6712419561401536,False
client_3_impulse_noise,C2_C3_C4,0.4467000000000001,0.9947688274959945,0.0735763394211461,0.874331603711797,0.33692527729829036,0.19938114963604825,0.3833333333333333,False,0.1,False,0.88934,False,0.53791076446924,False,0.6467021533466941,False
client_3_impulse_noise,C2_C3_C4_C5,0.45100000000000007,0.9941318998420723,0.06797936562586918,0.8598175266108855,0.2532407999625461,0.20541776677910184,0.3083333333333333,False,0.1,False,0.8902000000000001,True,0.5184677357522692,False,0.6332686748179074,False
client_3_impulse_noise,C2_C3_C5,0.4297000000000001,0.9896492370892126,0.06800691619747408,0.8664872789608998,0.3395544105494438,0.20492905085586555,0.3083333333333333,False,0.1,False,0.8159400000000001,False,0.5369577351817657,False,0.6447023790353925,False
client_3_impulse_noise,C2_C4,0.4277000000000001,0.9960399199946979,0.09502951640133409,0.904196648342379,0.5122806648934018,0.171778723142606,0.45833333333333326,False,0.2,False,0.8855400000000002,False,0.5544904335518122,False,0.6709503095063613,False
client_3_impulse_noise,C2_C4_C5,0.4467,0.9947781183726786,0.08112826769641487,0.8731731699720116,0.3348939985614964,0.19373283591911672,0.3833333333333333,False,0.1,False,0.88934,False,0.537553939154302,False,0.6449032134935969,False
client_3_impulse_noise,C2_C5,0.4090999999999999,0.988499931596206,0.08267431097833419,0.8809228001851951,0.50016161207835,0.18962010674782948,0.45833333333333326,False,0.2,False,0.8118200000000001,False,0.556561668299415,False,0.6680969271639708,False
client_3_impulse_noise,C3,0.3744000000000002,0.9841561568351027,0.09871162582809587,0.9085846105970785,0.9903250531064081,0.15742423200617628,0.45833333333333326,False,0.2,False,0.8048800000000002,False,0.5933493038555944,False,0.7523472164062212,False
client_3_impulse_noise,C3_C4,0.47120000000000006,0.9960886713218801,0.08314356687131394,0.8881108854386597,0.5092251395959934,0.18964747361932077,0.45833333333333326,False,0.2,False,0.8942400000000001,True,0.5691030817136563,False,0.683034720908692,False
client_3_impulse_noise,C3_C4_C5,0.4616,0.9947494085393834,0.07452183699510372,0.8770356569623924,0.34054011701124515,0.19605052417729307,0.3833333333333333,False,0.1,False,0.89232,True,0.5407430010496772,False,0.6499417326581118,False
client_3_impulse_noise,C3_C5,0.4173,0.9882803116730149,0.08246283922219974,0.8884675381422313,0.5117521922874012,0.18459730594658186,0.45833333333333326,False,0.2,False,0.8134600000000001,False,0.5570434329871041,False,0.6712989397766662,False
client_3_impulse_noise,C4,0.47099999999999986,0.9999999999999998,0.11391335746366237,0.9360517140869,0.9834089197824234,0.13120589046475695,0.45833333333333326,False,0.2,False,0.8942000000000001,True,0.6030020046724471,False,0.7676657016983083,False
client_3_impulse_noise,C4_C5,0.4575,0.9960125083600894,0.09089889943908645,0.8958084106357611,0.509135213890937,0.17130450738759417,0.45833333333333326,False,0.2,False,0.8915000000000002,True,0.5640560411179819,False,0.6779406841420579,False
client_3_impulse_noise,C5,0.37419999999999987,0.984696238457156,0.11200645501660163,0.9294839842563966,0.9834699896397303,0.11427363886150332,0.45833333333333326,False,0.2,False,0.8048400000000001,False,0.5853259417352807,False,0.7462953168336633,False
client_3_motion_blur,C1,0.4344,0.9845954383508245,0.22922823860689673,0.9024701230544148,0.9453676893851894,0.03337098199752453,0.3833333333333333,False,0.2,False,0.8168800000000002,False,0.724327374078262,False,0.7255656129065045,False
client_3_motion_blur,C1_C2,0.5486,0.9883969192270429,0.20375615754244888,0.8669660073404322,0.4790638426769602,0.04696280894845195,0.3083333333333333,False,0.2,False,0.8397200000000001,False,0.6977955958908305,False,0.6645499675243901,False
client_3_motion_blur,C1_C2_C3,0.5725,0.9895634539791658,0.18262059787786783,0.853028236322149,0.3200528040869475,0.07462360377498034,0.3833333333333333,False,0.1,False,0.8445000000000001,False,0.667935767737279,False,0.6433819557915565,False
client_3_motion_blur,C1_C2_C3_C4,0.6455,0.9941372880659187,0.18248555768371572,0.8417691146472347,0.23722521137293598,0.07667174706451874,0.3833333333333333,False,0.1,False,0.9291,True,0.6476483662239819,False,0.6434841242724267,False
client_3_motion_blur,C1_C2_C3_C4_C5,0.6276999999999999,0.9937464062627542,0.17714579641362632,0.8343502079531525,0.1939015305357646,0.08106325513864143,0.3833333333333333,False,0.1,False,0.92554,True,0.6166102857492326,False,0.6329910546677857,False
client_3_motion_blur,C1_C2_C3_C5,0.5773000000000001,0.9902565375758138,0.17514288107662296,0.8270788672973718,0.2367140239570494,0.08182202680168471,0.3833333333333333,False,0.1,False,0.8454600000000001,False,0.6379401455254466,False,0.6319032967476332,False
client_3_motion_blur,C1_C2_C4,0.6579,0.9948254885498866,0.1980916697799352,0.8612817760409833,0.3184377506396852,0.06044691672920921,0.3833333333333333,False,0.1,False,0.9315800000000001,True,0.6807597334626879,False,0.6572717836639513,False
client_3_motion_blur,C1_C2_C4_C5,0.6429,0.9941589093948715,0.18619651707979012,0.8399045055413221,0.24048476063558946,0.07563453892689342,0.3833333333333333,False,0.1,False,0.9285800000000002,True,0.6491599917682274,False,0.6430646274221244,False
client_3_motion_blur,C1_C2_C5,0.5812999999999999,0.9896957067523967,0.18529302433990755,0.8386009219874846,0.31970091627355063,0.07576423938959653,0.3833333333333333,False,0.1,False,0.8462600000000001,False,0.6736948120632591,False,0.6460062749245818,False
client_3_motion_blur,C1_C3,0.5316000000000001,0.9881634485318495,0.1922377043474049,0.8614986686474171,0.48303940622720426,0.06111723653400025,0.3833333333333333,False,0.2,False,0.8363200000000001,False,0.6973977302535189,False,0.6647488106037105,False
client_3_motion_blur,C1_C3_C4,0.6337999999999999,0.99479509423062,0.18723860319095056,0.8569801321245407,0.31748926819241075,0.07241456759696752,0.3833333333333333,False,0.1,False,0.92676,True,0.6788791103689011,False,0.6548567860200845,False
client_3_motion_blur,C1_C3_C4_C5,0.6259999999999999,0.9941133630368064,0.18178815161450743,0.8366699828118993,0.23993134226452997,0.07781696518782066,0.3833333333333333,False,0.1,False,0.9252,True,0.6469761337740325,False,0.6407699598422983,False
client_3_motion_blur,C1_C3_C5,0.5581,0.9895439711999656,0.18500033339478136,0.8423625065016681,0.3246402548838335,0.07647322438779303,0.3833333333333333,False,0.1,False,0.8416200000000001,False,0.6697970212837181,False,0.6420061752737591,False
client_3_motion_blur,C1_C4,0.6557,0.99620103688782,0.20804940171214598,0.879405153401559,0.48830590804980284,0.042264309182932114,0.3083333333333333,False,0.2,False,0.9311400000000001,True,0.7182893485763026,False,0.687276640691062,False
client_3_motion_blur,C1_C4_C5,0.6469,0.9947900842411299,0.19206807828930955,0.8477948515985219,0.3238520300161906,0.0696043848236565,0.3833333333333333,False,0.1,False,0.9293800000000001,True,0.6859638678244036,False,0.6587009694198726,False
client_3_motion_blur,C1_C5,0.5604,0.9883682896083151,0.199014658468874,0.8553383923303605,0.48232144277351036,0.06357907195465784,0.3833333333333333,False,0.2,False,0.84208,False,0.7044801569551802,False,0.6696668229356767,False
client_3_motion_blur,C2,0.5245,0.9846111693860742,0.22571171959591207,0.9060792516298626,0.9729520554604021,0.01631246160982891,0.3833333333333333,False,0.2,False,0.8349000000000001,False,0.739297915074635,False,0.749448023273249,False
client_3_motion_blur,C2_C3,0.562,0.9882730803777422,0.19394891600927427,0.8552791632832986,0.4800765572709281,0.0641008893141437,0.3833333333333333,False,0.2,False,0.8424000000000001,False,0.7047539622911005,False,0.6705378753856718,False
client_3_motion_blur,C2_C3_C4,0.6451,0.9947688274959945,0.1901763394211461,0.8524010374261788,0.3219341739334747,0.06723759216000835,0.3833333333333333,False,0.1,False,0.9290200000000002,True,0.6834485422163046,False,0.6578708760451691,False
client_3_motion_blur,C2_C3_C4_C5,0.6204000000000001,0.9941318998420723,0.18457936562586919,0.8378869603252673,0.24197314133251074,0.07327420930306194,0.3833333333333333,False,0.1,False,0.92408,True,0.6457183294026395,False,0.6393820864633385,False
client_3_motion_blur,C2_C3_C5,0.5590999999999999,0.9896492370892126,0.1846069161974741,0.8445567126752817,0.3244463269193184,0.07278549337982565,0.3833333333333333,False,0.1,False,0.8418200000000001,False,0.6690637007959308,False,0.6420477056808056,False
client_3_motion_blur,C2_C4,0.6834000000000001,0.9960399199946979,0.2116295164013341,0.8822660820567608,0.48948732489589714,0.03963516566656611,0.3083333333333333,False,0.2,False,0.9366800000000002,True,0.7227110435721731,False,0.6920185848782985,False
client_3_motion_blur,C2_C4_C5,0.631,0.9947781183726786,0.19772826769641488,0.8512426036863934,0.3199932746118146,0.06158927844307682,0.3833333333333333,False,0.1,False,0.9262000000000001,True,0.6791544932501837,False,0.6532700120750987,False
client_3_motion_blur,C2_C5,0.5439999999999999,0.988499931596206,0.1992743109783342,0.8589922338995769,0.47790749542107946,0.05747654927178958,0.3833333333333333,False,0.2,False,0.8388000000000001,False,0.6994274878312654,False,0.665113047203955,False
client_3_motion_blur,C3,0.4831,0.9841561568351027,0.21531162582809588,0.8866540443114603,0.964840932960349,0.025280674530136382,0.3833333333333333,False,0.2,False,0.8266200000000001,False,0.7382551622807565,False,0.7434773357484475,False
client_3_motion_blur,C3_C4,0.6473,0.9960886713218801,0.19974356687131395,0.8661803191530415,0.4865677516883246,0.057503916143280875,0.3833333333333333,False,0.2,False,0.9294600000000002,True,0.7211451683567952,False,0.6882101866985963,False
client_3_motion_blur,C3_C4_C5,0.6137999999999999,0.9947494085393834,0.1911218369951037,0.8551050906767742,0.3253881755038636,0.06390696670125318,0.3833333333333333,False,0.1,False,0.92276,True,0.6772713672151661,False,0.6518382877280737,False
client_3_motion_blur,C3_C5,0.519,0.9882803116730149,0.19906283922219975,0.8665369718566132,0.48898236607172246,0.05245374847054196,0.3833333333333333,False,0.2,False,0.8338000000000001,False,0.6940720922328629,False,0.6615719179049686,False
client_3_motion_blur,C4,0.7085,0.9999999999999998,0.2305133574636624,0.9141211478012818,0.9396532690204648,0.0009376670112829499,0.3833333333333333,False,0.2,False,0.9417000000000002,True,0.7737422497750281,False,0.7809015149173547,False
client_3_motion_blur,C4_C5,0.6196,0.9960125083600894,0.20749889943908645,0.8738778443501429,0.4864818271242644,0.03916094991155428,0.3083333333333333,False,0.2,False,0.9239200000000001,True,0.7127554068994245,False,0.6803169501601616,False
client_3_motion_blur,C5,0.4529000000000001,0.984696238457156,0.22860645501660165,0.9075534179707784,0.9715661466428882,0.017869918614536573,0.3833333333333333,False,0.2,False,0.8205800000000001,False,0.7266600589414303,False,0.7341414916057332,False
client_3_zoom_blur,C1,0.4439000000000001,0.9845954383508245,0.22722823860689662,0.8943634626256496,0.9388597544501083,0.03326939223400083,0.3833333333333333,False,0.2,False,0.8187800000000002,False,0.7268901679628258,False,0.7257533598766117,False
client_3_zoom_blur,C1_C2,0.5736,0.9883969192270429,0.20175615754244877,0.858859346911667,0.4757659551429371,0.04706439871197565,0.3083333333333333,False,0.2,False,0.8447200000000001,False,0.703540853322177,False,0.668479723974709,False
client_3_zoom_blur,C1_C2_C3,0.5919000000000001,0.9895634539791658,0.18062059787786772,0.8449215758933838,0.3178495525392426,0.07472519353850404,0.3833333333333333,False,0.1,False,0.8483800000000001,False,0.6724562273249898,False,0.6464106394391392,False
client_3_zoom_blur,C1_C2_C3_C4,0.6559999999999999,0.9941372880659187,0.1804855576837156,0.8336624542184695,0.23559214705530526,0.07677333682804244,0.3833333333333333,False,0.1,False,0.9312,True,0.6502155050216429,False,0.6448468453660241,False
client_3_zoom_blur,C1_C2_C3_C4_C5,0.6367,0.9937464062627542,0.1751457964136262,0.8262435475243873,0.19256670752593646,0.08116484490216513,0.3833333333333333,False,0.1,False,0.92734,True,0.6187463325241674,False,0.6341134240229436,False
client_3_zoom_blur,C1_C2_C3_C5,0.5897000000000001,0.9902565375758138,0.17314288107662285,0.8189722068686066,0.23508447866643814,0.08192361656520841,0.3833333333333333,False,0.1,False,0.8479400000000001,False,0.6408833446606446,False,0.6336467216466345,False
client_3_zoom_blur,C1_C2_C4,0.6674,0.9948254885498866,0.19609166977993508,0.8531751156122181,0.31624561716050487,0.06054850649273291,0.3833333333333333,False,0.1,False,0.9334800000000001,True,0.6832829512211039,False,0.6583226909252389,False
client_3_zoom_blur,C1_C2_C4_C5,0.6497999999999999,0.9941589093948715,0.18419651707979,0.8317978451125569,0.23882925749890746,0.07573612869041713,0.3833333333333333,False,0.1,False,0.9299600000000001,True,0.6510125408020876,False,0.6437028607519115,False
client_3_zoom_blur,C1_C2_C5,0.5936,0.9896957067523967,0.18329302433990743,0.8304942615587194,0.3175000871303977,0.07586582915312023,0.3833333333333333,False,0.1,False,0.8487200000000001,False,0.6767829423012033,False,0.6476154430530747,False
client_3_zoom_blur,C1_C3,0.5443,0.9881634485318495,0.19023770434740478,0.8533920082186519,0.4797141508137775,0.061218826297523954,0.3833333333333333,False,0.2,False,0.83886,False,0.7006916945979205,False,0.6662130934781486,False
client_3_zoom_blur,C1_C3_C4,0.6398999999999999,0.99479509423062,0.18523860319095045,0.8488734716957755,0.315303664090237,0.07251615736049122,0.3833333333333333,False,0.1,False,0.92798,True,0.6807368643725829,False,0.6552289991567731,False
client_3_zoom_blur,C1_C3_C4_C5,0.6296999999999999,0.9941133630368064,0.1797881516145073,0.8285633223831341,0.23827964887382425,0.07791855495134437,0.3833333333333333,False,0.1,False,0.92594,True,0.6481884504481306,False,0.6407689551212807,False
client_3_zoom_blur,C1_C3_C5,0.5724,0.9895439711999656,0.18300033339478125,0.8342558460729029,0.32240542320953947,0.07657481415131673,0.3833333333333333,False,0.1,False,0.8444800000000001,False,0.6732970631098828,False,0.6440085428960238,False
client_3_zoom_blur,C1_C4,0.6576,0.99620103688782,0.20604940171214586,0.8712984929727938,0.48494439790545835,0.042365898946455816,0.3083333333333333,False,0.2,False,0.9315200000000001,True,0.7194282034381071,False,0.6865736726193165,False
client_3_zoom_blur,C1_C4_C5,0.6439999999999999,0.9947900842411299,0.19006807828930944,0.8396881911697567,0.3216226245016971,0.0697059745871802,0.3833333333333333,False,0.1,False,0.9288000000000001,True,0.6860173734475596,False,0.6572644222740973,False
client_3_zoom_blur,C1_C5,0.5635000000000001,0.9883682896083151,0.1970146584688739,0.8472317319015953,0.4790011298385445,0.06368066171818154,0.3833333333333333,False,0.2,False,0.8427000000000001,False,0.7058516257526405,False,0.669212094305807,False
client_3_zoom_blur,C2,0.5479,0.9846111693860742,0.22371171959591196,0.8979725912010974,0.9662542290559396,0.01641405137335261,0.3833333333333333,False,0.2,False,0.8395800000000001,False,0.7446504666962402,False,0.7523777919494801,False
client_3_zoom_blur,C2_C3,0.5871,0.9882730803777422,0.19194891600927416,0.8471725028545334,0.476771698184186,0.06420247907766741,0.3833333333333333,False,0.2,False,0.8474200000000001,False,0.7105239517607876,False,0.6744862375254469,False
client_3_zoom_blur,C2_C3_C4,0.6544000000000001,0.9947688274959945,0.18817633942114598,0.8442943769974136,0.31971797098845894,0.06733918192353205,0.3833333333333333,False,0.1,False,0.9308800000000002,True,0.6859390759636852,False,0.6588769694132897,False
client_3_zoom_blur,C2_C3_C4_C5,0.6299,0.9941318998420723,0.18257936562586907,0.8297802998965021,0.24030739214570146,0.07337579906658565,0.3833333333333333,False,0.1,False,0.92598,True,0.6480872024630627,False,0.6405382705831001,False
client_3_zoom_blur,C2_C3_C5,0.5712999999999999,0.9896492370892126,0.182606916197474,0.8364500522465165,0.3222128302500064,0.07288708314334935,0.3833333333333333,False,0.1,False,0.8442600000000001,False,0.672138811316829,False,0.6436303403040669,False
client_3_zoom_blur,C2_C4,0.6931,0.9960399199946979,0.20962951640133398,0.8741594216279956,0.48611768184828974,0.03973675543008981,0.3083333333333333,False,0.2,False,0.93862,True,0.725411622363645,False,0.6928739902259006,False
client_3_zoom_blur,C2_C4_C5,0.6342,0.9947781183726786,0.19572826769641477,0.8431359432576282,0.3177904328665127,0.061690868206600524,0.3833333333333333,False,0.1,False,0.9268400000000001,True,0.6804117908148416,False,0.6530587776831619,False
client_3_zoom_blur,C2_C5,0.5489999999999999,0.988499931596206,0.1972743109783341,0.8508855734708117,0.47461756821063006,0.05757813903531328,0.3833333333333333,False,0.2,False,0.8398000000000001,False,0.7011747493035736,False,0.6650443957189885,False
client_3_zoom_blur,C3,0.49760000000000004,0.9841561568351027,0.21331162582809576,0.8785473838826952,0.958198943727046,0.025382264293660084,0.3833333333333333,False,0.2,False,0.8295200000000001,False,0.7418040264677399,False,0.7446382718589105,False
client_3_zoom_blur,C3_C4,0.6483,0.9960886713218801,0.19774356687131384,0.8580736587242763,0.4832182070560602,0.05760550590680458,0.3833333333333333,False,0.2,False,0.9296600000000002,True,0.7221034981849184,False,0.6873296117292671,False
client_3_zoom_blur,C3_C4_C5,0.6152,0.9947494085393834,0.1891218369951036,0.846998430248009,0.3231481951252227,0.06400855646477688,0.3833333333333333,False,0.1,False,0.9230400000000001,True,0.6781835467276998,False,0.6512596256094689,False
client_3_zoom_blur,C3_C5,0.5302,0.9882803116730149,0.19706283922219964,0.858430311427848,0.4856161991733526,0.05255533823406566,0.3833333333333333,False,0.2,False,0.8360400000000001,False,0.6970652485379674,False,0.6627280184824182,False
client_3_zoom_blur,C4,0.6835,0.9999999999999998,0.22851335746366228,0.9060144873725167,0.9331846722988035,0.0008360772477592482,0.3833333333333333,False,0.2,False,0.9367000000000001,True,0.7694391006344042,False,0.774197129530146,False
client_3_zoom_blur,C4_C5,0.6079,0.9960125083600894,0.20549889943908634,0.8657711839213778,0.4831328739988587,0.03926253967507798,0.3083333333333333,False,0.2,False,0.9215800000000001,True,0.711162689420775,False,0.6768964934922039,False
client_3_zoom_blur,C5,0.4353,0.984696238457156,0.22660645501660154,0.8994467575420132,0.9648778608695596,0.01776832885101287,0.3833333333333333,False,0.2,False,0.8170600000000001,False,0.7238061413580857,False,0.7288731684081909,False
client_4_brightness,C1,0.4688,0.9849574729018697,0.2874282386068967,0.8634707078632804,0.9445560093680719,0.04371847408354612,0.3833333333333333,False,0.1,False,0.8237600000000002,False,0.7418990016402522,False,0.7168157422941765,False
client_4_brightness,C1_C2,0.5362,0.9885007812277383,0.2619561575424489,0.8279665921492978,0.4786525248877122,0.03661531686243036,0.3083333333333333,False,0.1,False,0.8372400000000001,False,0.7055935272261343,False,0.6464685348475661,False
client_4_brightness,C1_C2_C3,0.5716000000000001,0.9897301186679625,0.24082059787786783,0.8140288211310146,0.31977801104248793,0.06427611168895875,0.3083333333333333,False,0.0,False,0.8443200000000001,False,0.6774844982490472,False,0.6276403886013107,False
client_4_brightness,C1_C2_C3_C4,0.5717,0.9904117864181864,0.24068555768371575,0.8027696994561003,0.2370215329885466,0.06632425497849714,0.3083333333333333,False,0.0,False,0.8443400000000001,False,0.640408379064417,False,0.6123983467468891,False
client_4_brightness,C1_C2_C3_C4_C5,0.6146999999999999,0.9939696465146616,0.23534579641362635,0.7953507927620181,0.1937350492826061,0.07071576305261984,0.3083333333333333,False,0.0,False,0.9229400000000001,True,0.6216538835843604,False,0.6148624649484221,False
client_4_brightness,C1_C2_C3_C5,0.6353,0.9943467082108943,0.233342881076623,0.7880794521062374,0.23651078447131835,0.07147453471566312,0.3083333333333333,False,0.0,False,0.92706,True,0.6589941120023829,False,0.6287407414583898,False
client_4_brightness,C1_C2_C4,0.5441,0.9897880111332008,0.25629166977993517,0.822282360849849,0.3181643442584515,0.05009942464318762,0.3083333333333333,False,0.0,False,0.8388200000000001,False,0.6661324417253298,False,0.617909665385254,False
client_4_brightness,C1_C2_C4_C5,0.6128,0.9943646330685039,0.24439651707979013,0.8009050903501878,0.24027828364592616,0.06528704684087183,0.3083333333333333,False,0.0,False,0.92256,True,0.6516035842626625,False,0.6215045352398048,False
client_4_brightness,C1_C2_C5,0.6503,0.9950076138381158,0.24349302433990755,0.7996015067963502,0.31942642535524757,0.06541674730357494,0.3083333333333333,False,0.0,False,0.9300600000000001,True,0.6982551105947938,False,0.6452738166389518,False
client_4_brightness,C1_C3,0.5595,0.9884922478403994,0.25043770434740487,0.8224992534562827,0.48262467507241946,0.05076974444797866,0.3083333333333333,False,0.1,False,0.8419000000000001,False,0.7135305806881725,False,0.65477168271535,False
client_4_brightness,C1_C3_C4,0.5629,0.9898342456163526,0.24543860319095057,0.8179807169334063,0.31721667616548344,0.062067075510945924,0.3083333333333333,False,0.0,False,0.8425800000000001,False,0.6730774254927201,False,0.6240901563727321,False
client_4_brightness,C1_C3_C4_C5,0.6266999999999999,0.9944308690501431,0.23998815161450743,0.7976705676207649,0.2397253404324566,0.06746947310179907,0.3083333333333333,False,0.0,False,0.92534,True,0.6556532980511712,False,0.6253923191594375,False
client_4_brightness,C1_C3_C5,0.6552,0.9950757278918009,0.24320033339478137,0.8033630913105337,0.324361523115655,0.06612573230177143,0.3083333333333333,False,0.0,False,0.9310400000000001,True,0.700143080469564,False,0.6469368387393771,False
client_4_brightness,C1_C4,0.5208999999999999,0.9886403682105651,0.26624940171214595,0.8404057382104246,0.48788665514719703,0.03191681709691052,0.3083333333333333,False,0.1,False,0.83418,False,0.6998247153143865,False,0.6431807148559763,False
client_4_brightness,C1_C4_C5,0.6335,0.9951147646383077,0.2502680782893096,0.8087954364073875,0.32357397500731033,0.0592568927376349,0.3083333333333333,False,0.0,False,0.9267000000000001,True,0.6927970691029768,False,0.6404903529784185,False
client_4_brightness,C1_C5,0.681,0.996437871232819,0.25721465846887404,0.8163389771392261,0.4819073280525163,0.05323157986863625,0.3083333333333333,False,0.1,False,0.9362000000000001,True,0.7408508741641484,False,0.6797779747972652,False
client_4_brightness,C2,0.482,0.9844668459132,0.2839117195959121,0.8670798364387282,0.972116691876584,0.0059649695238073175,0.3833333333333333,False,0.1,False,0.8264000000000001,False,0.7416092145638679,False,0.7252121443427971,False
client_4_brightness,C2_C3,0.5534999999999999,0.9883431805586723,0.25214891600927425,0.8162797480921642,0.479664369978514,0.05375339722812211,0.3083333333333333,False,0.1,False,0.8407000000000001,False,0.7134046323430302,False,0.6532295164442615,False
client_4_brightness,C2_C3_C4,0.5456000000000001,0.9897099322063823,0.24837633942114612,0.8134016222350444,0.32165776557010134,0.05689010007398676,0.3083333333333333,False,0.0,False,0.8391200000000001,False,0.6717833447594106,False,0.6213638737954587,False
client_4_brightness,C2_C3_C4_C5,0.6044,0.9943208129074608,0.2427793656258692,0.798887545134133,0.2417653864391459,0.06292671721704035,0.3083333333333333,False,0.0,False,0.9208800000000001,True,0.6509773628219483,False,0.6206383765786297,False
client_4_brightness,C2_C3_C5,0.6417999999999999,0.9949377411635854,0.24280691619747408,0.8055572974841473,0.3241677616550889,0.06243800129380406,0.3083333333333333,False,0.0,False,0.9283600000000001,True,0.6964793128026943,False,0.6440497519237209,False
client_4_brightness,C2_C4,0.49650000000000005,0.9883891664686989,0.26982951640133407,0.8432666668656265,0.4890670576446346,0.029287673580544515,0.3083333333333333,False,0.1,False,0.8293000000000001,False,0.693767299675334,False,0.6374844392037328,False
client_4_brightness,C2_C4_C5,0.608,0.9949329072379798,0.25592826769641486,0.812243188495259,0.31971853267856387,0.05124178635705523,0.3083333333333333,False,0.0,False,0.9216000000000002,True,0.6838661206345636,False,0.6331060799423954,False
client_4_brightness,C2_C5,0.6587,0.9961582648658464,0.2574743109783342,0.8199928187084425,0.4774971704560743,0.047129057185767986,0.3083333333333333,False,0.1,False,0.93174,True,0.7345338141672471,False,0.6739627073457686,False
client_4_brightness,C3,0.5137,0.9844492335359907,0.27351162582809585,0.847654629120326,0.9640125334775083,0.01493318244411479,0.3833333333333333,False,0.1,False,0.8327400000000001,False,0.7551842112363978,False,0.7339503296729436,False
client_4_brightness,C3_C4,0.531,0.9884966067460231,0.2579435668713139,0.8271809039619071,0.4861499911434555,0.04715642405725928,0.3083333333333333,False,0.1,False,0.8362000000000002,False,0.7063762179242893,False,0.6478082801553378,False
client_4_brightness,C3_C4_C5,0.6180000000000001,0.995051559053174,0.24932183699510374,0.8161056754856398,0.3251088015810732,0.053559474615231584,0.3083333333333333,False,0.0,False,0.9236000000000002,True,0.687715766928377,False,0.6371429015271604,False
client_4_brightness,C3_C5,0.6597999999999999,0.996313624233698,0.2572628392221997,0.8275375566654788,0.4885625323713329,0.04210625638452037,0.3083333333333333,False,0.1,False,0.9319600000000001,True,0.7346394245505503,False,0.6757146721579139,False
client_4_brightness,C4,0.46840000000000004,0.984696238457156,0.2887133574636624,0.8751217326101475,0.9388464953280202,0.011285159097304542,0.3833333333333333,False,0.1,False,0.8236800000000001,False,0.7327698099680588,False,0.7141194663511835,False
client_4_brightness,C4_C5,0.6353,0.9963178817216204,0.2656988994390865,0.8348784291590086,0.48606414035307344,0.028813457825532685,0.3083333333333333,False,0.1,False,0.92706,True,0.7262532746239219,False,0.6678945459591161,False
client_4_brightness,C5,0.6555,1.0,0.2868064550166016,0.868554002779644,0.9707319729817905,0.028217410700558165,0.3833333333333333,False,0.1,False,0.9311,True,0.7817747348248107,False,0.7620154676629689,False
client_4_glass_blur,C1,0.3256,0.9849574729018697,0.10802823860689671,0.8989603539740756,0.9753864813095124,0.11420016286178436,0.45833333333333326,False,0.2,False,0.79512,False,0.5637433091576505,False,0.7337708012935442,False
client_4_glass_blur,C1_C2,0.33099999999999996,0.9885007812277383,0.08255615754244888,0.863456238260093,0.4942758263032874,0.19453395380776084,0.3833333333333333,False,0.2,False,0.7962000000000001,False,0.5219166110078982,False,0.6479821597417607,False
client_4_glass_blur,C1_C2_C3,0.35050000000000014,0.9897301186679625,0.06142059787786783,0.8495184672418098,0.33021562077569044,0.22219474863428923,0.3083333333333333,False,0.1,False,0.8001000000000001,False,0.5016766520658771,False,0.6249368751590306,False
client_4_glass_blur,C1_C2_C3_C4,0.3433999999999999,0.9904117864181864,0.06128555768371573,0.8382593455668955,0.24475795692724925,0.22424289192382763,0.3083333333333333,False,0.1,False,0.7986800000000001,False,0.479387065366463,False,0.607714596145709,False
client_4_glass_blur,C1_C2_C3_C4_C5,0.35949999999999993,0.9939696465146616,0.055945796413626334,0.8308404388728133,0.20005859488682812,0.22863439999795032,0.3083333333333333,False,0.1,False,0.8719000000000001,False,0.46764654236008296,False,0.6045161386803459,False
client_4_glass_blur,C1_C2_C3_C5,0.36819999999999997,0.9943467082108943,0.05394288107662297,0.8235690982170326,0.24423053748984963,0.2293931716609936,0.3083333333333333,False,0.1,False,0.8736400000000002,False,0.4904473047713382,False,0.6162936566731756,False
client_4_glass_blur,C1_C2_C4,0.3294,0.9897880111332008,0.0768916697799352,0.8577720069606442,0.32854928362799674,0.2080180615885181,0.3083333333333333,False,0.1,False,0.7958800000000001,False,0.4934240931231736,False,0.6164756178702427,False
client_4_glass_blur,C1_C2_C4_C5,0.3538,0.9943646330685039,0.06499651707979012,0.836394736460983,0.24812100849083954,0.2232056837862023,0.3083333333333333,False,0.1,False,0.8707600000000002,False,0.48410762696227805,False,0.6107020448198669,False
client_4_glass_blur,C1_C2_C5,0.3689,0.9950076138381158,0.06409302433990754,0.8350911529071454,0.32985255927064994,0.22333538424890542,0.3083333333333333,False,0.1,False,0.87378,False,0.5118231745829847,False,0.6305080080331117,False
client_4_glass_blur,C1_C3,0.3641000000000001,0.9884922478403994,0.07103770434740489,0.8579888995670779,0.49837762815883496,0.20868838139330914,0.3083333333333333,False,0.2,False,0.8028200000000001,False,0.5307966095745252,False,0.6582712379437128,False
client_4_glass_blur,C1_C3_C4,0.3548,0.9898342456163526,0.06603860319095056,0.8534703630442015,0.32757068348413887,0.2199857124562764,0.3083333333333333,False,0.1,False,0.8009600000000001,False,0.5002886384968693,False,0.6239699224475426,False
client_4_glass_blur,C1_C3_C4_C5,0.3738,0.9944308690501431,0.060588151614507424,0.8331602137315601,0.24755001711499633,0.22538811004712955,0.3083333333333333,False,0.1,False,0.8747600000000002,False,0.48925557856615665,False,0.6158062191070249,False
client_4_glass_blur,C1_C3_C5,0.40180000000000016,0.9950757278918009,0.06380033339478136,0.8388527374213289,0.3349487394777534,0.22404436924710192,0.3083333333333333,False,0.1,False,0.88036,False,0.5182059768920866,False,0.6378032466228764,False
client_4_glass_blur,C1_C4,0.34720000000000006,0.9886403682105651,0.08684940171214597,0.8758953843212198,0.5038113601757344,0.189835454042241,0.45833333333333326,False,0.2,False,0.7994400000000002,False,0.5210967956304484,False,0.6510546204727633,False
client_4_glass_blur,C1_C4_C5,0.3742000000000001,0.9951147646383077,0.07086807828930956,0.8442850825181827,0.33413548566258355,0.21717552968296538,0.3083333333333333,False,0.1,False,0.8748400000000001,False,0.5103579392644115,False,0.6301716197205527,False
client_4_glass_blur,C1_C5,0.4038999999999999,0.996437871232819,0.077814658468874,0.8518286232500213,0.49763686680780683,0.21115021681396673,0.3083333333333333,False,0.2,False,0.8807800000000001,False,0.5426675411614149,False,0.6669328471594028,False
client_4_glass_blur,C2,0.2945,0.9844668459132,0.10451171959591207,0.9025694825495234,0.9961679915015048,0.1638836064691378,0.45833333333333326,False,0.2,False,0.7889,False,0.5520674576278453,False,0.7319513688788608,False
client_4_glass_blur,C2_C3,0.3276,0.9883431805586723,0.07274891600927427,0.8517693942029594,0.4953206981933173,0.2116720341734526,0.3083333333333333,False,0.2,False,0.7955200000000001,False,0.5252876681640012,False,0.6506097466983016,False
client_4_glass_blur,C2_C3_C4,0.3189000000000001,0.9897099322063823,0.0689763394211461,0.8488912683458396,0.3321567308170537,0.21480873701931724,0.3083333333333333,False,0.1,False,0.7937800000000002,False,0.4958680416181614,False,0.6175526314559285,False
client_4_glass_blur,C2_C3_C4_C5,0.3435999999999999,0.9943208129074608,0.06337936562586918,0.8343771912449282,0.2496566505771088,0.22084535416237083,0.3083333333333333,False,0.1,False,0.8687200000000002,False,0.4832653707223408,False,0.6094855940173018,False
client_4_glass_blur,C2_C3_C5,0.3610000000000001,0.9949377411635854,0.06340691619747409,0.8410469435949425,0.3347486536095143,0.22035663823913454,0.3083333333333333,False,0.1,False,0.8722000000000001,False,0.5092843847735516,False,0.6294348949256855,False
client_4_glass_blur,C2_C4,0.2976000000000001,0.9883891664686989,0.09042951640133409,0.8787563129764216,0.5050302912153821,0.187206310525875,0.45833333333333326,False,0.2,False,0.7895200000000001,False,0.5099656817514518,False,0.6403260505289619,False
client_4_glass_blur,C2_C4_C5,0.33820000000000006,0.9949329072379798,0.07652826769641488,0.8477328346060542,0.3301542010276537,0.2091604233023857,0.3083333333333333,False,0.1,False,0.8676400000000002,False,0.5007618229308847,False,0.620662178223293,False
client_4_glass_blur,C2_C5,0.3526,0.9961582648658464,0.0780743109783342,0.8554824648192377,0.4930827609026506,0.20504769413109847,0.3083333333333333,False,0.2,False,0.8705200000000002,False,0.5307253703782719,False,0.6552887900461634,False
client_4_glass_blur,C3,0.34409999999999996,0.9844492335359907,0.09411162582809587,0.8831442752311212,0.995478069739841,0.17285181938944527,0.45833333333333326,False,0.2,False,0.7988200000000001,False,0.5717354610305304,False,0.7457524015364896,False
client_4_glass_blur,C3_C4,0.3288,0.9884966067460231,0.07854356687131395,0.8626705500727023,0.5020180111577555,0.20507506100258976,0.3833333333333333,False,0.2,False,0.7957600000000001,False,0.5221856036846768,False,0.6499708487692772,False
client_4_glass_blur,C3_C4_C5,0.3568,0.995051559053174,0.06992183699510372,0.851595321596435,0.3357204092418687,0.21147811156056207,0.3083333333333333,False,0.1,False,0.8713600000000001,False,0.5046131293110606,False,0.6264541876703988,False
client_4_glass_blur,C3_C5,0.4008999999999999,0.996313624233698,0.07786283922219975,0.863027202776274,0.50450929814967,0.20002489332985085,0.3833333333333333,False,0.2,False,0.8801800000000002,False,0.5392429629280494,False,0.6665529899246608,False
client_4_glass_blur,C4,0.31779999999999997,0.984696238457156,0.10931335746366237,0.9106113787209427,0.9694906077411053,0.14663347784802594,0.45833333333333326,False,0.2,False,0.79356,False,0.5508004035361276,False,0.7295572534448802,False
client_4_glass_blur,C4_C5,0.35330000000000006,0.9963178817216204,0.08629889943908646,0.8703680752698038,0.5019293581826879,0.18673209477086317,0.45833333333333326,False,0.2,False,0.8706600000000002,False,0.5267800362561966,False,0.6540965541361187,False
client_4_glass_blur,C5,0.4043000000000001,1.0,0.10740645501660163,0.9040436488904392,0.997588994083694,0.12970122624477232,0.45833333333333326,False,0.2,False,0.8808600000000002,False,0.5803301376815526,False,0.7565758364944293,False
client_4_impulse_noise,C1,0.28979999999999995,0.9849574729018697,0.1321282386068967,0.8720974103930783,0.9637181228855585,0.10284234643635237,0.45833333333333326,False,0.1,False,0.7879600000000001,False,0.5731678675728455,False,0.7167708352506537,False
client_4_impulse_noise,C1_C2,0.32589999999999986,0.9885007812277383,0.10665615754244889,0.8365932946790957,0.4883629009017996,0.18317613738232885,0.3833333333333333,False,0.1,False,0.7951800000000001,False,0.5370322449070356,False,0.6382732803033634,False
client_4_impulse_noise,C1_C2_C3,0.35640000000000005,0.9897301186679625,0.08552059787786784,0.8226555236608125,0.3262653156461522,0.21083693220885724,0.3083333333333333,False,0.0,False,0.8012800000000001,False,0.5177724775312659,False,0.6178205197750233,False
client_4_impulse_noise,C1_C2_C3_C4,0.3766999999999999,0.9904117864181864,0.08538555768371574,0.8113964019858982,0.24182996517908847,0.21288507549839564,0.3083333333333333,False,0.0,False,0.8053400000000001,False,0.4990082750873723,False,0.6062827034379772,False
client_4_impulse_noise,C1_C2_C3_C4_C5,0.41989999999999994,0.9939696465146616,0.08004579641362634,0.8039774952918161,0.1976653328971827,0.21727658357251833,0.3083333333333333,False,0.0,False,0.88398,False,0.4912074550228007,False,0.6086111919243172,False
client_4_impulse_noise,C1_C2_C3_C5,0.4152999999999999,0.9943467082108943,0.07804288107662298,0.7967061546360353,0.241308855157652,0.2180353552355616,0.3083333333333333,False,0.0,False,0.8830600000000002,False,0.5128740808349532,False,0.6176230258486363,False
client_4_impulse_noise,C1_C2_C4,0.35009999999999986,0.9897880111332008,0.1009916697799352,0.8309090633796469,0.32461891256507414,0.1966602451630861,0.3833333333333333,False,0.0,False,0.8000200000000001,False,0.5121701978010517,False,0.6123232492995584,False
client_4_impulse_noise,C1_C2_C4_C5,0.41380000000000006,0.9943646330685039,0.08909651707979013,0.8095317928799857,0.24515278521210684,0.21184786736077033,0.3083333333333333,False,0.0,False,0.8827600000000002,False,0.5091030225024907,False,0.6146021058060207,False
client_4_impulse_noise,C1_C2_C5,0.42010000000000003,0.9950076138381158,0.08819302433990756,0.8082282093261481,0.32590659737515476,0.21197756782347343,0.3083333333333333,False,0.0,False,0.88402,False,0.5368475262504101,False,0.6324525212959129,False
client_4_impulse_noise,C1_C3,0.34719999999999995,0.9884922478403994,0.0951377043474049,0.8311259559860806,0.4924156337009765,0.19733056496787715,0.3833333333333333,False,0.1,False,0.79944,False,0.5437408763615924,False,0.6461925446940413,False
client_4_impulse_noise,C1_C3_C4,0.37039999999999995,0.9898342456163526,0.09013860319095057,0.8266074194632043,0.3236520192240591,0.20862789603084442,0.3083333333333333,False,0.0,False,0.8040800000000001,False,0.5182385725227872,False,0.618799895237427,False
client_4_impulse_noise,C1_C3_C4_C5,0.43300000000000005,0.9944308690501431,0.08468815161450743,0.8062972701505629,0.24458862449483643,0.21403029362169756,0.3083333333333333,False,0.0,False,0.8866,False,0.5141324174395379,False,0.6195476462248932,False
client_4_impulse_noise,C1_C3_C5,0.4306,0.9950757278918009,0.08790033339478137,0.8119897938403317,0.33094181297142045,0.21268655282166993,0.3083333333333333,False,0.0,False,0.88612,False,0.5388711455474605,False,0.6352555669635098,False
client_4_impulse_noise,C1_C4,0.33620000000000017,0.9886403682105651,0.11094940171214598,0.8490324407402225,0.49778436304050877,0.17847763761680902,0.3833333333333333,False,0.1,False,0.7972400000000002,False,0.5351184474291806,False,0.6401429266876185,False
client_4_impulse_noise,C1_C4_C5,0.4373999999999999,0.9951147646383077,0.09496807828930957,0.8174221389371854,0.3301382879531807,0.2058177132575334,0.3083333333333333,False,0.0,False,0.88748,False,0.5377752995222856,False,0.6345058858205724,False
client_4_impulse_noise,C1_C5,0.4498000000000001,0.996437871232819,0.10191465846887401,0.824965679669024,0.491683733933655,0.19979240038853474,0.3833333333333333,False,0.1,False,0.8899600000000001,False,0.5680512668932257,False,0.6674159262264727,False
client_4_impulse_noise,C2,0.31710000000000005,0.9844668459132,0.12861171959591208,0.8757065389685261,0.9918379262102102,0.1525257900437058,0.45833333333333326,False,0.1,False,0.7934200000000001,False,0.5740573938135763,False,0.7280990614625021,False
client_4_impulse_noise,C2_C3,0.3668,0.9883431805586723,0.09684891600927428,0.8249064506219621,0.48939527319300014,0.2003142177480206,0.3083333333333333,False,0.1,False,0.8033600000000001,False,0.5493790257335578,False,0.6497583673401386,False
client_4_impulse_noise,C2_C3_C4,0.3814000000000001,0.9897099322063823,0.09307633942114611,0.8220283247648423,0.3281832045663118,0.20345092059388525,0.3083333333333333,False,0.0,False,0.8062800000000001,False,0.5231383137515612,False,0.6217516318476806,False
client_4_impulse_noise,C2_C3_C4_C5,0.4273999999999999,0.9943208129074608,0.0874793656258692,0.8075142476639309,0.24667005671131464,0.20948753773693884,0.3083333333333333,False,0.0,False,0.88548,False,0.513020989136169,False,0.6181419808860433,False
client_4_impulse_noise,C2_C3_C5,0.4373,0.9949377411635854,0.0875069161974741,0.8141840000139452,0.3307441206914367,0.20899882181370255,0.3083333333333333,False,0.0,False,0.8874600000000001,False,0.5394211877115428,False,0.6363876939839703,False
client_4_impulse_noise,C2_C4,0.35120000000000007,0.9883891664686989,0.1145295164013341,0.8518933693954244,0.4989887122456353,0.175848494100443,0.3833333333333333,False,0.1,False,0.8002400000000001,False,0.5368802602785466,False,0.6423314403769127,False
client_4_impulse_noise,C2_C4_C5,0.4286000000000001,0.9949329072379798,0.10062826769641489,0.8208698910250569,0.32620463065059374,0.19780260687695372,0.3833333333333333,False,0.0,False,0.8857200000000001,False,0.5334139964756333,False,0.6304459697897813,False
client_4_impulse_noise,C2_C5,0.43779999999999997,0.9961582648658464,0.10217431097833421,0.8286195212382405,0.48718410791008443,0.19368987770566648,0.3833333333333333,False,0.1,False,0.8875600000000001,False,0.5639403431082185,False,0.6636427650895503,False
client_4_impulse_noise,C3,0.3518,0.9844492335359907,0.11821162582809588,0.8562813316501239,0.9835693595582976,0.16149400296401328,0.45833333333333326,False,0.1,False,0.8003600000000001,False,0.5899273730843201,False,0.7374043651420812,False
client_4_impulse_noise,C3_C4,0.3879999999999999,0.9884966067460231,0.10264356687131396,0.835807606491705,0.4960124675074017,0.19371724457715778,0.3833333333333333,False,0.1,False,0.8076000000000001,False,0.5503051826467781,False,0.6531034456811068,False
client_4_impulse_noise,C3_C4_C5,0.4514999999999999,0.995051559053174,0.09402183699510373,0.8247323780154378,0.3317042514005057,0.20012029513513008,0.3083333333333333,False,0.0,False,0.8903000000000001,True,0.53834802614214,False,0.6370846617440267,False
client_4_impulse_noise,C3_C5,0.4526,0.996313624233698,0.10196283922219976,0.8361642591952767,0.498473951718454,0.18866707690441886,0.3833333333333333,False,0.1,False,0.8905200000000002,True,0.5658558568574577,False,0.6681796262803179,False
client_4_impulse_noise,C4,0.3438999999999999,0.984696238457156,0.1334133574636624,0.8837484351399454,0.957892780503852,0.13527566142259395,0.45833333333333326,False,0.1,False,0.79878,False,0.5727546321874529,False,0.7249513936393297,False
client_4_impulse_noise,C4_C5,0.45930000000000015,0.9963178817216204,0.11039889943908647,0.8435051316888065,0.495924875070601,0.17537427834543118,0.3833333333333333,False,0.1,False,0.8918600000000001,True,0.5641250682224821,False,0.6665893631556016,False
client_4_impulse_noise,C5,0.45909999999999995,1.0,0.13150645501660163,0.8771807053094419,0.9904251156613605,0.11834340981934033,0.45833333333333326,False,0.1,False,0.8918200000000001,True,0.608432491390595,False,0.7585967664518628,False
client_4_motion_blur,C1,0.4697,0.9849574729018697,0.25192823860689667,0.8617592057329424,0.9667948948287735,0.03605691305823722,0.3833333333333333,False,0.1,False,0.8239400000000001,False,0.741234344882981,False,0.7283723691732831,False
client_4_motion_blur,C1_C2,0.5218999999999999,0.9885007812277383,0.22645615754244885,0.8262550900189598,0.48992205106813946,0.04427687788773926,0.3083333333333333,False,0.1,False,0.8343800000000001,False,0.7013889131358938,False,0.6527912898706177,False
client_4_motion_blur,C1_C2_C3,0.5573000000000001,0.9897301186679625,0.2053205978778678,0.8123173190006766,0.3273069521427437,0.07193767271426765,0.3083333333333333,False,0.0,False,0.8414600000000001,False,0.6733932494499205,False,0.633215026608328,False
client_4_motion_blur,C1_C2_C3_C4,0.5649,0.9904117864181864,0.2051855576837157,0.8010581973257623,0.24260203289704713,0.07398581600380605,0.3083333333333333,False,0.0,False,0.8429800000000001,False,0.638336271064413,False,0.6190832965155553,False
client_4_motion_blur,C1_C2_C3_C4_C5,0.6097999999999999,0.9939696465146616,0.19984579641362632,0.7936392906316801,0.19829640035971338,0.07837732407792875,0.3833333333333333,False,0.0,False,0.9219600000000001,True,0.6203020457152781,False,0.6217235849508097,False
client_4_motion_blur,C1_C2_C3_C5,0.6238000000000001,0.9943467082108943,0.19784288107662296,0.7863679499758994,0.24207925917680156,0.07913609574097202,0.3833333333333333,False,0.0,False,0.92476,True,0.6559675573919523,False,0.6344832861864527,False
client_4_motion_blur,C1_C2_C4,0.5391000000000001,0.9897880111332008,0.22079166977993517,0.820570858719511,0.32565529274585425,0.05776098566849652,0.3083333333333333,False,0.0,False,0.8378200000000001,False,0.6640770453046853,False,0.6253367048697008,False
client_4_motion_blur,C1_C2_C4_C5,0.611,0.9943646330685039,0.2088965170797901,0.7991935882198498,0.24593546138414268,0.07294860786618074,0.3083333333333333,False,0.0,False,0.9222000000000001,True,0.6505548098319507,False,0.6292048205744143,False
client_4_motion_blur,C1_C2_C5,0.644,0.9950076138381158,0.20799302433990752,0.7978900046660122,0.3269470886257604,0.07307830832888385,0.3083333333333333,False,0.0,False,0.9288000000000001,True,0.6958689543679203,False,0.6524467990800206,False
client_4_motion_blur,C1_C3,0.55,0.9884922478403994,0.21493770434740486,0.8207877513259447,0.4939877226450292,0.058431305473287565,0.3083333333333333,False,0.1,False,0.8400000000000001,False,0.7101534086455636,False,0.6620731420168382,False
client_4_motion_blur,C1_C3_C4,0.5681999999999999,0.9898342456163526,0.20993860319095053,0.8162692148030684,0.3246853124956766,0.06972863653625483,0.3083333333333333,False,0.0,False,0.8436400000000001,False,0.6729485695396408,False,0.633572733425737,False
client_4_motion_blur,C1_C3_C4_C5,0.6228999999999999,0.9944308690501431,0.2044881516145074,0.7959590654904269,0.2453694995241676,0.07513103412710798,0.3083333333333333,False,0.0,False,0.9245800000000002,True,0.6541743512499706,False,0.6326900007647459,False
client_4_motion_blur,C1_C3_C5,0.6435,0.9950757278918009,0.20770033339478133,0.8016515891801957,0.3319983796798874,0.07378729332708034,0.3083333333333333,False,0.0,False,0.9287000000000001,True,0.6966303898095476,False,0.6530530598391898,False
client_4_motion_blur,C1_C4,0.5214,0.9886403682105651,0.23074940171214595,0.8386942360800866,0.4993735922202905,0.039578378122219426,0.3083333333333333,False,0.1,False,0.8342800000000001,False,0.6985503588318287,False,0.6525069520575613,False
client_4_motion_blur,C1_C4_C5,0.6295,0.9951147646383077,0.21476807828930955,0.8070839342770495,0.3311922893231186,0.06691845376294381,0.3083333333333333,False,0.0,False,0.9259000000000002,True,0.6908955969366991,False,0.6481428656285464,False
client_4_motion_blur,C1_C5,0.6745,0.996437871232819,0.22171465846887398,0.8146274750088881,0.4932534862103608,0.06089314089394515,0.3083333333333333,False,0.1,False,0.9349000000000001,True,0.7381833394019741,False,0.6876760562158002,False
client_4_motion_blur,C2,0.48250000000000004,0.9844668459132,0.24841171959591204,0.8653683343083902,0.9950044735969531,0.013626530549116223,0.3833333333333333,False,0.1,False,0.8265000000000001,False,0.7408061539504629,False,0.7368185504738372,False
client_4_motion_blur,C2_C3,0.5336,0.9883431805586723,0.21664891600927424,0.8145682459618262,0.4909577193169702,0.06141495825343102,0.3083333333333333,False,0.1,False,0.8367200000000001,False,0.7080018577919527,False,0.658437036098919,False
client_4_motion_blur,C2_C3_C4,0.5419,0.9897099322063823,0.2128763394211461,0.8116901201047064,0.3292309641259438,0.06455166109929567,0.3083333333333333,False,0.0,False,0.8383800000000001,False,0.6699144280158231,False,0.6290673632935934,False
client_4_motion_blur,C2_C3_C4_C5,0.596,0.9943208129074608,0.20727936562586916,0.797176043003795,0.24745757693294146,0.07058827824234926,0.3083333333333333,False,0.0,False,0.9192,True,0.6486071167869915,False,0.627025664464355,False
client_4_motion_blur,C2_C3_C5,0.6184000000000001,0.9949377411635854,0.20730691619747404,0.8038457953538093,0.3318000562464097,0.07009956231911296,0.3083333333333333,False,0.0,False,0.9236800000000001,True,0.6906265273071721,False,0.6478250606289512,False
client_4_motion_blur,C2_C4,0.49870000000000003,0.9883891664686989,0.23432951640133406,0.8415551647352885,0.5005817864375177,0.03694923460585342,0.3833333333333333,False,0.1,False,0.8297400000000001,False,0.6928619453020772,False,0.6471562347492756,False
client_4_motion_blur,C2_C4_C5,0.5952000000000001,0.9949329072379798,0.22042826769641485,0.810531686364921,0.32724607340392436,0.058903347382364135,0.3083333333333333,False,0.0,False,0.9190400000000001,True,0.6802943055898897,False,0.6389804378744337,False
client_4_motion_blur,C2_C5,0.6489,0.9961582648658464,0.22197431097833417,0.8182813165781045,0.48873949465523536,0.05479061821107689,0.3083333333333333,False,0.1,False,0.92978,True,0.7312038495805127,False,0.681180021972567,False
client_4_motion_blur,C3,0.49130000000000007,0.9844492335359907,0.23801162582809585,0.845943126989988,0.9867095086722665,0.022594743469423695,0.3833333333333333,False,0.1,False,0.8282600000000001,False,0.7498005053579527,False,0.7409385744988615,False
client_4_motion_blur,C3_C4,0.5285,0.9884966067460231,0.22244356687131392,0.8254694018315691,0.49759603972345806,0.05481798508256819,0.3083333333333333,False,0.1,False,0.8357000000000001,False,0.7044581135342676,False,0.6565263396583045,False
client_4_motion_blur,C3_C4_C5,0.5995,0.995051559053174,0.2138218369951037,0.8143941733553018,0.3327632522742242,0.06122103564054049,0.3083333333333333,False,0.0,False,0.9199000000000002,True,0.6828814934976121,False,0.6419026414527567,False
client_4_motion_blur,C3_C5,0.6352,0.996313624233698,0.22176283922219972,0.8258260545351408,0.5000653824829587,0.049767817409829274,0.3833333333333333,False,0.1,False,0.9270400000000001,True,0.7283020532404882,False,0.6800240919672054,False
client_4_motion_blur,C4,0.4697,0.984696238457156,0.25321335746366236,0.8734102304798095,0.9609509544259506,0.0036235980719956373,0.3833333333333333,False,0.1,False,0.8239400000000001,False,0.73207658876835,False,0.7257292079577359,False
client_4_motion_blur,C4_C5,0.6057,0.9963178817216204,0.23019889943908645,0.8331669270286706,0.49750816763854705,0.03647501885084159,0.3083333333333333,False,0.1,False,0.9211400000000001,True,0.7190011507259421,False,0.671192201203177,False
client_4_motion_blur,C5,0.678,1.0,0.2513064550166016,0.866842500649306,0.9935871525011348,0.02055584967524926,0.3833333333333333,False,0.1,False,0.9356000000000002,True,0.7854033603465672,False,0.778015353353804,False
client_4_zoom_blur,C1,0.47209999999999996,0.9849574729018697,0.24182823860689667,0.8813452133807603,0.9425221501237847,0.0353711992520771,0.3833333333333333,False,0.1,False,0.82442,False,0.7359895037215826,False,0.727976420997067,False
client_4_zoom_blur,C1_C2,0.541,0.9885007812277383,0.21635615754244886,0.8458410976667777,0.4776218693703167,0.04496259169389938,0.3083333333333333,False,0.1,False,0.8382000000000002,False,0.7002211325776393,False,0.658129854295835,False
client_4_zoom_blur,C1_C2_C3,0.5699,0.9897301186679625,0.1952205978778678,0.8319033266484945,0.31908945106570724,0.07262338652042777,0.3833333333333333,False,0.0,False,0.8439800000000001,False,0.6711117724647901,False,0.6380701271577024,False
client_4_zoom_blur,C1_C2_C3_C4,0.5783,0.9904117864181864,0.19508555768371572,0.8206442049735803,0.23651116787395013,0.07467152980996616,0.3833333333333333,False,0.0,False,0.8456600000000001,False,0.6364366779654919,False,0.6245237242757177,False
client_4_zoom_blur,C1_C2_C3_C4_C5,0.6195999999999999,0.9939696465146616,0.18974579641362632,0.8132252982794981,0.19331789051486986,0.07906303788408886,0.3833333333333333,False,0.0,False,0.9239200000000001,True,0.6178479133637489,False,0.6266664837466228,False
client_4_zoom_blur,C1_C2_C3_C5,0.631,0.9943467082108943,0.18774288107662296,0.8059539576237174,0.23600151912273154,0.07982180954713214,0.3833333333333333,False,0.0,False,0.9262000000000001,True,0.6528522111679038,False,0.6386863389404204,False
client_4_zoom_blur,C1_C2_C4,0.5550999999999999,0.9897880111332008,0.21069166977993517,0.8401568663673289,0.31747925889945244,0.05844669947465664,0.3083333333333333,False,0.0,False,0.8410200000000001,False,0.6625035965080761,False,0.6308800988652022,False
client_4_zoom_blur,C1_C2_C4_C5,0.6232,0.9943646330685039,0.1987965170797901,0.8187795958676677,0.2397609059536052,0.07363432167234085,0.3833333333333333,False,0.0,False,0.9246400000000001,True,0.648426127159904,False,0.6343885102530886,False
client_4_zoom_blur,C1_C2_C5,0.6532,0.9950076138381158,0.19789302433990752,0.81747601231383,0.31873862242812095,0.07376402213504396,0.3833333333333333,False,0.0,False,0.9306400000000001,True,0.6929773358855171,False,0.6566237066052745,False
client_4_zoom_blur,C1_C3,0.5627,0.9884922478403994,0.20483770434740486,0.8403737589737628,0.48158546654779866,0.05911701927944768,0.3083333333333333,False,0.1,False,0.8425400000000001,False,0.7076829837527068,False,0.6661112915621739,False
client_4_zoom_blur,C1_C3_C4,0.5776000000000001,0.9898342456163526,0.19983860319095054,0.8358552224508863,0.316533631366803,0.07041435034241494,0.3833333333333333,False,0.0,False,0.8455200000000002,False,0.6700329972241825,False,0.6378009979647439,False
client_4_zoom_blur,C1_C3_C4_C5,0.6295999999999999,0.9944308690501431,0.1943881516145074,0.815545073138245,0.23920915336160764,0.07581674793326809,0.3833333333333333,False,0.0,False,0.9259200000000001,True,0.6509416533287921,False,0.6367765322970156,False
client_4_zoom_blur,C1_C3_C5,0.6496,0.9950757278918009,0.19760033339478134,0.8212375968280137,0.323663093720535,0.07447300713324045,0.3833333333333333,False,0.0,False,0.9299200000000001,True,0.6930951743293361,False,0.6565846034121012,False
client_4_zoom_blur,C1_C4,0.5392999999999999,0.9886403682105651,0.22064940171214595,0.8582802437279046,0.48683611629730994,0.04026409192837954,0.3083333333333333,False,0.1,False,0.83786,False,0.6970892069561581,False,0.6575580576377469,False
client_4_zoom_blur,C1_C4_C5,0.6358999999999999,0.9951147646383077,0.20466807828930955,0.8266699419248673,0.3228772413951663,0.06760416756910392,0.3083333333333333,False,0.0,False,0.9271800000000001,True,0.6874262939434234,False,0.6517384568077377,False
client_4_zoom_blur,C1_C5,0.6741,0.996437871232819,0.21161465846887398,0.834213482656706,0.48086966415082233,0.06157885470010527,0.3083333333333333,False,0.1,False,0.9348200000000002,True,0.733154479833601,False,0.6890978925686744,False
client_4_zoom_blur,C2,0.49040000000000006,0.9844668459132,0.23831171959591205,0.8849543419562081,0.9700234877672567,0.014312244355276338,0.3833333333333333,False,0.1,False,0.8280800000000001,False,0.7365537181954884,False,0.7373809540726797,False
client_4_zoom_blur,C2_C3,0.5441,0.9883431805586723,0.20654891600927425,0.8341542536096442,0.4786315357120859,0.06210067205959113,0.3083333333333333,False,0.1,False,0.8388200000000001,False,0.7051332076139036,False,0.662050400142724,False
client_4_zoom_blur,C2_C3_C4,0.5497000000000001,0.9897099322063823,0.2027763394211461,0.8312761277525244,0.3209651580237905,0.06523737490545578,0.3083333333333333,False,0.0,False,0.8399400000000001,False,0.6667008088808111,False,0.6329528028379445,False
client_4_zoom_blur,C2_C3_C4_C5,0.6002,0.9943208129074608,0.19717936562586916,0.8167620506516129,0.24124480665215492,0.07127399204850937,0.3833333333333333,False,0.0,False,0.9200400000000002,True,0.6448771915279491,False,0.6306017111729796,False
client_4_zoom_blur,C2_C3_C5,0.6206,0.9949377411635854,0.19720691619747405,0.8234318030016272,0.3234697494756066,0.07078527612527308,0.3833333333333333,False,0.0,False,0.92412,True,0.6863000668892022,False,0.6505776000395724,False
client_4_zoom_blur,C2_C4,0.5144,0.9883891664686989,0.22422951640133407,0.8611411723831064,0.4880139771005466,0.037634948412013536,0.3083333333333333,False,0.1,False,0.8328800000000001,False,0.6909610342616024,False,0.6517612736466631,False
client_4_zoom_blur,C2_C4_C5,0.5997999999999999,0.9949329072379798,0.21032826769641486,0.8301176940127389,0.31903010077319355,0.05958906118852425,0.3083333333333333,False,0.0,False,0.9199600000000001,True,0.6764788150570933,False,0.6422358441130693,False
client_4_zoom_blur,C2_C5,0.6523000000000001,0.9961582648658464,0.21187431097833417,0.8378673242259225,0.4764690026982906,0.05547633201723701,0.3083333333333333,False,0.1,False,0.9304600000000001,True,0.7269208457406007,False,0.68338452434596,False
client_4_zoom_blur,C3,0.4936999999999999,0.9844492335359907,0.22791162582809585,0.8655291346378059,0.9619367795959215,0.02328045727558381,0.3833333333333333,False,0.1,False,0.8287400000000001,False,0.7445062374431499,False,0.7404426294483742,False
client_4_zoom_blur,C3_C4,0.5334000000000001,0.9884966067460231,0.21234356687131392,0.8450554094793871,0.4851031917543343,0.0555036988887283,0.3083333333333333,False,0.1,False,0.8366800000000001,False,0.7004338428660105,False,0.6589863708292616,False
client_4_zoom_blur,C3_C4_C5,0.6017,0.995051559053174,0.2037218369951037,0.8339801810031198,0.3244087631133309,0.061906749446700604,0.3083333333333333,False,0.0,False,0.9203400000000002,True,0.6785341913181454,False,0.6446503443853597,False
client_4_zoom_blur,C3_C5,0.6403000000000001,0.996313624233698,0.21166283922219972,0.8454120621829587,0.487510538193094,0.05045353121598939,0.3083333333333333,False,0.1,False,0.9280600000000001,True,0.7243062831785746,False,0.6825117238740142,False
client_4_zoom_blur,C4,0.47609999999999997,0.984696238457156,0.24311335746366236,0.8929962381276274,0.9368249300586753,0.002937884265835522,0.3833333333333333,False,0.1,False,0.8252200000000001,False,0.7275696934696062,False,0.7261626038490626,False
client_4_zoom_blur,C4_C5,0.6005,0.9963178817216204,0.22009889943908645,0.8527529346764885,0.48501752582162283,0.037160732657001705,0.3083333333333333,False,0.1,False,0.9201000000000001,True,0.7129437660575442,False,0.671632673604574,False
client_4_zoom_blur,C5,0.6642999999999999,1.0,0.2412064550166016,0.8864285082971239,0.9686417505096524,0.019870135869089145,0.3833333333333333,False,0.1,False,0.93286,True,0.7768511116433837,False,0.7742648737202894,False
