window_index,start_index,end_index_exclusive,num_samples,window_accuracy,window_entropy,matched_context_placeholder,output_dist_0,output_dist_1,output_dist_2,output_dist_3,output_dist_4,output_dist_5,output_dist_6,output_dist_7,output_dist_8,output_dist_9,input_feat_0,input_feat_1,input_feat_2,input_feat_3,input_feat_4,input_feat_5,predicted_labels_json,true_labels_json,max_probabilities_json,correctness_flags_json,entropies_json
0,0,64,64,0.953125,0.4038614332675934,clean_mnist,0.109375,0.15625,0.0625,0.125,0.125,0.0625,0.09375,0.046875,0.09375,0.125,0.5752624273300171,0.17079931497573853,13.56845760345459,13.571295738220215,28.0,28.0,"[5, 0, 4, 1, 9, 2, 1, 3, 1, 4, 3, 5, 3, 6, 1, 7, 2, 8, 6, 9, 4, 0, 9, 1, 1, 2, 4, 3, 2, 8, 3, 8, 6, 9, 0, 5, 6, 0, 7, 6, 1, 8, 1, 9, 3, 9, 8, 5, 1, 3, 3, 0, 7, 4, 9, 8, 0, 9, 4, 1, 4, 4, 6, 0]","[5, 0, 4, 1, 9, 2, 1, 3, 1, 4, 3, 5, 3, 6, 1, 7, 2, 8, 6, 9, 4, 0, 9, 1, 1, 2, 4, 3, 2, 7, 3, 8, 6, 9, 0, 5, 6, 0, 7, 6, 1, 8, 7, 9, 3, 9, 8, 5, 9, 3, 3, 0, 7, 4, 9, 8, 0, 9, 4, 1, 4, 4, 6, 0]","[0.4064030945301056, 0.99928879737854, 0.9896140694618225, 0.9937180280685425, 0.8750517964363098, 0.8829764127731323, 0.9987791180610657, 0.9629217982292175, 0.9995332956314087, 0.9804403185844421, 0.9229114651679993, 0.3977750539779663, 0.9936851859092712, 0.969420850276947, 0.999270498752594, 0.8681926131248474, 0.9035477638244629, 0.9971663355827332, 0.9356561303138733, 0.6361749768257141, 0.9768224954605103, 0.9941250085830688, 0.741767942905426, 0.9918277263641357, 0.8910497426986694, 0.46931737661361694, 0.9914827346801758, 0.9704360961914062, 0.7602667212486267, 0.35656803846359253, 0.7851354479789734, 0.9594019651412964, 0.9696927070617676, 0.7601169943809509, 0.9858995079994202, 0.5967952013015747, 0.884279727935791, 0.9910252094268799, 0.9180696606636047, 0.6364887356758118, 0.999748170375824, 0.9985126852989197, 0.7051259279251099, 0.6029542684555054, 0.9674981832504272, 0.9670639038085938, 0.9997522234916687, 0.8303330540657043, 0.3728346526622772, 0.9797077775001526, 0.9711541533470154, 0.997247040271759, 0.985592782497406, 0.6692215204238892, 0.4625220000743866, 0.9966850876808167, 0.9995031356811523, 0.9683456420898438, 0.9770641922950745, 0.9963226318359375, 0.9445913434028625, 0.8348008394241333, 0.8687902092933655, 0.990195095539093]","[1, 1, 1, 1, 1, 1, 1, 1, 1, 1, 1, 1, 1, 1, 1, 1, 1, 1, 1, 1, 1, 1, 1, 1, 1, 1, 1, 1, 1, 0, 1, 1, 1, 1, 1, 1, 1, 1, 1, 1, 1, 1, 0, 1, 1, 1, 1, 1, 0, 1, 1, 1, 1, 1, 1, 1, 1, 1, 1, 1, 1, 1, 1, 1]","[1.277449131011963, 0.007109946105629206, 0.06526536494493484, 0.04827157407999039, 0.45702171325683594, 0.5157732963562012, 0.011021158657968044, 0.20654736459255219, 0.004800370894372463, 0.11285892874002457, 0.3953021764755249, 1.4085075855255127, 0.04870807006955147, 0.15693552792072296, 0.006952246651053429, 0.5993515253067017, 0.4676527976989746, 0.02441881038248539, 0.2888822555541992, 0.8275883197784424, 0.13782618939876556, 0.04809798672795296, 0.9088788628578186, 0.060584619641304016, 0.4481860101222992, 0.9641246795654297, 0.05736630782485008, 0.17877672612667084, 0.8834761381149292, 1.7326364517211914, 0.8263678550720215, 0.20933309197425842, 0.14925044775009155, 0.7337953448295593, 0.09580617398023605, 1.1408131122589111, 0.5112263560295105, 0.06745302677154541, 0.3533046841621399, 0.8542321920394897, 0.0028057668823748827, 0.014010576531291008, 0.7314964532852173, 0.9153764247894287, 0.1880616545677185, 0.1675543189048767, 0.0027321535162627697, 0.6332692503929138, 1.5244171619415283, 0.1231468915939331, 0.18115702271461487, 0.02377915009856224, 0.09229563176631927, 1.0669995546340942, 1.026874303817749, 0.025201138108968735, 0.005187468137592077, 0.16894304752349854, 0.13240493834018707, 0.03073298931121826, 0.27604803442955017, 0.6319956183433533, 0.5211864709854126, 0.06950073689222336]"
1,64,128,64,0.921875,0.3115250766277313,clean_mnist,0.1875,0.1875,0.0625,0.078125,0.078125,0.0,0.109375,0.140625,0.109375,0.046875,0.5758572816848755,0.17169027030467987,13.569524765014648,13.560738563537598,28.0,28.0,"[4, 8, 6, 1, 0, 0, 1, 7, 1, 6, 3, 0, 2, 1, 1, 7, 0, 0, 2, 6, 7, 8, 3, 9, 0, 4, 6, 7, 4, 6, 8, 0, 7, 8, 3, 1, 8, 7, 1, 7, 1, 1, 6, 3, 0, 2, 9, 3, 1, 1, 0, 4, 9, 8, 0, 0, 7, 0, 2, 7, 1, 8, 6, 4]","[4, 5, 6, 1, 0, 0, 1, 7, 1, 6, 3, 0, 2, 1, 1, 7, 9, 0, 2, 6, 7, 8, 3, 9, 0, 4, 6, 7, 4, 6, 8, 0, 7, 8, 3, 1, 5, 7, 1, 7, 1, 1, 6, 3, 0, 2, 9, 3, 1, 1, 0, 4, 9, 2, 0, 0, 2, 0, 2, 7, 1, 8, 6, 4]","[0.9893446564674377, 0.48803913593292236, 0.9888997077941895, 0.9915579557418823, 0.9993284940719604, 0.9789121747016907, 0.9912120699882507, 0.69855797290802, 0.9996755123138428, 0.9357976317405701, 0.6735820174217224, 0.9921368360519409, 0.9437119364738464, 0.998023509979248, 0.9915050864219666, 0.45714595913887024, 0.688907265663147, 0.9910303354263306, 0.6565945744514465, 0.8977961540222168, 0.9924464821815491, 0.9978916049003601, 0.9350484013557434, 0.951970100402832, 0.9997209906578064, 0.9936885237693787, 0.948919951915741, 0.8621879816055298, 0.9971611499786377, 0.937469482421875, 0.9981641173362732, 0.9963899254798889, 0.7851683497428894, 0.999286949634552, 0.8998458981513977, 0.9951371550559998, 0.4585956037044525, 0.92856365442276, 0.9992751479148865, 0.9639804363250732, 0.9986785054206848, 0.9958146214485168, 0.942606508731842, 0.9068797826766968, 0.9992349147796631, 0.7629537582397461, 0.9904050827026367, 0.9101651310920715, 0.9996538162231445, 0.9928186535835266, 0.9992606043815613, 0.9933998584747314, 0.987496018409729, 0.3467848300933838, 0.9994841814041138, 0.9943437576293945, 0.5415886640548706, 0.9986795783042908, 0.9337612986564636, 0.9545729756355286, 0.9995352029800415, 0.9904609322547913, 0.9676323533058167, 0.9217559695243835]","[1, 0, 1, 1, 1, 1, 1, 1, 1, 1, 1, 1, 1, 1, 1, 1, 0, 1, 1, 1, 1, 1, 1, 1, 1, 1, 1, 1, 1, 1, 1, 1, 1, 1, 1, 1, 0, 1, 1, 1, 1, 1, 1, 1, 1, 1, 1, 1, 1, 1, 1, 1, 1, 0, 1, 1, 0, 1, 1, 1, 1, 1, 1, 1]","[0.07429004460573196, 1.1770573854446411, 0.07777883857488632, 0.06148707494139671, 0.0064973169937729836, 0.13304193317890167, 0.06294315308332443, 1.0455377101898193, 0.003471825271844864, 0.32124990224838257, 1.157036542892456, 0.05926152691245079, 0.2937515079975128, 0.01770816557109356, 0.06240076199173927, 1.4807920455932617, 0.9967248439788818, 0.06670351326465607, 1.003190517425537, 0.3819167912006378, 0.053487733006477356, 0.018713314086198807, 0.3522185683250427, 0.22899362444877625, 0.0030009422916918993, 0.04709668830037117, 0.2342977076768875, 0.6074466705322266, 0.022812627255916595, 0.26212865114212036, 0.014905198477208614, 0.030635863542556763, 0.6215118169784546, 0.007029697299003601, 0.48930269479751587, 0.037688758224248886, 1.5919415950775146, 0.3786090612411499, 0.007181636523455381, 0.21696630120277405, 0.011769060045480728, 0.03467991575598717, 0.2821730673313141, 0.41563037037849426, 0.007414968218654394, 0.9710411429405212, 0.064500592648983, 0.3906140923500061, 0.0036993336398154497, 0.055730029940605164, 0.007392244879156351, 0.04810357093811035, 0.0823342353105545, 1.3457324504852295, 0.00528909033164382, 0.04619467630982399, 1.2437915802001953, 0.012355118058621883, 0.29688477516174316, 0.2659682333469391, 0.004889749456197023, 0.07068629562854767, 0.1805494725704193, 0.38137149810791016]"
2,128,192,64,0.90625,0.4958796799182892,clean_mnist,0.03125,0.15625,0.109375,0.109375,0.125,0.09375,0.09375,0.078125,0.078125,0.125,0.5738369226455688,0.17113515734672546,13.571026802062988,13.558919906616211,28.0,28.0,"[1, 6, 3, 4, 1, 9, 1, 3, 3, 8, 5, 4, 7, 7, 4, 2, 8, 5, 8, 6, 4, 3, 4, 6, 1, 9, 9, 6, 0, 3, 7, 2, 8, 2, 9, 4, 4, 6, 4, 9, 1, 0, 9, 2, 7, 5, 1, 5, 9, 1, 2, 3, 1, 3, 5, 9, 1, 7, 6, 2, 8, 2, 1, 5]","[1, 6, 3, 4, 5, 9, 1, 3, 3, 8, 5, 4, 7, 7, 4, 2, 8, 5, 8, 6, 7, 3, 4, 6, 1, 9, 9, 6, 0, 3, 7, 2, 8, 2, 9, 4, 4, 6, 4, 9, 7, 0, 9, 2, 9, 5, 1, 5, 9, 1, 2, 3, 2, 3, 5, 9, 1, 7, 6, 2, 8, 2, 2, 5]","[0.9962822794914246, 0.9225708246231079, 0.9717670679092407, 0.9869990944862366, 0.9673727750778198, 0.8756037354469299, 0.805309534072876, 0.9832049012184143, 0.901540219783783, 0.9539201855659485, 0.553865909576416, 0.9874302744865417, 0.7266455888748169, 0.3801130950450897, 0.9975656270980835, 0.7012782096862793, 0.9997292160987854, 0.8192651271820068, 0.9977179765701294, 0.849166989326477, 0.3868427574634552, 0.9781806468963623, 0.9262155294418335, 0.9685362577438354, 0.9988168478012085, 0.9299383163452148, 0.9526510834693909, 0.9685617685317993, 0.9989926218986511, 0.9266006350517273, 0.7709660530090332, 0.7462438941001892, 0.936535120010376, 0.48755839467048645, 0.9514926075935364, 0.8790014386177063, 0.9705812931060791, 0.9934565424919128, 0.9839269518852234, 0.951915979385376, 0.3939571976661682, 0.9862210750579834, 0.9946182370185852, 0.7632893323898315, 0.4283236265182495, 0.7513113021850586, 0.9992917776107788, 0.5066669583320618, 0.9309581518173218, 0.9953925609588623, 0.41889041662216187, 0.9708256125450134, 0.8303539752960205, 0.8952835202217102, 0.42862045764923096, 0.9824856519699097, 0.9992266893386841, 0.9522751569747925, 0.9792810678482056, 0.7299553751945496, 0.999029278755188, 0.5731311440467834, 0.5455436110496521, 0.4672936499118805]","[1, 1, 1, 1, 0, 1, 1, 1, 1, 1, 1, 1, 1, 1, 1, 1, 1, 1, 1, 1, 0, 1, 1, 1, 1, 1, 1, 1, 1, 1, 1, 1, 1, 1, 1, 1, 1, 1, 1, 1, 0, 1, 1, 1, 0, 1, 1, 1, 1, 1, 1, 1, 0, 1, 1, 1, 1, 1, 1, 1, 1, 1, 0, 1]","[0.030636411160230637, 0.39926835894584656, 0.16243216395378113, 0.08838110417127609, 0.19704435765743256, 0.5197088122367859, 0.7406489253044128, 0.10168540477752686, 0.4288448095321655, 0.24150153994560242, 1.2009608745574951, 0.08878498524427414, 0.9668655395507812, 1.4290151596069336, 0.020053839311003685, 0.968784749507904, 0.0028155436739325523, 0.6259806752204895, 0.019713623449206352, 0.6184695363044739, 1.48630690574646, 0.12582425773143768, 0.32348060607910156, 0.15883415937423706, 0.011158925481140614, 0.30366164445877075, 0.255324125289917, 0.16471511125564575, 0.009786462411284447, 0.3380720913410187, 0.7153061032295227, 0.8892446756362915, 0.3242039382457733, 0.9486202001571655, 0.22759148478507996, 0.505268931388855, 0.15356387197971344, 0.05028337240219116, 0.09451927244663239, 0.24212884902954102, 1.4468657970428467, 0.09795255213975906, 0.0400443971157074, 0.8526490330696106, 1.357107400894165, 0.9363456964492798, 0.007087087724357843, 1.3287287950515747, 0.34673503041267395, 0.036989472806453705, 1.4314765930175781, 0.16429683566093445, 0.5303859710693359, 0.4616626501083374, 1.504272222518921, 0.09608345478773117, 0.0071762981824576855, 0.2806675434112549, 0.1297600120306015, 1.0024330615997314, 0.009244299493730068, 1.2605689764022827, 1.0793800354003906, 1.1488949060440063]"
3,192,256,64,0.921875,0.36203131079673767,clean_mnist,0.15625,0.15625,0.09375,0.109375,0.0625,0.0625,0.078125,0.09375,0.140625,0.046875,0.5792459845542908,0.17629766464233398,13.577668190002441,13.555174827575684,28.0,28.0,"[0, 7, 4, 9, 7, 8, 3, 2, 1, 1, 8, 3, 6, 1, 0, 3, 1, 0, 0, 1, 1, 2, 7, 3, 0, 4, 6, 5, 2, 6, 4, 7, 1, 8, 9, 8, 8, 0, 7, 1, 0, 2, 0, 3, 5, 4, 6, 5, 8, 6, 3, 7, 5, 8, 0, 9, 1, 0, 8, 1, 2, 2, 8, 3]","[0, 7, 4, 9, 7, 8, 3, 2, 1, 1, 8, 3, 6, 1, 0, 3, 1, 0, 0, 1, 7, 2, 7, 3, 0, 4, 6, 5, 2, 6, 4, 7, 1, 8, 9, 9, 3, 0, 7, 1, 0, 2, 0, 3, 5, 4, 6, 5, 8, 6, 3, 7, 5, 8, 0, 9, 1, 0, 3, 1, 2, 2, 3, 3]","[0.9994688630104065, 0.8260390758514404, 0.9906753301620483, 0.764221727848053, 0.9875195026397705, 0.9983548521995544, 0.8485597372055054, 0.6249146461486816, 0.9983260035514832, 0.9891573190689087, 0.9850768446922302, 0.9818737506866455, 0.7818825244903564, 0.9948598146438599, 0.9996752738952637, 0.724237859249115, 0.9989249110221863, 0.9996918439865112, 0.999578058719635, 0.9987891316413879, 0.9704472422599792, 0.9117799401283264, 0.9932630658149719, 0.9887836575508118, 0.9948195815086365, 0.9860848188400269, 0.8960139751434326, 0.9238391518592834, 0.8421058654785156, 0.9608919620513916, 0.6742252707481384, 0.9583335518836975, 0.6850640773773193, 0.9944783449172974, 0.9869006276130676, 0.793608546257019, 0.465190589427948, 0.9996438026428223, 0.9355406165122986, 0.9978128671646118, 0.9914666414260864, 0.6416356563568115, 0.9926694631576538, 0.9908028841018677, 0.5424327254295349, 0.9916476011276245, 0.9370280504226685, 0.8966689705848694, 0.9629876017570496, 0.8542578816413879, 0.8188431859016418, 0.9780098795890808, 0.3492640554904938, 0.9978435039520264, 0.999405026435852, 0.5959259271621704, 0.9981332421302795, 0.9996192455291748, 0.3685818314552307, 0.9963374137878418, 0.9429181218147278, 0.8743166327476501, 0.503911554813385, 0.9787565469741821]","[1, 1, 1, 1, 1, 1, 1, 1, 1, 1, 1, 1, 1, 1, 1, 1, 1, 1, 1, 1, 0, 1, 1, 1, 1, 1, 1, 1, 1, 1, 1, 1, 1, 1, 1, 0, 0, 1, 1, 1, 1, 1, 1, 1, 1, 1, 1, 1, 1, 1, 1, 1, 1, 1, 1, 1, 1, 1, 0, 1, 1, 1, 0, 1]","[0.005443980451673269, 0.7927184700965881, 0.060590099543333054, 0.6523308753967285, 0.0803622379899025, 0.014900638721883297, 0.6628827452659607, 1.1744519472122192, 0.014472425915300846, 0.0777234211564064, 0.10608045756816864, 0.10545410960912704, 0.7443779706954956, 0.041627053171396255, 0.0035494877956807613, 0.9771977663040161, 0.01027125958353281, 0.0033224017824977636, 0.004465990234166384, 0.011417999863624573, 0.17765077948570251, 0.4187331795692444, 0.049849990755319595, 0.07683311402797699, 0.03972959518432617, 0.09693852066993713, 0.37879258394241333, 0.3669884204864502, 0.5679917335510254, 0.19489414989948273, 0.7323637008666992, 0.22833874821662903, 1.1331291198730469, 0.042230840772390366, 0.08227168023586273, 0.5984957218170166, 1.353358268737793, 0.003705560928210616, 0.347061425447464, 0.019469676539301872, 0.06202715262770653, 1.0440729856491089, 0.05539625510573387, 0.06602261960506439, 0.9643155932426453, 0.05906075984239578, 0.3059230148792267, 0.42160630226135254, 0.20245663821697235, 0.5389184951782227, 0.7563390135765076, 0.1408587247133255, 1.7447328567504883, 0.018041040748357773, 0.005987509619444609, 0.7933105230331421, 0.016884133219718933, 0.0039784167893230915, 1.4988890886306763, 0.030683882534503937, 0.2901100218296051, 0.6028977036476135, 0.9769777655601501, 0.11804301291704178]"
4,256,320,64,0.953125,0.3806442320346832,clean_mnist,0.078125,0.109375,0.09375,0.0625,0.140625,0.109375,0.109375,0.09375,0.109375,0.09375,0.572575569152832,0.1686301976442337,13.566633224487305,13.562941551208496,28.0,28.0,"[6, 4, 7, 5, 0, 6, 2, 7, 9, 8, 8, 9, 2, 1, 1, 4, 4, 5, 6, 4, 1, 2, 5, 3, 9, 3, 9, 0, 5, 8, 6, 5, 7, 4, 1, 3, 4, 0, 4, 8, 0, 4, 3, 6, 8, 7, 6, 0, 9, 7, 5, 7, 2, 1, 1, 6, 8, 8, 4, 1, 5, 2, 2, 9]","[6, 4, 7, 5, 0, 6, 2, 7, 9, 8, 5, 9, 2, 1, 1, 4, 4, 5, 6, 4, 1, 2, 5, 3, 9, 3, 9, 0, 5, 9, 6, 5, 7, 4, 1, 3, 4, 0, 4, 8, 0, 4, 3, 6, 8, 7, 6, 0, 9, 7, 5, 7, 2, 1, 1, 6, 8, 9, 4, 1, 5, 2, 2, 9]","[0.5401867628097534, 0.9918301701545715, 0.9066153168678284, 0.8106834888458252, 0.9920586943626404, 0.8942959904670715, 0.7166656851768494, 0.9734702110290527, 0.8598771691322327, 0.9985974431037903, 0.5188515186309814, 0.8298208713531494, 0.723347544670105, 0.9993042945861816, 0.999049723148346, 0.9791333079338074, 0.9513434767723083, 0.8471577763557434, 0.6903477907180786, 0.9866740703582764, 0.9993902444839478, 0.9041165709495544, 0.4033936560153961, 0.9967729449272156, 0.9568197131156921, 0.9698226451873779, 0.8443958759307861, 0.9992589354515076, 0.9742442965507507, 0.5645056962966919, 0.5899640321731567, 0.5998671054840088, 0.9919577836990356, 0.986721396446228, 0.9988561868667603, 0.9820323586463928, 0.9084505438804626, 0.9971651434898376, 0.900751531124115, 0.9994646906852722, 0.9983958601951599, 0.9956249594688416, 0.9344255328178406, 0.9536581635475159, 0.9943583607673645, 0.9117266535758972, 0.9563975930213928, 0.997879147529602, 0.926771879196167, 0.9095026850700378, 0.8473241925239563, 0.9202965497970581, 0.8621460795402527, 0.9982731342315674, 0.9995899796485901, 0.926473081111908, 0.9932679533958435, 0.5889097452163696, 0.9980316758155823, 0.9964374303817749, 0.7129709720611572, 0.8167866468429565, 0.8351749777793884, 0.8298864364624023]","[1, 1, 1, 1, 1, 1, 1, 1, 1, 1, 0, 1, 1, 1, 1, 1, 1, 1, 1, 1, 1, 1, 1, 1, 1, 1, 1, 1, 1, 0, 1, 1, 1, 1, 1, 1, 1, 1, 1, 1, 1, 1, 1, 1, 1, 1, 1, 1, 1, 1, 1, 1, 1, 1, 1, 1, 1, 0, 1, 1, 1, 1, 1, 1]","[1.2503135204315186, 0.059770748019218445, 0.3769838213920593, 0.6852629780769348, 0.056262318044900894, 0.43464335799217224, 1.0384352207183838, 0.1638723909854889, 0.49223217368125916, 0.012917420826852322, 0.7818334698677063, 0.5544456839561462, 0.9439747333526611, 0.007011789362877607, 0.009108581580221653, 0.13206513226032257, 0.25536638498306274, 0.5702494382858276, 1.0320065021514893, 0.09185629338026047, 0.006230899598449469, 0.46543559432029724, 1.6962964534759521, 0.024769596755504608, 0.22683246433734894, 0.1693098247051239, 0.6156116724014282, 0.007285577245056629, 0.15475746989250183, 0.8455118536949158, 1.3418039083480835, 1.1025391817092896, 0.055395253002643585, 0.08997663110494614, 0.010893698781728745, 0.11491589993238449, 0.374955415725708, 0.02455722913146019, 0.3517303466796875, 0.005515342112630606, 0.014495989307761192, 0.03562593087553978, 0.35079529881477356, 0.2398228645324707, 0.042652614414691925, 0.42979612946510315, 0.236789271235466, 0.018766488879919052, 0.3580787181854248, 0.4367121458053589, 0.6287468671798706, 0.3962632417678833, 0.5461586713790894, 0.015538111329078674, 0.004378840792924166, 0.310659795999527, 0.05164790526032448, 0.829088032245636, 0.01749524101614952, 0.029796412214636803, 0.9486156105995178, 0.6195968389511108, 0.6094146966934204, 0.5573574304580688]"
5,320,384,64,0.921875,0.3460293412208557,clean_mnist,0.046875,0.140625,0.109375,0.09375,0.171875,0.03125,0.0625,0.09375,0.109375,0.140625,0.5744534730911255,0.17181748151779175,13.565977096557617,13.559141159057617,28.0,28.0,"[0, 3, 9, 6, 7, 8, 0, 3, 6, 4, 3, 6, 5, 8, 9, 5, 4, 7, 4, 2, 1, 3, 4, 8, 9, 1, 9, 2, 8, 7, 9, 1, 8, 7, 4, 1, 3, 1, 1, 0, 2, 3, 9, 4, 9, 2, 1, 6, 8, 4, 1, 7, 4, 4, 9, 2, 8, 7, 2, 4, 4, 2, 1, 9]","[0, 3, 9, 6, 7, 2, 0, 3, 5, 4, 3, 6, 5, 8, 9, 5, 4, 7, 4, 2, 7, 3, 4, 8, 9, 1, 9, 2, 8, 7, 9, 1, 8, 7, 4, 1, 3, 1, 1, 0, 2, 3, 9, 4, 9, 2, 1, 6, 8, 4, 7, 7, 4, 4, 9, 2, 5, 7, 2, 4, 4, 2, 1, 9]","[0.9968563318252563, 0.9827352166175842, 0.9968767166137695, 0.8705333471298218, 0.9406949877738953, 0.478008896112442, 0.999640941619873, 0.9729265570640564, 0.40147387981414795, 0.9971515536308289, 0.7234808206558228, 0.6903886795043945, 0.8029637932777405, 0.9998014569282532, 0.9708640575408936, 0.7905150055885315, 0.9987792372703552, 0.974989652633667, 0.9988287091255188, 0.7963769435882568, 0.4361284375190735, 0.8809036016464233, 0.7883805632591248, 0.997394323348999, 0.9290452599525452, 0.9927566647529602, 0.7392410039901733, 0.9182496070861816, 0.9630730748176575, 0.9859898090362549, 0.9692589044570923, 0.983302652835846, 0.9720003604888916, 0.8917927145957947, 0.8744188547134399, 0.9919664859771729, 0.8992657661437988, 0.9925826787948608, 0.9961254000663757, 0.9997604489326477, 0.9180508852005005, 0.9873207807540894, 0.6421999335289001, 0.9453845620155334, 0.8152063488960266, 0.9140411615371704, 0.9997283816337585, 0.8756252527236938, 0.939355194568634, 0.9980508089065552, 0.9706089496612549, 0.9854265451431274, 0.9990211725234985, 0.9818568825721741, 0.8745369911193848, 0.9013566374778748, 0.7977223992347717, 0.9593067765235901, 0.9893490076065063, 0.9802888631820679, 0.9421095252037048, 0.8293253183364868, 0.9990085959434509, 0.970899760723114]","[1, 1, 1, 1, 1, 0, 1, 1, 0, 1, 1, 1, 1, 1, 1, 1, 1, 1, 1, 1, 0, 1, 1, 1, 1, 1, 1, 1, 1, 1, 1, 1, 1, 1, 1, 1, 1, 1, 1, 1, 1, 1, 1, 1, 1, 1, 1, 1, 1, 1, 0, 1, 1, 1, 1, 1, 0, 1, 1, 1, 1, 1, 1, 1]","[0.027208907529711723, 0.11197904497385025, 0.025119101628661156, 0.5014157891273499, 0.3263057768344879, 1.2977529764175415, 0.003580077551305294, 0.16110557317733765, 1.493083119392395, 0.02370724081993103, 1.0585987567901611, 0.8958969116210938, 0.5846960544586182, 0.0022559091448783875, 0.16907194256782532, 0.8447563648223877, 0.010811828076839447, 0.1564539223909378, 0.01086474396288395, 0.8175867795944214, 1.4508084058761597, 0.42571404576301575, 0.6572340726852417, 0.02230333909392357, 0.29945194721221924, 0.054062265902757645, 0.6967933177947998, 0.3959171175956726, 0.21775010228157043, 0.09793683886528015, 0.17296406626701355, 0.11268429458141327, 0.16412141919136047, 0.5246253609657288, 0.5170423984527588, 0.0594218410551548, 0.4661376178264618, 0.0568058118224144, 0.02884528785943985, 0.002568125957623124, 0.31592217087745667, 0.07683350145816803, 0.9612702131271362, 0.2677342891693115, 0.7756223678588867, 0.43242016434669495, 0.003019155701622367, 0.4579567015171051, 0.2943016588687897, 0.016531774774193764, 0.163962259888649, 0.0907345786690712, 0.008840938098728657, 0.11197107285261154, 0.5733127593994141, 0.4641984701156616, 0.6256793141365051, 0.23371940851211548, 0.07090136408805847, 0.11933401972055435, 0.305315226316452, 0.6616136431694031, 0.009235824458301067, 0.16000573337078094]"
6,384,448,64,0.9375,0.3842868208885193,clean_mnist,0.078125,0.140625,0.0625,0.0625,0.09375,0.078125,0.09375,0.109375,0.140625,0.140625,0.5727323889732361,0.16828599572181702,13.570576667785645,13.562751770019531,28.0,28.0,"[7, 2, 8, 7, 6, 9, 8, 8, 3, 8, 1, 6, 5, 1, 1, 0, 2, 6, 4, 5, 8, 3, 1, 5, 1, 9, 2, 7, 4, 4, 4, 8, 1, 5, 8, 9, 9, 6, 7, 9, 9, 3, 7, 0, 9, 0, 6, 6, 2, 3, 9, 0, 7, 5, 4, 8, 0, 9, 4, 1, 1, 8, 7, 1]","[7, 2, 8, 7, 6, 9, 2, 2, 3, 8, 1, 6, 5, 1, 1, 0, 2, 6, 4, 5, 8, 3, 1, 5, 1, 9, 2, 7, 4, 4, 4, 8, 1, 5, 8, 9, 5, 6, 7, 9, 9, 3, 7, 0, 9, 0, 6, 6, 2, 3, 9, 0, 7, 5, 4, 8, 0, 9, 4, 1, 2, 8, 7, 1]","[0.8253368139266968, 0.7321691513061523, 0.9935687780380249, 0.9744622707366943, 0.8719661235809326, 0.7541162967681885, 0.864223062992096, 0.30114784836769104, 0.9329039454460144, 0.9994856119155884, 0.9989851117134094, 0.9022492170333862, 0.6771396398544312, 0.9925098419189453, 0.9997991919517517, 0.9935752749443054, 0.7861655354499817, 0.9006322026252747, 0.9955969452857971, 0.8610761165618896, 0.9916388392448425, 0.9487317204475403, 0.9988527297973633, 0.9168848395347595, 0.9995457530021667, 0.7521956562995911, 0.9134497046470642, 0.8232822418212891, 0.9360558986663818, 0.9961961507797241, 0.8092284202575684, 0.9944610595703125, 0.9848317503929138, 0.7939825057983398, 0.6335234045982361, 0.8672456741333008, 0.6208028197288513, 0.9488028287887573, 0.8954726457595825, 0.7567498087882996, 0.37468117475509644, 0.9348400831222534, 0.9615013599395752, 0.9836170673370361, 0.9869282841682434, 0.9995542168617249, 0.9614319205284119, 0.9238672256469727, 0.9975658655166626, 0.969607949256897, 0.9946802258491516, 0.9997698664665222, 0.7833062410354614, 0.7178571820259094, 0.9968268275260925, 0.9939911961555481, 0.9887561202049255, 0.6990530490875244, 0.9922499656677246, 0.9911196827888489, 0.41455015540122986, 0.9995700716972351, 0.983205258846283, 0.9805147051811218]","[1, 1, 1, 1, 1, 1, 0, 0, 1, 1, 1, 1, 1, 1, 1, 1, 1, 1, 1, 1, 1, 1, 1, 1, 1, 1, 1, 1, 1, 1, 1, 1, 1, 1, 1, 1, 0, 1, 1, 1, 1, 1, 1, 1, 1, 1, 1, 1, 1, 1, 1, 1, 1, 1, 1, 1, 1, 1, 1, 1, 0, 1, 1, 1]","[0.7159430980682373, 0.9075866937637329, 0.04951437562704086, 0.1591179519891739, 0.5190156698226929, 0.7284998893737793, 0.5758240222930908, 1.6952065229415894, 0.3223881125450134, 0.005192216951400042, 0.009582975879311562, 0.38175690174102783, 1.0090892314910889, 0.05550346523523331, 0.002266469644382596, 0.05026008561253548, 0.7261001467704773, 0.41878485679626465, 0.033620234578847885, 0.5963131785392761, 0.05964203551411629, 0.23989543318748474, 0.010912192985415459, 0.3907730281352997, 0.004796949680894613, 0.7539994120597839, 0.33024832606315613, 0.6710847616195679, 0.2875007390975952, 0.029780203476548195, 0.7166696190834045, 0.042763713747262955, 0.10165572911500931, 0.777662456035614, 1.3436185121536255, 0.4670405983924866, 1.108543872833252, 0.2498888075351715, 0.3921773433685303, 0.6532592177391052, 1.3963760137557983, 0.32652896642684937, 0.22011499106884003, 0.11259686201810837, 0.07986950874328613, 0.0046351272612810135, 0.20580872893333435, 0.316190630197525, 0.01942412182688713, 0.17208480834960938, 0.03966823220252991, 0.0024737680796533823, 0.7406176924705505, 0.8898310661315918, 0.024861587211489677, 0.04465552791953087, 0.08184442669153214, 0.7231076955795288, 0.05597062036395073, 0.06430542469024658, 1.251921534538269, 0.004492412321269512, 0.09698507189750671, 0.12651363015174866]"
7,448,512,64,0.921875,0.43312591314315796,clean_mnist,0.125,0.203125,0.09375,0.109375,0.03125,0.0625,0.078125,0.109375,0.109375,0.078125,0.5733564496040344,0.16927556693553925,13.563902854919434,13.569342613220215,28.0,28.0,"[2, 6, 1, 0, 3, 0, 1, 1, 8, 2, 0, 3, 9, 4, 0, 5, 0, 6, 1, 7, 7, 8, 1, 9, 1, 0, 5, 1, 2, 2, 7, 3, 8, 4, 9, 7, 1, 8, 3, 9, 6, 0, 3, 1, 1, 2, 0, 3, 5, 7, 6, 8, 2, 9, 8, 8, 5, 7, 6, 1, 1, 3, 1, 7]","[2, 6, 1, 0, 3, 0, 1, 1, 8, 2, 0, 3, 9, 4, 0, 5, 0, 6, 1, 7, 7, 8, 1, 9, 2, 0, 5, 1, 2, 2, 7, 3, 5, 4, 9, 7, 1, 8, 3, 9, 6, 0, 3, 1, 1, 2, 6, 3, 5, 7, 6, 8, 3, 9, 5, 8, 5, 7, 6, 1, 1, 3, 1, 7]","[0.511522114276886, 0.8038491606712341, 0.998997151851654, 0.9937376976013184, 0.8886803984642029, 0.9991496801376343, 0.999756395816803, 0.9980886578559875, 0.9779330492019653, 0.5774455666542053, 0.9995563626289368, 0.48736175894737244, 0.9609673619270325, 0.9986968636512756, 0.9972042441368103, 0.8078048229217529, 0.999221920967102, 0.974395751953125, 0.9982105493545532, 0.9706429839134216, 0.832365095615387, 0.9776545166969299, 0.956839382648468, 0.8217374086380005, 0.6497166752815247, 0.9985804557800293, 0.9398289918899536, 0.9931023120880127, 0.8993104696273804, 0.556032657623291, 0.8809217214584351, 0.6961935758590698, 0.4349224269390106, 0.9800257682800293, 0.6213615536689758, 0.8806995749473572, 0.9997597336769104, 0.9936793446540833, 0.9685258865356445, 0.9488049149513245, 0.5742553472518921, 0.9787439703941345, 0.9870964288711548, 0.9566687345504761, 0.9840251803398132, 0.4648241400718689, 0.993137001991272, 0.7759382724761963, 0.4452599287033081, 0.5943433046340942, 0.9824734926223755, 0.9959897398948669, 0.5678746700286865, 0.8413528203964233, 0.8391566872596741, 0.9571507573127747, 0.914631724357605, 0.9755748510360718, 0.8149140477180481, 0.989540159702301, 0.98358154296875, 0.7639645338058472, 0.9985675811767578, 0.8436156511306763]","[1, 1, 1, 1, 1, 1, 1, 1, 1, 1, 1, 1, 1, 1, 1, 1, 1, 1, 1, 1, 1, 1, 1, 1, 0, 1, 1, 1, 1, 1, 1, 1, 0, 1, 1, 1, 1, 1, 1, 1, 1, 1, 1, 1, 1, 1, 0, 1, 1, 1, 1, 1, 0, 1, 0, 1, 1, 1, 1, 1, 1, 1, 1, 1]","[1.566987156867981, 0.6622229218482971, 0.009537054225802422, 0.049406908452510834, 0.534430742263794, 0.008207435719668865, 0.002719166921451688, 0.017218761146068573, 0.13199540972709656, 1.0774270296096802, 0.004489774815738201, 0.8787607550621033, 0.2091047465801239, 0.011861512437462807, 0.02436629682779312, 0.7716689705848694, 0.0077597531490027905, 0.14775557816028595, 0.016127055510878563, 0.18339306116104126, 0.6033695936203003, 0.12869763374328613, 0.2358119934797287, 0.6085014939308167, 0.6846657991409302, 0.01345457136631012, 0.29465851187705994, 0.05233779177069664, 0.48811960220336914, 1.2843413352966309, 0.533174991607666, 0.8902366757392883, 1.1682618856430054, 0.13515514135360718, 1.079697847366333, 0.5677516460418701, 0.002661881037056446, 0.04976844787597656, 0.19377191364765167, 0.2562239170074463, 0.9473353624343872, 0.13269861042499542, 0.08820609003305435, 0.24307574331760406, 0.10112928599119186, 1.4908794164657593, 0.042349111288785934, 0.9003089666366577, 1.315915584564209, 1.3600165843963623, 0.11596157401800156, 0.03244062140583992, 1.1711456775665283, 0.5588834285736084, 0.5140583515167236, 0.24908685684204102, 0.34054625034332275, 0.15900038182735443, 0.7511388063430786, 0.07383617013692856, 0.10937425494194031, 0.7406558394432068, 0.013378845527768135, 0.6825312376022339]"
8,512,576,64,0.96875,0.4979296624660492,clean_mnist,0.078125,0.125,0.140625,0.09375,0.078125,0.125,0.046875,0.09375,0.125,0.09375,0.5764214992523193,0.17272864282131195,13.567625045776367,13.557574272155762,28.0,28.0,"[5, 5, 5, 2, 5, 8, 7, 0, 9, 7, 7, 5, 0, 9, 0, 0, 8, 9, 2, 4, 8, 1, 6, 1, 6, 5, 1, 8, 3, 4, 0, 5, 5, 8, 3, 4, 2, 3, 9, 2, 1, 1, 9, 2, 1, 3, 2, 8, 7, 3, 7, 2, 4, 6, 9, 7, 2, 4, 2, 8, 1, 1, 3, 8]","[5, 5, 5, 2, 5, 8, 7, 0, 9, 7, 7, 5, 0, 9, 0, 0, 8, 9, 2, 4, 8, 1, 6, 1, 6, 5, 1, 8, 3, 4, 0, 5, 5, 8, 3, 6, 2, 3, 9, 2, 1, 1, 5, 2, 1, 3, 2, 8, 7, 3, 7, 2, 4, 6, 9, 7, 2, 4, 2, 8, 1, 1, 3, 8]","[0.5358737111091614, 0.6614837050437927, 0.5518602728843689, 0.8852859735488892, 0.6079295873641968, 0.9357669353485107, 0.5097753405570984, 0.9900074005126953, 0.9621811509132385, 0.653040885925293, 0.9847717881202698, 0.692417562007904, 0.9983458518981934, 0.9479634165763855, 0.9997426867485046, 0.9235513806343079, 0.8730629682540894, 0.8170404434204102, 0.8496184349060059, 0.9206168055534363, 0.9989663362503052, 0.8674584031105042, 0.9948859810829163, 0.962888240814209, 0.9606698751449585, 0.8340451717376709, 0.9989822506904602, 0.9977953433990479, 0.9005849361419678, 0.9848783612251282, 0.9888695478439331, 0.6827377080917358, 0.9106510877609253, 0.9963931441307068, 0.984183669090271, 0.5920206904411316, 0.6635722517967224, 0.7980681657791138, 0.9833570718765259, 0.49080169200897217, 0.995612382888794, 0.9937897324562073, 0.3637141287326813, 0.5960727334022522, 0.9920605421066284, 0.9567309021949768, 0.732799232006073, 0.9924707412719727, 0.8991106748580933, 0.7291060090065002, 0.9959043860435486, 0.6201655864715576, 0.9955489635467529, 0.43318796157836914, 0.9426839351654053, 0.9587575793266296, 0.7421172261238098, 0.9751332402229309, 0.7385880947113037, 0.999065101146698, 0.998898983001709, 0.996705949306488, 0.774684727191925, 0.9853765368461609]","[1, 1, 1, 1, 1, 1, 1, 1, 1, 1, 1, 1, 1, 1, 1, 1, 1, 1, 1, 1, 1, 1, 1, 1, 1, 1, 1, 1, 1, 1, 1, 1, 1, 1, 1, 0, 1, 1, 1, 1, 1, 1, 0, 1, 1, 1, 1, 1, 1, 1, 1, 1, 1, 1, 1, 1, 1, 1, 1, 1, 1, 1, 1, 1]","[0.7964982986450195, 0.9754812121391296, 1.5153096914291382, 0.5524119138717651, 0.8485814332962036, 0.31627944111824036, 1.161536455154419, 0.07505248486995697, 0.19837412238121033, 1.219753384590149, 0.10075439512729645, 1.0575528144836426, 0.014131862670183182, 0.28533220291137695, 0.0028352467343211174, 0.3676184117794037, 0.6192930340766907, 0.6910815834999084, 0.6075568199157715, 0.42595306038856506, 0.009687085635960102, 0.5791066884994507, 0.03796253725886345, 0.2200268805027008, 0.20389994978904724, 0.7025114297866821, 0.009897633455693722, 0.019401369616389275, 0.3671005368232727, 0.09870757162570953, 0.0811740830540657, 0.9620454907417297, 0.3913114666938782, 0.03082122467458248, 0.10773362219333649, 1.189278483390808, 0.9611479640007019, 0.7763341069221497, 0.10486739873886108, 1.2128756046295166, 0.037181269377470016, 0.048816125839948654, 1.812773585319519, 1.1868680715560913, 0.057060327380895615, 0.2472936511039734, 0.9192015528678894, 0.05714718624949455, 0.4307965338230133, 0.9792637825012207, 0.032942965626716614, 1.2614412307739258, 0.03260970860719681, 1.4998739957809448, 0.2680249810218811, 0.2395537942647934, 0.9147145748138428, 0.14999638497829437, 0.9386806488037109, 0.008945941925048828, 0.010282604023814201, 0.027708856388926506, 0.7100769281387329, 0.09896378219127655]"
9,576,640,64,0.90625,0.5472889542579651,clean_mnist,0.125,0.109375,0.0625,0.046875,0.09375,0.03125,0.109375,0.140625,0.125,0.15625,0.5712088346481323,0.16733379662036896,13.562124252319336,13.559805870056152,28.0,28.0,"[4, 0, 6, 5, 9, 3, 0, 9, 2, 4, 7, 1, 2, 9, 4, 2, 6, 1, 8, 9, 0, 6, 6, 7, 9, 9, 8, 0, 1, 4, 4, 0, 7, 1, 8, 7, 0, 3, 6, 8, 4, 7, 1, 2, 5, 9, 8, 6, 7, 8, 9, 8, 8, 3, 6, 9, 7, 0, 7, 9, 7, 1, 1, 0]","[4, 0, 6, 5, 9, 3, 0, 9, 2, 4, 7, 1, 2, 9, 4, 2, 6, 1, 8, 9, 0, 6, 6, 7, 9, 9, 8, 0, 1, 4, 4, 6, 7, 1, 5, 7, 0, 3, 5, 8, 4, 7, 1, 2, 5, 9, 5, 6, 7, 5, 9, 8, 8, 3, 6, 9, 7, 0, 7, 5, 7, 1, 1, 0]","[0.8196814060211182, 0.9964020252227783, 0.5937561392784119, 0.4724138379096985, 0.9769397974014282, 0.5014991164207458, 0.9978360533714294, 0.8997933864593506, 0.7118778228759766, 0.8880468606948853, 0.8320242166519165, 0.988128125667572, 0.42404705286026, 0.7430825233459473, 0.9359267950057983, 0.6892673969268799, 0.9847174286842346, 0.9947132468223572, 0.9746761918067932, 0.9522684216499329, 0.9983730316162109, 0.9204331636428833, 0.7747116684913635, 0.9166655540466309, 0.903760552406311, 0.6686031818389893, 0.9808152914047241, 0.9948785305023193, 0.9985997080802917, 0.7278838157653809, 0.9682813882827759, 0.4937475025653839, 0.9914106130599976, 0.994848370552063, 0.41480782628059387, 0.4262884557247162, 0.9998012185096741, 0.8978105187416077, 0.39226457476615906, 0.9989826083183289, 0.9573805928230286, 0.9464858174324036, 0.9988763928413391, 0.5308917760848999, 0.6545700430870056, 0.9127597212791443, 0.6668289303779602, 0.2933441698551178, 0.948477029800415, 0.43493005633354187, 0.8680166006088257, 0.9938953518867493, 0.997426450252533, 0.6883059740066528, 0.8551210165023804, 0.6876218318939209, 0.9870807528495789, 0.9853958487510681, 0.6404626369476318, 0.335368275642395, 0.9191181063652039, 0.9694814682006836, 0.9996992349624634, 0.9988538026809692]","[1, 1, 1, 1, 1, 1, 1, 1, 1, 1, 1, 1, 1, 1, 1, 1, 1, 1, 1, 1, 1, 1, 1, 1, 1, 1, 1, 1, 1, 1, 1, 0, 1, 1, 0, 1, 1, 1, 0, 1, 1, 1, 1, 1, 1, 1, 0, 1, 1, 0, 1, 1, 1, 1, 1, 1, 1, 1, 1, 0, 1, 1, 1, 1]","[0.6252100467681885, 0.029975473880767822, 1.0538581609725952, 1.3193610906600952, 0.13927620649337769, 1.1957870721817017, 0.018486175686120987, 0.43257614970207214, 0.8892552852630615, 0.5065492987632751, 0.6584348678588867, 0.0856451541185379, 1.286568522453308, 0.9498387575149536, 0.32776448130607605, 1.126596212387085, 0.09392150491476059, 0.04178512096405029, 0.14895378053188324, 0.26497921347618103, 0.014095342718064785, 0.4042045474052429, 0.7171099781990051, 0.4055151641368866, 0.41609472036361694, 0.7639634013175964, 0.12449749559164047, 0.041740674525499344, 0.012858799658715725, 1.0834356546401978, 0.1579417735338211, 0.8179200291633606, 0.05844779312610626, 0.04103446006774902, 1.3079129457473755, 1.4430596828460693, 0.0021672823932021856, 0.45697349309921265, 1.4901158809661865, 0.009546144865453243, 0.20322862267494202, 0.29066285490989685, 0.010274394415318966, 1.310996651649475, 1.1049591302871704, 0.42476898431777954, 1.0961437225341797, 1.7283692359924316, 0.28209352493286133, 1.2400976419448853, 0.6340470314025879, 0.048348717391490936, 0.02219977229833603, 0.9342037439346313, 0.5634844899177551, 0.8689189553260803, 0.08875036239624023, 0.1016039028763771, 0.7685052752494812, 1.7482532262802124, 0.39586061239242554, 0.1830039769411087, 0.0032302802428603172, 0.011031764559447765]"
10,640,704,64,0.9375,0.4429628551006317,clean_mnist,0.125,0.125,0.140625,0.09375,0.15625,0.0625,0.109375,0.09375,0.0625,0.03125,0.5766053199768066,0.1735190749168396,13.57220458984375,13.557964324951172,28.0,28.0,"[7, 9, 2, 3, 1, 3, 2, 4, 1, 6, 2, 7, 5, 8, 7, 4, 0, 2, 6, 3, 6, 4, 0, 4, 2, 6, 0, 0, 0, 0, 3, 1, 6, 2, 1, 3, 1, 4, 1, 5, 4, 6, 4, 7, 2, 8, 7, 9, 2, 0, 5, 1, 4, 2, 8, 3, 8, 4, 1, 5, 4, 6, 0, 7]","[7, 9, 2, 3, 7, 3, 2, 4, 1, 6, 2, 7, 5, 5, 7, 4, 0, 2, 6, 3, 6, 4, 0, 4, 2, 6, 0, 0, 0, 0, 3, 1, 6, 2, 2, 3, 1, 4, 1, 5, 4, 6, 4, 7, 2, 8, 7, 9, 2, 0, 5, 1, 4, 2, 8, 3, 2, 4, 1, 5, 4, 6, 0, 7]","[0.9959191679954529, 0.6905043721199036, 0.7989159822463989, 0.9213839173316956, 0.8888930082321167, 0.8384325504302979, 0.47590067982673645, 0.8597031831741333, 0.998993456363678, 0.9690004587173462, 0.933140754699707, 0.8626842498779297, 0.6660470962524414, 0.4358694851398468, 0.9562250971794128, 0.9794906973838806, 0.9938404560089111, 0.32794246077537537, 0.9898039102554321, 0.7340766191482544, 0.9738155603408813, 0.7245426177978516, 0.9996674060821533, 0.94562828540802, 0.5233504176139832, 0.35167670249938965, 0.9964809417724609, 0.9263510704040527, 0.9989960789680481, 0.9985718727111816, 0.6923595070838928, 0.9891129732131958, 0.9673742651939392, 0.8008475303649902, 0.7973436713218689, 0.9619978666305542, 0.9988133907318115, 0.995815098285675, 0.9996310472488403, 0.928584098815918, 0.9889780879020691, 0.8726562261581421, 0.9529456496238708, 0.9394575357437134, 0.9804260730743408, 0.9945034980773926, 0.9928402900695801, 0.9554811120033264, 0.8494848012924194, 0.9951539039611816, 0.5031914114952087, 0.9887352585792542, 0.9427164793014526, 0.7327997088432312, 0.9963458180427551, 0.9716594219207764, 0.5489488244056702, 0.9875237941741943, 0.9975699782371521, 0.7731863260269165, 0.9868836998939514, 0.800739586353302, 0.9989305138587952, 0.9524813294410706]","[1, 1, 1, 1, 0, 1, 1, 1, 1, 1, 1, 1, 1, 0, 1, 1, 1, 1, 1, 1, 1, 1, 1, 1, 1, 1, 1, 1, 1, 1, 1, 1, 1, 1, 0, 1, 1, 1, 1, 1, 1, 1, 1, 1, 1, 1, 1, 1, 1, 1, 1, 1, 1, 1, 1, 1, 0, 1, 1, 1, 1, 1, 1, 1]","[0.030688025057315826, 1.1009140014648438, 0.8079462647438049, 0.4030645191669464, 0.4725930094718933, 0.6229047775268555, 1.1980715990066528, 0.5392890572547913, 0.009589249268174171, 0.1822664886713028, 0.33334624767303467, 0.6413980722427368, 1.2426996231079102, 1.186224341392517, 0.202435702085495, 0.13097693026065826, 0.04795338213443756, 1.4674994945526123, 0.06936724483966827, 0.8725711107254028, 0.15681257843971252, 0.9816543459892273, 0.0035543711856007576, 0.3048488199710846, 1.4152557849884033, 1.6216121912002563, 0.029048360884189606, 0.3868504464626312, 0.009709225967526436, 0.013379772193729877, 1.101765751838684, 0.07932481169700623, 0.18782073259353638, 0.8501601219177246, 0.5989606976509094, 0.22897863388061523, 0.011294873431324959, 0.03333606570959091, 0.003963767550885677, 0.35010311007499695, 0.06421704590320587, 0.4667218029499054, 0.23306697607040405, 0.333538293838501, 0.13189944624900818, 0.04238198325037956, 0.05310997739434242, 0.23471258580684662, 0.5900338888168335, 0.038751713931560516, 1.4771031141281128, 0.08232996612787247, 0.2832244336605072, 1.0364652872085571, 0.028379959985613823, 0.17111212015151978, 1.148322343826294, 0.0815853476524353, 0.021517913788557053, 0.8886878490447998, 0.08692501485347748, 0.6440677046775818, 0.009866400621831417, 0.2713678181171417]"
11,704,768,64,0.953125,0.4052477478981018,clean_mnist,0.078125,0.109375,0.046875,0.078125,0.09375,0.078125,0.09375,0.09375,0.1875,0.140625,0.5833850502967834,0.17868909239768982,13.579452514648438,13.571905136108398,28.0,28.0,"[9, 8, 4, 9, 8, 0, 1, 1, 0, 2, 1, 3, 2, 4, 9, 5, 8, 6, 5, 7, 7, 8, 8, 9, 7, 4, 7, 3, 2, 0, 8, 6, 8, 6, 1, 6, 8, 9, 4, 0, 9, 0, 1, 1, 5, 4, 7, 5, 3, 7, 4, 9, 8, 5, 8, 6, 3, 8, 6, 9, 9, 1, 8, 3]","[9, 8, 4, 9, 8, 0, 1, 1, 0, 2, 2, 3, 2, 4, 4, 5, 8, 6, 5, 7, 7, 8, 8, 9, 7, 4, 7, 3, 2, 0, 8, 6, 8, 6, 1, 6, 8, 9, 4, 0, 9, 0, 4, 1, 5, 4, 7, 5, 3, 7, 4, 9, 8, 5, 8, 6, 3, 8, 6, 9, 9, 1, 8, 3]","[0.8740761876106262, 0.9874414205551147, 0.9666985869407654, 0.9434627890586853, 0.9987718462944031, 0.9954707622528076, 0.9992932081222534, 0.992701530456543, 0.8029682040214539, 0.7294626832008362, 0.5511758923530579, 0.9721022844314575, 0.6138753294944763, 0.9954327344894409, 0.7022296190261841, 0.9224302172660828, 0.5741348266601562, 0.9296572804450989, 0.9332503080368042, 0.8951694369316101, 0.9884414672851562, 0.9517282247543335, 0.9992725253105164, 0.9438667297363281, 0.8216001987457275, 0.8453916311264038, 0.9540810585021973, 0.9218175411224365, 0.8950114250183105, 0.9991713762283325, 0.9997350573539734, 0.9204776287078857, 0.9916157126426697, 0.7442185878753662, 0.9988155364990234, 0.566363513469696, 0.8278112411499023, 0.9383930563926697, 0.9448913335800171, 0.9959734082221985, 0.8655975461006165, 0.9898126721382141, 0.5937983989715576, 0.9953275918960571, 0.3751811981201172, 0.5723969340324402, 0.6050142645835876, 0.8966808319091797, 0.9927991628646851, 0.6711223125457764, 0.818040132522583, 0.8911710977554321, 0.872509777545929, 0.811251699924469, 0.9951894283294678, 0.8687984943389893, 0.766128420829773, 0.9995866417884827, 0.9682732224464417, 0.9494927525520325, 0.9886565208435059, 0.9973498582839966, 0.9994261264801025, 0.9913588762283325]","[1, 1, 1, 1, 1, 1, 1, 1, 1, 1, 0, 1, 1, 1, 0, 1, 1, 1, 1, 1, 1, 1, 1, 1, 1, 1, 1, 1, 1, 1, 1, 1, 1, 1, 1, 1, 1, 1, 1, 1, 1, 1, 0, 1, 1, 1, 1, 1, 1, 1, 1, 1, 1, 1, 1, 1, 1, 1, 1, 1, 1, 1, 1, 1]","[0.5801306366920471, 0.08423241227865219, 0.15716800093650818, 0.26402851939201355, 0.011426737532019615, 0.036613281816244125, 0.006945997942239046, 0.05596378073096275, 0.8208224177360535, 1.0181825160980225, 1.005081295967102, 0.16788703203201294, 1.2692314386367798, 0.03638545051217079, 0.7653669118881226, 0.3880552053451538, 0.822797417640686, 0.32977530360221863, 0.3274334669113159, 0.5205567479133606, 0.07927893102169037, 0.2494770586490631, 0.007456685416400433, 0.2476750910282135, 0.6394184827804565, 0.6046997904777527, 0.2567090392112732, 0.3645845055580139, 0.430727481842041, 0.00815560296177864, 0.002901449566707015, 0.3668605089187622, 0.059967320412397385, 0.8726857304573059, 0.010592450387775898, 1.138258934020996, 0.6444908976554871, 0.3183228075504303, 0.2809887230396271, 0.03367047756910324, 0.5934933423995972, 0.07580463588237762, 0.8467118740081787, 0.03739947825670242, 1.2537734508514404, 1.0746077299118042, 0.7641599178314209, 0.5058349967002869, 0.04957054555416107, 1.1667026281356812, 0.7052556276321411, 0.4102958142757416, 0.5761336088180542, 0.7356728911399841, 0.03629707545042038, 0.5482855439186096, 0.667556643486023, 0.004344115033745766, 0.17450428009033203, 0.25466468930244446, 0.07788078486919403, 0.023352323099970818, 0.005900668911635876, 0.06264440715312958]"
12,768,832,64,0.984375,0.417137086391449,clean_mnist,0.09375,0.078125,0.09375,0.046875,0.046875,0.09375,0.109375,0.125,0.15625,0.15625,0.5782490372657776,0.1748712658882141,13.57040023803711,13.556448936462402,28.0,28.0,"[5, 8, 6, 5, 9, 7, 2, 5, 0, 8, 8, 1, 1, 0, 9, 1, 8, 6, 7, 0, 9, 3, 0, 8, 8, 9, 6, 7, 8, 4, 7, 5, 9, 2, 6, 7, 4, 5, 9, 2, 3, 1, 6, 3, 9, 2, 2, 5, 6, 8, 0, 7, 7, 1, 9, 8, 7, 0, 9, 9, 4, 6, 2, 8]","[5, 8, 6, 5, 9, 7, 2, 5, 0, 8, 5, 1, 1, 0, 9, 1, 8, 6, 7, 0, 9, 3, 0, 8, 8, 9, 6, 7, 8, 4, 7, 5, 9, 2, 6, 7, 4, 5, 9, 2, 3, 1, 6, 3, 9, 2, 2, 5, 6, 8, 0, 7, 7, 1, 9, 8, 7, 0, 9, 9, 4, 6, 2, 8]","[0.7449833154678345, 0.9925563931465149, 0.7790956497192383, 0.9133036136627197, 0.7218740582466125, 0.9746106266975403, 0.972505509853363, 0.3309401273727417, 0.9892198443412781, 0.9993889331817627, 0.5973688364028931, 0.9939398765563965, 0.9996194839477539, 0.9958828687667847, 0.9491797685623169, 0.9922361969947815, 0.9262202978134155, 0.9511829614639282, 0.7361660599708557, 0.9992934465408325, 0.3289627432823181, 0.9688599109649658, 0.9983226656913757, 0.9979470372200012, 0.9926274418830872, 0.9699515104293823, 0.9854317307472229, 0.7383081316947937, 0.9992085099220276, 0.9982436895370483, 0.9914975762367249, 0.7795209884643555, 0.8988645672798157, 0.6730091571807861, 0.9462792873382568, 0.73427414894104, 0.960458517074585, 0.7548683285713196, 0.8854309320449829, 0.8565589189529419, 0.5303793549537659, 0.9978188276290894, 0.9710015654563904, 0.9480015635490417, 0.9937373399734497, 0.6345077753067017, 0.9290194511413574, 0.8715829849243164, 0.9559223651885986, 0.7613956332206726, 0.9998241066932678, 0.886344850063324, 0.9866450428962708, 0.9814878702163696, 0.6569065451622009, 0.9993465542793274, 0.7350242137908936, 0.9899736642837524, 0.9485372304916382, 0.8986334204673767, 0.8403865098953247, 0.9119935631752014, 0.9419438242912292, 0.9996312856674194]","[1, 1, 1, 1, 1, 1, 1, 1, 1, 1, 0, 1, 1, 1, 1, 1, 1, 1, 1, 1, 1, 1, 1, 1, 1, 1, 1, 1, 1, 1, 1, 1, 1, 1, 1, 1, 1, 1, 1, 1, 1, 1, 1, 1, 1, 1, 1, 1, 1, 1, 1, 1, 1, 1, 1, 1, 1, 1, 1, 1, 1, 1, 1, 1]","[0.7997494339942932, 0.053900133818387985, 0.7846267223358154, 0.43676143884658813, 0.8681941032409668, 0.1562296450138092, 0.16631290316581726, 1.7482367753982544, 0.07470545917749405, 0.006243755575269461, 1.427817463874817, 0.048052556812763214, 0.00398207688704133, 0.034362003207206726, 0.271790087223053, 0.05908411741256714, 0.3363092243671417, 0.24753040075302124, 0.7663005590438843, 0.007135444320738316, 1.5866951942443848, 0.18997825682163239, 0.015396065078675747, 0.017817890271544456, 0.05122137442231178, 0.17271007597446442, 0.10104834288358688, 0.9565967321395874, 0.007872435264289379, 0.014650498516857624, 0.058948881924152374, 0.8103891611099243, 0.4484925866127014, 1.077154278755188, 0.24091888964176178, 1.0084563493728638, 0.17472586035728455, 0.9639880061149597, 0.44213271141052246, 0.6113274097442627, 1.209193229675293, 0.01950487494468689, 0.17154106497764587, 0.26184582710266113, 0.044592056423425674, 1.2214329242706299, 0.34947511553764343, 0.5706555843353271, 0.20427106320858002, 0.8169345855712891, 0.0019750597421079874, 0.5564032793045044, 0.08713822811841965, 0.1275365948677063, 1.0634464025497437, 0.0063092755153775215, 0.6416946649551392, 0.07449842244386673, 0.2932148277759552, 0.42537012696266174, 0.5967987775802612, 0.41181206703186035, 0.2894393801689148, 0.00384729728102684]"
13,832,896,64,0.9375,0.42858031392097473,clean_mnist,0.09375,0.125,0.109375,0.15625,0.15625,0.078125,0.0625,0.09375,0.078125,0.046875,0.5795409083366394,0.1756916493177414,13.56777286529541,13.569164276123047,28.0,28.0,"[5, 1, 4, 1, 9, 5, 1, 7, 3, 6, 4, 8, 2, 5, 6, 4, 4, 0, 4, 4, 6, 7, 2, 4, 3, 3, 8, 0, 0, 3, 2, 2, 9, 8, 2, 3, 7, 0, 1, 1, 0, 2, 3, 3, 8, 4, 3, 5, 7, 6, 4, 7, 1, 8, 5, 9, 7, 0, 3, 1, 1, 2, 4, 3]","[5, 1, 4, 1, 5, 5, 1, 7, 3, 6, 4, 3, 2, 5, 6, 4, 4, 0, 4, 4, 6, 7, 2, 4, 3, 3, 8, 0, 0, 3, 2, 2, 9, 8, 2, 3, 7, 0, 1, 1, 0, 2, 3, 3, 8, 4, 3, 5, 7, 6, 4, 7, 7, 8, 5, 9, 7, 0, 3, 1, 6, 2, 4, 3]","[0.6734293103218079, 0.9971867203712463, 0.9924105405807495, 0.9978558421134949, 0.36769282817840576, 0.870650589466095, 0.9993595480918884, 0.9285866022109985, 0.9010091423988342, 0.9667941331863403, 0.9125746488571167, 0.5216103792190552, 0.5755082964897156, 0.863896906375885, 0.7718228101730347, 0.9966036081314087, 0.9963829517364502, 0.9871777296066284, 0.940113365650177, 0.981360673904419, 0.8691486120223999, 0.8398875594139099, 0.32881730794906616, 0.9943236112594604, 0.4915662705898285, 0.9381017088890076, 0.9988328814506531, 0.9851140975952148, 0.9994600415229797, 0.9140242338180542, 0.9156431555747986, 0.8160910606384277, 0.4661600589752197, 0.9913886189460754, 0.6073890924453735, 0.9673040509223938, 0.9660855531692505, 0.9937880635261536, 0.9735138416290283, 0.9970530271530151, 0.998046875, 0.9082592725753784, 0.9875234961509705, 0.9436915516853333, 0.986566960811615, 0.9916775226593018, 0.9635878205299377, 0.6674718260765076, 0.931738018989563, 0.9317116141319275, 0.9875764846801758, 0.9543416500091553, 0.45985016226768494, 0.9659023880958557, 0.960425078868866, 0.9346345663070679, 0.7979116439819336, 0.9799768924713135, 0.8347175121307373, 0.9957370758056641, 0.7549561262130737, 0.5392772555351257, 0.9350371360778809, 0.9537755846977234]","[1, 1, 1, 1, 0, 1, 1, 1, 1, 1, 1, 0, 1, 1, 1, 1, 1, 1, 1, 1, 1, 1, 1, 1, 1, 1, 1, 1, 1, 1, 1, 1, 1, 1, 1, 1, 1, 1, 1, 1, 1, 1, 1, 1, 1, 1, 1, 1, 1, 1, 1, 1, 0, 1, 1, 1, 1, 1, 1, 1, 0, 1, 1, 1]","[1.1622389554977417, 0.024465251713991165, 0.05140800401568413, 0.01922413520514965, 1.5721322298049927, 0.5653777122497559, 0.006470780819654465, 0.374226450920105, 0.4206119775772095, 0.18017762899398804, 0.37927788496017456, 0.9272245764732361, 1.2606626749038696, 0.6258187890052795, 0.7120923399925232, 0.028849385678768158, 0.02869800664484501, 0.09195173531770706, 0.30869072675704956, 0.11902782320976257, 0.5229132175445557, 0.7148834466934204, 1.605980634689331, 0.04129648208618164, 1.4692624807357788, 0.3415147066116333, 0.01102233026176691, 0.10354555398225784, 0.00544347008690238, 0.39729124307632446, 0.37279415130615234, 0.7235341668128967, 1.216487169265747, 0.05827668681740761, 1.037383794784546, 0.17903073132038116, 0.19454681873321533, 0.04661857709288597, 0.15047062933444977, 0.02504609152674675, 0.01660776138305664, 0.45802101492881775, 0.08501765131950378, 0.2738773226737976, 0.09017378836870193, 0.05852391943335533, 0.1811145544052124, 1.117234468460083, 0.35839518904685974, 0.3300169110298157, 0.07479314506053925, 0.25596293807029724, 1.179508924484253, 0.19411829113960266, 0.2172144651412964, 0.29717615246772766, 0.6949806809425354, 0.13426212966442108, 0.7647243738174438, 0.0344795361161232, 0.7905769348144531, 1.1697179079055786, 0.313727468252182, 0.26294592022895813]"
14,896,960,64,0.90625,0.5033091902732849,clean_mnist,0.109375,0.109375,0.0625,0.03125,0.109375,0.078125,0.125,0.1875,0.09375,0.09375,0.5771985054016113,0.17387300729751587,13.567550659179688,13.561622619628906,28.0,28.0,"[4, 4, 7, 9, 9, 6, 0, 0, 7, 1, 4, 2, 7, 3, 6, 7, 8, 8, 4, 5, 6, 2, 7, 1, 1, 5, 6, 8, 5, 8, 4, 0, 7, 9, 9, 2, 9, 7, 7, 8, 1, 4, 2, 6, 9, 1, 7, 0, 6, 4, 8, 5, 7, 0, 7, 1, 0, 3, 7, 6, 5, 0, 6, 1]","[4, 4, 7, 5, 9, 6, 9, 0, 7, 1, 4, 2, 7, 3, 6, 7, 5, 8, 4, 5, 5, 2, 7, 1, 1, 5, 6, 8, 5, 8, 4, 0, 7, 9, 9, 2, 9, 7, 7, 8, 7, 4, 2, 6, 9, 1, 7, 0, 6, 4, 2, 5, 7, 0, 7, 1, 0, 3, 7, 6, 5, 0, 6, 1]","[0.6714650988578796, 0.99544358253479, 0.9666129946708679, 0.394272118806839, 0.7183383107185364, 0.9494236707687378, 0.9575625658035278, 0.9257229566574097, 0.9686184525489807, 0.9924410581588745, 0.9179025888442993, 0.7995821833610535, 0.9907364249229431, 0.904787003993988, 0.7257349491119385, 0.8375094532966614, 0.6028158664703369, 0.9600444436073303, 0.9848509430885315, 0.6742209792137146, 0.41358503699302673, 0.8435719609260559, 0.5909725427627563, 0.9965110421180725, 0.9959918856620789, 0.6383096575737, 0.9522114992141724, 0.9967272281646729, 0.9269388914108276, 0.9983899593353271, 0.9953545331954956, 0.9965497255325317, 0.942762553691864, 0.841356098651886, 0.9615625143051147, 0.7344453930854797, 0.9877980351448059, 0.6455234289169312, 0.9168635010719299, 0.7755001783370972, 0.723390519618988, 0.9855841398239136, 0.6577591300010681, 0.7077889442443848, 0.9301393628120422, 0.9952932000160217, 0.8570498824119568, 0.7942793965339661, 0.9355656504631042, 0.9943555593490601, 0.7505109906196594, 0.6573843955993652, 0.5082617402076721, 0.9904548525810242, 0.8535286784172058, 0.9958295226097107, 0.9977560639381409, 0.9323118329048157, 0.729345440864563, 0.826821506023407, 0.9900038838386536, 0.9655823707580566, 0.768437922000885, 0.9835145473480225]","[1, 1, 1, 0, 1, 1, 0, 1, 1, 1, 1, 1, 1, 1, 1, 1, 0, 1, 1, 1, 0, 1, 1, 1, 1, 1, 1, 1, 1, 1, 1, 1, 1, 1, 1, 1, 1, 1, 1, 1, 0, 1, 1, 1, 1, 1, 1, 1, 1, 1, 0, 1, 1, 1, 1, 1, 1, 1, 1, 1, 1, 1, 1, 1]","[1.017276406288147, 0.03692793846130371, 0.1965087652206421, 1.5128744840621948, 0.8906927704811096, 0.2525446116924286, 0.21191862225532532, 0.40013694763183594, 0.1785266399383545, 0.05689973384141922, 0.3710798919200897, 0.7376320362091064, 0.06586328148841858, 0.4571975767612457, 0.684049129486084, 0.7309181690216064, 0.781500518321991, 0.21834154427051544, 0.08516672253608704, 1.1593689918518066, 1.5417139530181885, 0.6721431016921997, 1.1829612255096436, 0.029438039287924767, 0.03310379758477211, 1.1633743047714233, 0.25432664155960083, 0.02610514685511589, 0.34809866547584534, 0.014174907468259335, 0.03431783989071846, 0.029109027236700058, 0.3140109181404114, 0.614051878452301, 0.21462050080299377, 0.7358857989311218, 0.08008991181850433, 1.2971198558807373, 0.3887961804866791, 0.946582555770874, 0.6417771577835083, 0.09313710778951645, 0.9523598551750183, 1.0986535549163818, 0.3605536222457886, 0.03751830384135246, 0.6561620235443115, 0.8235973715782166, 0.3246380388736725, 0.03916231170296669, 0.8822934031486511, 1.0328439474105835, 1.3803658485412598, 0.07059432566165924, 0.6572350859642029, 0.0343497097492218, 0.01984287239611149, 0.33074691891670227, 0.9791740775108337, 0.6933828592300415, 0.06837672740221024, 0.1905970275402069, 0.7638751268386841, 0.11510075628757477]"
15,960,1024,64,0.984375,0.4541654884815216,clean_mnist,0.109375,0.125,0.046875,0.109375,0.140625,0.0625,0.09375,0.171875,0.09375,0.046875,0.5731866359710693,0.1692960262298584,13.566576957702637,13.562187194824219,28.0,28.0,"[5, 1, 7, 8, 5, 0, 3, 4, 7, 7, 5, 7, 8, 6, 9, 3, 8, 6, 1, 0, 9, 7, 1, 3, 0, 5, 6, 4, 4, 2, 4, 4, 3, 1, 7, 4, 6, 0, 3, 6, 0, 7, 1, 1, 4, 9, 4, 3, 4, 8, 2, 2, 1, 8, 7, 0, 8, 1, 0, 7, 6, 3, 7, 7]","[5, 1, 7, 8, 5, 0, 3, 4, 7, 7, 5, 7, 8, 6, 9, 3, 8, 6, 1, 0, 9, 7, 1, 3, 0, 5, 6, 4, 4, 2, 4, 4, 3, 1, 7, 7, 6, 0, 3, 6, 0, 7, 1, 1, 4, 9, 4, 3, 4, 8, 2, 2, 1, 8, 7, 0, 8, 1, 0, 7, 6, 3, 7, 7]","[0.8506996631622314, 0.9966800212860107, 0.9902467727661133, 0.9919703006744385, 0.5118722915649414, 0.9964945912361145, 0.25021257996559143, 0.9948268532752991, 0.5974715948104858, 0.9071625471115112, 0.8249041438102722, 0.6422126293182373, 0.9947203397750854, 0.9429646730422974, 0.700850784778595, 0.9737947583198547, 0.99988853931427, 0.9007970690727234, 0.99604731798172, 0.9915878176689148, 0.8087116479873657, 0.888500988483429, 0.9965907335281372, 0.9604387879371643, 0.999518871307373, 0.6457328200340271, 0.9655410647392273, 0.9841874837875366, 0.9958823919296265, 0.7384979128837585, 0.9701429605484009, 0.8336583375930786, 0.990510880947113, 0.9942269325256348, 0.9951437711715698, 0.3363448679447174, 0.9662522673606873, 0.9864180088043213, 0.517069399356842, 0.8810714483261108, 0.998699426651001, 0.2875209152698517, 0.9989776611328125, 0.9935716390609741, 0.9806923270225525, 0.8810431361198425, 0.9677281379699707, 0.7710919380187988, 0.9354665279388428, 0.9311752915382385, 0.8363630771636963, 0.7476770877838135, 0.9987653493881226, 0.9832897186279297, 0.876115620136261, 0.9702047109603882, 0.990483283996582, 0.9934402108192444, 0.9986467957496643, 0.5399940013885498, 0.9709492325782776, 0.8294216394424438, 0.9239708185195923, 0.360368549823761]","[1, 1, 1, 1, 1, 1, 1, 1, 1, 1, 1, 1, 1, 1, 1, 1, 1, 1, 1, 1, 1, 1, 1, 1, 1, 1, 1, 1, 1, 1, 1, 1, 1, 1, 1, 0, 1, 1, 1, 1, 1, 1, 1, 1, 1, 1, 1, 1, 1, 1, 1, 1, 1, 1, 1, 1, 1, 1, 1, 1, 1, 1, 1, 1]","[0.5231311321258545, 0.02794182486832142, 0.06981148570775986, 0.05923683941364288, 1.3224691152572632, 0.029691923409700394, 1.7150033712387085, 0.04117036983370781, 1.3355447053909302, 0.4609352946281433, 0.6716599464416504, 1.2848501205444336, 0.041054852306842804, 0.30577200651168823, 0.8601454496383667, 0.1610477715730667, 0.0013379354495555162, 0.4498009979724884, 0.029203135520219803, 0.06443270295858383, 0.6371983289718628, 0.5514885187149048, 0.02732229419052601, 0.19114802777767181, 0.0047892420552670956, 1.1761765480041504, 0.17634935677051544, 0.10448665916919708, 0.033603180199861526, 0.7468993067741394, 0.14925573766231537, 0.704239010810852, 0.07144881039857864, 0.04477446526288986, 0.038132257759571075, 1.713395357131958, 0.19334080815315247, 0.09740700572729111, 1.5006723403930664, 0.5607101321220398, 0.012320387177169323, 1.7843124866485596, 0.009713949635624886, 0.05019855126738548, 0.11838775128126144, 0.5164844393730164, 0.1881980299949646, 0.7539405822753906, 0.3045901656150818, 0.3821205794811249, 0.746712863445282, 0.8854933977127075, 0.011533292941749096, 0.10999947041273117, 0.5133530497550964, 0.1854240745306015, 0.06513158231973648, 0.049832917749881744, 0.012687147594988346, 1.1942930221557617, 0.17287994921207428, 0.706271767616272, 0.381582647562027, 1.7340500354766846]"
16,1024,1088,64,0.890625,0.4639444947242737,clean_mnist,0.109375,0.1875,0.078125,0.046875,0.0625,0.0625,0.03125,0.09375,0.21875,0.109375,0.5685200095176697,0.16415129601955414,13.57009506225586,13.556550025939941,28.0,28.0,"[8, 8, 8, 9, 0, 0, 4, 1, 8, 2, 2, 8, 9, 4, 9, 5, 0, 6, 7, 7, 1, 8, 0, 2, 2, 0, 4, 1, 1, 8, 7, 3, 9, 7, 8, 8, 1, 9, 5, 8, 8, 1, 9, 8, 3, 1, 6, 5, 7, 4, 2, 8, 0, 3, 0, 1, 1, 1, 7, 9, 1, 1, 8, 5]","[5, 8, 8, 9, 0, 0, 4, 1, 5, 2, 2, 3, 9, 4, 9, 5, 0, 6, 7, 7, 1, 8, 0, 2, 2, 0, 4, 1, 1, 2, 7, 3, 9, 7, 2, 8, 1, 9, 5, 8, 8, 1, 9, 8, 3, 1, 6, 5, 7, 4, 2, 7, 0, 3, 0, 4, 1, 1, 7, 9, 1, 1, 8, 5]","[0.47408992052078247, 0.9988765120506287, 0.9965006113052368, 0.843758761882782, 0.9996325969696045, 0.9810370206832886, 0.7625079154968262, 0.9824569821357727, 0.6337254047393799, 0.5011515021324158, 0.9705045223236084, 0.7288179993629456, 0.7445372343063354, 0.9843649864196777, 0.9889726042747498, 0.7394465208053589, 0.9993626475334167, 0.9611935615539551, 0.9215293526649475, 0.6705195903778076, 0.9990361928939819, 0.9900297522544861, 0.9992997646331787, 0.3588917553424835, 0.7866482734680176, 0.9894160032272339, 0.9949819445610046, 0.9941191673278809, 0.9992412328720093, 0.7386206388473511, 0.9906731247901917, 0.8706391453742981, 0.9171327352523804, 0.5446614623069763, 0.49358609318733215, 0.9829574227333069, 0.9993929862976074, 0.523574948310852, 0.6831395030021667, 0.9991965889930725, 0.9895280003547668, 0.9985913634300232, 0.8618193864822388, 0.999004065990448, 0.686958909034729, 0.9798344969749451, 0.47322243452072144, 0.7572720050811768, 0.9537854790687561, 0.983623206615448, 0.7976495027542114, 0.2987271547317505, 0.9982750415802002, 0.7954941987991333, 0.9995669722557068, 0.8515313267707825, 0.8994399905204773, 0.9966985583305359, 0.9393982291221619, 0.9133101105690002, 0.9993646740913391, 0.995966911315918, 0.9996724128723145, 0.7307198643684387]","[0, 1, 1, 1, 1, 1, 1, 1, 0, 1, 1, 0, 1, 1, 1, 1, 1, 1, 1, 1, 1, 1, 1, 1, 1, 1, 1, 1, 1, 0, 1, 1, 1, 1, 0, 1, 1, 1, 1, 1, 1, 1, 1, 1, 1, 1, 1, 1, 1, 1, 1, 0, 1, 1, 1, 0, 1, 1, 1, 1, 1, 1, 1, 1]","[1.2358605861663818, 0.010697676800191402, 0.02836569957435131, 0.6322985887527466, 0.003806913970038295, 0.12542644143104553, 0.9330171346664429, 0.11133073270320892, 1.2099794149398804, 1.3355989456176758, 0.17785701155662537, 0.7501548528671265, 0.8088768720626831, 0.10018258541822433, 0.0740388035774231, 0.9209292531013489, 0.0065579526126384735, 0.21087440848350525, 0.3021138310432434, 1.2263296842575073, 0.009158574976027012, 0.06834051012992859, 0.007021330296993256, 1.5067696571350098, 0.837430477142334, 0.0738922581076622, 0.03750196844339371, 0.04537453129887581, 0.007338095922023058, 0.7643734812736511, 0.06772706657648087, 0.550241231918335, 0.3107621669769287, 1.462057113647461, 1.2144668102264404, 0.11343754827976227, 0.006183553021401167, 0.8264166712760925, 1.010445475578308, 0.007915718480944633, 0.07458564639091492, 0.013145272620022297, 0.5694180727005005, 0.009478114545345306, 0.9847567677497864, 0.13388101756572723, 1.2863812446594238, 0.915347695350647, 0.2382328361272812, 0.10811953991651535, 0.6974462866783142, 2.009507179260254, 0.0157769788056612, 0.8575796484947205, 0.004583313129842281, 0.5211089253425598, 0.4224979877471924, 0.027260441333055496, 0.3188707232475281, 0.43335404992103577, 0.0063477130606770515, 0.033052876591682434, 0.0035564296413213015, 0.8770062923431396]"
17,1088,1152,64,0.859375,0.5328994393348694,clean_mnist,0.109375,0.140625,0.046875,0.140625,0.09375,0.046875,0.09375,0.0625,0.125,0.140625,0.571473240852356,0.16781318187713623,13.570225715637207,13.553729057312012,28.0,28.0,"[8, 5, 0, 6, 6, 0, 4, 1, 2, 3, 4, 4, 1, 8, 0, 9, 5, 8, 7, 0, 3, 5, 4, 9, 9, 6, 7, 1, 9, 6, 1, 3, 8, 3, 9, 1, 2, 7, 7, 0, 0, 2, 3, 1, 1, 4, 8, 9, 1, 0, 9, 6, 8, 8, 9, 8, 3, 3, 6, 9, 1, 4, 3, 3]","[7, 5, 0, 6, 6, 0, 4, 1, 2, 3, 4, 4, 6, 8, 0, 9, 5, 8, 7, 0, 3, 5, 4, 5, 9, 6, 7, 1, 9, 6, 1, 3, 8, 3, 9, 1, 2, 7, 7, 7, 0, 2, 3, 1, 1, 4, 2, 5, 6, 0, 9, 6, 2, 8, 9, 2, 3, 3, 6, 9, 1, 4, 3, 3]","[0.4615074694156647, 0.45153290033340454, 0.9993219375610352, 0.8396973013877869, 0.9214634299278259, 0.9986972212791443, 0.9113209247589111, 0.9940868616104126, 0.7851203083992004, 0.4956224858760834, 0.9968017339706421, 0.9876378774642944, 0.6003634929656982, 0.9993882179260254, 0.9977462887763977, 0.9617003202438354, 0.6942093372344971, 0.9998679161071777, 0.5419777035713196, 0.9985417127609253, 0.7207927703857422, 0.8529651165008545, 0.989195704460144, 0.45350489020347595, 0.9526353478431702, 0.8989156484603882, 0.9784599542617798, 0.9881515502929688, 0.8991515040397644, 0.9226553440093994, 0.999428927898407, 0.9574090838432312, 0.9656860828399658, 0.4857889711856842, 0.8144089579582214, 0.9767489433288574, 0.4367222487926483, 0.6865032315254211, 0.6568278074264526, 0.6408778429031372, 0.9983645081520081, 0.9091086387634277, 0.9749718308448792, 0.9884456396102905, 0.9993577599525452, 0.9659423828125, 0.4506043791770935, 0.41390374302864075, 0.41932591795921326, 0.8278440237045288, 0.49326369166374207, 0.9568185210227966, 0.4501746594905853, 0.9993112087249756, 0.8841779232025146, 0.5837253332138062, 0.9679186344146729, 0.9623550176620483, 0.9753643870353699, 0.9794496297836304, 0.9764198064804077, 0.9091189503669739, 0.7899905443191528, 0.9823211431503296]","[0, 1, 1, 1, 1, 1, 1, 1, 1, 1, 1, 1, 0, 1, 1, 1, 1, 1, 1, 1, 1, 1, 1, 0, 1, 1, 1, 1, 1, 1, 1, 1, 1, 1, 1, 1, 1, 1, 1, 0, 1, 1, 1, 1, 1, 1, 0, 0, 0, 1, 1, 1, 0, 1, 1, 0, 1, 1, 1, 1, 1, 1, 1, 1]","[1.4315484762191772, 1.591650128364563, 0.006718013435602188, 0.6029711961746216, 0.36782094836235046, 0.012377332895994186, 0.3714680075645447, 0.04532717168331146, 0.8457360863685608, 1.2664297819137573, 0.024690361693501472, 0.07721549272537231, 0.8393396735191345, 0.006112872622907162, 0.01848442666232586, 0.18848134577274323, 0.8918192982673645, 0.0015487148193642497, 1.0994970798492432, 0.013456008397042751, 1.070688247680664, 0.6289876103401184, 0.07018941640853882, 1.6884199380874634, 0.2223067283630371, 0.4725451171398163, 0.12591971457004547, 0.08059248328208923, 0.4542437493801117, 0.4016587436199188, 0.005887568462640047, 0.24790062010288239, 0.1912493109703064, 1.3975354433059692, 0.7934170961380005, 0.14582596719264984, 1.298183798789978, 1.1849920749664307, 1.180620789527893, 1.246756672859192, 0.01391110010445118, 0.3693382740020752, 0.13871844112873077, 0.08043066412210464, 0.006450091954320669, 0.19373899698257446, 1.2236144542694092, 1.3460440635681152, 1.4950615167617798, 0.5837443470954895, 1.3459134101867676, 0.23845314979553223, 1.1490130424499512, 0.006840705405920744, 0.4008033871650696, 0.8905350565910339, 0.1702309250831604, 0.21488608419895172, 0.1398947387933731, 0.12065905332565308, 0.146433487534523, 0.3911679685115814, 0.7163078188896179, 0.11275767534971237]"
18,1152,1216,64,0.96875,0.4284234046936035,clean_mnist,0.078125,0.109375,0.09375,0.03125,0.203125,0.046875,0.109375,0.140625,0.09375,0.09375,0.5806661248207092,0.17550501227378845,13.567853927612305,13.566499710083008,28.0,28.0,"[0, 7, 7, 1, 7, 7, 3, 6, 4, 9, 5, 4, 4, 2, 7, 9, 0, 9, 8, 4, 4, 9, 1, 2, 4, 9, 8, 0, 4, 1, 6, 2, 6, 3, 7, 4, 2, 6, 6, 7, 1, 8, 9, 0, 4, 1, 4, 2, 1, 8, 6, 4, 6, 7, 5, 8, 7, 0, 5, 1, 4, 2, 8, 4]","[0, 7, 7, 1, 7, 7, 3, 6, 4, 9, 5, 4, 4, 2, 7, 9, 0, 9, 8, 4, 4, 9, 1, 2, 4, 9, 3, 0, 4, 1, 6, 2, 6, 3, 7, 4, 2, 6, 6, 7, 1, 8, 9, 0, 4, 1, 4, 2, 1, 3, 6, 4, 6, 7, 5, 8, 7, 0, 5, 1, 4, 2, 8, 4]","[0.9998148083686829, 0.58916836977005, 0.9427234530448914, 0.9559280276298523, 0.9854791164398193, 0.7132362127304077, 0.9640845060348511, 0.982552170753479, 0.8374616503715515, 0.9883881211280823, 0.8799373507499695, 0.9902138113975525, 0.9679226279258728, 0.4395748972892761, 0.6687381863594055, 0.9740367531776428, 0.9985947012901306, 0.9812911748886108, 0.9909154772758484, 0.9819409847259521, 0.9173574447631836, 0.9771023392677307, 0.9971840977668762, 0.528812825679779, 0.9741823077201843, 0.9409617185592651, 0.6903628706932068, 0.9584330916404724, 0.8493868112564087, 0.9913768768310547, 0.9697008728981018, 0.7178150415420532, 0.9542588591575623, 0.4737386107444763, 0.992720901966095, 0.9954026937484741, 0.9272409677505493, 0.9123618602752686, 0.6803159117698669, 0.7156886458396912, 0.9975829124450684, 0.9097975492477417, 0.9897423982620239, 0.9484504461288452, 0.993459165096283, 0.9970422387123108, 0.9939233660697937, 0.6421127915382385, 0.9990801811218262, 0.5670731067657471, 0.9189261198043823, 0.9693194627761841, 0.9398919343948364, 0.5726243853569031, 0.9397791624069214, 0.45902034640312195, 0.9791176319122314, 0.8952409029006958, 0.8208872079849243, 0.9883667826652527, 0.9963777661323547, 0.4493670165538788, 0.9920451641082764, 0.9588011503219604]","[1, 1, 1, 1, 1, 1, 1, 1, 1, 1, 1, 1, 1, 1, 1, 1, 1, 1, 1, 1, 1, 1, 1, 1, 1, 1, 0, 1, 1, 1, 1, 1, 1, 1, 1, 1, 1, 1, 1, 1, 1, 1, 1, 1, 1, 1, 1, 1, 1, 0, 1, 1, 1, 1, 1, 1, 1, 1, 1, 1, 1, 1, 1, 1]","[0.001929230522364378, 1.3745636940002441, 0.2941274344921112, 0.24403171241283417, 0.08758988231420517, 1.1255464553833008, 0.1988910585641861, 0.11279221624135971, 0.6462746262550354, 0.07471761107444763, 0.49367809295654297, 0.06837742030620575, 0.1653524786233902, 1.4077699184417725, 0.769484281539917, 0.13644707202911377, 0.013159830123186111, 0.11089631170034409, 0.06488406658172607, 0.11677125841379166, 0.3125782608985901, 0.12972861528396606, 0.02320736274123192, 1.3049135208129883, 0.16198128461837769, 0.27294921875, 0.8007976412773132, 0.24816450476646423, 0.6036272644996643, 0.06284897774457932, 0.16037827730178833, 1.0471336841583252, 0.22121348977088928, 1.6009825468063354, 0.05077977851033211, 0.036394551396369934, 0.28519076108932495, 0.3831644654273987, 0.921394944190979, 1.0293234586715698, 0.0205942764878273, 0.4126577079296112, 0.06692031025886536, 0.294018030166626, 0.045197706669569016, 0.024901581928133965, 0.04096563160419464, 1.06394624710083, 0.008826647885143757, 1.4351706504821777, 0.3090308606624603, 0.1793457716703415, 0.2885749340057373, 1.3598321676254272, 0.3239205479621887, 1.1808074712753296, 0.1294323354959488, 0.5181108117103577, 0.764070451259613, 0.08356290310621262, 0.02725040167570114, 1.3864095211029053, 0.05893630161881447, 0.23257790505886078]"
19,1216,1280,64,0.875,0.6439803838729858,clean_mnist,0.03125,0.140625,0.078125,0.109375,0.140625,0.046875,0.078125,0.09375,0.1875,0.09375,0.5902060270309448,0.18471595644950867,13.580812454223633,13.570223808288574,28.0,28.0,"[7, 7, 3, 8, 4, 9, 3, 8, 6, 7, 3, 4, 6, 7, 1, 7, 4, 3, 3, 8, 8, 8, 1, 8, 6, 3, 1, 1, 9, 5, 2, 8, 4, 2, 9, 7, 1, 4, 8, 2, 9, 6, 4, 1, 3, 4, 2, 8, 2, 8, 6, 8, 0, 0, 1, 1, 9, 4, 9, 4, 5, 1, 5, 8]","[7, 7, 3, 8, 4, 9, 5, 8, 6, 7, 3, 4, 6, 7, 1, 7, 4, 3, 3, 9, 8, 8, 1, 8, 6, 3, 1, 1, 3, 5, 2, 8, 4, 2, 9, 7, 1, 4, 8, 2, 9, 6, 4, 1, 3, 4, 2, 5, 2, 5, 6, 8, 0, 6, 2, 4, 9, 4, 9, 4, 5, 1, 5, 8]","[0.9889678359031677, 0.6354737877845764, 0.8816031217575073, 0.46475934982299805, 0.9966002106666565, 0.6203242540359497, 0.3886905312538147, 0.8523107767105103, 0.979166567325592, 0.8686083555221558, 0.9941104054450989, 0.7256597280502319, 0.976610541343689, 0.7671892642974854, 0.9983139038085938, 0.7697870135307312, 0.9821904897689819, 0.3100455403327942, 0.8858813643455505, 0.751472532749176, 0.9983408451080322, 0.9914344549179077, 0.9997162222862244, 0.8012433648109436, 0.6705496311187744, 0.7251839637756348, 0.9988285899162292, 0.9785946011543274, 0.4516831934452057, 0.6396101713180542, 0.9671518206596375, 0.946122944355011, 0.9904006123542786, 0.8082537651062012, 0.5141013860702515, 0.7425216436386108, 0.9981313347816467, 0.8515886664390564, 0.9951964020729065, 0.8109942078590393, 0.8872448205947876, 0.7582916021347046, 0.8323484063148499, 0.9442934393882751, 0.44293832778930664, 0.9329648613929749, 0.7181998491287231, 0.3489343225955963, 0.9473000168800354, 0.7182071208953857, 0.8877730369567871, 0.9225556254386902, 0.995294988155365, 0.44621118903160095, 0.8693420886993408, 0.3633374869823456, 0.967143177986145, 0.7002648115158081, 0.8701466917991638, 0.3700541853904724, 0.46889135241508484, 0.9677318930625916, 0.7559993267059326, 0.972488522529602]","[1, 1, 1, 1, 1, 1, 0, 1, 1, 1, 1, 1, 1, 1, 1, 1, 1, 1, 1, 0, 1, 1, 1, 1, 1, 1, 1, 1, 0, 1, 1, 1, 1, 1, 1, 1, 1, 1, 1, 1, 1, 1, 1, 1, 1, 1, 1, 0, 1, 0, 1, 1, 1, 0, 0, 0, 1, 1, 1, 1, 1, 1, 1, 1]","[0.07449103891849518, 1.2704681158065796, 0.5087752342224121, 1.568243145942688, 0.027738895267248154, 1.219868779182434, 1.4564660787582397, 0.5773058533668518, 0.11106418818235397, 0.5513614416122437, 0.03969911113381386, 0.8673613667488098, 0.13684271275997162, 0.8679041862487793, 0.015354117378592491, 0.8188091516494751, 0.11096876859664917, 1.763305425643921, 0.5577806830406189, 0.9056990742683411, 0.015395725145936012, 0.06446535885334015, 0.0031061277259141207, 0.7130206227302551, 0.8154649138450623, 1.0305737257003784, 0.011262965388596058, 0.1384236067533493, 1.3408700227737427, 1.031916856765747, 0.18090029060840607, 0.27607905864715576, 0.06842610239982605, 0.7199239730834961, 0.8868424892425537, 0.8157448172569275, 0.016908833757042885, 0.616885781288147, 0.03780917823314667, 0.7044228315353394, 0.4498530924320221, 0.8577114939689636, 0.5462676286697388, 0.30994167923927307, 1.4040156602859497, 0.32349926233291626, 0.9557032585144043, 1.715419054031372, 0.26925820112228394, 1.038252830505371, 0.4455190598964691, 0.38080349564552307, 0.03800803795456886, 1.5065139532089233, 0.5242047309875488, 1.6420446634292603, 0.18693462014198303, 1.0273550748825073, 0.5056400895118713, 1.614649772644043, 1.4848177433013916, 0.1960902363061905, 0.6958034634590149, 0.15848757326602936]"
20,1280,1344,64,0.890625,0.6533294916152954,clean_mnist,0.046875,0.09375,0.03125,0.109375,0.03125,0.109375,0.109375,0.1875,0.15625,0.125,0.5862605571746826,0.18273743987083435,13.566195487976074,13.571772575378418,28.0,28.0,"[4, 7, 9, 5, 9, 5, 9, 1, 5, 8, 3, 8, 9, 1, 8, 3, 8, 6, 5, 2, 7, 2, 7, 6, 0, 9, 7, 9, 4, 6, 0, 5, 3, 8, 7, 3, 9, 3, 6, 8, 3, 1, 7, 6, 5, 8, 7, 6, 0, 8, 8, 1, 7, 9, 1, 7, 3, 6, 7, 8, 5, 1, 7, 7]","[4, 7, 9, 5, 9, 5, 9, 1, 5, 8, 3, 9, 9, 1, 8, 3, 8, 6, 5, 2, 7, 2, 7, 6, 0, 9, 7, 9, 4, 6, 0, 5, 3, 5, 7, 3, 9, 3, 6, 8, 3, 1, 7, 6, 5, 5, 7, 6, 5, 8, 2, 1, 7, 9, 2, 7, 3, 6, 7, 8, 5, 3, 7, 7]","[0.9964516162872314, 0.7563292384147644, 0.5381371378898621, 0.5910771489143372, 0.4881434142589569, 0.7164811491966248, 0.9775770306587219, 0.9052459001541138, 0.8001341223716736, 0.8447772860527039, 0.524751603603363, 0.5667908787727356, 0.5453109741210938, 0.9754734039306641, 0.9992108345031738, 0.8830155730247498, 0.9994833469390869, 0.798874020576477, 0.7207777500152588, 0.8988199234008789, 0.9212026596069336, 0.6331527829170227, 0.6819482445716858, 0.9204843640327454, 0.9917588829994202, 0.8155592679977417, 0.9879058599472046, 0.5048554539680481, 0.9912412166595459, 0.7096819281578064, 0.9985997080802917, 0.538658857345581, 0.9795380234718323, 0.684848964214325, 0.9582751989364624, 0.7896102666854858, 0.8735629320144653, 0.8906448483467102, 0.9687387347221375, 0.8872395753860474, 0.516693115234375, 0.9981264472007751, 0.9917964935302734, 0.9876936674118042, 0.8186236023902893, 0.6455740928649902, 0.478136271238327, 0.9099631309509277, 0.31248751282691956, 0.9632970094680786, 0.5502251982688904, 0.9802711009979248, 0.9936320185661316, 0.720129132270813, 0.5742738246917725, 0.7688443660736084, 0.7852007150650024, 0.8058298230171204, 0.7943629026412964, 0.8483896851539612, 0.6236525177955627, 0.7778145670890808, 0.2987792193889618, 0.8622585535049438]","[1, 1, 1, 1, 1, 1, 1, 1, 1, 1, 1, 0, 1, 1, 1, 1, 1, 1, 1, 1, 1, 1, 1, 1, 1, 1, 1, 1, 1, 1, 1, 1, 1, 0, 1, 1, 1, 1, 1, 1, 1, 1, 1, 1, 1, 0, 1, 1, 0, 1, 0, 1, 1, 1, 0, 1, 1, 1, 1, 1, 1, 0, 1, 1]","[0.027274979278445244, 0.8582850098609924, 1.4440503120422363, 1.275387167930603, 0.9240115284919739, 1.038323163986206, 0.12646564841270447, 0.4810605049133301, 0.5415416955947876, 0.7064412832260132, 1.4884774684906006, 0.9723918437957764, 0.8340008854866028, 0.15691661834716797, 0.007650000974535942, 0.567082941532135, 0.005306638311594725, 0.7048393487930298, 0.9490149021148682, 0.5032480955123901, 0.3902289867401123, 1.2081928253173828, 1.160212755203247, 0.3769717514514923, 0.06301183253526688, 0.7779374718666077, 0.07894264161586761, 1.0433496236801147, 0.05464622750878334, 1.0981279611587524, 0.013165106996893883, 1.3478257656097412, 0.1276981085538864, 0.8721464276313782, 0.21473821997642517, 0.7957931160926819, 0.5299859642982483, 0.5280489921569824, 0.1827276349067688, 0.4922012686729431, 1.0275602340698242, 0.01675524190068245, 0.05658852308988571, 0.08268475532531738, 0.5310420393943787, 1.319997787475586, 0.9254303574562073, 0.4249814450740814, 1.6937944889068604, 0.21291270852088928, 0.9139288663864136, 0.1323416829109192, 0.049177736043930054, 0.7994531393051147, 0.7564667463302612, 0.9199457168579102, 0.7689032554626465, 0.7450212836265564, 0.8172863125801086, 0.6418328285217285, 0.866364598274231, 0.9186195731163025, 1.6142581701278687, 0.6100150346755981]"
21,1344,1408,64,0.953125,0.5591632723808289,clean_mnist,0.1875,0.09375,0.125,0.046875,0.0625,0.03125,0.09375,0.09375,0.125,0.140625,0.593407928943634,0.18848097324371338,13.584754943847656,13.590001106262207,28.0,28.0,"[8, 4, 0, 7, 3, 0, 6, 3, 9, 7, 1, 9, 5, 8, 6, 0, 9, 2, 8, 0, 9, 1, 6, 0, 0, 1, 9, 0, 0, 4, 2, 1, 7, 0, 3, 4, 4, 7, 5, 9, 8, 2, 0, 0, 8, 6, 2, 2, 7, 6, 1, 2, 9, 2, 6, 9, 7, 9, 8, 0, 8, 1, 8, 2]","[8, 4, 0, 7, 3, 0, 6, 3, 9, 7, 1, 9, 5, 3, 6, 0, 9, 2, 8, 0, 9, 1, 6, 0, 0, 1, 9, 0, 0, 4, 2, 1, 7, 0, 3, 4, 4, 7, 5, 9, 8, 2, 0, 0, 8, 6, 2, 2, 7, 6, 1, 2, 9, 2, 6, 9, 7, 9, 5, 0, 8, 1, 5, 2]","[0.9997755885124207, 0.9960099458694458, 0.9380772113800049, 0.6537069082260132, 0.9684240221977234, 0.9228331446647644, 0.732002317905426, 0.5672310590744019, 0.8899425268173218, 0.8427996039390564, 0.9996869564056396, 0.8868272304534912, 0.2868250906467438, 0.2767457962036133, 0.9841083884239197, 0.9396033883094788, 0.9384570717811584, 0.3500731289386749, 0.9994667172431946, 0.981487512588501, 0.8378125429153442, 0.9385495781898499, 0.9836904406547546, 0.9727200269699097, 0.9989282488822937, 0.9809081554412842, 0.8124766945838928, 0.9417382478713989, 0.9979228377342224, 0.962422788143158, 0.88909512758255, 0.7328807711601257, 0.5868492126464844, 0.8682004809379578, 0.311981737613678, 0.9874968528747559, 0.8809155225753784, 0.8211207389831543, 0.8378072381019592, 0.5801604390144348, 0.9992927312850952, 0.9233484864234924, 0.9998588562011719, 0.7110973596572876, 0.9980455636978149, 0.5770449042320251, 0.9539490342140198, 0.8748462200164795, 0.9269675016403198, 0.7843279838562012, 0.9990839958190918, 0.8201406598091125, 0.8254552483558655, 0.8394228219985962, 0.8183168172836304, 0.8521665334701538, 0.6514841914176941, 0.7438662648200989, 0.7521618008613586, 0.9911728501319885, 0.638886570930481, 0.969791829586029, 0.6954137682914734, 0.926710844039917]","[1, 1, 1, 1, 1, 1, 1, 1, 1, 1, 1, 1, 1, 0, 1, 1, 1, 1, 1, 1, 1, 1, 1, 1, 1, 1, 1, 1, 1, 1, 1, 1, 1, 1, 1, 1, 1, 1, 1, 1, 1, 1, 1, 1, 1, 1, 1, 1, 1, 1, 1, 1, 1, 1, 1, 1, 1, 1, 0, 1, 1, 1, 0, 1]","[0.0024830892216414213, 0.03137320652604103, 0.33443737030029297, 1.183001160621643, 0.1873040497303009, 0.4075988531112671, 0.7487934827804565, 1.4099814891815186, 0.5303309559822083, 0.6814953088760376, 0.003341380739584565, 0.4787231683731079, 1.7625796794891357, 1.823759913444519, 0.10481659322977066, 0.33373814821243286, 0.3318774104118347, 1.5260323286056519, 0.005463427864015102, 0.12059370428323746, 0.6160083413124084, 0.3360995650291443, 0.09426811337471008, 0.17700764536857605, 0.010278410278260708, 0.12845484912395477, 0.6523765325546265, 0.33352431654930115, 0.018323570489883423, 0.20774993300437927, 0.5291444659233093, 0.9478974342346191, 1.282646656036377, 0.6099525690078735, 1.6820237636566162, 0.08502961695194244, 0.4439796507358551, 0.7651631832122803, 0.6003864407539368, 1.1257935762405396, 0.0072175282984972, 0.3722951114177704, 0.0016185259446501732, 1.0830336809158325, 0.016826411709189415, 1.2163169384002686, 0.2545683681964874, 0.5529844164848328, 0.36733052134513855, 0.8390735387802124, 0.008788108825683594, 0.6523354649543762, 0.610392689704895, 0.5333574414253235, 0.7237152457237244, 0.635753333568573, 1.056847333908081, 0.9979034066200256, 0.7796801328659058, 0.0652155727148056, 1.0683504343032837, 0.18138517439365387, 0.729187548160553, 0.37843912839889526]"
22,1408,1472,64,1.0,0.4114512801170349,clean_mnist,0.0625,0.09375,0.0625,0.125,0.125,0.109375,0.109375,0.09375,0.09375,0.125,0.5755506753921509,0.1721862256526947,13.56650161743164,13.570169448852539,28.0,28.0,"[4, 3, 9, 4, 7, 5, 6, 6, 7, 7, 6, 8, 5, 9, 7, 0, 6, 1, 9, 2, 3, 3, 5, 4, 3, 5, 8, 6, 3, 7, 2, 8, 4, 9, 5, 0, 2, 1, 4, 2, 4, 3, 1, 7, 1, 8, 0, 9, 6, 8, 1, 9, 4, 4, 9, 1, 8, 9, 6, 5, 5, 3, 3, 0]","[4, 3, 9, 4, 7, 5, 6, 6, 7, 7, 6, 8, 5, 9, 7, 0, 6, 1, 9, 2, 3, 3, 5, 4, 3, 5, 8, 6, 3, 7, 2, 8, 4, 9, 5, 0, 2, 1, 4, 2, 4, 3, 1, 7, 1, 8, 0, 9, 6, 8, 1, 9, 4, 4, 9, 1, 8, 9, 6, 5, 5, 3, 3, 0]","[0.6564129590988159, 0.9452009201049805, 0.6406482458114624, 0.9577668905258179, 0.8103057146072388, 0.8863648772239685, 0.8844555616378784, 0.9669972062110901, 0.9625166654586792, 0.9684128165245056, 0.9862741827964783, 0.9895167946815491, 0.8609618544578552, 0.711882472038269, 0.9684388041496277, 0.8046513795852661, 0.9763289093971252, 0.9873573780059814, 0.9767333269119263, 0.6877493858337402, 0.8889778852462769, 0.9835976958274841, 0.603596568107605, 0.9876582026481628, 0.9128690361976624, 0.5477998852729797, 0.9986459612846375, 0.8404101729393005, 0.8663513660430908, 0.9603943824768066, 0.9666302800178528, 0.9892098307609558, 0.9836673736572266, 0.5486873984336853, 0.3661545217037201, 0.9865502119064331, 0.5156888961791992, 0.9965085387229919, 0.9411174654960632, 0.4802396893501282, 0.9042345881462097, 0.924904465675354, 0.9967162609100342, 0.9076750874519348, 0.9995555281639099, 0.9840552806854248, 0.9975894689559937, 0.6810417175292969, 0.9716418981552124, 0.9966158270835876, 0.9994522929191589, 0.7610470652580261, 0.9854958653450012, 0.9495099186897278, 0.9935668110847473, 0.9963520765304565, 0.9984939098358154, 0.7912977337837219, 0.9625873565673828, 0.6511017680168152, 0.7032462954521179, 0.9822694659233093, 0.7198771238327026, 0.9934032559394836]","[1, 1, 1, 1, 1, 1, 1, 1, 1, 1, 1, 1, 1, 1, 1, 1, 1, 1, 1, 1, 1, 1, 1, 1, 1, 1, 1, 1, 1, 1, 1, 1, 1, 1, 1, 1, 1, 1, 1, 1, 1, 1, 1, 1, 1, 1, 1, 1, 1, 1, 1, 1, 1, 1, 1, 1, 1, 1, 1, 1, 1, 1, 1, 1]","[0.7191758751869202, 0.27229034900665283, 0.8749282956123352, 0.23174376785755157, 0.578589916229248, 0.5071191191673279, 0.3815690577030182, 0.18883496522903442, 0.21600835025310516, 0.19502301514148712, 0.0808100625872612, 0.07348223030567169, 0.6438224911689758, 0.886993408203125, 0.18222564458847046, 0.8071329593658447, 0.12174917012453079, 0.08895653486251831, 0.13267427682876587, 1.1384985446929932, 0.5472396612167358, 0.10172639787197113, 0.9800298810005188, 0.08305569738149643, 0.3930216431617737, 1.3473514318466187, 0.01266811229288578, 0.6189063191413879, 0.5282388925552368, 0.23160773515701294, 0.18990148603916168, 0.07582180202007294, 0.08942675590515137, 1.1716022491455078, 1.5382306575775146, 0.09610981494188309, 0.9701163172721863, 0.029608456417918205, 0.2694856822490692, 1.2566800117492676, 0.41772931814193726, 0.38527557253837585, 0.026365332305431366, 0.4690462052822113, 0.004522894974797964, 0.10431591421365738, 0.021236686035990715, 0.8613318204879761, 0.1596616506576538, 0.026135830208659172, 0.005618874914944172, 0.6274381875991821, 0.07940562069416046, 0.2458648383617401, 0.04601820930838585, 0.03013250231742859, 0.014008519239723682, 0.5674260854721069, 0.19995439052581787, 1.0283839702606201, 1.1021668910980225, 0.11416744440793991, 0.8926941156387329, 0.05152376741170883]"
23,1472,1536,64,0.9375,0.449188768863678,clean_mnist,0.125,0.140625,0.0625,0.078125,0.09375,0.09375,0.125,0.09375,0.109375,0.078125,0.5738015174865723,0.16998572647571564,13.568557739257812,13.56064224243164,28.0,28.0,"[1, 4, 3, 8, 3, 4, 2, 0, 7, 5, 8, 1, 8, 5, 3, 4, 6, 0, 5, 7, 2, 6, 6, 0, 1, 1, 4, 7, 9, 0, 0, 6, 6, 8, 6, 9, 4, 5, 2, 4, 1, 7, 9, 6, 8, 0, 9, 8, 6, 1, 9, 7, 5, 7, 5, 1, 1, 3, 0, 2, 0, 3, 8, 1]","[1, 4, 3, 8, 3, 4, 2, 0, 7, 5, 5, 1, 8, 5, 3, 4, 6, 0, 5, 7, 2, 6, 6, 0, 1, 1, 4, 7, 9, 0, 0, 6, 6, 8, 6, 9, 4, 5, 2, 4, 0, 7, 5, 6, 5, 0, 9, 8, 6, 1, 9, 7, 5, 7, 5, 1, 1, 3, 0, 2, 0, 3, 8, 1]","[0.9897031188011169, 0.8245116472244263, 0.9768635630607605, 0.9927270412445068, 0.6574514508247375, 0.8435443043708801, 0.9612396955490112, 0.9903774857521057, 0.760670006275177, 0.6414438486099243, 0.5828374028205872, 0.9950666427612305, 0.9990876913070679, 0.8945378065109253, 0.9114784598350525, 0.9748407602310181, 0.9968351721763611, 0.9895961880683899, 0.9293532371520996, 0.47530969977378845, 0.6380329132080078, 0.924282431602478, 0.9951832890510559, 0.9696765542030334, 0.9990212917327881, 0.9720298647880554, 0.9733896851539612, 0.5110061168670654, 0.7959349155426025, 0.9663755893707275, 0.9997480511665344, 0.8671442866325378, 0.99169921875, 0.9918511509895325, 0.9139809608459473, 0.6778882741928101, 0.9973125457763672, 0.6457468867301941, 0.8689469695091248, 0.9778302311897278, 0.6118915677070618, 0.8892976641654968, 0.6005576848983765, 0.925451934337616, 0.4751759469509125, 0.9698375463485718, 0.6016162037849426, 0.9678279161453247, 0.9657101035118103, 0.9933648109436035, 0.967435359954834, 0.8660193681716919, 0.8235859870910645, 0.6701076626777649, 0.5547136068344116, 0.9944857954978943, 0.9979554414749146, 0.9417031407356262, 0.9995805621147156, 0.6023954153060913, 0.9997710585594177, 0.968771755695343, 0.9981389045715332, 0.8906443119049072]","[1, 1, 1, 1, 1, 1, 1, 1, 1, 1, 0, 1, 1, 1, 1, 1, 1, 1, 1, 1, 1, 1, 1, 1, 1, 1, 1, 1, 1, 1, 1, 1, 1, 1, 1, 1, 1, 1, 1, 1, 0, 1, 0, 1, 0, 1, 1, 1, 1, 1, 1, 1, 1, 1, 1, 1, 1, 1, 1, 1, 1, 1, 1, 1]","[0.06610989570617676, 0.638621985912323, 0.14043107628822327, 0.05421421676874161, 1.1268357038497925, 0.6133376359939575, 0.22788186371326447, 0.06616219878196716, 0.962679386138916, 0.9928659200668335, 0.9011813402175903, 0.03879866749048233, 0.008483685553073883, 0.5055254101753235, 0.3908224105834961, 0.1389675736427307, 0.024457376450300217, 0.07745359092950821, 0.32475045323371887, 1.3607691526412964, 1.040829062461853, 0.30939802527427673, 0.03618651628494263, 0.19254553318023682, 0.009474381804466248, 0.17677061259746552, 0.13932858407497406, 1.5254114866256714, 0.6292514204978943, 0.2118152529001236, 0.0027512339875102043, 0.5937004685401917, 0.05611050873994827, 0.05828460678458214, 0.37901756167411804, 0.7217321395874023, 0.02144533023238182, 1.1630749702453613, 0.5957485437393188, 0.1390286684036255, 1.066260576248169, 0.5485149025917053, 1.0679951906204224, 0.346087247133255, 0.9530841112136841, 0.1897204965353012, 1.1808953285217285, 0.18300943076610565, 0.19430479407310486, 0.050844378769397736, 0.19859473407268524, 0.6198657751083374, 0.5821797847747803, 1.1762287616729736, 1.3164395093917847, 0.04366503283381462, 0.018072307109832764, 0.29874008893966675, 0.004078782629221678, 1.3090006113052368, 0.002556606661528349, 0.1805059313774109, 0.015565221197903156, 0.5396164655685425]"
24,1536,1600,64,0.90625,0.5080884695053101,clean_mnist,0.0625,0.09375,0.109375,0.109375,0.125,0.0625,0.125,0.078125,0.125,0.109375,0.5747924447059631,0.171556293964386,13.567418098449707,13.565465927124023,28.0,28.0,"[6, 4, 6, 2, 6, 4, 8, 8, 1, 4, 4, 7, 1, 2, 8, 3, 9, 6, 1, 9, 8, 6, 2, 3, 9, 2, 6, 2, 7, 4, 8, 6, 4, 9, 7, 0, 1, 8, 9, 5, 4, 5, 0, 1, 4, 3, 6, 3, 2, 9, 7, 5, 3, 7, 0, 9, 5, 8, 3, 2, 0, 1, 8, 3]","[6, 4, 6, 2, 6, 4, 8, 8, 1, 4, 4, 7, 1, 2, 2, 3, 9, 6, 4, 9, 5, 6, 2, 3, 9, 2, 6, 2, 7, 4, 3, 6, 4, 9, 7, 0, 2, 2, 9, 5, 4, 5, 0, 1, 4, 3, 6, 3, 2, 9, 7, 5, 3, 7, 0, 9, 5, 8, 3, 2, 0, 1, 8, 3]","[0.9033620953559875, 0.9723756313323975, 0.6977015733718872, 0.4479105770587921, 0.9562411308288574, 0.8745267391204834, 0.9992687106132507, 0.9973450303077698, 0.9992864727973938, 0.9006710648536682, 0.9922422170639038, 0.6719245314598083, 0.9986347556114197, 0.505305826663971, 0.5537707805633545, 0.9649309515953064, 0.8338977098464966, 0.9614483714103699, 0.7988637685775757, 0.9510380029678345, 0.5468125343322754, 0.8871558904647827, 0.7765098810195923, 0.775800883769989, 0.9792201519012451, 0.5945627093315125, 0.9690727591514587, 0.559855580329895, 0.9263260960578918, 0.9597564339637756, 0.8010157942771912, 0.9913129210472107, 0.7605517506599426, 0.832415759563446, 0.9090042114257812, 0.9362660646438599, 0.7605895400047302, 0.3397010862827301, 0.8931725025177002, 0.8066562414169312, 0.9731113314628601, 0.8101326823234558, 0.9971370697021484, 0.991145670413971, 0.8421376347541809, 0.9444319605827332, 0.9480806589126587, 0.9925869107246399, 0.982170820236206, 0.7778361439704895, 0.3771730065345764, 0.711521565914154, 0.9867319464683533, 0.7769231796264648, 0.9993906021118164, 0.9508566856384277, 0.8315825462341309, 0.9945422410964966, 0.7468461394309998, 0.7356321811676025, 0.9996892213821411, 0.9794131517410278, 0.8658846020698547, 0.9808592200279236]","[1, 1, 1, 1, 1, 1, 1, 1, 1, 1, 1, 1, 1, 1, 0, 1, 1, 1, 0, 1, 0, 1, 1, 1, 1, 1, 1, 1, 1, 1, 0, 1, 1, 1, 1, 1, 0, 0, 1, 1, 1, 1, 1, 1, 1, 1, 1, 1, 1, 1, 1, 1, 1, 1, 1, 1, 1, 1, 1, 1, 1, 1, 1, 1]","[0.4053625166416168, 0.1629406213760376, 0.7478891015052795, 1.4137688875198364, 0.2345266342163086, 0.5680660605430603, 0.007323605008423328, 0.022280629724264145, 0.006914836820214987, 0.4325953722000122, 0.04976614937186241, 0.9319075345993042, 0.012067487463355064, 1.3233565092086792, 1.0752923488616943, 0.19716796278953552, 0.5745355486869812, 0.21247750520706177, 0.6537229418754578, 0.22485943138599396, 1.1123898029327393, 0.5386121869087219, 0.8395492434501648, 0.9573274254798889, 0.11909294873476028, 1.2000292539596558, 0.15480220317840576, 1.415949821472168, 0.28867119550704956, 0.23123589158058167, 0.660546600818634, 0.06236715242266655, 0.7767351269721985, 0.541835606098175, 0.4139176607131958, 0.35931748151779175, 0.8306959271430969, 1.7159959077835083, 0.43137234449386597, 0.7570673823356628, 0.14922484755516052, 0.6716232299804688, 0.024636074900627136, 0.06645495444536209, 0.5620986819267273, 0.2706378698348999, 0.28518834710121155, 0.053619321435689926, 0.10859908908605576, 0.7413799166679382, 1.542218804359436, 0.9597160220146179, 0.08730944991111755, 0.8533843159675598, 0.006054779049009085, 0.24663223326206207, 0.6527072191238403, 0.04270707070827484, 0.8188334107398987, 0.8699515461921692, 0.0032776726875454187, 0.1341993659734726, 0.5794863700866699, 0.12339092046022415]"
25,1600,1664,64,0.9375,0.2950202226638794,clean_mnist,0.09375,0.125,0.125,0.109375,0.109375,0.0625,0.046875,0.109375,0.09375,0.125,0.5725189447402954,0.1691862940788269,13.56417465209961,13.559442520141602,28.0,28.0,"[0, 1, 2, 3, 9, 0, 0, 1, 7, 2, 9, 3, 8, 4, 2, 5, 8, 6, 7, 7, 9, 8, 9, 9, 2, 0, 0, 1, 4, 2, 4, 3, 9, 4, 3, 5, 7, 6, 5, 7, 1, 8, 6, 9, 3, 0, 4, 1, 2, 2, 5, 3, 7, 4, 1, 7, 1, 8, 1, 9, 8, 3, 2, 4]","[0, 1, 2, 3, 4, 0, 0, 1, 7, 2, 9, 3, 9, 4, 2, 5, 8, 6, 7, 7, 9, 8, 9, 9, 2, 0, 0, 1, 4, 2, 4, 3, 9, 4, 3, 5, 7, 6, 5, 7, 1, 8, 6, 9, 3, 0, 4, 1, 2, 2, 5, 3, 7, 4, 1, 7, 7, 8, 1, 9, 2, 3, 2, 4]","[0.9656366109848022, 0.988535463809967, 0.9439391493797302, 0.9611034393310547, 0.8958820700645447, 0.9990922212600708, 0.9997808337211609, 0.9988027811050415, 0.9583632349967957, 0.9701986312866211, 0.7635981440544128, 0.9834678173065186, 0.7670391798019409, 0.9986255168914795, 0.5596066117286682, 0.6744695901870728, 0.9979729056358337, 0.9779550433158875, 0.4289844036102295, 0.9420197606086731, 0.994664192199707, 0.9986532926559448, 0.8990561366081238, 0.7151587009429932, 0.9267708659172058, 0.9991136193275452, 0.9987475872039795, 0.9970718622207642, 0.8578559756278992, 0.9834305047988892, 0.9927293658256531, 0.9948758482933044, 0.9977425336837769, 0.9951657056808472, 0.7061036825180054, 0.8957383036613464, 0.9282209277153015, 0.9926214218139648, 0.8101996779441833, 0.9789861440658569, 0.9994389414787292, 0.9995113611221313, 0.8721300959587097, 0.9260303378105164, 0.9708969593048096, 0.9992561936378479, 0.9892309308052063, 0.9983367919921875, 0.8410987257957458, 0.9781060218811035, 0.8968647122383118, 0.9841638207435608, 0.9583634734153748, 0.993643045425415, 0.9996868371963501, 0.959006667137146, 0.6782013177871704, 0.9985334873199463, 0.9993502497673035, 0.9411916732788086, 0.5173113346099854, 0.982153594493866, 0.4622285068035126, 0.9869943261146545]","[1, 1, 1, 1, 0, 1, 1, 1, 1, 1, 1, 1, 0, 1, 1, 1, 1, 1, 1, 1, 1, 1, 1, 1, 1, 1, 1, 1, 1, 1, 1, 1, 1, 1, 1, 1, 1, 1, 1, 1, 1, 1, 1, 1, 1, 1, 1, 1, 1, 1, 1, 1, 1, 1, 1, 1, 0, 1, 1, 1, 0, 1, 1, 1]","[0.18179278075695038, 0.08137548714876175, 0.29772529006004333, 0.19290265440940857, 0.3936392068862915, 0.008838571608066559, 0.0023884784895926714, 0.011166569776833057, 0.21674421429634094, 0.17421603202819824, 0.7555139660835266, 0.10631728917360306, 0.7863970398902893, 0.012124347500503063, 1.2315455675125122, 0.6987378001213074, 0.01760924607515335, 0.1328323483467102, 1.583625078201294, 0.30253174901008606, 0.039457205682992935, 0.01204429566860199, 0.429899126291275, 0.6776437163352966, 0.3502316176891327, 0.008474014699459076, 0.011924287304282188, 0.024577414616942406, 0.5265905857086182, 0.09174205362796783, 0.04720509424805641, 0.03977951034903526, 0.018367143347859383, 0.03520744666457176, 1.0887795686721802, 0.46717002987861633, 0.3458404541015625, 0.05448605492711067, 0.7038534879684448, 0.13103236258029938, 0.0057434504851698875, 0.004784268327057362, 0.4985511898994446, 0.3177233040332794, 0.16112297773361206, 0.0072945826686918736, 0.06588130444288254, 0.015202650800347328, 0.6476752161979675, 0.11394745111465454, 0.4375033378601074, 0.10121146589517593, 0.25412848591804504, 0.04566517099738121, 0.003306752536445856, 0.23820695281028748, 0.9039832353591919, 0.013694483786821365, 0.006596873980015516, 0.2545711100101471, 0.844359815120697, 0.113309845328331, 1.4526926279067993, 0.08180791139602661]"
26,1664,1728,64,0.9375,0.23518070578575134,clean_mnist,0.140625,0.203125,0.078125,0.109375,0.109375,0.046875,0.140625,0.046875,0.0625,0.0625,0.5725091099739075,0.1674240231513977,13.562301635742188,13.567174911499023,28.0,28.0,"[0, 1, 8, 4, 3, 6, 5, 6, 4, 7, 0, 3, 1, 3, 0, 2, 1, 1, 0, 9, 9, 4, 6, 7, 6, 3, 5, 8, 4, 4, 6, 9, 1, 1, 3, 1, 1, 0, 8, 1, 4, 4, 6, 6, 6, 0, 1, 2, 0, 8, 1, 2, 1, 1, 3, 7, 9, 5, 3, 0, 2, 0, 6, 2]","[0, 1, 8, 4, 3, 6, 5, 6, 4, 7, 9, 3, 1, 3, 0, 2, 1, 1, 0, 9, 9, 4, 6, 7, 6, 3, 5, 5, 4, 4, 6, 9, 1, 1, 3, 1, 1, 0, 5, 1, 4, 4, 6, 6, 6, 0, 1, 2, 0, 8, 2, 2, 1, 1, 3, 7, 9, 5, 3, 0, 2, 0, 6, 2]","[0.9952579140663147, 0.9980272650718689, 0.99750816822052, 0.9875363707542419, 0.9688454866409302, 0.9846636056900024, 0.5060409307479858, 0.9627782702445984, 0.9954812526702881, 0.9751101136207581, 0.6280245184898376, 0.9753522872924805, 0.9885336756706238, 0.9399653673171997, 0.9853063821792603, 0.9936145544052124, 0.9981973767280579, 0.9920044541358948, 0.9921505451202393, 0.6430624127388, 0.9596979022026062, 0.9938573241233826, 0.9692622423171997, 0.952335774898529, 0.7931058406829834, 0.9876233339309692, 0.5307771563529968, 0.5945801138877869, 0.9992782473564148, 0.9960390329360962, 0.9850428104400635, 0.9732796549797058, 0.9991980195045471, 0.9986971020698547, 0.9914107322692871, 0.9994544386863708, 0.9996256828308105, 0.9973389506340027, 0.8963537216186523, 0.9973614811897278, 0.8930625319480896, 0.9924066662788391, 0.9822421073913574, 0.9880698323249817, 0.99303138256073, 0.9979821443557739, 0.9993492960929871, 0.955449104309082, 0.9945669174194336, 0.9976262450218201, 0.6776791214942932, 0.9823357462882996, 0.9991939663887024, 0.997591495513916, 0.9788662791252136, 0.9917305111885071, 0.9781599640846252, 0.49687978625297546, 0.8508718013763428, 0.9993250370025635, 0.6192024946212769, 0.9997053742408752, 0.7525259852409363, 0.9226810932159424]","[1, 1, 1, 1, 1, 1, 1, 1, 1, 1, 0, 1, 1, 1, 1, 1, 1, 1, 1, 1, 1, 1, 1, 1, 1, 1, 1, 0, 1, 1, 1, 1, 1, 1, 1, 1, 1, 1, 0, 1, 1, 1, 1, 1, 1, 1, 1, 1, 1, 1, 0, 1, 1, 1, 1, 1, 1, 1, 1, 1, 1, 1, 1, 1]","[0.0394463874399662, 0.01767493039369583, 0.020281434059143066, 0.08126680552959442, 0.156980499625206, 0.09483775496482849, 1.043405532836914, 0.2020280510187149, 0.03479338437318802, 0.15741242468357086, 1.2225698232650757, 0.14240621030330658, 0.08174523711204529, 0.31070399284362793, 0.10034717619419098, 0.04981379956007004, 0.016140040010213852, 0.058602117002010345, 0.058827854692935944, 0.9212894439697266, 0.22849467396736145, 0.047922320663928986, 0.17626290023326874, 0.2672112286090851, 0.5388752222061157, 0.08131442964076996, 1.057719111442566, 0.8159902691841125, 0.006847877986729145, 0.030346207320690155, 0.1010042354464531, 0.16323229670524597, 0.0077217803336679935, 0.012216123752295971, 0.05545639619231224, 0.0056272693909704685, 0.003959293942898512, 0.023410355672240257, 0.4838523268699646, 0.022288020700216293, 0.38803040981292725, 0.05007123202085495, 0.09731819480657578, 0.08256619423627853, 0.050432078540325165, 0.018054982647299767, 0.006481470074504614, 0.2128574550151825, 0.04299870878458023, 0.019663140177726746, 0.8159605860710144, 0.0981762707233429, 0.00793660432100296, 0.020737498998641968, 0.1319117248058319, 0.059905730187892914, 0.1296117752790451, 1.1475160121917725, 0.5068497061729431, 0.006795076187700033, 1.2448945045471191, 0.0031558016780763865, 0.608310878276825, 0.3610037565231323]"
27,1728,1792,64,1.0,0.24570034444332123,clean_mnist,0.078125,0.046875,0.09375,0.0625,0.109375,0.03125,0.140625,0.109375,0.1875,0.140625,0.5746945142745972,0.17124253511428833,13.562154769897461,13.570243835449219,28.0,28.0,"[9, 0, 7, 6, 9, 9, 1, 2, 9, 3, 4, 7, 9, 6, 0, 9, 4, 8, 7, 7, 9, 8, 6, 9, 5, 2, 2, 2, 3, 9, 8, 8, 8, 6, 4, 4, 4, 4, 2, 4, 6, 0, 7, 0, 7, 8, 2, 0, 8, 8, 3, 6, 8, 6, 6, 8, 6, 5, 1, 1, 8, 7, 8, 3]","[9, 0, 7, 6, 9, 9, 1, 2, 9, 3, 4, 7, 9, 6, 0, 9, 4, 8, 7, 7, 9, 8, 6, 9, 5, 2, 2, 2, 3, 9, 8, 8, 8, 6, 4, 4, 4, 4, 2, 4, 6, 0, 7, 0, 7, 8, 2, 0, 8, 8, 3, 6, 8, 6, 6, 8, 6, 5, 1, 1, 8, 7, 8, 3]","[0.8534113764762878, 0.9994422793388367, 0.973655641078949, 0.987307071685791, 0.9937566518783569, 0.9831846356391907, 0.9989362359046936, 0.9554631114006042, 0.9464668035507202, 0.9542607069015503, 0.9966985583305359, 0.9859670996665955, 0.9088631868362427, 0.9419457316398621, 0.9996902942657471, 0.9909632802009583, 0.8443101644515991, 0.9987868666648865, 0.929548978805542, 0.9478206634521484, 0.9957748055458069, 0.9966953992843628, 0.7080733180046082, 0.9871420860290527, 0.7375728487968445, 0.8111933469772339, 0.9247268438339233, 0.6372724771499634, 0.9878814220428467, 0.9949712753295898, 0.5998573899269104, 0.9897050261497498, 0.9969143867492676, 0.9899526238441467, 0.9994996786117554, 0.998138427734375, 0.9530767798423767, 0.9957650899887085, 0.7652258276939392, 0.964454710483551, 0.9272868037223816, 0.9997614026069641, 0.9790783524513245, 0.9996329545974731, 0.5129347443580627, 0.9764161705970764, 0.8031114935874939, 0.9993383288383484, 0.9930346012115479, 0.9970760345458984, 0.9656440615653992, 0.983329713344574, 0.9991520643234253, 0.9780086278915405, 0.9106575846672058, 0.9982730150222778, 0.6837170124053955, 0.8230161070823669, 0.9941272735595703, 0.9980089068412781, 0.9972991347312927, 0.9467954635620117, 0.9977841973304749, 0.9835835099220276]","[1, 1, 1, 1, 1, 1, 1, 1, 1, 1, 1, 1, 1, 1, 1, 1, 1, 1, 1, 1, 1, 1, 1, 1, 1, 1, 1, 1, 1, 1, 1, 1, 1, 1, 1, 1, 1, 1, 1, 1, 1, 1, 1, 1, 1, 1, 1, 1, 1, 1, 1, 1, 1, 1, 1, 1, 1, 1, 1, 1, 1, 1, 1, 1]","[0.5249652862548828, 0.005778663791716099, 0.1489737629890442, 0.08705394715070724, 0.04615400731563568, 0.09394162148237228, 0.010182837024331093, 0.21547465026378632, 0.2753152549266815, 0.2598938047885895, 0.024910729378461838, 0.09331256151199341, 0.44479426741600037, 0.3066750764846802, 0.003177822567522526, 0.06150251254439354, 0.6043684482574463, 0.010697178542613983, 0.29478320479393005, 0.2870728075504303, 0.03233608976006508, 0.026840806007385254, 0.9274015426635742, 0.08257463574409485, 0.9675043225288391, 0.6980435252189636, 0.37868356704711914, 0.8814507126808167, 0.07053231447935104, 0.0391618050634861, 0.8410327434539795, 0.0637841671705246, 0.026000333949923515, 0.07220427691936493, 0.004787239246070385, 0.01606929302215576, 0.21824070811271667, 0.030315782874822617, 0.7831849455833435, 0.18605110049247742, 0.30042776465415955, 0.002521420596167445, 0.1321011334657669, 0.003913946449756622, 1.3537662029266357, 0.1391545683145523, 0.6492430567741394, 0.006690497975796461, 0.05259738117456436, 0.024528710171580315, 0.19523780047893524, 0.10586924105882645, 0.008312043733894825, 0.13229133188724518, 0.33345431089401245, 0.01568550616502762, 0.9648357629776001, 0.6527426838874817, 0.041630979627370834, 0.0175497867166996, 0.02287505753338337, 0.2996619641780853, 0.019830841571092606, 0.10467129945755005]"
28,1792,1856,64,0.921875,0.3816358745098114,clean_mnist,0.09375,0.140625,0.046875,0.09375,0.125,0.09375,0.109375,0.109375,0.09375,0.09375,0.5726184248924255,0.16898171603679657,13.565403938293457,13.569764137268066,28.0,28.0,"[6, 8, 9, 5, 0, 0, 0, 3, 2, 6, 6, 7, 8, 3, 5, 1, 4, 3, 5, 9, 1, 5, 4, 1, 1, 8, 4, 0, 9, 7, 1, 2, 8, 7, 9, 4, 0, 3, 6, 1, 7, 7, 5, 6, 3, 0, 1, 1, 4, 2, 4, 3, 6, 4, 1, 5, 7, 6, 9, 7, 8, 8, 4, 9]","[6, 8, 9, 5, 0, 0, 0, 3, 2, 6, 6, 7, 8, 3, 5, 1, 4, 3, 5, 9, 4, 5, 4, 1, 1, 5, 4, 0, 9, 7, 1, 2, 5, 7, 9, 4, 0, 3, 6, 1, 7, 7, 5, 6, 3, 0, 1, 1, 4, 2, 4, 3, 6, 4, 7, 5, 7, 6, 9, 7, 2, 8, 4, 9]","[0.8491934537887573, 0.9992809891700745, 0.9818829298019409, 0.47538724541664124, 0.9987859129905701, 0.9985106587409973, 0.9996484518051147, 0.9524993896484375, 0.9810007214546204, 0.9926180243492126, 0.9807155132293701, 0.9371552467346191, 0.9991270899772644, 0.9309727549552917, 0.5699324011802673, 0.9990429282188416, 0.9860224723815918, 0.9969273209571838, 0.5522642135620117, 0.9124318957328796, 0.7841613292694092, 0.6005954742431641, 0.7992643713951111, 0.9919441938400269, 0.9992659687995911, 0.41222819685935974, 0.9226499795913696, 0.9990819692611694, 0.9780962467193604, 0.8602243661880493, 0.9993808269500732, 0.9791666865348816, 0.49481573700904846, 0.9782702922821045, 0.49092939496040344, 0.992263674736023, 0.9964507818222046, 0.9057804942131042, 0.9450391530990601, 0.9985312223434448, 0.5892958045005798, 0.9646391272544861, 0.7820995450019836, 0.9871464967727661, 0.6587649583816528, 0.9985717535018921, 0.9989485144615173, 0.9876300692558289, 0.9555357098579407, 0.8331677913665771, 0.9940508008003235, 0.8585705757141113, 0.94437175989151, 0.9931074976921082, 0.7460793256759644, 0.8625620007514954, 0.9767608642578125, 0.9363940358161926, 0.9490422010421753, 0.9076393246650696, 0.47529006004333496, 0.9974808096885681, 0.5581116676330566, 0.9870291948318481]","[1, 1, 1, 1, 1, 1, 1, 1, 1, 1, 1, 1, 1, 1, 1, 1, 1, 1, 1, 1, 0, 1, 1, 1, 1, 0, 1, 1, 1, 1, 1, 1, 0, 1, 1, 1, 1, 1, 1, 1, 1, 1, 1, 1, 1, 1, 1, 1, 1, 1, 1, 1, 1, 1, 0, 1, 1, 1, 1, 1, 0, 1, 1, 1]","[0.5587185621261597, 0.007159026805311441, 0.11647598445415497, 1.2610033750534058, 0.011286853812634945, 0.013865088112652302, 0.003407468553632498, 0.23309771716594696, 0.11719755083322525, 0.05555834248661995, 0.11377215385437012, 0.34400439262390137, 0.007884492166340351, 0.2865067422389984, 1.0669218301773071, 0.009394860826432705, 0.09426643699407578, 0.02388375625014305, 1.1989318132400513, 0.3657824695110321, 0.5947699546813965, 0.8374429941177368, 0.8207390308380127, 0.06016287952661514, 0.007308230269700289, 1.3338655233383179, 0.4050179719924927, 0.008972302079200745, 0.13159246742725372, 0.5936740636825562, 0.006215658504515886, 0.12791433930397034, 0.8398948907852173, 0.14078710973262787, 1.5941195487976074, 0.05743780732154846, 0.028734473511576653, 0.35849249362945557, 0.2331584244966507, 0.013538464903831482, 0.8681005835533142, 0.21619661152362823, 0.7963322997093201, 0.0883793756365776, 1.1601464748382568, 0.013361042365431786, 0.009475351311266422, 0.08594691753387451, 0.1952352374792099, 0.6594431400299072, 0.04035048931837082, 0.606040358543396, 0.24700665473937988, 0.0518060028553009, 0.7225953936576843, 0.5849282741546631, 0.13440951704978943, 0.3052080273628235, 0.2638310194015503, 0.42100778222084045, 1.4168912172317505, 0.02137237973511219, 1.3499407768249512, 0.08373317867517471]"
29,1856,1920,64,0.90625,0.4096635580062866,clean_mnist,0.140625,0.125,0.125,0.046875,0.046875,0.046875,0.171875,0.0625,0.125,0.109375,0.5780166983604431,0.17483285069465637,13.566354751586914,13.566017150878906,28.0,28.0,"[8, 0, 7, 1, 1, 2, 3, 8, 5, 4, 6, 8, 0, 6, 0, 7, 8, 8, 2, 1, 0, 0, 9, 1, 2, 2, 9, 3, 9, 4, 6, 5, 2, 6, 6, 7, 6, 8, 2, 9, 2, 0, 6, 1, 2, 8, 6, 9, 0, 9, 6, 0, 3, 1, 1, 4, 9, 5, 8, 1, 0, 6, 6, 7]","[8, 0, 7, 1, 1, 2, 3, 3, 5, 4, 6, 5, 0, 6, 3, 7, 3, 8, 2, 9, 0, 0, 9, 1, 2, 2, 9, 3, 9, 4, 6, 5, 2, 6, 6, 7, 6, 8, 2, 9, 2, 0, 6, 7, 2, 8, 6, 9, 0, 9, 6, 0, 3, 1, 1, 4, 9, 5, 8, 1, 0, 6, 6, 7]","[0.9991843104362488, 0.9985505938529968, 0.995353102684021, 0.9844748973846436, 0.986162543296814, 0.81141197681427, 0.8445603847503662, 0.3281732201576233, 0.7879201173782349, 0.8265504837036133, 0.9589710831642151, 0.5618560314178467, 0.9998325109481812, 0.8050277233123779, 0.5179810523986816, 0.8888611197471619, 0.5290659070014954, 0.9616054892539978, 0.6428639888763428, 0.43246176838874817, 0.9987418055534363, 0.9884896874427795, 0.9594095349311829, 0.9936625957489014, 0.8373429775238037, 0.860893189907074, 0.9687144756317139, 0.817581295967102, 0.9946252703666687, 0.9940277338027954, 0.7903340458869934, 0.9233087301254272, 0.41066786646842957, 0.8211132287979126, 0.9837888479232788, 0.9543362259864807, 0.9937671422958374, 0.9949512481689453, 0.9036242961883545, 0.7883477807044983, 0.8290546536445618, 0.9953215718269348, 0.9671036601066589, 0.5446156859397888, 0.8025742769241333, 0.9936051964759827, 0.9631513357162476, 0.9697608947753906, 0.9836260676383972, 0.8144330382347107, 0.7497522234916687, 0.9947400689125061, 0.9087212681770325, 0.9579110145568848, 0.9994852542877197, 0.9982701539993286, 0.9896976351737976, 0.8670051097869873, 0.9928337335586548, 0.9939393997192383, 0.9656816720962524, 0.9275062680244446, 0.9816329479217529, 0.9705886840820312]","[1, 1, 1, 1, 1, 1, 1, 0, 1, 1, 1, 0, 1, 1, 0, 1, 0, 1, 1, 0, 1, 1, 1, 1, 1, 1, 1, 1, 1, 1, 1, 1, 1, 1, 1, 1, 1, 1, 1, 1, 1, 1, 1, 0, 1, 1, 1, 1, 1, 1, 1, 1, 1, 1, 1, 1, 1, 1, 1, 1, 1, 1, 1, 1]","[0.0081561841070652, 0.013259596191346645, 0.03612913191318512, 0.10406098514795303, 0.0979064553976059, 0.7952272295951843, 0.725548505783081, 1.5323398113250732, 0.8000370860099792, 0.6933809518814087, 0.2231145054101944, 1.2170881032943726, 0.00192656135186553, 0.7379654049873352, 1.4352893829345703, 0.4915164113044739, 0.8796364665031433, 0.22449523210525513, 0.7264540791511536, 1.3108643293380737, 0.011639205738902092, 0.08305399119853973, 0.23478147387504578, 0.049297697842121124, 0.5627619028091431, 0.5728757381439209, 0.18516546487808228, 0.7355605363845825, 0.04017767682671547, 0.04393724724650383, 0.5798688530921936, 0.3611518442630768, 1.737288475036621, 0.6975815892219543, 0.1035030260682106, 0.25396162271499634, 0.04397781565785408, 0.0383770652115345, 0.33839696645736694, 0.7519709467887878, 0.6047269701957703, 0.037804409861564636, 0.17601191997528076, 0.8057740330696106, 0.5430215001106262, 0.04872554540634155, 0.210088312625885, 0.15378910303115845, 0.1052660271525383, 0.6929833889007568, 0.9134085774421692, 0.04191948473453522, 0.4958494305610657, 0.23382458090782166, 0.005307359620928764, 0.01523754931986332, 0.07121042162179947, 0.6235059499740601, 0.04931977391242981, 0.04816784709692001, 0.19883842766284943, 0.37016725540161133, 0.11758290976285934, 0.1762108951807022]"
30,1920,1984,64,0.953125,0.44456085562705994,clean_mnist,0.09375,0.078125,0.078125,0.125,0.140625,0.09375,0.046875,0.125,0.09375,0.125,0.5832182168960571,0.17897194623947144,13.57664680480957,13.57056713104248,28.0,28.0,"[8, 3, 4, 2, 3, 9, 0, 0, 4, 5, 0, 1, 4, 7, 4, 3, 1, 9, 3, 9, 4, 3, 1, 8, 7, 1, 7, 2, 8, 9, 9, 6, 2, 7, 2, 5, 0, 6, 7, 3, 9, 5, 9, 0, 8, 5, 8, 4, 9, 0, 5, 3, 2, 4, 8, 7, 4, 1, 5, 4, 6, 3, 7, 7]","[2, 3, 4, 2, 3, 9, 0, 0, 4, 5, 0, 6, 4, 7, 4, 3, 1, 9, 3, 9, 9, 3, 1, 8, 7, 1, 7, 2, 8, 9, 9, 6, 2, 7, 2, 5, 0, 6, 7, 3, 9, 5, 9, 0, 8, 5, 8, 4, 9, 0, 5, 3, 2, 4, 8, 7, 4, 1, 5, 4, 6, 3, 7, 7]","[0.44328194856643677, 0.9592750668525696, 0.9947528839111328, 0.9531058669090271, 0.9389057159423828, 0.9831743836402893, 0.9989110231399536, 0.9963604807853699, 0.9263445138931274, 0.8572099804878235, 0.9642391800880432, 0.6147107481956482, 0.9883429408073425, 0.8493131995201111, 0.9722092151641846, 0.8848873376846313, 0.9990835189819336, 0.734102725982666, 0.6708836555480957, 0.8874518275260925, 0.45914673805236816, 0.8552455902099609, 0.9996473789215088, 0.9946997165679932, 0.8231724500656128, 0.9992789626121521, 0.9737028479576111, 0.9027261734008789, 0.7544980645179749, 0.969581663608551, 0.9420570135116577, 0.9078734517097473, 0.8853445649147034, 0.8636521697044373, 0.797419011592865, 0.8337085843086243, 0.9894148111343384, 0.9556383490562439, 0.8374736905097961, 0.631544291973114, 0.9787417054176331, 0.739244282245636, 0.7678678631782532, 0.9145510792732239, 0.9838873744010925, 0.7309414148330688, 0.9983119964599609, 0.9774298667907715, 0.4483906030654907, 0.9768349528312683, 0.5757620930671692, 0.8156870603561401, 0.8907336592674255, 0.9739208221435547, 0.9954245686531067, 0.9103212952613831, 0.8781543374061584, 0.9988241791725159, 0.4842106103897095, 0.9959610104560852, 0.7095247507095337, 0.9257333874702454, 0.9329058527946472, 0.8509998917579651]","[0, 1, 1, 1, 1, 1, 1, 1, 1, 1, 1, 0, 1, 1, 1, 1, 1, 1, 1, 1, 0, 1, 1, 1, 1, 1, 1, 1, 1, 1, 1, 1, 1, 1, 1, 1, 1, 1, 1, 1, 1, 1, 1, 1, 1, 1, 1, 1, 1, 1, 1, 1, 1, 1, 1, 1, 1, 1, 1, 1, 1, 1, 1, 1]","[1.2543467283248901, 0.24322733283042908, 0.03585483506321907, 0.2519795000553131, 0.2810612618923187, 0.10681089758872986, 0.010457247495651245, 0.030190808698534966, 0.3201625645160675, 0.5718942284584045, 0.21042312681674957, 1.0072212219238281, 0.072359099984169, 0.6861591339111328, 0.16252261400222778, 0.5297888517379761, 0.008995581418275833, 0.8507606387138367, 1.0849173069000244, 0.48109593987464905, 1.0641433000564575, 0.6783604025840759, 0.003691790159791708, 0.04278193786740303, 0.7524866461753845, 0.007217100355774164, 0.16788573563098907, 0.44836944341659546, 0.9487916827201843, 0.1650010496377945, 0.3018433749675751, 0.38083457946777344, 0.49455681443214417, 0.5919090509414673, 0.5566757321357727, 0.6954310536384583, 0.07790082693099976, 0.24400952458381653, 0.4661813974380493, 0.9764739274978638, 0.13858003914356232, 1.047391414642334, 0.802573561668396, 0.4486560523509979, 0.10795153677463531, 1.0271129608154297, 0.014948558062314987, 0.1337188184261322, 1.2191765308380127, 0.14774416387081146, 0.8318303227424622, 0.7474726438522339, 0.5271598100662231, 0.147086501121521, 0.03496546670794487, 0.3845421075820923, 0.43001994490623474, 0.011129816994071007, 0.9521241784095764, 0.030056215822696686, 0.6444680094718933, 0.40934762358665466, 0.2978803813457489, 0.6511856913566589]"
31,1984,2048,64,0.921875,0.4697895646095276,clean_mnist,0.046875,0.140625,0.125,0.0625,0.109375,0.09375,0.125,0.078125,0.15625,0.0625,0.5850901007652283,0.18045583367347717,13.575780868530273,13.565622329711914,28.0,28.0,"[9, 6, 6, 2, 2, 1, 6, 5, 4, 5, 3, 0, 8, 5, 2, 0, 6, 8, 8, 4, 2, 6, 9, 7, 1, 0, 2, 3, 1, 8, 7, 1, 8, 2, 7, 2, 6, 3, 2, 8, 7, 6, 8, 7, 5, 3, 8, 4, 4, 9, 4, 6, 4, 5, 5, 1, 1, 9, 8, 8, 1, 1, 4, 1]","[9, 6, 6, 2, 2, 1, 6, 5, 4, 5, 3, 0, 5, 5, 2, 0, 5, 8, 8, 4, 2, 6, 9, 7, 1, 0, 2, 3, 1, 8, 7, 1, 8, 2, 7, 2, 6, 3, 2, 3, 7, 6, 8, 7, 5, 3, 8, 4, 4, 9, 4, 6, 4, 5, 5, 1, 1, 9, 3, 8, 6, 1, 4, 1]","[0.9064805507659912, 0.9410112500190735, 0.9617224931716919, 0.8469812273979187, 0.9426915645599365, 0.9891635179519653, 0.9401538968086243, 0.8977697491645813, 0.88136887550354, 0.6807685494422913, 0.6323061585426331, 0.9821916222572327, 0.8089799284934998, 0.687109112739563, 0.6638321280479431, 0.812824547290802, 0.4008117616176605, 0.9956815242767334, 0.9988046884536743, 0.9769114851951599, 0.9448886513710022, 0.6870995163917542, 0.88835608959198, 0.915218710899353, 0.9900932908058167, 0.9772169589996338, 0.6271861791610718, 0.6999147534370422, 0.999288022518158, 0.9962790608406067, 0.8854918479919434, 0.9975531697273254, 0.9983536005020142, 0.8282870650291443, 0.845604658126831, 0.630591630935669, 0.9808025360107422, 0.9642660021781921, 0.8919175863265991, 0.5196256637573242, 0.975124180316925, 0.6536476612091064, 0.9900540113449097, 0.9215412735939026, 0.637931227684021, 0.5121861696243286, 0.8502364754676819, 0.9964382648468018, 0.9599148035049438, 0.8852347731590271, 0.9684008955955505, 0.841080904006958, 0.9766985774040222, 0.7357484698295593, 0.970335066318512, 0.9659090638160706, 0.9916059970855713, 0.9374660849571228, 0.4658527672290802, 0.9972878694534302, 0.9086999297142029, 0.9882411360740662, 0.9944308400154114, 0.9982156753540039]","[1, 1, 1, 1, 1, 1, 1, 1, 1, 1, 1, 1, 0, 1, 1, 1, 0, 1, 1, 1, 1, 1, 1, 1, 1, 1, 1, 1, 1, 1, 1, 1, 1, 1, 1, 1, 1, 1, 1, 0, 1, 1, 1, 1, 1, 1, 1, 1, 1, 1, 1, 1, 1, 1, 1, 1, 1, 1, 0, 1, 0, 1, 1, 1]","[0.37155088782310486, 0.30425259470939636, 0.22033271193504333, 0.6309604644775391, 0.30404460430145264, 0.0787292942404747, 0.28870493173599243, 0.45475900173187256, 0.5245231986045837, 0.8646135330200195, 1.046659231185913, 0.12173985689878464, 0.6084009408950806, 1.0462071895599365, 1.105591058731079, 0.793464183807373, 1.5176934003829956, 0.03438182920217514, 0.011170940473675728, 0.1366104930639267, 0.3059546947479248, 1.0748498439788818, 0.4584614634513855, 0.42155158519744873, 0.06492571532726288, 0.15314646065235138, 1.216906189918518, 1.1624212265014648, 0.007152616512030363, 0.031042875722050667, 0.4308975636959076, 0.020904509350657463, 0.01509295217692852, 0.7141339182853699, 0.6475736498832703, 1.0953649282455444, 0.11627131700515747, 0.21384933590888977, 0.4912782311439514, 1.4507964849472046, 0.14402660727500916, 1.0650806427001953, 0.07435552030801773, 0.3863273561000824, 1.159989833831787, 1.3752027750015259, 0.5181165337562561, 0.026547756046056747, 0.18599429726600647, 0.522332489490509, 0.17291660606861115, 0.546937108039856, 0.13296684622764587, 0.8113266229629517, 0.17008806765079498, 0.2027406096458435, 0.06245952472090721, 0.2582733631134033, 1.102936863899231, 0.023700501769781113, 0.4280553162097931, 0.08337820321321487, 0.03962745890021324, 0.01618572697043419]"
32,2048,2112,64,0.96875,0.3356654644012451,clean_mnist,0.140625,0.09375,0.125,0.09375,0.125,0.078125,0.078125,0.109375,0.125,0.03125,0.5806194543838501,0.17632906138896942,13.574119567871094,13.56816291809082,28.0,28.0,"[7, 5, 4, 0, 4, 2, 7, 7, 5, 8, 0, 6, 9, 6, 6, 8, 7, 2, 0, 8, 8, 4, 8, 4, 4, 2, 3, 2, 3, 8, 2, 0, 5, 0, 0, 1, 0, 2, 1, 3, 3, 4, 7, 5, 3, 6, 1, 7, 6, 8, 8, 9, 0, 0, 7, 1, 2, 2, 4, 3, 1, 4, 1, 5]","[7, 5, 4, 0, 4, 2, 7, 7, 5, 8, 0, 6, 9, 6, 6, 8, 7, 2, 0, 8, 8, 4, 8, 4, 4, 2, 3, 2, 3, 8, 2, 0, 5, 0, 0, 1, 0, 2, 1, 3, 3, 4, 7, 5, 3, 6, 1, 7, 6, 8, 3, 9, 0, 0, 7, 1, 2, 2, 4, 3, 7, 4, 1, 5]","[0.9596275091171265, 0.46471187472343445, 0.9135341644287109, 0.9913085699081421, 0.749373197555542, 0.9659823179244995, 0.9465817809104919, 0.9258778691291809, 0.9467700719833374, 0.9990977048873901, 0.9993106126785278, 0.9790188074111938, 0.9947043061256409, 0.791368305683136, 0.95320725440979, 0.9988763928413391, 0.48114362359046936, 0.8977320194244385, 0.9967144727706909, 0.9945154786109924, 0.9935924410820007, 0.9870535731315613, 0.9763637781143188, 0.9826207756996155, 0.9690461158752441, 0.46954014897346497, 0.958274245262146, 0.5762401223182678, 0.4081449806690216, 0.9641167521476746, 0.8382212519645691, 0.9522937536239624, 0.9244413375854492, 0.9993232488632202, 0.999711811542511, 0.9968728423118591, 0.9957379102706909, 0.9586968421936035, 0.998482882976532, 0.8459200263023376, 0.8770908117294312, 0.991007387638092, 0.9723575115203857, 0.9301427006721497, 0.6707728505134583, 0.9869641661643982, 0.9950474500656128, 0.9906783103942871, 0.9411352872848511, 0.997919499874115, 0.45403510332107544, 0.7972261905670166, 0.9997005462646484, 0.9918738007545471, 0.9551067352294922, 0.9996457099914551, 0.61687171459198, 0.9700185656547546, 0.9882493019104004, 0.9773958921432495, 0.826985776424408, 0.9975802898406982, 0.9963248372077942, 0.9536788463592529]","[1, 1, 1, 1, 1, 1, 1, 1, 1, 1, 1, 1, 1, 1, 1, 1, 1, 1, 1, 1, 1, 1, 1, 1, 1, 1, 1, 1, 1, 1, 1, 1, 1, 1, 1, 1, 1, 1, 1, 1, 1, 1, 1, 1, 1, 1, 1, 1, 1, 1, 0, 1, 1, 1, 1, 1, 1, 1, 1, 1, 0, 1, 1, 1]","[0.22307218611240387, 1.2083089351654053, 0.3711109161376953, 0.06518290191888809, 0.6369539499282837, 0.20005498826503754, 0.2826765477657318, 0.3460392355918884, 0.30728358030319214, 0.008867604658007622, 0.006892365403473377, 0.13346000015735626, 0.03816821426153183, 0.8013405799865723, 0.23897381126880646, 0.010632267221808434, 1.2336935997009277, 0.49807506799697876, 0.0273716002702713, 0.04349765181541443, 0.048325926065444946, 0.07890164107084274, 0.1422559916973114, 0.09854772686958313, 0.1685842126607895, 1.1743528842926025, 0.24343498051166534, 1.261530876159668, 1.5015381574630737, 0.19130416214466095, 0.6295835375785828, 0.27316030859947205, 0.40187543630599976, 0.006802273914217949, 0.0031758840195834637, 0.02618652768433094, 0.03435102105140686, 0.24064180254936218, 0.013874633237719536, 0.6974119544029236, 0.5533506274223328, 0.060568030923604965, 0.1572604477405548, 0.3701787292957306, 1.168590784072876, 0.08364541828632355, 0.037389371544122696, 0.06420499086380005, 0.2836523950099945, 0.018205812200903893, 1.3127139806747437, 0.5817022919654846, 0.003217095509171486, 0.062036726623773575, 0.25047463178634644, 0.0038098273798823357, 1.2366149425506592, 0.17143034934997559, 0.0786004364490509, 0.13881851732730865, 0.6310150027275085, 0.020273754373192787, 0.030665984377264977, 0.24667176604270935]"
33,2112,2176,64,0.953125,0.30299288034439087,clean_mnist,0.078125,0.140625,0.03125,0.109375,0.078125,0.0625,0.140625,0.125,0.15625,0.078125,0.5776185989379883,0.1742347925901413,13.570908546447754,13.571331977844238,28.0,28.0,"[0, 6, 3, 7, 9, 8, 7, 9, 8, 0, 1, 1, 8, 2, 6, 3, 3, 4, 3, 5, 8, 7, 1, 8, 1, 9, 6, 8, 9, 9, 7, 5, 0, 7, 3, 0, 4, 3, 8, 1, 6, 6, 1, 8, 6, 4, 6, 1, 0, 7, 1, 6, 4, 5, 1, 6, 7, 4, 8, 2, 5, 7, 3, 8]","[0, 6, 3, 7, 9, 8, 7, 9, 5, 0, 1, 1, 8, 2, 6, 3, 3, 4, 3, 5, 3, 7, 1, 8, 1, 9, 6, 8, 9, 9, 7, 5, 0, 7, 3, 0, 6, 3, 8, 1, 6, 6, 1, 8, 6, 4, 6, 1, 0, 7, 1, 6, 4, 5, 1, 6, 7, 4, 8, 2, 5, 7, 3, 8]","[0.9994625449180603, 0.9587725400924683, 0.6023046970367432, 0.9657345414161682, 0.9051448106765747, 0.9995934367179871, 0.8815501928329468, 0.781099259853363, 0.512083113193512, 0.9971027970314026, 0.9991051554679871, 0.9986446499824524, 0.995075523853302, 0.8406280279159546, 0.8843281865119934, 0.8265891075134277, 0.5553165078163147, 0.9971066117286682, 0.8287073969841003, 0.9250852465629578, 0.6041412949562073, 0.9895049333572388, 0.9860321283340454, 0.9749916791915894, 0.9991530179977417, 0.7341341376304626, 0.9598697423934937, 0.998507559299469, 0.9151001572608948, 0.7383973598480225, 0.9543754458427429, 0.9574081301689148, 0.9982414245605469, 0.9912900924682617, 0.9811916947364807, 0.9988113641738892, 0.4805794358253479, 0.9400520324707031, 0.9499676823616028, 0.9989638328552246, 0.9647557139396667, 0.991195797920227, 0.9994565844535828, 0.9997739195823669, 0.8858296275138855, 0.9977710247039795, 0.9469467997550964, 0.9992000460624695, 0.9815402626991272, 0.9930048584938049, 0.9986734390258789, 0.9832718968391418, 0.9971985816955566, 0.8812646269798279, 0.9960634112358093, 0.9710573554039001, 0.6224163174629211, 0.8266845345497131, 0.9990297555923462, 0.8365263342857361, 0.7334219813346863, 0.9919835925102234, 0.8974521160125732, 0.9996206760406494]","[1, 1, 1, 1, 1, 1, 1, 1, 0, 1, 1, 1, 1, 1, 1, 1, 1, 1, 1, 1, 0, 1, 1, 1, 1, 1, 1, 1, 1, 1, 1, 1, 1, 1, 1, 1, 0, 1, 1, 1, 1, 1, 1, 1, 1, 1, 1, 1, 1, 1, 1, 1, 1, 1, 1, 1, 1, 1, 1, 1, 1, 1, 1, 1]","[0.005508014000952244, 0.20617488026618958, 1.3230336904525757, 0.19764021039009094, 0.36009103059768677, 0.004325933754444122, 0.49843892455101013, 0.5869293212890625, 0.7696904540061951, 0.024350715801119804, 0.008783678524196148, 0.012517995201051235, 0.038136519491672516, 0.6531751155853271, 0.4068743586540222, 0.5796108245849609, 0.9036141037940979, 0.024690352380275726, 0.6876839399337769, 0.38222992420196533, 0.9857950210571289, 0.07491973787546158, 0.09662759304046631, 0.14804607629776, 0.008363662287592888, 0.9164283871650696, 0.20273113250732422, 0.013026311062276363, 0.3302503228187561, 0.8314998745918274, 0.24510623514652252, 0.23407632112503052, 0.01564418151974678, 0.05894211679697037, 0.1154872477054596, 0.011326526291668415, 1.2669720649719238, 0.3305240273475647, 0.2779524028301239, 0.009951293468475342, 0.19312603771686554, 0.061919424682855606, 0.005575004033744335, 0.0025185488630086184, 0.47411006689071655, 0.018458819016814232, 0.26410430669784546, 0.007941524498164654, 0.1172892302274704, 0.05100058391690254, 0.011990446597337723, 0.10916882008314133, 0.02330426312983036, 0.5161883234977722, 0.03254042565822601, 0.15677541494369507, 0.7634364366531372, 0.6734874248504639, 0.008732549846172333, 0.704950213432312, 0.8474147319793701, 0.05873579531908035, 0.4375508725643158, 0.004056510515511036]"
34,2176,2240,64,0.984375,0.23769205808639526,clean_mnist,0.078125,0.109375,0.0625,0.15625,0.203125,0.078125,0.09375,0.078125,0.078125,0.0625,0.5752359628677368,0.17163579165935516,13.5589017868042,13.564245223999023,28.0,28.0,"[4, 1, 6, 3, 3, 4, 5, 3, 0, 4, 5, 7, 1, 2, 4, 0, 0, 5, 8, 0, 6, 1, 1, 9, 3, 2, 1, 3, 4, 2, 4, 3, 4, 5, 8, 5, 6, 7, 6, 8, 9, 4, 0, 9, 4, 9, 4, 7, 4, 1, 6, 1, 3, 7, 3, 8, 3, 3, 2, 4, 4, 8, 7, 6]","[4, 1, 6, 3, 3, 4, 5, 3, 2, 4, 5, 7, 1, 2, 4, 0, 0, 5, 8, 0, 6, 1, 1, 9, 3, 2, 1, 3, 4, 2, 4, 3, 4, 5, 8, 5, 6, 7, 6, 8, 9, 4, 0, 9, 4, 9, 4, 7, 4, 1, 6, 1, 3, 7, 3, 8, 3, 3, 2, 4, 4, 8, 7, 6]","[0.994697093963623, 0.9961448907852173, 0.9830104112625122, 0.9568465948104858, 0.868061900138855, 0.9985219836235046, 0.725648820400238, 0.9701001048088074, 0.6643738150596619, 0.94049471616745, 0.9417349100112915, 0.9731037616729736, 0.9994611144065857, 0.9640539288520813, 0.9960500597953796, 0.9986905455589294, 0.9853002429008484, 0.8722333908081055, 0.9662888646125793, 0.998245120048523, 0.9809642434120178, 0.9991995692253113, 0.9991810917854309, 0.9576277136802673, 0.879768431186676, 0.9049296379089355, 0.9354733228683472, 0.9870080351829529, 0.9721040725708008, 0.8123252391815186, 0.9975637197494507, 0.9538114070892334, 0.8282363414764404, 0.9677994847297668, 0.9854009747505188, 0.9308861494064331, 0.9882844686508179, 0.9261614084243774, 0.9392565488815308, 0.9994168281555176, 0.9943856000900269, 0.9922477006912231, 0.9961917400360107, 0.9178716540336609, 0.4540868103504181, 0.8996672630310059, 0.9002772569656372, 0.9739080667495728, 0.973777711391449, 0.9995977282524109, 0.9879844188690186, 0.9992173910140991, 0.9733684659004211, 0.98496013879776, 0.8926205039024353, 0.9710053205490112, 0.9471797943115234, 0.9731932878494263, 0.815050482749939, 0.9940493106842041, 0.9931635856628418, 0.999809205532074, 0.8740948438644409, 0.9666818380355835]","[1, 1, 1, 1, 1, 1, 1, 1, 0, 1, 1, 1, 1, 1, 1, 1, 1, 1, 1, 1, 1, 1, 1, 1, 1, 1, 1, 1, 1, 1, 1, 1, 1, 1, 1, 1, 1, 1, 1, 1, 1, 1, 1, 1, 1, 1, 1, 1, 1, 1, 1, 1, 1, 1, 1, 1, 1, 1, 1, 1, 1, 1, 1, 1]","[0.03574453666806221, 0.031061965972185135, 0.10969357937574387, 0.23577271401882172, 0.5027280449867249, 0.013045365922152996, 0.6888114213943481, 0.18886779248714447, 1.145019769668579, 0.2707648277282715, 0.30660155415534973, 0.14366954565048218, 0.005467528477311134, 0.21485857665538788, 0.028571628034114838, 0.012266905046999454, 0.10205893218517303, 0.5337353944778442, 0.2046593576669693, 0.015997672453522682, 0.11092721670866013, 0.007841575890779495, 0.008056229911744595, 0.22232459485530853, 0.5460158586502075, 0.45049360394477844, 0.3168606162071228, 0.09142141789197922, 0.14283260703086853, 0.5774742364883423, 0.01937779411673546, 0.23570480942726135, 0.5810139775276184, 0.1725236475467682, 0.09091353416442871, 0.29261788725852966, 0.076280876994133, 0.34308865666389465, 0.2933623492717743, 0.005897656083106995, 0.04067413881421089, 0.0522196963429451, 0.031550418585538864, 0.404060423374176, 1.1890779733657837, 0.438313364982605, 0.4231244921684265, 0.14015406370162964, 0.14186030626296997, 0.0042092143557965755, 0.08171679824590683, 0.007606043480336666, 0.1657218039035797, 0.10068603605031967, 0.36500284075737, 0.15514518320560455, 0.3004179894924164, 0.15996187925338745, 0.7763601541519165, 0.04202636331319809, 0.049826107919216156, 0.002050901297479868, 0.5864906311035156, 0.17960764467716217]"
35,2240,2304,64,0.9375,0.34803101420402527,clean_mnist,0.109375,0.046875,0.109375,0.0625,0.140625,0.109375,0.15625,0.078125,0.109375,0.078125,0.582166314125061,0.17813628911972046,13.570610046386719,13.56423282623291,28.0,28.0,"[4, 3, 6, 8, 7, 0, 7, 9, 5, 6, 6, 2, 3, 0, 4, 1, 4, 0, 0, 6, 1, 2, 6, 3, 4, 8, 5, 9, 8, 0, 2, 7, 5, 2, 9, 3, 4, 4, 0, 5, 2, 5, 5, 2, 9, 8, 8, 5, 2, 4, 4, 6, 7, 6, 4, 6, 6, 7, 0, 9, 6, 1, 8, 8]","[4, 3, 6, 8, 7, 0, 7, 9, 5, 6, 5, 2, 3, 0, 4, 1, 4, 0, 5, 6, 1, 2, 6, 3, 4, 8, 5, 9, 5, 0, 2, 7, 5, 2, 9, 3, 4, 4, 0, 5, 2, 5, 5, 2, 9, 8, 3, 5, 2, 4, 4, 6, 7, 6, 4, 6, 6, 7, 0, 9, 6, 1, 8, 8]","[0.9219335317611694, 0.9947911500930786, 0.5437361001968384, 0.9998250603675842, 0.9476129412651062, 0.998678982257843, 0.8221479058265686, 0.8924683332443237, 0.4198727309703827, 0.9580200910568237, 0.4449581801891327, 0.993273138999939, 0.7998717427253723, 0.9996254444122314, 0.7997585535049438, 0.9990311861038208, 0.9126206040382385, 0.9993898868560791, 0.7369882464408875, 0.9833348989486694, 0.9997510313987732, 0.9784078001976013, 0.9371099472045898, 0.7905306816101074, 0.9989308714866638, 0.9990369081497192, 0.5489218235015869, 0.9581515192985535, 0.7964255809783936, 0.9979555606842041, 0.9333072900772095, 0.9922785758972168, 0.6198215484619141, 0.9881137013435364, 0.9404216408729553, 0.8781319260597229, 0.8707481026649475, 0.9861558079719543, 0.9918859004974365, 0.9839850068092346, 0.8932530283927917, 0.9464088082313538, 0.9303833842277527, 0.9284790754318237, 0.9632191061973572, 0.9995043277740479, 0.48892372846603394, 0.8979495763778687, 0.7384019494056702, 0.9990585446357727, 0.5685039162635803, 0.9813393950462341, 0.9118329882621765, 0.9871138334274292, 0.8099730014801025, 0.9649847745895386, 0.9850689768791199, 0.9821856617927551, 0.9997491240501404, 0.982093870639801, 0.9817650318145752, 0.9990938901901245, 0.9832628965377808, 0.9994451403617859]","[1, 1, 1, 1, 1, 1, 1, 1, 1, 1, 0, 1, 1, 1, 1, 1, 1, 1, 0, 1, 1, 1, 1, 1, 1, 1, 1, 1, 0, 1, 1, 1, 1, 1, 1, 1, 1, 1, 1, 1, 1, 1, 1, 1, 1, 1, 0, 1, 1, 1, 1, 1, 1, 1, 1, 1, 1, 1, 1, 1, 1, 1, 1, 1]","[0.31087082624435425, 0.039507608860731125, 0.7379953265190125, 0.0019415472634136677, 0.28775331377983093, 0.012460239231586456, 0.7164192795753479, 0.47497931122779846, 1.3391773700714111, 0.22634172439575195, 1.4946999549865723, 0.051701489835977554, 0.7512339949607849, 0.0039310455322265625, 0.746109664440155, 0.009151090867817402, 0.40624672174453735, 0.006247234996408224, 0.8898878693580627, 0.10166871547698975, 0.0027421307750046253, 0.13945060968399048, 0.32813605666160583, 0.7017667889595032, 0.009619088843464851, 0.00907468143850565, 1.0825204849243164, 0.1959972381591797, 0.719588577747345, 0.01857997104525566, 0.33791255950927734, 0.05677797272801399, 1.2064510583877563, 0.07964899390935898, 0.31587761640548706, 0.450795441865921, 0.5286100506782532, 0.08034468442201614, 0.05995543673634529, 0.10757683217525482, 0.4623624384403229, 0.2724951207637787, 0.34915557503700256, 0.3644273281097412, 0.18659453094005585, 0.004942787811160088, 1.3373099565505981, 0.44818389415740967, 0.9418909549713135, 0.008512125350534916, 0.889175295829773, 0.11274497956037521, 0.38224920630455017, 0.08492524921894073, 0.6377239227294922, 0.18859507143497467, 0.10151050984859467, 0.1085551381111145, 0.002730101812630892, 0.1086517721414566, 0.11108271032571793, 0.008815796114504337, 0.11579208821058273, 0.005807465873658657]"
36,2304,2368,64,0.96875,0.32120054960250854,clean_mnist,0.125,0.171875,0.15625,0.0625,0.109375,0.109375,0.0625,0.078125,0.046875,0.078125,0.5760807991027832,0.17185093462467194,13.567699432373047,13.562641143798828,28.0,28.0,"[8, 2, 1, 1, 5, 2, 0, 6, 9, 5, 2, 3, 1, 4, 1, 7, 0, 9, 2, 4, 6, 0, 1, 0, 5, 5, 5, 9, 2, 0, 4, 1, 1, 2, 4, 3, 0, 4, 2, 5, 7, 6, 2, 7, 7, 8, 3, 9, 0, 0, 2, 1, 1, 2, 8, 3, 4, 4, 1, 5, 9, 6, 1, 7]","[5, 2, 1, 1, 5, 2, 0, 6, 9, 5, 2, 3, 1, 4, 1, 7, 6, 9, 2, 4, 6, 0, 1, 0, 5, 5, 5, 9, 2, 0, 4, 1, 1, 2, 4, 3, 0, 4, 2, 5, 7, 6, 2, 7, 7, 8, 3, 9, 0, 0, 2, 1, 1, 2, 8, 3, 4, 4, 1, 5, 9, 6, 1, 7]","[0.7237973809242249, 0.9630142450332642, 0.9887240529060364, 0.9997747540473938, 0.748651385307312, 0.9569294452667236, 0.9996544122695923, 0.9839328527450562, 0.9874987006187439, 0.9691512584686279, 0.9322624802589417, 0.9822919368743896, 0.9979730248451233, 0.9783863425254822, 0.9997445940971375, 0.9930993318557739, 0.6398763656616211, 0.9777770042419434, 0.8638483285903931, 0.9873983860015869, 0.9025788307189941, 0.999382734298706, 0.9934240579605103, 0.9986051917076111, 0.7945953011512756, 0.98244708776474, 0.6157314777374268, 0.919239342212677, 0.8331896066665649, 0.9978322386741638, 0.7783640027046204, 0.996589183807373, 0.9985975623130798, 0.6454169750213623, 0.6573154330253601, 0.9344347715377808, 0.9994099140167236, 0.9759228229522705, 0.5150015950202942, 0.8246176838874817, 0.958799421787262, 0.9255971312522888, 0.8799512386322021, 0.657109260559082, 0.9717179536819458, 0.9608805179595947, 0.9722520112991333, 0.5025922060012817, 0.9646921753883362, 0.997654378414154, 0.9884597063064575, 0.973929762840271, 0.9959512948989868, 0.9430460929870605, 0.9749085903167725, 0.7296014428138733, 0.8345516920089722, 0.9843144416809082, 0.9989228844642639, 0.830109715461731, 0.9047558903694153, 0.8947131037712097, 0.9996929168701172, 0.9091740250587463]","[0, 1, 1, 1, 1, 1, 1, 1, 1, 1, 1, 1, 1, 1, 1, 1, 0, 1, 1, 1, 1, 1, 1, 1, 1, 1, 1, 1, 1, 1, 1, 1, 1, 1, 1, 1, 1, 1, 1, 1, 1, 1, 1, 1, 1, 1, 1, 1, 1, 1, 1, 1, 1, 1, 1, 1, 1, 1, 1, 1, 1, 1, 1, 1]","[0.7670446038246155, 0.19765415787696838, 0.07291802763938904, 0.002498274901881814, 0.9218372106552124, 0.23364503681659698, 0.003371139522641897, 0.10016170144081116, 0.08271492272615433, 0.18157871067523956, 0.3511894941329956, 0.10511932522058487, 0.016663389280438423, 0.1271952986717224, 0.0028213425539433956, 0.047068092972040176, 0.9833659529685974, 0.12611889839172363, 0.5861496925354004, 0.08360712230205536, 0.37582001090049744, 0.006192548666149378, 0.04692263901233673, 0.012027770280838013, 0.6861822009086609, 0.11484632641077042, 0.9233123064041138, 0.3417382538318634, 0.5727198123931885, 0.01929311454296112, 0.6030189394950867, 0.028750941157341003, 0.01287845242768526, 0.8189330101013184, 0.899261474609375, 0.28167375922203064, 0.005861625541001558, 0.13853254914283752, 1.0089154243469238, 0.6668487191200256, 0.2137862741947174, 0.3340389132499695, 0.37924638390541077, 1.1834533214569092, 0.16560916602611542, 0.2280905842781067, 0.17002174258232117, 0.7517964839935303, 0.20583592355251312, 0.02039344422519207, 0.07862115651369095, 0.16404534876346588, 0.03194960579276085, 0.28565478324890137, 0.15388324856758118, 0.8936063647270203, 0.47177985310554504, 0.10025110095739365, 0.01019913051277399, 0.7310706377029419, 0.47565290331840515, 0.4911532402038574, 0.003332702210173011, 0.45690929889678955]"
37,2368,2432,64,0.984375,0.37462618947029114,clean_mnist,0.078125,0.125,0.09375,0.078125,0.109375,0.09375,0.0625,0.125,0.171875,0.0625,0.5755161046981812,0.17197611927986145,13.574434280395508,13.56037425994873,28.0,28.0,"[5, 8, 9, 9, 6, 0, 1, 1, 7, 2, 8, 3, 7, 7, 8, 8, 8, 9, 7, 6, 8, 2, 4, 7, 4, 1, 8, 3, 0, 6, 9, 2, 8, 5, 2, 0, 0, 5, 4, 4, 3, 2, 1, 0, 5, 8, 5, 1, 4, 7, 2, 1, 4, 8, 6, 3, 4, 8, 1, 7, 5, 1, 3, 7]","[5, 8, 9, 9, 6, 0, 1, 1, 7, 2, 8, 3, 7, 7, 8, 8, 8, 9, 7, 6, 8, 2, 4, 7, 4, 1, 8, 5, 0, 6, 9, 2, 8, 5, 2, 0, 0, 5, 4, 4, 3, 2, 1, 0, 5, 8, 5, 1, 4, 7, 2, 1, 4, 8, 6, 3, 4, 8, 1, 7, 5, 1, 3, 7]","[0.4457854926586151, 0.9187162518501282, 0.9586455821990967, 0.7388327717781067, 0.9766865968704224, 0.9983141422271729, 0.9986769556999207, 0.9822301864624023, 0.5854971408843994, 0.6631871461868286, 0.9988301396369934, 0.8467526435852051, 0.9960113763809204, 0.6534960865974426, 0.9874688386917114, 0.9411522746086121, 0.9983318448066711, 0.6822000741958618, 0.9908816814422607, 0.9524278044700623, 0.9966589212417603, 0.9788395762443542, 0.9841469526290894, 0.9525324106216431, 0.994220495223999, 0.9973270893096924, 0.9929346442222595, 0.5778496265411377, 0.9989137649536133, 0.8949645161628723, 0.9843876361846924, 0.8636782765388489, 0.993808925151825, 0.7761353254318237, 0.7149780988693237, 0.9982988238334656, 0.993575394153595, 0.870771050453186, 0.7485091090202332, 0.9619665741920471, 0.9153022766113281, 0.8705469965934753, 0.9810224175453186, 0.9935539960861206, 0.8559935688972473, 0.9988034963607788, 0.96720951795578, 0.9889410138130188, 0.9575009346008301, 0.9441918134689331, 0.8896822333335876, 0.9052464962005615, 0.99275803565979, 0.9806594252586365, 0.9822158813476562, 0.7426535487174988, 0.9806166887283325, 0.8260062336921692, 0.823889434337616, 0.5703932642936707, 0.8843967914581299, 0.9876920580863953, 0.9671207666397095, 0.8201758861541748]","[1, 1, 1, 1, 1, 1, 1, 1, 1, 1, 1, 1, 1, 1, 1, 1, 1, 1, 1, 1, 1, 1, 1, 1, 1, 1, 1, 0, 1, 1, 1, 1, 1, 1, 1, 1, 1, 1, 1, 1, 1, 1, 1, 1, 1, 1, 1, 1, 1, 1, 1, 1, 1, 1, 1, 1, 1, 1, 1, 1, 1, 1, 1, 1]","[1.5875301361083984, 0.41285252571105957, 0.20505675673484802, 0.70047527551651, 0.1451483517885208, 0.015398776158690453, 0.012426132336258888, 0.12237127870321274, 1.3213640451431274, 0.9463646411895752, 0.011320669203996658, 0.5372933745384216, 0.03192157298326492, 1.1075060367584229, 0.08343320339918137, 0.30498549342155457, 0.014383047819137573, 0.8967535495758057, 0.06637009978294373, 0.2478806972503662, 0.028438908979296684, 0.12576524913311005, 0.09529440104961395, 0.2617172300815582, 0.03996343910694122, 0.0231636930257082, 0.04806629195809364, 0.9566722512245178, 0.009837538935244083, 0.4452481269836426, 0.09493745118379593, 0.5885810852050781, 0.04620865732431412, 0.8898830413818359, 0.8159952163696289, 0.015458924695849419, 0.04840947315096855, 0.5802761912345886, 0.8825485706329346, 0.2152923047542572, 0.4451819658279419, 0.5077621936798096, 0.10673597455024719, 0.050165627151727676, 0.6461000442504883, 0.011252766475081444, 0.18184451758861542, 0.07902836799621582, 0.21956340968608856, 0.3170837163925171, 0.35984092950820923, 0.4675126373767853, 0.0533369779586792, 0.12841308116912842, 0.11870892345905304, 0.9275214076042175, 0.11074840277433395, 0.7587065100669861, 0.7024884223937988, 1.258212924003601, 0.5140725374221802, 0.08664362877607346, 0.1845732033252716, 0.7579859495162964]"
38,2432,2496,64,0.96875,0.392483115196228,clean_mnist,0.09375,0.09375,0.078125,0.09375,0.1875,0.046875,0.125,0.09375,0.09375,0.09375,0.576284646987915,0.17281416058540344,13.56923770904541,13.566222190856934,28.0,28.0,"[1, 7, 9, 0, 0, 1, 9, 4, 0, 4, 8, 4, 8, 5, 1, 7, 1, 4, 2, 4, 4, 9, 2, 7, 3, 2, 4, 6, 9, 5, 1, 3, 2, 8, 4, 4, 3, 3, 6, 9, 2, 0, 6, 8, 8, 7, 5, 6, 6, 3, 8, 0, 4, 4, 6, 6, 9, 3, 4, 7, 7, 0, 6, 1]","[1, 7, 9, 0, 0, 1, 9, 4, 0, 4, 8, 4, 8, 5, 1, 7, 1, 4, 2, 4, 4, 9, 2, 7, 3, 2, 4, 6, 9, 5, 1, 3, 2, 9, 4, 4, 3, 3, 6, 9, 2, 0, 6, 8, 8, 7, 5, 6, 6, 3, 8, 0, 4, 4, 6, 6, 7, 3, 4, 7, 7, 0, 6, 1]","[0.99615877866745, 0.8257089257240295, 0.7231147885322571, 0.9893808364868164, 0.9961611032485962, 0.9964845180511475, 0.8598408102989197, 0.9787943363189697, 0.9980698227882385, 0.9041549563407898, 0.9988455772399902, 0.866161048412323, 0.9693254232406616, 0.8245647549629211, 0.9959016442298889, 0.7250388860702515, 0.9978158473968506, 0.8130065202713013, 0.4371625781059265, 0.9741615056991577, 0.9854174256324768, 0.9018866419792175, 0.9764090180397034, 0.8698272705078125, 0.8952505588531494, 0.6944217681884766, 0.9959070682525635, 0.7925670146942139, 0.9865056872367859, 0.8007920980453491, 0.990447998046875, 0.9922764897346497, 0.9107666611671448, 0.6342872381210327, 0.8292434215545654, 0.9660387635231018, 0.940730631351471, 0.908458948135376, 0.9704675674438477, 0.5272339582443237, 0.934839129447937, 0.9988932013511658, 0.9654712677001953, 0.9969224333763123, 0.9979996085166931, 0.7052168846130371, 0.7882699370384216, 0.9145011305809021, 0.9405819177627563, 0.9783397912979126, 0.9133701324462891, 0.9971976280212402, 0.6967071890830994, 0.9868150949478149, 0.9039456844329834, 0.9181060194969177, 0.4240916669368744, 0.9634629487991333, 0.5254883766174316, 0.898443877696991, 0.6475003957748413, 0.9987249970436096, 0.9647948145866394, 0.99578458070755]","[1, 1, 1, 1, 1, 1, 1, 1, 1, 1, 1, 1, 1, 1, 1, 1, 1, 1, 1, 1, 1, 1, 1, 1, 1, 1, 1, 1, 1, 1, 1, 1, 1, 0, 1, 1, 1, 1, 1, 1, 1, 1, 1, 1, 1, 1, 1, 1, 1, 1, 1, 1, 1, 1, 1, 1, 0, 1, 1, 1, 1, 1, 1, 1]","[0.02868645451962948, 0.7617931365966797, 0.7536889314651489, 0.07776695489883423, 0.0325034074485302, 0.029877610504627228, 0.5484575629234314, 0.12278498709201813, 0.01739395596086979, 0.41545742750167847, 0.010679616592824459, 0.5729129910469055, 0.1638653725385666, 0.7235819101333618, 0.031961340457201004, 1.0482077598571777, 0.01881329156458378, 0.6573904752731323, 1.5575990676879883, 0.1458558589220047, 0.08257275074720383, 0.37553107738494873, 0.13824224472045898, 0.6185438632965088, 0.3705666959285736, 0.8208123445510864, 0.029666172340512276, 0.7331299185752869, 0.0877223089337349, 0.7701476812362671, 0.06946507096290588, 0.05685193091630936, 0.4323640465736389, 0.74919193983078, 0.6599679589271545, 0.17091813683509827, 0.3297823667526245, 0.38308197259902954, 0.17104865610599518, 0.7941350936889648, 0.33168214559555054, 0.010377703234553337, 0.1796082705259323, 0.024920130148530006, 0.017773110419511795, 1.0585718154907227, 0.8498615026473999, 0.3908722698688507, 0.3018439710140228, 0.1178760752081871, 0.40370088815689087, 0.024238191545009613, 1.0544127225875854, 0.08712264895439148, 0.4059843122959137, 0.37301191687583923, 1.2777857780456543, 0.180916428565979, 1.007588267326355, 0.4956648051738739, 0.7404744625091553, 0.011881031095981598, 0.17544324696063995, 0.034285444766283035]"
39,2496,2560,64,0.890625,0.44728556275367737,clean_mnist,0.125,0.109375,0.09375,0.140625,0.0625,0.078125,0.140625,0.09375,0.109375,0.046875,0.5806906223297119,0.1766597181558609,13.56602954864502,13.55993938446045,28.0,28.0,"[6, 1, 6, 2, 0, 9, 7, 3, 6, 1, 3, 8, 2, 9, 2, 8, 7, 2, 9, 5, 6, 2, 2, 6, 4, 8, 7, 6, 3, 0, 0, 5, 0, 3, 1, 3, 0, 6, 1, 3, 3, 5, 0, 0, 7, 3, 4, 7, 8, 6, 4, 1, 4, 5, 1, 5, 1, 8, 3, 8, 6, 0, 7, 8]","[6, 1, 6, 2, 0, 9, 7, 3, 6, 1, 3, 8, 2, 9, 2, 8, 7, 2, 9, 5, 6, 2, 2, 6, 4, 9, 7, 6, 3, 0, 0, 5, 0, 3, 1, 3, 0, 6, 2, 3, 3, 5, 0, 0, 7, 3, 4, 7, 5, 6, 4, 1, 4, 5, 2, 5, 1, 9, 5, 8, 6, 0, 7, 9]","[0.9569348096847534, 0.9931733012199402, 0.9568161368370056, 0.6332241892814636, 0.9990935325622559, 0.6664515733718872, 0.7194782495498657, 0.853252112865448, 0.9845630526542664, 0.993883490562439, 0.9956823587417603, 0.9973010420799255, 0.90425705909729, 0.7502027153968811, 0.5570998787879944, 0.9966102242469788, 0.9082157015800476, 0.9224250316619873, 0.8853545784950256, 0.6418651938438416, 0.9667941331863403, 0.6700915098190308, 0.9861900806427002, 0.8418285846710205, 0.981704592704773, 0.6340746879577637, 0.8908116817474365, 0.9430201053619385, 0.9361124038696289, 0.9942269325256348, 0.9941026568412781, 0.7979652881622314, 0.970183253288269, 0.9869651794433594, 0.9973213076591492, 0.942143440246582, 0.9995538592338562, 0.7620422840118408, 0.4037397503852844, 0.9570564031600952, 0.7777148485183716, 0.8366008996963501, 0.9983929991722107, 0.9915888905525208, 0.9851416349411011, 0.9383231401443481, 0.33023974299430847, 0.8860704302787781, 0.8313055634498596, 0.9733712673187256, 0.7939353585243225, 0.9793012142181396, 0.9887465834617615, 0.6460779905319214, 0.6984343528747559, 0.5675870776176453, 0.9956186413764954, 0.46304547786712646, 0.5376113057136536, 0.9608041644096375, 0.8867749571800232, 0.9926071166992188, 0.9963930249214172, 0.5366555452346802]","[1, 1, 1, 1, 1, 1, 1, 1, 1, 1, 1, 1, 1, 1, 1, 1, 1, 1, 1, 1, 1, 1, 1, 1, 1, 0, 1, 1, 1, 1, 1, 1, 1, 1, 1, 1, 1, 1, 0, 1, 1, 1, 1, 1, 1, 1, 1, 1, 0, 1, 1, 1, 1, 1, 0, 1, 1, 0, 0, 1, 1, 1, 1, 0]","[0.22635959088802338, 0.052865851670503616, 0.21486598253250122, 0.9333228468894958, 0.007838181219995022, 0.7416433691978455, 0.8615509271621704, 0.5121263861656189, 0.10311933606863022, 0.047573745250701904, 0.034212447702884674, 0.022052109241485596, 0.44109538197517395, 0.6293257474899292, 1.1289931535720825, 0.02840219996869564, 0.3322044014930725, 0.3637973368167877, 0.5090317130088806, 1.1914920806884766, 0.18444298207759857, 1.033008098602295, 0.08888819813728333, 0.5751825571060181, 0.11214417219161987, 0.7614800333976746, 0.4669739007949829, 0.2734920084476471, 0.31699666380882263, 0.04636848717927933, 0.045753758400678635, 0.8076249957084656, 0.1918550729751587, 0.08412449806928635, 0.023026669397950172, 0.27832409739494324, 0.004509872291237116, 0.7803743481636047, 1.2113475799560547, 0.23202647268772125, 0.825857400894165, 0.6848320960998535, 0.015045593492686749, 0.06422889232635498, 0.10334150493144989, 0.2614588141441345, 1.349421739578247, 0.5505465865135193, 0.5690104365348816, 0.152131125330925, 0.6683627963066101, 0.13536450266838074, 0.07529829442501068, 0.962416410446167, 0.9770644903182983, 1.3062844276428223, 0.033986855298280716, 1.0327479839324951, 1.4081692695617676, 0.2220420092344284, 0.4661359190940857, 0.05676250159740448, 0.029547959566116333, 0.7764021158218384]"
40,2560,2624,64,0.875,0.38613051176071167,clean_mnist,0.15625,0.15625,0.046875,0.0625,0.09375,0.03125,0.109375,0.109375,0.171875,0.0625,0.5780786275863647,0.1740320920944214,13.561633110046387,13.568780899047852,28.0,28.0,"[4, 0, 9, 1, 3, 2, 8, 3, 8, 4, 6, 9, 1, 6, 7, 7, 7, 8, 4, 9, 1, 0, 0, 1, 0, 2, 0, 3, 6, 4, 6, 7, 5, 8, 1, 8, 4, 0, 8, 1, 9, 2, 6, 3, 1, 5, 0, 6, 4, 7, 8, 8, 7, 8, 6, 0, 1, 0, 7, 1, 8, 0, 8, 1]","[4, 0, 9, 1, 3, 2, 5, 3, 3, 4, 6, 5, 1, 6, 7, 7, 7, 8, 4, 9, 3, 0, 0, 1, 0, 2, 0, 3, 6, 4, 6, 7, 5, 8, 1, 9, 4, 0, 8, 1, 9, 2, 6, 3, 1, 5, 0, 6, 4, 7, 8, 8, 7, 9, 6, 0, 1, 0, 7, 1, 5, 0, 5, 1]","[0.9709190726280212, 0.997933030128479, 0.995265007019043, 0.9957530498504639, 0.7104470133781433, 0.9656733274459839, 0.5137791037559509, 0.8085223436355591, 0.9175209999084473, 0.9921552538871765, 0.8213582038879395, 0.5468115210533142, 0.9993240833282471, 0.9834624528884888, 0.8077524900436401, 0.8988776206970215, 0.6830731630325317, 0.9961799383163452, 0.6741613745689392, 0.9324044585227966, 0.6128817200660706, 0.9986730813980103, 0.9664562344551086, 0.996970534324646, 0.9977898597717285, 0.8387371897697449, 0.9947493672370911, 0.9448172450065613, 0.8154600858688354, 0.9966999888420105, 0.9619359970092773, 0.9516059160232544, 0.4221751391887665, 0.9951260685920715, 0.9996895790100098, 0.6836369037628174, 0.9933613538742065, 0.9960605502128601, 0.735496461391449, 0.9975913763046265, 0.4420577883720398, 0.7561904191970825, 0.9783241152763367, 0.9347782135009766, 0.9868417978286743, 0.816928505897522, 0.9996864795684814, 0.9592449069023132, 0.8697245121002197, 0.5748064517974854, 0.9957400560379028, 0.9838364720344543, 0.9826067090034485, 0.62549889087677, 0.9698381423950195, 0.9988052845001221, 0.9996941089630127, 0.9986746311187744, 0.7519091367721558, 0.9982113838195801, 0.7916213274002075, 0.997619092464447, 0.9166679382324219, 0.9977874755859375]","[1, 1, 1, 1, 1, 1, 0, 1, 0, 1, 1, 0, 1, 1, 1, 1, 1, 1, 1, 1, 0, 1, 1, 1, 1, 1, 1, 1, 1, 1, 1, 1, 1, 1, 1, 0, 1, 1, 1, 1, 1, 1, 1, 1, 1, 1, 1, 1, 1, 1, 1, 1, 1, 0, 1, 1, 1, 1, 1, 1, 0, 1, 0, 1]","[0.16609658300876617, 0.01858561299741268, 0.036141835153102875, 0.03513794019818306, 0.6719620823860168, 0.20212335884571075, 1.2364124059677124, 0.7630954384803772, 0.34381523728370667, 0.05224912241101265, 0.6607992649078369, 1.1788510084152222, 0.006839512847363949, 0.10757957398891449, 0.7487332224845886, 0.456905722618103, 1.064324140548706, 0.03095649741590023, 1.1119297742843628, 0.27477604150772095, 1.1552062034606934, 0.012584632262587547, 0.2056153416633606, 0.02600863017141819, 0.019623693078756332, 0.7181161046028137, 0.04235105216503143, 0.3073170483112335, 0.6896166205406189, 0.024924330413341522, 0.22085729241371155, 0.26947125792503357, 1.7313333749771118, 0.03924396261572838, 0.0033233228605240583, 0.7009662389755249, 0.04422413557767868, 0.032425135374069214, 1.007149577140808, 0.021110810339450836, 1.4061810970306396, 0.8729485869407654, 0.13779208064079285, 0.317915141582489, 0.0905781090259552, 0.6405722498893738, 0.0033749958965927362, 0.19980785250663757, 0.4381043612957001, 1.122217059135437, 0.03329766169190407, 0.1016446053981781, 0.11622527241706848, 0.7506058812141418, 0.16821928322315216, 0.011367198079824448, 0.003201886545866728, 0.011911576613783836, 0.7832427024841309, 0.016329167410731316, 0.58852618932724, 0.02125481329858303, 0.4186399281024933, 0.019610390067100525]"
41,2624,2688,64,0.953125,0.32165971398353577,clean_mnist,0.046875,0.09375,0.09375,0.109375,0.046875,0.078125,0.140625,0.125,0.1875,0.078125,0.5825600624084473,0.1787698119878769,13.581022262573242,13.566519737243652,28.0,28.0,"[0, 2, 2, 3, 8, 0, 1, 6, 3, 9, 7, 6, 8, 6, 6, 5, 9, 2, 0, 9, 6, 1, 5, 4, 7, 9, 7, 5, 3, 7, 1, 5, 6, 6, 7, 7, 3, 8, 6, 1, 2, 4, 7, 1, 8, 3, 2, 3, 8, 7, 5, 3, 1, 9, 8, 8, 6, 8, 8, 8, 2, 8, 4, 8]","[0, 2, 2, 3, 8, 0, 1, 6, 3, 9, 7, 6, 8, 6, 6, 5, 9, 2, 0, 9, 6, 1, 5, 4, 2, 9, 7, 5, 3, 7, 1, 5, 6, 6, 7, 7, 3, 3, 6, 1, 2, 4, 7, 1, 8, 3, 2, 3, 8, 7, 5, 3, 7, 9, 8, 8, 6, 8, 8, 8, 2, 8, 4, 8]","[0.9989834427833557, 0.874358594417572, 0.692380964756012, 0.9538148641586304, 0.9865295886993408, 0.9981784820556641, 0.9994602799415588, 0.9792094230651855, 0.9270806908607483, 0.5579368472099304, 0.8207563161849976, 0.967370331287384, 0.8945361971855164, 0.9824662208557129, 0.9792351126670837, 0.7916232943534851, 0.981035053730011, 0.9840373992919922, 0.9998947381973267, 0.9558225870132446, 0.935030996799469, 0.9982175230979919, 0.5525018572807312, 0.9780372381210327, 0.41085824370384216, 0.5322888493537903, 0.9911906719207764, 0.9463106989860535, 0.8615866899490356, 0.9229477047920227, 0.991066038608551, 0.9597113132476807, 0.9655076861381531, 0.9774513840675354, 0.7601150274276733, 0.8814558386802673, 0.9177930355072021, 0.5057623386383057, 0.9083099961280823, 0.996833860874176, 0.9600809216499329, 0.997136116027832, 0.9617195129394531, 0.9975866079330444, 0.9972949624061584, 0.9681738615036011, 0.9672746062278748, 0.9381347894668579, 0.9994511008262634, 0.9498201012611389, 0.7332185506820679, 0.9055638909339905, 0.6123812794685364, 0.8506945371627808, 0.9991888403892517, 0.9978320002555847, 0.9240529537200928, 0.9986249208450317, 0.8206557631492615, 0.9986304044723511, 0.9587104320526123, 0.9995036125183105, 0.9987672567367554, 0.9981125593185425]","[1, 1, 1, 1, 1, 1, 1, 1, 1, 1, 1, 1, 1, 1, 1, 1, 1, 1, 1, 1, 1, 1, 1, 1, 0, 1, 1, 1, 1, 1, 1, 1, 1, 1, 1, 1, 1, 0, 1, 1, 1, 1, 1, 1, 1, 1, 1, 1, 1, 1, 1, 1, 0, 1, 1, 1, 1, 1, 1, 1, 1, 1, 1, 1]","[0.009440522640943527, 0.5602752566337585, 0.7826135754585266, 0.27269813418388367, 0.08672323822975159, 0.016610894352197647, 0.00558094959706068, 0.12675434350967407, 0.3784411549568176, 1.1576056480407715, 0.6881910562515259, 0.1741958111524582, 0.47161850333213806, 0.11314107477664948, 0.12184546887874603, 0.8260464072227478, 0.11046183854341507, 0.11052446812391281, 0.0012077514547854662, 0.21149107813835144, 0.3311893939971924, 0.016240248456597328, 0.9708955883979797, 0.12588344514369965, 1.3366563320159912, 0.8039262890815735, 0.06226947903633118, 0.2796698212623596, 0.525540828704834, 0.3967609405517578, 0.05758517608046532, 0.2138046771287918, 0.20209819078445435, 0.12026792019605637, 0.922916054725647, 0.5160183310508728, 0.42128443717956543, 1.0501374006271362, 0.43564003705978394, 0.026499323546886444, 0.1993207335472107, 0.02360108494758606, 0.1873084455728531, 0.020792314782738686, 0.02283233031630516, 0.16641438007354736, 0.20256496965885162, 0.3157961666584015, 0.005704574752599001, 0.2700488269329071, 0.9203858375549316, 0.4259220063686371, 0.9025752544403076, 0.5323745608329773, 0.007980394177138805, 0.01960875652730465, 0.3646492063999176, 0.013079360127449036, 0.6754813194274902, 0.012905274517834187, 0.22276000678539276, 0.0051363445818424225, 0.011054649017751217, 0.01717415824532509]"
42,2688,2752,64,0.96875,0.31947681307792664,clean_mnist,0.09375,0.171875,0.140625,0.109375,0.09375,0.078125,0.046875,0.125,0.03125,0.109375,0.5741470456123352,0.17047104239463806,13.561474800109863,13.55639934539795,28.0,28.0,"[1, 4, 8, 7, 1, 2, 2, 1, 9, 9, 5, 8, 2, 7, 9, 9, 7, 3, 7, 3, 1, 0, 6, 7, 9, 5, 2, 4, 1, 1, 0, 1, 7, 2, 9, 6, 4, 1, 3, 5, 9, 0, 1, 1, 4, 2, 3, 3, 0, 4, 2, 5, 3, 6, 4, 7, 5, 0, 0, 1, 2, 2, 7, 3]","[1, 4, 5, 7, 1, 2, 2, 1, 9, 9, 5, 8, 2, 7, 9, 9, 7, 3, 7, 3, 1, 0, 6, 7, 9, 5, 2, 4, 1, 1, 0, 1, 3, 2, 9, 6, 4, 1, 3, 5, 9, 0, 1, 1, 4, 2, 3, 3, 0, 4, 2, 5, 3, 6, 4, 7, 5, 0, 0, 1, 2, 2, 7, 3]","[0.999078631401062, 0.9814713597297668, 0.32622620463371277, 0.9018759727478027, 0.9988754391670227, 0.9448283910751343, 0.8273574709892273, 0.9964444041252136, 0.9439854621887207, 0.9765070676803589, 0.9376329183578491, 0.9983060359954834, 0.9246158599853516, 0.9250457286834717, 0.9940535426139832, 0.9134387969970703, 0.9732961654663086, 0.9801068305969238, 0.7457472681999207, 0.9305316805839539, 0.999750554561615, 0.9992967844009399, 0.974204957485199, 0.9355485439300537, 0.8922783136367798, 0.7971209287643433, 0.7652320861816406, 0.9546684622764587, 0.9997560381889343, 0.996056079864502, 0.9874053597450256, 0.9964869022369385, 0.6173200607299805, 0.9716370701789856, 0.9611163139343262, 0.9548155069351196, 0.9871265292167664, 0.9988686442375183, 0.9772382378578186, 0.7722537517547607, 0.5703272819519043, 0.9936667084693909, 0.9991648197174072, 0.9967474937438965, 0.9981613755226135, 0.7763530611991882, 0.8204590678215027, 0.763215959072113, 0.9997360110282898, 0.9752357006072998, 0.9150286912918091, 0.5410283207893372, 0.6254453659057617, 0.9805173277854919, 0.9954684972763062, 0.9778730869293213, 0.9089615345001221, 0.9996523857116699, 0.9978105425834656, 0.9991279244422913, 0.9167616367340088, 0.9190065264701843, 0.995559811592102, 0.9347959160804749]","[1, 1, 0, 1, 1, 1, 1, 1, 1, 1, 1, 1, 1, 1, 1, 1, 1, 1, 1, 1, 1, 1, 1, 1, 1, 1, 1, 1, 1, 1, 1, 1, 0, 1, 1, 1, 1, 1, 1, 1, 1, 1, 1, 1, 1, 1, 1, 1, 1, 1, 1, 1, 1, 1, 1, 1, 1, 1, 1, 1, 1, 1, 1, 1]","[0.008647716604173183, 0.11802765727043152, 1.3258163928985596, 0.4718371629714966, 0.010678584687411785, 0.23826926946640015, 0.7454906702041626, 0.029006045311689377, 0.29688459634780884, 0.1256493180990219, 0.34504249691963196, 0.015091562643647194, 0.3767775297164917, 0.38480985164642334, 0.04499904066324234, 0.4052855372428894, 0.1539173722267151, 0.12021834403276443, 0.8907597661018372, 0.3661155700683594, 0.002752793487161398, 0.007016069255769253, 0.15255652368068695, 0.3076929450035095, 0.4975818991661072, 0.741860568523407, 0.8013935089111328, 0.2150305062532425, 0.002690596505999565, 0.03204767405986786, 0.08445235341787338, 0.029199467971920967, 1.100021481513977, 0.1461063027381897, 0.18873338401317596, 0.22437569499015808, 0.07222810387611389, 0.010811005719006062, 0.1204090565443039, 0.6996892690658569, 1.2510154247283936, 0.048594553023576736, 0.007714076898992062, 0.026104802265763283, 0.016417162492871284, 0.8571285009384155, 0.7297070622444153, 0.8546701073646545, 0.0028120980132371187, 0.12377190589904785, 0.38413387537002563, 1.0358937978744507, 1.2737325429916382, 0.12133200466632843, 0.0335986390709877, 0.12839175760746002, 0.4434416890144348, 0.003637654008343816, 0.019337641075253487, 0.008203118108212948, 0.39413779973983765, 0.3964211046695709, 0.034473057836294174, 0.3418731391429901]"
43,2752,2816,64,0.9375,0.3371428847312927,clean_mnist,0.0625,0.171875,0.078125,0.109375,0.125,0.046875,0.078125,0.09375,0.09375,0.140625,0.5780720114707947,0.17405226826667786,13.57101821899414,13.56418228149414,28.0,28.0,"[7, 4, 7, 8, 6, 6, 5, 7, 3, 8, 1, 9, 1, 0, 7, 1, 8, 2, 0, 3, 4, 4, 3, 5, 1, 6, 7, 9, 5, 8, 0, 2, 1, 6, 3, 9, 3, 6, 2, 1, 1, 9, 1, 9, 3, 9, 9, 4, 4, 4, 1, 3, 9, 8, 0, 1, 4, 4, 8, 1, 2, 2, 7, 9]","[7, 4, 7, 5, 6, 6, 5, 7, 3, 8, 1, 9, 9, 0, 7, 1, 8, 2, 0, 3, 4, 4, 3, 5, 1, 6, 7, 9, 5, 8, 0, 2, 1, 6, 3, 9, 3, 6, 2, 1, 2, 9, 1, 9, 3, 9, 9, 4, 4, 4, 2, 3, 9, 8, 0, 1, 4, 4, 8, 1, 2, 2, 7, 9]","[0.9036587476730347, 0.9985406398773193, 0.8917442560195923, 0.5067874193191528, 0.9346864223480225, 0.9869920015335083, 0.8964619636535645, 0.9640234112739563, 0.6295866370201111, 0.9362689852714539, 0.999727189540863, 0.8245843052864075, 0.8243593573570251, 0.8002842664718628, 0.8777486681938171, 0.9793522953987122, 0.9788758754730225, 0.9487172365188599, 0.9993343949317932, 0.9580574035644531, 0.9788600206375122, 0.990720272064209, 0.9714607000350952, 0.5306553840637207, 0.9993590712547302, 0.8884961009025574, 0.9891179203987122, 0.8262755274772644, 0.5222375392913818, 0.9855526089668274, 0.9953770637512207, 0.781066358089447, 0.9948374629020691, 0.9683342576026917, 0.9585530161857605, 0.9733869433403015, 0.9914488196372986, 0.9773244261741638, 0.9035875797271729, 0.9986203908920288, 0.8839055299758911, 0.9129621982574463, 0.9995535016059875, 0.8726114630699158, 0.7507795691490173, 0.865645170211792, 0.9635714292526245, 0.9712456464767456, 0.9744992852210999, 0.6580805778503418, 0.7472503185272217, 0.7159833312034607, 0.9891017079353333, 0.9979749321937561, 0.9993345141410828, 0.9949990510940552, 0.9901844263076782, 0.996801495552063, 0.996266782283783, 0.9834893941879272, 0.9741774797439575, 0.9443784952163696, 0.9455599784851074, 0.9288781881332397]","[1, 1, 1, 0, 1, 1, 1, 1, 1, 1, 1, 1, 0, 1, 1, 1, 1, 1, 1, 1, 1, 1, 1, 1, 1, 1, 1, 1, 1, 1, 1, 1, 1, 1, 1, 1, 1, 1, 1, 1, 0, 1, 1, 1, 1, 1, 1, 1, 1, 1, 0, 1, 1, 1, 1, 1, 1, 1, 1, 1, 1, 1, 1, 1]","[0.39445310831069946, 0.012849781662225723, 0.46690675616264343, 1.0513341426849365, 0.32556599378585815, 0.09058171510696411, 0.4914929270744324, 0.1906663179397583, 0.8990744352340698, 0.3232332170009613, 0.0030067265033721924, 0.65440833568573, 0.6607057452201843, 0.8599875569343567, 0.4064715802669525, 0.12474855035543442, 0.1255747377872467, 0.28413671255111694, 0.0067137000150978565, 0.24572588503360748, 0.13064192235469818, 0.0658608078956604, 0.16079306602478027, 1.321060299873352, 0.006283527705818415, 0.5115802884101868, 0.07642333954572678, 0.6788864135742188, 0.8696842193603516, 0.09795468300580978, 0.03701643645763397, 0.8740195035934448, 0.04064731299877167, 0.17549796402454376, 0.23199766874313354, 0.15585294365882874, 0.05828207731246948, 0.14225097000598907, 0.4638150930404663, 0.012551547959446907, 0.46879151463508606, 0.3574829399585724, 0.004695261362940073, 0.5440952777862549, 1.0457826852798462, 0.4588232934474945, 0.193760946393013, 0.1695723682641983, 0.15894804894924164, 1.201287031173706, 0.7187484502792358, 1.0480273962020874, 0.07274157553911209, 0.01776045747101307, 0.006393724586814642, 0.04009828716516495, 0.06468814611434937, 0.02478465810418129, 0.030988816171884537, 0.11179192364215851, 0.14457595348358154, 0.3208741545677185, 0.28378546237945557, 0.35990723967552185]"
44,2816,2880,64,0.953125,0.46225255727767944,clean_mnist,0.09375,0.1875,0.171875,0.0625,0.109375,0.046875,0.125,0.09375,0.078125,0.03125,0.5821086168289185,0.17788922786712646,13.56275749206543,13.561386108398438,28.0,28.0,"[3, 0, 1, 4, 3, 9, 6, 1, 2, 7, 0, 4, 6, 4, 1, 1, 4, 8, 3, 7, 6, 6, 2, 0, 2, 8, 8, 1, 1, 8, 2, 2, 7, 6, 6, 2, 7, 1, 0, 2, 4, 5, 1, 4, 9, 8, 6, 6, 0, 7, 2, 7, 5, 5, 1, 3, 1, 0, 4, 2, 1, 2, 1, 2]","[3, 0, 3, 4, 3, 9, 6, 1, 2, 7, 0, 4, 6, 4, 1, 1, 4, 8, 3, 7, 6, 6, 2, 0, 2, 8, 8, 1, 7, 8, 2, 2, 7, 6, 6, 2, 7, 1, 0, 2, 4, 5, 1, 4, 9, 5, 6, 6, 0, 7, 2, 7, 5, 5, 1, 3, 1, 0, 4, 2, 1, 2, 1, 2]","[0.9884908199310303, 0.738955557346344, 0.5770427584648132, 0.9766029119491577, 0.9723966121673584, 0.9769633412361145, 0.9813752174377441, 0.8857540488243103, 0.8893564343452454, 0.8270752429962158, 0.9906617999076843, 0.9791423082351685, 0.9437796473503113, 0.9838904738426208, 0.9974675178527832, 0.962275505065918, 0.9913702011108398, 0.9695377945899963, 0.8166977763175964, 0.7650057673454285, 0.9340544939041138, 0.9728299975395203, 0.9100775718688965, 0.9946948885917664, 0.5712404251098633, 0.9973347187042236, 0.9968023300170898, 0.9458746910095215, 0.7851677536964417, 0.8341930508613586, 0.8318994641304016, 0.38788363337516785, 0.943477988243103, 0.9836546778678894, 0.7747225761413574, 0.9295156002044678, 0.4692808985710144, 0.9494206309318542, 0.9997569918632507, 0.8928402066230774, 0.5166295170783997, 0.8796050548553467, 0.9918776750564575, 0.899361789226532, 0.58772212266922, 0.42809033393859863, 0.7272824645042419, 0.7397902011871338, 0.9998109936714172, 0.9737518429756165, 0.7045503258705139, 0.9848235845565796, 0.8942974209785461, 0.7605845332145691, 0.998855710029602, 0.964620053768158, 0.992063581943512, 0.96893709897995, 0.9777592420578003, 0.4703766107559204, 0.993131697177887, 0.6646392941474915, 0.9963395595550537, 0.8234518766403198]","[1, 1, 0, 1, 1, 1, 1, 1, 1, 1, 1, 1, 1, 1, 1, 1, 1, 1, 1, 1, 1, 1, 1, 1, 1, 1, 1, 1, 0, 1, 1, 1, 1, 1, 1, 1, 1, 1, 1, 1, 1, 1, 1, 1, 1, 0, 1, 1, 1, 1, 1, 1, 1, 1, 1, 1, 1, 1, 1, 1, 1, 1, 1, 1]","[0.07484538853168488, 0.9478121399879456, 1.1210616827011108, 0.14219927787780762, 0.16316671669483185, 0.13255468010902405, 0.11178972572088242, 0.5475583672523499, 0.47595444321632385, 0.5407053232192993, 0.06471732258796692, 0.12485283613204956, 0.25101250410079956, 0.10011643916368484, 0.02127123437821865, 0.23010621964931488, 0.057539571076631546, 0.1770789921283722, 0.5844085216522217, 0.8642581701278687, 0.3039402961730957, 0.17014817893505096, 0.39897310733795166, 0.04366139695048332, 1.3632330894470215, 0.02173338457942009, 0.024982094764709473, 0.3108854591846466, 0.6944724321365356, 0.6998671293258667, 0.744025468826294, 1.5538758039474487, 0.30110272765159607, 0.1013859435915947, 0.5829633474349976, 0.33843880891799927, 1.3256534337997437, 0.28872475028038025, 0.0024804812856018543, 0.510277271270752, 1.2572890520095825, 0.46635380387306213, 0.060328442603349686, 0.47029733657836914, 1.1977686882019043, 1.2288786172866821, 0.8858381509780884, 0.9971033334732056, 0.0020392760634422302, 0.16233807802200317, 1.0223993062973022, 0.10639850795269012, 0.42464640736579895, 0.7124300599098206, 0.010964862070977688, 0.20463460683822632, 0.058641836047172546, 0.19429665803909302, 0.12422792613506317, 1.4913374185562134, 0.052098874002695084, 1.1481679677963257, 0.03069133311510086, 0.7611573338508606]"
45,2880,2944,64,0.9375,0.34863603115081787,clean_mnist,0.125,0.140625,0.078125,0.140625,0.109375,0.0625,0.125,0.0625,0.125,0.03125,0.579207181930542,0.17479947209358215,13.569748878479004,13.566819190979004,28.0,28.0,"[6, 7, 0, 3, 6, 5, 3, 2, 4, 1, 0, 4, 2, 4, 1, 3, 4, 0, 6, 0, 8, 8, 4, 7, 0, 3, 1, 1, 2, 7, 6, 9, 5, 6, 0, 3, 8, 3, 1, 0, 1, 5, 4, 6, 8, 6, 3, 8, 8, 7, 6, 3, 1, 5, 9, 0, 2, 1, 1, 2, 8, 3, 8, 4]","[6, 7, 0, 3, 6, 5, 3, 2, 4, 1, 0, 4, 2, 4, 1, 3, 4, 0, 6, 0, 5, 8, 4, 7, 0, 3, 1, 1, 2, 7, 6, 9, 5, 6, 0, 3, 5, 3, 1, 0, 1, 5, 4, 6, 9, 6, 3, 8, 5, 7, 6, 3, 1, 5, 9, 0, 2, 1, 1, 2, 8, 3, 8, 4]","[0.9134958982467651, 0.9743296504020691, 0.9995883107185364, 0.9891555905342102, 0.6607087254524231, 0.8411973714828491, 0.9035817384719849, 0.7527470588684082, 0.7620232105255127, 0.9946355223655701, 0.9998360872268677, 0.9819110035896301, 0.6284364461898804, 0.9194040894508362, 0.9992212057113647, 0.6996718645095825, 0.9961351156234741, 0.9977337121963501, 0.9510113000869751, 0.9977295994758606, 0.6647744178771973, 0.5195934176445007, 0.9304052591323853, 0.9098843932151794, 0.9745985865592957, 0.938220202922821, 0.9995636343955994, 0.995755672454834, 0.8982810378074646, 0.9416576027870178, 0.9820336699485779, 0.9438133239746094, 0.6024127006530762, 0.9432703852653503, 0.9967697858810425, 0.9761715531349182, 0.9457572102546692, 0.9460972547531128, 0.9853397011756897, 0.9844661951065063, 0.9980238676071167, 0.8057224750518799, 0.9405631422996521, 0.8952849507331848, 0.557506263256073, 0.9148245453834534, 0.8466376066207886, 0.9890375733375549, 0.5356570482254028, 0.8587907552719116, 0.886388897895813, 0.8037592768669128, 0.9954097867012024, 0.5408454537391663, 0.9645547270774841, 0.9981460571289062, 0.9663486480712891, 0.9987616539001465, 0.9993374943733215, 0.9537110924720764, 0.9978752136230469, 0.9863476753234863, 0.9852640628814697, 0.9994294047355652]","[1, 1, 1, 1, 1, 1, 1, 1, 1, 1, 1, 1, 1, 1, 1, 1, 1, 1, 1, 1, 0, 1, 1, 1, 1, 1, 1, 1, 1, 1, 1, 1, 1, 1, 1, 1, 0, 1, 1, 1, 1, 1, 1, 1, 0, 1, 1, 1, 0, 1, 1, 1, 1, 1, 1, 1, 1, 1, 1, 1, 1, 1, 1, 1]","[0.3903394341468811, 0.1589665710926056, 0.004274966660887003, 0.07443919032812119, 0.8476504683494568, 0.6458605527877808, 0.3873433768749237, 0.9163843989372253, 0.6851773262023926, 0.043056637048721313, 0.0017627128399908543, 0.11908847093582153, 1.216153621673584, 0.40497538447380066, 0.00773508520796895, 0.8245512247085571, 0.03006948158144951, 0.019247477874159813, 0.23833893239498138, 0.01948051154613495, 0.6978747248649597, 1.2811498641967773, 0.30698809027671814, 0.41242140531539917, 0.1446264237165451, 0.2732365131378174, 0.004642976447939873, 0.034508638083934784, 0.46953606605529785, 0.31513920426368713, 0.10791991651058197, 0.26612982153892517, 1.1318650245666504, 0.29682543873786926, 0.027323056012392044, 0.14526014029979706, 0.27358752489089966, 0.2711201012134552, 0.0853457972407341, 0.10980397462844849, 0.016644559800624847, 0.8007199764251709, 0.26430532336235046, 0.495290070772171, 0.8148795962333679, 0.3962443172931671, 0.49604082107543945, 0.07766555994749069, 1.157721757888794, 0.6364212036132812, 0.45846429467201233, 0.6852744817733765, 0.03686455264687538, 1.4090402126312256, 0.19486573338508606, 0.016676615923643112, 0.18194784224033356, 0.011791686527431011, 0.006684849038720131, 0.26210224628448486, 0.01898426003754139, 0.08357758074998856, 0.09474257379770279, 0.005556258372962475]"
46,2944,3008,64,0.921875,0.33508366346359253,clean_mnist,0.109375,0.109375,0.0625,0.0625,0.0625,0.125,0.078125,0.125,0.203125,0.0625,0.5705097913742065,0.16745901107788086,13.564677238464355,13.558036804199219,28.0,28.0,"[0, 5, 8, 6, 5, 7, 7, 8, 0, 8, 6, 0, 9, 1, 8, 2, 8, 3, 4, 4, 3, 5, 5, 6, 5, 7, 1, 8, 8, 9, 0, 0, 2, 1, 6, 2, 8, 3, 7, 4, 7, 7, 7, 8, 1, 8, 4, 8, 6, 5, 1, 7, 0, 9, 1, 5, 9, 0, 8, 8, 1, 3, 2, 5]","[0, 5, 5, 6, 5, 7, 7, 8, 0, 9, 6, 0, 9, 1, 8, 2, 3, 3, 4, 4, 3, 5, 5, 6, 5, 7, 1, 8, 8, 9, 0, 0, 2, 1, 6, 2, 7, 3, 7, 4, 7, 7, 7, 8, 1, 9, 4, 8, 6, 5, 1, 7, 0, 9, 1, 5, 9, 0, 8, 8, 1, 3, 2, 5]","[0.9993496537208557, 0.8743797540664673, 0.8417167663574219, 0.9318671226501465, 0.64506596326828, 0.9730561375617981, 0.8988365530967712, 0.9990476965904236, 0.9978997707366943, 0.5668860673904419, 0.9288619756698608, 0.9993509650230408, 0.7659003138542175, 0.9987420439720154, 0.6645934581756592, 0.745827317237854, 0.7906487584114075, 0.9968940019607544, 0.9805182218551636, 0.9944800138473511, 0.9824726581573486, 0.739095151424408, 0.42177456617355347, 0.7838044762611389, 0.7789978384971619, 0.9413431286811829, 0.9997667670249939, 0.9983775615692139, 0.9656986594200134, 0.8381454348564148, 0.9996123909950256, 0.9988754391670227, 0.9620293378829956, 0.9941148161888123, 0.8792269229888916, 0.9534904956817627, 0.45036187767982483, 0.991717517375946, 0.5266491174697876, 0.9975367784500122, 0.9967190623283386, 0.9095607995986938, 0.8883731365203857, 0.9991125464439392, 0.9993472695350647, 0.6155835390090942, 0.9874221086502075, 0.9803467988967896, 0.991363525390625, 0.8737442493438721, 0.9926208257675171, 0.9710953235626221, 0.9996160268783569, 0.7685037851333618, 0.9994667172431946, 0.876561164855957, 0.9773426055908203, 0.9977001547813416, 0.9926976561546326, 0.998310923576355, 0.9982230067253113, 0.9972826242446899, 0.8869835734367371, 0.8671809434890747]","[1, 1, 0, 1, 1, 1, 1, 1, 1, 0, 1, 1, 1, 1, 1, 1, 0, 1, 1, 1, 1, 1, 1, 1, 1, 1, 1, 1, 1, 1, 1, 1, 1, 1, 1, 1, 0, 1, 1, 1, 1, 1, 1, 1, 1, 0, 1, 1, 1, 1, 1, 1, 1, 1, 1, 1, 1, 1, 1, 1, 1, 1, 1, 1]","[0.006560475565493107, 0.5298447608947754, 0.5068851113319397, 0.35333022475242615, 1.0428035259246826, 0.16065074503421783, 0.4942626357078552, 0.009185400791466236, 0.0175949577242136, 0.7526728510856628, 0.35058605670928955, 0.0065859053283929825, 0.9608261585235596, 0.011687329970300198, 0.7868514060974121, 1.0311975479125977, 0.8391903042793274, 0.024252688512206078, 0.11609628051519394, 0.03985552117228508, 0.11743666976690292, 0.8818129301071167, 1.4395328760147095, 0.7023659348487854, 0.9192126989364624, 0.31413930654525757, 0.0025901065673679113, 0.014777056872844696, 0.18177378177642822, 0.47763365507125854, 0.004068607930094004, 0.010817286558449268, 0.2143545150756836, 0.04543114826083183, 0.44561079144477844, 0.2518688440322876, 1.1583373546600342, 0.053753193467855453, 0.844275712966919, 0.02039695531129837, 0.0261495690792799, 0.4498066008090973, 0.5422188639640808, 0.008657519705593586, 0.006458738818764687, 0.8409808874130249, 0.0742923691868782, 0.12934812903404236, 0.06096800044178963, 0.5434192419052124, 0.05518729239702225, 0.17113380134105682, 0.004100243095308542, 0.6336755156517029, 0.00532807782292366, 0.5091634392738342, 0.1376233994960785, 0.020104611292481422, 0.051827572286129, 0.015237631276249886, 0.01608571968972683, 0.0217471681535244, 0.4680492579936981, 0.5126798748970032]"
47,3008,3072,64,0.9375,0.3031620383262634,clean_mnist,0.125,0.109375,0.078125,0.09375,0.140625,0.046875,0.09375,0.046875,0.171875,0.09375,0.5766799449920654,0.17338484525680542,13.570695877075195,13.566349029541016,28.0,28.0,"[7, 4, 1, 8, 0, 3, 8, 0, 0, 2, 4, 1, 9, 0, 9, 2, 0, 5, 8, 8, 8, 8, 9, 5, 8, 3, 8, 0, 6, 4, 4, 4, 8, 1, 2, 6, 9, 1, 6, 3, 3, 0, 6, 3, 4, 6, 2, 9, 4, 3, 6, 7, 1, 4, 5, 9, 2, 7, 8, 0, 1, 8, 1, 4]","[7, 4, 7, 8, 0, 3, 8, 0, 0, 2, 4, 1, 9, 0, 9, 2, 0, 5, 8, 8, 8, 8, 9, 5, 8, 3, 3, 0, 6, 4, 4, 4, 8, 1, 2, 6, 9, 1, 6, 3, 3, 0, 6, 3, 4, 6, 2, 9, 4, 3, 6, 7, 7, 4, 5, 9, 2, 7, 8, 0, 1, 9, 1, 4]","[0.8284841179847717, 0.9960904717445374, 0.6508458852767944, 0.995732843875885, 0.9910407662391663, 0.9888504147529602, 0.9899071455001831, 0.9983943104743958, 0.9945040941238403, 0.9874310493469238, 0.996126115322113, 0.9512048363685608, 0.945530116558075, 0.9961095452308655, 0.9862825274467468, 0.9398185610771179, 0.9996284246444702, 0.9218249320983887, 0.9858113527297974, 0.992823600769043, 0.9934278130531311, 0.9997664093971252, 0.5282476544380188, 0.823108971118927, 0.9261168241500854, 0.9864363074302673, 0.5256977081298828, 0.9987848401069641, 0.9174708724021912, 0.985096275806427, 0.9653028249740601, 0.990189254283905, 0.9984608888626099, 0.9843517541885376, 0.9771062731742859, 0.9507057070732117, 0.8095253109931946, 0.9971331357955933, 0.909289538860321, 0.9952351450920105, 0.7736698985099792, 0.9987672567367554, 0.9684877395629883, 0.9681108593940735, 0.9339540600776672, 0.9341431260108948, 0.8334121108055115, 0.9073076248168945, 0.9188650250434875, 0.9645369648933411, 0.9839708209037781, 0.977880597114563, 0.6269250512123108, 0.9896195530891418, 0.544730007648468, 0.9056233763694763, 0.9580482244491577, 0.3743908405303955, 0.9935867786407471, 0.998199462890625, 0.9969800114631653, 0.5421115756034851, 0.6662935614585876, 0.9891625642776489]","[1, 1, 0, 1, 1, 1, 1, 1, 1, 1, 1, 1, 1, 1, 1, 1, 1, 1, 1, 1, 1, 1, 1, 1, 1, 1, 0, 1, 1, 1, 1, 1, 1, 1, 1, 1, 1, 1, 1, 1, 1, 1, 1, 1, 1, 1, 1, 1, 1, 1, 1, 1, 0, 1, 1, 1, 1, 1, 1, 1, 1, 0, 1, 1]","[0.6299870610237122, 0.029514724388718605, 1.1437567472457886, 0.03495847061276436, 0.061963796615600586, 0.07281981408596039, 0.07016574591398239, 0.014754814095795155, 0.03800426423549652, 0.08703994005918503, 0.028680911287665367, 0.2730392515659332, 0.26662373542785645, 0.03155430778861046, 0.08769857883453369, 0.3280755877494812, 0.003848113352432847, 0.36684006452560425, 0.09265685081481934, 0.05351996421813965, 0.046527355909347534, 0.002577298553660512, 1.3108458518981934, 0.711178719997406, 0.3812256455421448, 0.08350138366222382, 1.2399570941925049, 0.011442916467785835, 0.37879011034965515, 0.10062969475984573, 0.17958329617977142, 0.0654529333114624, 0.014055605977773666, 0.10350894927978516, 0.12945449352264404, 0.2316512167453766, 0.7327128052711487, 0.024024253711104393, 0.40757355093955994, 0.03423803299665451, 0.6329246163368225, 0.011617252603173256, 0.1487535536289215, 0.1621752828359604, 0.30968770384788513, 0.2708275318145752, 0.6072874665260315, 0.38090837001800537, 0.3880552649497986, 0.18274962902069092, 0.10339128971099854, 0.14378690719604492, 0.9104486107826233, 0.06971148401498795, 1.2076038122177124, 0.4204539358615875, 0.2404266893863678, 1.6034338474273682, 0.04872749745845795, 0.016137460246682167, 0.025717031210660934, 0.778247594833374, 0.7638158202171326, 0.07104619592428207]"
48,3072,3136,64,0.984375,0.3425701856613159,clean_mnist,0.078125,0.140625,0.109375,0.046875,0.140625,0.0625,0.125,0.0625,0.109375,0.125,0.5718325972557068,0.1678677797317505,13.567935943603516,13.558270454406738,28.0,28.0,"[1, 8, 4, 3, 9, 2, 2, 7, 1, 7, 8, 9, 9, 5, 8, 7, 4, 6, 9, 4, 4, 8, 8, 9, 6, 6, 6, 9, 4, 4, 2, 1, 9, 2, 0, 0, 3, 6, 4, 1, 2, 1, 8, 6, 7, 4, 5, 8, 1, 9, 1, 6, 3, 4, 5, 6, 0, 5, 1, 0, 1, 2, 2, 0]","[4, 8, 4, 3, 9, 2, 2, 7, 1, 7, 8, 9, 9, 5, 8, 7, 4, 6, 9, 4, 4, 8, 8, 9, 6, 6, 6, 9, 4, 4, 2, 1, 9, 2, 0, 0, 3, 6, 4, 1, 2, 1, 8, 6, 7, 4, 5, 8, 1, 9, 1, 6, 3, 4, 5, 6, 0, 5, 1, 0, 1, 2, 2, 0]","[0.7854273915290833, 0.9928300976753235, 0.9971582889556885, 0.9202330708503723, 0.9597727656364441, 0.9744646549224854, 0.8631450533866882, 0.9195689558982849, 0.9887885451316833, 0.9795814752578735, 0.9038498401641846, 0.8393648266792297, 0.8623162508010864, 0.8906576037406921, 0.9825417995452881, 0.9746549129486084, 0.9074074625968933, 0.9558448195457458, 0.9741818904876709, 0.9818882346153259, 0.988537073135376, 0.9988446235656738, 0.530342698097229, 0.7045961618423462, 0.7361890077590942, 0.8076785206794739, 0.9864752888679504, 0.8247259855270386, 0.8313940763473511, 0.9908767342567444, 0.8629997372627258, 0.9904326796531677, 0.9571224451065063, 0.8158460259437561, 0.9309588074684143, 0.9991057515144348, 0.9580066204071045, 0.643283486366272, 0.805748701095581, 0.9960150122642517, 0.9392625093460083, 0.9955639839172363, 0.9114556908607483, 0.7683959007263184, 0.9939462542533875, 0.9969351291656494, 0.5609686374664307, 0.9870736598968506, 0.9993708729743958, 0.8720436096191406, 0.9997900128364563, 0.7512441277503967, 0.8536580801010132, 0.96653151512146, 0.9620528221130371, 0.7780550718307495, 0.9980202913284302, 0.7149761915206909, 0.9995068311691284, 0.9992098808288574, 0.9992307424545288, 0.9511155486106873, 0.6935408115386963, 0.9990668892860413]","[0, 1, 1, 1, 1, 1, 1, 1, 1, 1, 1, 1, 1, 1, 1, 1, 1, 1, 1, 1, 1, 1, 1, 1, 1, 1, 1, 1, 1, 1, 1, 1, 1, 1, 1, 1, 1, 1, 1, 1, 1, 1, 1, 1, 1, 1, 1, 1, 1, 1, 1, 1, 1, 1, 1, 1, 1, 1, 1, 1, 1, 1, 1, 1]","[0.7129963636398315, 0.05215355008840561, 0.022680435329675674, 0.31382837891578674, 0.222463458776474, 0.16558955609798431, 0.6130887866020203, 0.36974650621414185, 0.07804758846759796, 0.12715838849544525, 0.4729197323322296, 0.4859902858734131, 0.6052539944648743, 0.5134590268135071, 0.11669674515724182, 0.1551159918308258, 0.4074356257915497, 0.2556860148906708, 0.15227077901363373, 0.1121293306350708, 0.07438136637210846, 0.01027955487370491, 1.1204553842544556, 0.7194137573242188, 0.6264614462852478, 0.5855860710144043, 0.08946963399648666, 0.5212428569793701, 0.5465829372406006, 0.06238027662038803, 0.516528308391571, 0.06864407658576965, 0.2175045907497406, 0.6310890913009644, 0.32740142941474915, 0.008765732869505882, 0.2069287896156311, 1.0398284196853638, 0.7075161337852478, 0.03270248696208, 0.28573864698410034, 0.03554049879312515, 0.4223759174346924, 0.6957807540893555, 0.04516681283712387, 0.025509275496006012, 1.4193432331085205, 0.08630745112895966, 0.0063721719197928905, 0.4212998151779175, 0.0023443640675395727, 0.6436868906021118, 0.47262856364250183, 0.19247883558273315, 0.2114052176475525, 0.7528737187385559, 0.01727946661412716, 1.008976697921753, 0.005135040730237961, 0.007867604494094849, 0.007679037284106016, 0.2590526342391968, 0.8225895166397095, 0.00918668694794178]"
49,3136,3200,64,0.9375,0.3719962239265442,clean_mnist,0.078125,0.09375,0.140625,0.09375,0.09375,0.078125,0.046875,0.078125,0.203125,0.09375,0.5721232891082764,0.16887161135673523,13.567270278930664,13.558672904968262,28.0,28.0,"[1, 5, 4, 6, 7, 5, 2, 0, 8, 1, 9, 2, 8, 1, 3, 7, 8, 8, 8, 1, 2, 4, 8, 3, 0, 2, 7, 8, 9, 2, 2, 7, 8, 9, 5, 3, 6, 9, 3, 0, 2, 1, 8, 2, 5, 3, 4, 4, 4, 5, 9, 6, 8, 7, 9, 8, 3, 8, 4, 0, 8, 1, 0, 2]","[6, 5, 4, 6, 7, 5, 2, 0, 8, 1, 9, 2, 8, 1, 3, 7, 8, 8, 8, 1, 2, 4, 8, 3, 0, 2, 7, 8, 9, 2, 2, 7, 8, 9, 5, 3, 6, 9, 3, 0, 2, 1, 3, 2, 5, 3, 4, 4, 4, 5, 9, 6, 5, 7, 9, 8, 3, 9, 4, 0, 8, 1, 0, 2]","[0.46069827675819397, 0.8978247046470642, 0.9970875382423401, 0.8473019003868103, 0.5807661414146423, 0.8852019309997559, 0.9839532971382141, 0.9996730089187622, 0.9929555654525757, 0.9975106716156006, 0.4700276553630829, 0.9051815271377563, 0.9449872374534607, 0.9983661770820618, 0.5800722241401672, 0.9688475728034973, 0.9996325969696045, 0.9972659349441528, 0.9799045324325562, 0.9983443021774292, 0.9414222836494446, 0.9931173324584961, 0.9970489144325256, 0.979162871837616, 0.9997290968894958, 0.6826861500740051, 0.8959341049194336, 0.9987099170684814, 0.9948288798332214, 0.7048920392990112, 0.9165080785751343, 0.8323526978492737, 0.9942587614059448, 0.8891674280166626, 0.42514705657958984, 0.9812330007553101, 0.8787463307380676, 0.9305514693260193, 0.9530426263809204, 0.9975624084472656, 0.8486167788505554, 0.9993840456008911, 0.5382212996482849, 0.964043915271759, 0.8628088235855103, 0.9801878929138184, 0.9629791975021362, 0.9976116418838501, 0.6747785806655884, 0.9284622073173523, 0.9814691543579102, 0.7929660677909851, 0.5549183487892151, 0.9686917662620544, 0.9774109721183777, 0.9975143671035767, 0.5169726610183716, 0.6449580788612366, 0.9950042366981506, 0.9969333410263062, 0.997003972530365, 0.9985400438308716, 0.9988756775856018, 0.6473837494850159]","[0, 1, 1, 1, 1, 1, 1, 1, 1, 1, 1, 1, 1, 1, 1, 1, 1, 1, 1, 1, 1, 1, 1, 1, 1, 1, 1, 1, 1, 1, 1, 1, 1, 1, 1, 1, 1, 1, 1, 1, 1, 1, 0, 1, 1, 1, 1, 1, 1, 1, 1, 1, 0, 1, 1, 1, 1, 0, 1, 1, 1, 1, 1, 1]","[1.1805874109268188, 0.4505757987499237, 0.023196937516331673, 0.5544388890266418, 1.204063892364502, 0.5167180895805359, 0.10594604909420013, 0.0035405291710048914, 0.052573587745428085, 0.021694093942642212, 1.4524954557418823, 0.43933847546577454, 0.25994089245796204, 0.015010115690529346, 1.1657254695892334, 0.18937209248542786, 0.00397796556353569, 0.02283470332622528, 0.12265610694885254, 0.015269186347723007, 0.29422232508659363, 0.05026143789291382, 0.02522430568933487, 0.11612273007631302, 0.002948255743831396, 1.0971035957336426, 0.4463021457195282, 0.012174784205853939, 0.04001373052597046, 1.165467381477356, 0.40125924348831177, 0.6560968160629272, 0.04447847604751587, 0.41073206067085266, 1.1287176609039307, 0.11460614949464798, 0.4659444987773895, 0.2886788547039032, 0.24233777821063995, 0.02157428115606308, 0.5935730338096619, 0.0062899356707930565, 0.7875263690948486, 0.19479858875274658, 0.6093682050704956, 0.13253602385520935, 0.17986655235290527, 0.020011236891150475, 1.0894008874893188, 0.3572186827659607, 0.10531236976385117, 0.7176088094711304, 0.9873625636100769, 0.17072369158267975, 0.13225683569908142, 0.0210909191519022, 1.004034399986267, 0.8183391690254211, 0.03784544765949249, 0.026374267414212227, 0.02508920431137085, 0.013539250008761883, 0.010734024457633495, 0.9426373839378357]"
50,3200,3264,64,0.953125,0.3551403880119324,clean_mnist,0.125,0.09375,0.078125,0.0625,0.140625,0.046875,0.0625,0.203125,0.09375,0.09375,0.571830153465271,0.16887277364730835,13.566254615783691,13.559171676635742,28.0,28.0,"[2, 3, 9, 4, 5, 1, 7, 6, 2, 7, 7, 8, 1, 0, 7, 3, 5, 4, 4, 5, 0, 6, 4, 7, 2, 8, 1, 9, 7, 6, 1, 0, 9, 3, 1, 4, 7, 1, 9, 4, 4, 0, 2, 8, 2, 6, 7, 0, 0, 7, 7, 8, 7, 7, 8, 7, 9, 8, 3, 0, 4, 4, 0, 9]","[2, 3, 9, 4, 5, 5, 7, 6, 2, 7, 7, 8, 1, 0, 7, 3, 5, 4, 4, 5, 3, 6, 4, 7, 2, 8, 1, 9, 7, 6, 1, 0, 9, 3, 1, 4, 7, 1, 9, 4, 4, 0, 2, 8, 2, 6, 7, 0, 0, 7, 7, 8, 7, 7, 8, 7, 9, 9, 3, 0, 4, 4, 0, 9]","[0.5995898246765137, 0.947924017906189, 0.9860190153121948, 0.9975702166557312, 0.8903167247772217, 0.5982293486595154, 0.8464290499687195, 0.7545067071914673, 0.8954976201057434, 0.8860383629798889, 0.3219858407974243, 0.9976699948310852, 0.9996318817138672, 0.9955959916114807, 0.981888473033905, 0.9717683792114258, 0.9334878921508789, 0.9885877370834351, 0.9211476445198059, 0.44405484199523926, 0.4117041826248169, 0.8694419264793396, 0.9841032028198242, 0.862519383430481, 0.9368501901626587, 0.995253324508667, 0.9996688365936279, 0.6298232078552246, 0.9911041259765625, 0.5937972068786621, 0.9996780157089233, 0.9909665584564209, 0.9600405693054199, 0.9606941938400269, 0.9993347525596619, 0.9810513257980347, 0.9813643097877502, 0.999264657497406, 0.9809712767601013, 0.9732328057289124, 0.9963280558586121, 0.9753817915916443, 0.9395644664764404, 0.9374294281005859, 0.9677266478538513, 0.8749392628669739, 0.990453839302063, 0.9829227924346924, 0.9978259205818176, 0.9452087879180908, 0.978638231754303, 0.8791957497596741, 0.38515806198120117, 0.8755447268486023, 0.9776120185852051, 0.891423761844635, 0.9871806502342224, 0.6728593111038208, 0.6483767032623291, 0.9919657707214355, 0.995185911655426, 0.9973543882369995, 0.9959455132484436, 0.7869299054145813]","[1, 1, 1, 1, 1, 0, 1, 1, 1, 1, 1, 1, 1, 1, 1, 1, 1, 1, 1, 1, 0, 1, 1, 1, 1, 1, 1, 1, 1, 1, 1, 1, 1, 1, 1, 1, 1, 1, 1, 1, 1, 1, 1, 1, 1, 1, 1, 1, 1, 1, 1, 1, 1, 1, 1, 1, 1, 0, 1, 1, 1, 1, 1, 1]","[1.1608010530471802, 0.2826295495033264, 0.08738933503627777, 0.020806023851037025, 0.4985726475715637, 1.0650485754013062, 0.49957510828971863, 0.7301857471466064, 0.47516125440597534, 0.46296364068984985, 1.4886656999588013, 0.020521000027656555, 0.00391966151073575, 0.03634849935770035, 0.11823219060897827, 0.1615857183933258, 0.3507443070411682, 0.07535509020090103, 0.35846391320228577, 1.0949667692184448, 1.4465705156326294, 0.5431160926818848, 0.08594625443220139, 0.48947465419769287, 0.26619037985801697, 0.037347469478845596, 0.0035692849196493626, 0.821109414100647, 0.06372910737991333, 0.9106630086898804, 0.003475542413070798, 0.06255247443914413, 0.2237938493490219, 0.22610141336917877, 0.006588849239051342, 0.12082743644714355, 0.1138351559638977, 0.007321528624743223, 0.11731034517288208, 0.15381364524364471, 0.02723233960568905, 0.1459268182516098, 0.26962530612945557, 0.33095625042915344, 0.19444306194782257, 0.49587103724479675, 0.06655869632959366, 0.11555325984954834, 0.019501738250255585, 0.2916436791419983, 0.13233445584774017, 0.5084542632102966, 1.573944091796875, 0.5594079494476318, 0.13393865525722504, 0.5078997015953064, 0.0878334790468216, 0.6743917465209961, 1.1559666395187378, 0.0602060966193676, 0.03609003126621246, 0.021380139514803886, 0.03304799646139145, 0.5915043950080872]"
51,3264,3328,64,0.859375,0.5086745023727417,clean_mnist,0.046875,0.109375,0.109375,0.078125,0.078125,0.0625,0.078125,0.125,0.171875,0.140625,0.5698271989822388,0.16666875779628754,13.567634582519531,13.56732177734375,28.0,28.0,"[3, 9, 5, 7, 1, 0, 7, 5, 1, 8, 2, 8, 7, 8, 4, 8, 4, 8, 7, 7, 9, 5, 0, 6, 6, 1, 4, 3, 9, 8, 6, 1, 9, 1, 7, 8, 2, 5, 9, 9, 2, 2, 1, 2, 2, 0, 9, 8, 4, 2, 8, 4, 9, 7, 3, 3, 8, 1, 9, 3, 7, 6, 8, 6]","[3, 9, 5, 7, 6, 0, 7, 5, 1, 8, 2, 5, 7, 9, 4, 8, 4, 8, 7, 7, 9, 5, 0, 6, 6, 5, 4, 3, 9, 8, 6, 1, 9, 6, 7, 8, 2, 5, 9, 9, 2, 2, 1, 2, 2, 0, 9, 9, 4, 2, 3, 4, 9, 7, 3, 3, 3, 1, 9, 3, 7, 6, 5, 6]","[0.8745046257972717, 0.6252322793006897, 0.6440058946609497, 0.49834224581718445, 0.4253077805042267, 0.9927056431770325, 0.9637479782104492, 0.569082498550415, 0.9988648891448975, 0.5342811346054077, 0.9946691393852234, 0.6273669600486755, 0.9166740775108337, 0.6029475331306458, 0.9244062900543213, 0.990840494632721, 0.983795166015625, 0.9920715689659119, 0.907635509967804, 0.9668642282485962, 0.9553773999214172, 0.6225398182868958, 0.9983935952186584, 0.9580512642860413, 0.9601301550865173, 0.9102076888084412, 0.6657602787017822, 0.9349703192710876, 0.8976947069168091, 0.997183620929718, 0.9843406081199646, 0.9991734623908997, 0.9050213098526001, 0.4718644618988037, 0.9878909587860107, 0.9971309900283813, 0.7669931650161743, 0.8541965484619141, 0.9927911758422852, 0.8261261582374573, 0.8846156597137451, 0.7702098488807678, 0.9992207288742065, 0.984870970249176, 0.40401220321655273, 0.9939914345741272, 0.8406848907470703, 0.6145210266113281, 0.9925246834754944, 0.7188566327095032, 0.5702628493309021, 0.9954304695129395, 0.7711530327796936, 0.9600389003753662, 0.6791192293167114, 0.9850287437438965, 0.30334722995758057, 0.9972584247589111, 0.9080352783203125, 0.950671911239624, 0.9780436754226685, 0.8601739406585693, 0.4143119752407074, 0.6344581246376038]","[1, 1, 1, 1, 0, 1, 1, 1, 1, 1, 1, 0, 1, 0, 1, 1, 1, 1, 1, 1, 1, 1, 1, 1, 1, 0, 1, 1, 1, 1, 1, 1, 1, 0, 1, 1, 1, 1, 1, 1, 1, 1, 1, 1, 1, 1, 1, 0, 1, 1, 0, 1, 1, 1, 1, 1, 0, 1, 1, 1, 1, 1, 0, 1]","[0.45589736104011536, 0.8635203838348389, 0.7716178894042969, 1.2569739818572998, 1.2814692258834839, 0.05381127819418907, 0.20968928933143616, 1.260462760925293, 0.010224915109574795, 0.992469847202301, 0.03942360728979111, 1.0784424543380737, 0.3972589373588562, 0.8938506841659546, 0.3238520622253418, 0.06327945739030838, 0.09938937425613403, 0.055335838347673416, 0.3581303358078003, 0.1979837268590927, 0.21892349421977997, 1.1284394264221191, 0.014786027371883392, 0.2167665660381317, 0.21138601005077362, 0.40525856614112854, 1.175353765487671, 0.30963730812072754, 0.4431719183921814, 0.02328621596097946, 0.10018507391214371, 0.008088541217148304, 0.42213553190231323, 1.0400128364562988, 0.08293361216783524, 0.023660462349653244, 0.8487698435783386, 0.6244704127311707, 0.052421726286411285, 0.49765053391456604, 0.5092090368270874, 0.7650304436683655, 0.007477917708456516, 0.1025061160326004, 1.3209515810012817, 0.04720073193311691, 0.6387202143669128, 0.8902994394302368, 0.05177643150091171, 1.0357370376586914, 1.3387172222137451, 0.03439350053668022, 0.7564523220062256, 0.21246373653411865, 0.8317679166793823, 0.1028515174984932, 1.7612779140472412, 0.023773714900016785, 0.4393153190612793, 0.2525252103805542, 0.1397036463022232, 0.5450544953346252, 1.3247921466827393, 0.9127510190010071]"
52,3328,3392,64,0.90625,0.4440813958644867,clean_mnist,0.109375,0.125,0.140625,0.078125,0.109375,0.03125,0.09375,0.0625,0.140625,0.109375,0.5765719413757324,0.17265349626541138,13.579605102539062,13.571449279785156,28.0,28.0,"[0, 2, 6, 1, 3, 2, 4, 6, 3, 0, 8, 2, 8, 2, 2, 7, 1, 1, 9, 3, 9, 7, 4, 4, 4, 8, 8, 1, 8, 2, 8, 9, 4, 8, 2, 6, 6, 8, 6, 0, 7, 0, 4, 9, 7, 1, 9, 1, 0, 0, 5, 1, 1, 2, 9, 3, 5, 8, 3, 6, 4, 9, 2, 0]","[0, 2, 6, 1, 3, 2, 4, 6, 3, 0, 8, 2, 4, 2, 2, 7, 1, 1, 9, 3, 9, 7, 4, 4, 4, 8, 8, 9, 5, 2, 3, 9, 4, 5, 2, 6, 6, 8, 6, 0, 7, 0, 4, 9, 7, 1, 9, 1, 0, 0, 5, 1, 1, 2, 9, 3, 5, 5, 3, 6, 4, 9, 2, 0]","[0.9997331500053406, 0.9554129838943481, 0.989732563495636, 0.979768693447113, 0.8568295240402222, 0.9833254814147949, 0.99659663438797, 0.7890142202377319, 0.24671973288059235, 0.9972527623176575, 0.9987435936927795, 0.7247957587242126, 0.5527377724647522, 0.9322360754013062, 0.9208298325538635, 0.9385327100753784, 0.9992037415504456, 0.998843789100647, 0.9911643862724304, 0.9790030121803284, 0.9884399175643921, 0.9523512721061707, 0.7841928601264954, 0.9681680798530579, 0.9773868322372437, 0.9920793175697327, 0.9948016405105591, 0.5211301445960999, 0.4327152371406555, 0.9746863842010498, 0.3494780659675598, 0.7073515057563782, 0.9238290786743164, 0.5032004117965698, 0.595780611038208, 0.7075654864311218, 0.783185601234436, 0.8250265717506409, 0.7739425301551819, 0.9309812784194946, 0.9063607454299927, 0.9953485131263733, 0.8451615571975708, 0.8917459845542908, 0.903795599937439, 0.9970290064811707, 0.8237290382385254, 0.9985330104827881, 0.9998223185539246, 0.9993077516555786, 0.9284811615943909, 0.9926780462265015, 0.9996398687362671, 0.8348963856697083, 0.9099342226982117, 0.7981623411178589, 0.6300508379936218, 0.8341802954673767, 0.9863941073417664, 0.9926849603652954, 0.8104891180992126, 0.9360508918762207, 0.655663251876831, 0.9992319345474243]","[1, 1, 1, 1, 1, 1, 1, 1, 1, 1, 1, 1, 0, 1, 1, 1, 1, 1, 1, 1, 1, 1, 1, 1, 1, 1, 1, 0, 0, 1, 0, 1, 1, 0, 1, 1, 1, 1, 1, 1, 1, 1, 1, 1, 1, 1, 1, 1, 1, 1, 1, 1, 1, 1, 1, 1, 1, 0, 1, 1, 1, 1, 1, 1]","[0.002923808991909027, 0.24158522486686707, 0.0671730637550354, 0.1335095465183258, 0.4392671287059784, 0.1103326827287674, 0.02644990384578705, 0.7860440611839294, 1.6908215284347534, 0.023058434948325157, 0.011809999123215675, 0.8803758025169373, 1.4787474870681763, 0.28344276547431946, 0.3937188982963562, 0.32652202248573303, 0.007903136312961578, 0.010855954140424728, 0.06689030677080154, 0.1258462816476822, 0.0785481184720993, 0.2655967175960541, 0.7332918643951416, 0.15944361686706543, 0.1262180656194687, 0.057846635580062866, 0.041148699820041656, 1.1822319030761719, 1.3328471183776855, 0.1575525999069214, 1.400267481803894, 0.8625128865242004, 0.3563999533653259, 1.2108972072601318, 1.331292986869812, 0.9707458019256592, 0.7012698650360107, 0.6230619549751282, 0.6811746954917908, 0.33692044019699097, 0.34701842069625854, 0.037820443511009216, 0.5906921029090881, 0.4921607971191406, 0.4749998450279236, 0.024756144732236862, 0.6436260342597961, 0.013542691245675087, 0.0020248049404472113, 0.006953369826078415, 0.34091877937316895, 0.05515499785542488, 0.00387680740095675, 0.7314143180847168, 0.36734119057655334, 0.7647871375083923, 1.039310097694397, 0.4969938397407532, 0.0961063951253891, 0.05464682728052139, 0.7008445262908936, 0.281085342168808, 1.1310300827026367, 0.007559644989669323]"
53,3392,3456,64,0.9375,0.33250322937965393,clean_mnist,0.109375,0.1875,0.046875,0.140625,0.109375,0.0625,0.09375,0.09375,0.109375,0.046875,0.5699174404144287,0.16632035374641418,13.56155776977539,13.568745613098145,28.0,28.0,"[8, 1, 1, 2, 0, 3, 9, 4, 3, 8, 3, 6, 3, 7, 1, 8, 1, 0, 0, 1, 1, 2, 9, 3, 5, 4, 1, 5, 8, 6, 3, 7, 3, 8, 7, 1, 7, 0, 1, 1, 1, 5, 0, 3, 4, 4, 8, 4, 1, 0, 7, 0, 2, 6, 8, 9, 7, 6, 4, 6, 3, 5, 6, 4]","[6, 1, 1, 2, 0, 3, 9, 4, 3, 5, 3, 6, 3, 7, 1, 8, 7, 0, 0, 1, 1, 2, 9, 3, 5, 4, 1, 5, 8, 6, 3, 7, 3, 8, 7, 1, 7, 0, 1, 1, 8, 5, 0, 3, 4, 4, 8, 4, 1, 0, 7, 0, 2, 6, 8, 9, 7, 6, 4, 6, 3, 5, 6, 4]","[0.554350733757019, 0.9851318001747131, 0.9991154074668884, 0.9199468493461609, 0.994507372379303, 0.9798781871795654, 0.9655416011810303, 0.952388346195221, 0.9864678382873535, 0.5523986220359802, 0.9334211945533752, 0.9445582032203674, 0.9280474781990051, 0.8793442249298096, 0.9983231425285339, 0.8072301149368286, 0.7085078358650208, 0.999100923538208, 0.9995755553245544, 0.9879948496818542, 0.9965581297874451, 0.8180149793624878, 0.97803795337677, 0.8369259834289551, 0.47360023856163025, 0.9910802245140076, 0.9995309114456177, 0.5541542768478394, 0.9996993541717529, 0.9464396834373474, 0.9045223593711853, 0.9807301759719849, 0.9326480627059937, 0.6140475869178772, 0.9335156679153442, 0.9952006340026855, 0.8326900601387024, 0.9976304769515991, 0.9966391324996948, 0.9987301230430603, 0.7457885146141052, 0.6042136549949646, 0.9988976716995239, 0.9565638899803162, 0.9117775559425354, 0.9421533346176147, 0.9687505960464478, 0.9504725337028503, 0.9952463507652283, 0.9941743016242981, 0.9896829128265381, 0.9995138645172119, 0.8563321828842163, 0.9705223441123962, 0.9956145286560059, 0.8065810799598694, 0.9848419427871704, 0.9897095561027527, 0.9802728891372681, 0.9757596850395203, 0.8435022830963135, 0.6355400681495667, 0.6943066716194153, 0.9409689903259277]","[0, 1, 1, 1, 1, 1, 1, 1, 1, 0, 1, 1, 1, 1, 1, 1, 0, 1, 1, 1, 1, 1, 1, 1, 1, 1, 1, 1, 1, 1, 1, 1, 1, 1, 1, 1, 1, 1, 1, 1, 0, 1, 1, 1, 1, 1, 1, 1, 1, 1, 1, 1, 1, 1, 1, 1, 1, 1, 1, 1, 1, 1, 1, 1]","[1.2365012168884277, 0.10256455838680267, 0.008719502948224545, 0.4063664674758911, 0.04328432306647301, 0.12125880271196365, 0.1970532238483429, 0.2338176816701889, 0.09125498682260513, 1.1061875820159912, 0.3456941545009613, 0.2931719422340393, 0.3434600234031677, 0.54231858253479, 0.015103168785572052, 0.5799652338027954, 0.7383370995521545, 0.008616616949439049, 0.004493899643421173, 0.08304710686206818, 0.02849903516471386, 0.7048904299736023, 0.11838589608669281, 0.5748801827430725, 1.4246050119400024, 0.0605207197368145, 0.004935616161674261, 0.897074818611145, 0.003279607743024826, 0.28279295563697815, 0.4563569724559784, 0.1273520290851593, 0.3562406897544861, 1.1025402545928955, 0.27817144989967346, 0.03795045241713524, 0.5734961032867432, 0.020098943263292313, 0.026654167100787163, 0.011850842274725437, 0.8972657918930054, 0.8023375868797302, 0.010664088651537895, 0.20130623877048492, 0.3392561376094818, 0.29464593529701233, 0.15884947776794434, 0.2611936330795288, 0.035579338669776917, 0.04323232173919678, 0.0716046616435051, 0.005048878025263548, 0.6227510571479797, 0.17269831895828247, 0.03595958277583122, 0.7086870670318604, 0.10403221845626831, 0.07262276858091354, 0.11325832456350327, 0.14447437226772308, 0.5838373303413391, 0.9844077825546265, 0.7362493276596069, 0.2884511649608612]"
54,3456,3520,64,0.953125,0.32849112153053284,clean_mnist,0.09375,0.140625,0.03125,0.09375,0.140625,0.03125,0.03125,0.109375,0.234375,0.09375,0.5700293779373169,0.16650313138961792,13.558656692504883,13.554545402526855,28.0,28.0,"[1, 4, 4, 4, 3, 0, 3, 7, 1, 9, 3, 5, 1, 7, 2, 3, 3, 1, 6, 4, 8, 4, 1, 0, 8, 9, 8, 9, 4, 6, 2, 1, 1, 8, 0, 3, 0, 8, 8, 8, 4, 8, 7, 8, 5, 8, 8, 4, 4, 7, 9, 7, 9, 1, 1, 8, 8, 8, 0, 7, 0, 8, 7, 9]","[1, 4, 4, 4, 3, 0, 3, 7, 1, 9, 3, 5, 1, 7, 2, 3, 3, 1, 6, 4, 8, 4, 1, 0, 8, 9, 8, 9, 4, 6, 2, 1, 1, 8, 0, 3, 0, 8, 7, 8, 4, 8, 7, 8, 5, 8, 8, 4, 4, 7, 9, 7, 9, 1, 9, 9, 8, 8, 0, 7, 0, 8, 7, 9]","[0.9852942228317261, 0.7565538287162781, 0.9943081736564636, 0.9976981282234192, 0.9882362484931946, 0.9927122592926025, 0.38120436668395996, 0.9097890257835388, 0.9997052550315857, 0.940386950969696, 0.9922027587890625, 0.7930890917778015, 0.9987123012542725, 0.8106207251548767, 0.3402292728424072, 0.9151588678359985, 0.8292712569236755, 0.9904601573944092, 0.6394409537315369, 0.9885517358779907, 0.9992258548736572, 0.9948403239250183, 0.9993977546691895, 0.9980377554893494, 0.9993922710418701, 0.8266851305961609, 0.99569171667099, 0.8832945823669434, 0.7514846920967102, 0.9738682508468628, 0.8570141792297363, 0.9959796667098999, 0.999371349811554, 0.9967471361160278, 0.9527599215507507, 0.6582122445106506, 0.9962844848632812, 0.9912652373313904, 0.593223512172699, 0.999568521976471, 0.9964171648025513, 0.9996775388717651, 0.9098471403121948, 0.9969747066497803, 0.7941430807113647, 0.9962756633758545, 0.99298495054245, 0.9876014590263367, 0.8654388785362244, 0.9642298817634583, 0.9486135840415955, 0.861290693283081, 0.9397794008255005, 0.9798382520675659, 0.7452791333198547, 0.5428777933120728, 0.9544108510017395, 0.9936770796775818, 0.9975020289421082, 0.9372415542602539, 0.9992651343345642, 0.9324864745140076, 0.5175886154174805, 0.6704091429710388]","[1, 1, 1, 1, 1, 1, 1, 1, 1, 1, 1, 1, 1, 1, 1, 1, 1, 1, 1, 1, 1, 1, 1, 1, 1, 1, 1, 1, 1, 1, 1, 1, 1, 1, 1, 1, 1, 1, 0, 1, 1, 1, 1, 1, 1, 1, 1, 1, 1, 1, 1, 1, 1, 1, 0, 0, 1, 1, 1, 1, 1, 1, 1, 1]","[0.09607605636119843, 0.8259937763214111, 0.038383033126592636, 0.019162828102707863, 0.08420483767986298, 0.056579675525426865, 1.6199381351470947, 0.45631492137908936, 0.003175623482093215, 0.25895190238952637, 0.05690303072333336, 0.5584983825683594, 0.012036324478685856, 0.6693379878997803, 1.543389916419983, 0.4040868282318115, 0.603907585144043, 0.06850915402173996, 0.9841316342353821, 0.07651633769273758, 0.0077667078003287315, 0.039051976054906845, 0.006110409740358591, 0.01771838217973709, 0.006131266709417105, 0.587870717048645, 0.033380113542079926, 0.4494298994541168, 0.7851729989051819, 0.15596053004264832, 0.5158246159553528, 0.03239456191658974, 0.0063976384699344635, 0.02584897354245186, 0.276220440864563, 0.7854043245315552, 0.030477169901132584, 0.05952060967683792, 1.2064409255981445, 0.004478568211197853, 0.029204433783888817, 0.0034713426139205694, 0.45416176319122314, 0.02455683797597885, 0.5937334299087524, 0.02851356379687786, 0.051246222108602524, 0.0825258195400238, 0.5581536889076233, 0.2114337533712387, 0.2662183344364166, 0.6432624459266663, 0.3020654320716858, 0.13219398260116577, 0.9022228717803955, 0.8402879238128662, 0.24701513350009918, 0.0453760139644146, 0.021729925647377968, 0.33419859409332275, 0.007346386089920998, 0.26717978715896606, 0.7736381888389587, 0.7359982132911682]"
55,3520,3584,64,0.9375,0.37475958466529846,clean_mnist,0.109375,0.15625,0.109375,0.109375,0.046875,0.09375,0.109375,0.078125,0.109375,0.078125,0.5764615535736084,0.1717158854007721,13.562999725341797,13.565658569335938,28.0,28.0,"[6, 3, 7, 3, 0, 5, 8, 5, 9, 0, 6, 7, 1, 9, 0, 5, 2, 6, 7, 5, 1, 0, 3, 6, 9, 1, 1, 4, 4, 1, 3, 1, 3, 2, 8, 8, 7, 2, 5, 6, 1, 1, 0, 8, 2, 0, 9, 1, 0, 2, 8, 3, 6, 4, 2, 5, 3, 6, 2, 7, 8, 8, 1, 9]","[6, 3, 7, 3, 6, 5, 8, 5, 9, 0, 6, 7, 1, 9, 0, 5, 2, 6, 7, 5, 1, 0, 3, 6, 9, 1, 1, 4, 4, 1, 3, 1, 3, 2, 8, 8, 7, 2, 5, 6, 1, 1, 0, 5, 2, 0, 9, 1, 0, 2, 8, 3, 6, 4, 2, 5, 3, 6, 2, 7, 5, 8, 2, 9]","[0.9452656507492065, 0.9418752193450928, 0.576930582523346, 0.8740047812461853, 0.6355792880058289, 0.7312546372413635, 0.997258186340332, 0.7886906862258911, 0.9848915338516235, 0.9991034865379333, 0.9502747058868408, 0.9537888169288635, 0.9900202751159668, 0.938058078289032, 0.9982983469963074, 0.42692190408706665, 0.902998149394989, 0.747810423374176, 0.7483546137809753, 0.911208987236023, 0.9992251396179199, 0.9971829652786255, 0.9369693398475647, 0.8025109767913818, 0.7355619668960571, 0.9438591003417969, 0.9992992877960205, 0.9603825211524963, 0.9576719999313354, 0.9920616149902344, 0.9816297292709351, 0.9974837303161621, 0.6846146583557129, 0.870582103729248, 0.9965139031410217, 0.9875088334083557, 0.9699521660804749, 0.9033544063568115, 0.8725345134735107, 0.8844549059867859, 0.9990000128746033, 0.9945651292800903, 0.9996138215065002, 0.7542930245399475, 0.6064311265945435, 0.9983635544776917, 0.9952157735824585, 0.9880831837654114, 0.9927527904510498, 0.8273504376411438, 0.8771176934242249, 0.9794579744338989, 0.9451260566711426, 0.9917534589767456, 0.9285735487937927, 0.9490980505943298, 0.8663533329963684, 0.9780068397521973, 0.9880313873291016, 0.9240978360176086, 0.49289461970329285, 0.9941007494926453, 0.524380624294281, 0.9734737277030945]","[1, 1, 1, 1, 0, 1, 1, 1, 1, 1, 1, 1, 1, 1, 1, 1, 1, 1, 1, 1, 1, 1, 1, 1, 1, 1, 1, 1, 1, 1, 1, 1, 1, 1, 1, 1, 1, 1, 1, 1, 1, 1, 1, 0, 1, 1, 1, 1, 1, 1, 1, 1, 1, 1, 1, 1, 1, 1, 1, 1, 0, 1, 0, 1]","[0.2812178432941437, 0.2662205100059509, 1.180360198020935, 0.466620534658432, 1.0319715738296509, 0.7380315661430359, 0.022180330008268356, 0.5851830840110779, 0.09627429395914078, 0.008669700473546982, 0.2566471993923187, 0.26886633038520813, 0.06585948914289474, 0.30525436997413635, 0.015555365942418575, 1.3329466581344604, 0.42331814765930176, 0.7641052007675171, 0.8827066421508789, 0.3952920436859131, 0.007296083960682154, 0.024462051689624786, 0.3375319242477417, 0.6708857417106628, 0.9672520160675049, 0.30280402302742004, 0.0070917909033596516, 0.21889275312423706, 0.21743597090244293, 0.05861762911081314, 0.12530356645584106, 0.021414270624518394, 0.964023768901825, 0.587664783000946, 0.029723376035690308, 0.08339203894138336, 0.14423751831054688, 0.500211238861084, 0.4835824966430664, 0.40494248270988464, 0.009341888129711151, 0.04319353774189949, 0.0039857858791947365, 0.7350553274154663, 0.9553981423377991, 0.014615741558372974, 0.03471009433269501, 0.08725418150424957, 0.056054387241601944, 0.7314236164093018, 0.4996979832649231, 0.1282591074705124, 0.2370402067899704, 0.0558382123708725, 0.30159345269203186, 0.27489835023880005, 0.6471291184425354, 0.1317693442106247, 0.07556921243667603, 0.37875282764434814, 1.3802536725997925, 0.044903192669153214, 1.4771314859390259, 0.13669845461845398]"
56,3584,3648,64,0.953125,0.25261756777763367,clean_mnist,0.109375,0.140625,0.078125,0.078125,0.09375,0.078125,0.09375,0.109375,0.140625,0.078125,0.5813428163528442,0.1762312650680542,13.573369026184082,13.564926147460938,28.0,28.0,"[8, 0, 6, 1, 9, 2, 0, 3, 1, 1, 9, 5, 3, 6, 8, 7, 8, 8, 1, 0, 1, 1, 3, 2, 4, 3, 0, 4, 0, 5, 3, 6, 8, 7, 7, 8, 7, 9, 0, 6, 4, 4, 8, 2, 1, 6, 8, 4, 0, 7, 1, 5, 9, 5, 5, 4, 7, 7, 2, 8, 1, 9, 6, 2]","[8, 0, 6, 1, 9, 2, 0, 3, 1, 1, 9, 5, 3, 6, 9, 7, 8, 8, 1, 0, 1, 1, 3, 2, 4, 3, 0, 4, 0, 5, 3, 6, 8, 7, 7, 8, 7, 9, 0, 6, 4, 4, 3, 2, 1, 6, 8, 4, 0, 7, 5, 5, 9, 5, 5, 4, 7, 7, 2, 8, 1, 9, 6, 2]","[0.9889262914657593, 0.9975458979606628, 0.8529670834541321, 0.9996287822723389, 0.9930213093757629, 0.9363977909088135, 0.9986540079116821, 0.9716086983680725, 0.9978735446929932, 0.996859073638916, 0.9909878373146057, 0.9018596410751343, 0.9724934697151184, 0.9951625466346741, 0.3484377861022949, 0.9856842756271362, 0.9990642666816711, 0.9992542862892151, 0.9991672039031982, 0.946222722530365, 0.9996987581253052, 0.9872357249259949, 0.9972304701805115, 0.9301038980484009, 0.9966821074485779, 0.9767565727233887, 0.9964021444320679, 0.990156888961792, 0.9731682538986206, 0.807502269744873, 0.8660533428192139, 0.9292088747024536, 0.9998444318771362, 0.6991775035858154, 0.984348714351654, 0.9969460368156433, 0.9942026734352112, 0.7960127592086792, 0.9985045194625854, 0.9005259275436401, 0.8350675702095032, 0.9980918765068054, 0.6373686194419861, 0.9083473682403564, 0.9978027939796448, 0.9904961585998535, 0.9707170724868774, 0.9964983463287354, 0.9997162222862244, 0.9678239226341248, 0.7222444415092468, 0.5421731472015381, 0.9539000988006592, 0.9038796424865723, 0.9352831840515137, 0.9941105246543884, 0.8867228031158447, 0.9560830593109131, 0.9632734656333923, 0.99522864818573, 0.9803258180618286, 0.9747174978256226, 0.8928574323654175, 0.9684144258499146]","[1, 1, 1, 1, 1, 1, 1, 1, 1, 1, 1, 1, 1, 1, 0, 1, 1, 1, 1, 1, 1, 1, 1, 1, 1, 1, 1, 1, 1, 1, 1, 1, 1, 1, 1, 1, 1, 1, 1, 1, 1, 1, 0, 1, 1, 1, 1, 1, 1, 1, 0, 1, 1, 1, 1, 1, 1, 1, 1, 1, 1, 1, 1, 1]","[0.0749824196100235, 0.02187495492398739, 0.5698776245117188, 0.003983488772064447, 0.050662897527217865, 0.3398275077342987, 0.011758331209421158, 0.18052202463150024, 0.018976882100105286, 0.026302659884095192, 0.0618564635515213, 0.4627445340156555, 0.17236249148845673, 0.03530682995915413, 1.377475619316101, 0.09822310507297516, 0.008954429998993874, 0.0074796732515096664, 0.008237707428634167, 0.31791436672210693, 0.0033117730636149645, 0.08973057568073273, 0.02245568484067917, 0.35887473821640015, 0.02590463124215603, 0.14739380776882172, 0.02994414046406746, 0.06685972958803177, 0.1578747183084488, 0.7422924637794495, 0.5194525122642517, 0.33635586500167847, 0.0017882175743579865, 1.050855040550232, 0.10160120576620102, 0.026306921616196632, 0.043243128806352615, 0.6004312038421631, 0.013085798360407352, 0.3596166968345642, 0.49454501271247864, 0.0157021451741457, 1.047882318496704, 0.3983525037765503, 0.019089125096797943, 0.063144251704216, 0.18052984774112701, 0.0283310916274786, 0.003001115284860134, 0.20321892201900482, 0.9426822662353516, 1.2631803750991821, 0.24639976024627686, 0.4667050838470459, 0.3368980288505554, 0.04178960621356964, 0.5285743474960327, 0.2484862059354782, 0.20935307443141937, 0.038365352898836136, 0.13101136684417725, 0.15599244832992554, 0.3767101764678955, 0.18087740242481232]"
57,3648,3712,64,0.9375,0.28354746103286743,clean_mnist,0.140625,0.078125,0.109375,0.15625,0.125,0.09375,0.078125,0.0,0.125,0.09375,0.5868539214134216,0.1818826049566269,13.583337783813477,13.571553230285645,28.0,28.0,"[5, 9, 6, 3, 4, 9, 6, 3, 3, 8, 8, 2, 2, 0, 1, 9, 8, 8, 4, 0, 4, 5, 3, 6, 2, 0, 3, 1, 2, 0, 9, 2, 2, 5, 9, 3, 3, 5, 4, 3, 8, 8, 8, 0, 1, 0, 4, 5, 1, 4, 0, 3, 6, 4, 0, 1, 9, 5, 6, 3, 4, 0, 2, 8]","[5, 9, 6, 3, 4, 9, 6, 3, 3, 8, 8, 2, 2, 0, 9, 9, 8, 8, 4, 0, 4, 5, 3, 6, 2, 0, 3, 1, 2, 0, 9, 2, 2, 5, 5, 3, 3, 5, 4, 3, 8, 8, 8, 0, 7, 0, 4, 5, 9, 4, 0, 3, 6, 4, 0, 1, 9, 5, 6, 3, 4, 0, 2, 8]","[0.9621015787124634, 0.973929762840271, 0.9618882536888123, 0.9942888021469116, 0.9956842660903931, 0.9711009860038757, 0.9191638231277466, 0.9446089267730713, 0.9711799025535583, 0.9970725774765015, 0.9924415349960327, 0.9322178363800049, 0.9814767241477966, 0.9989111423492432, 0.890363872051239, 0.9000236392021179, 0.9994741082191467, 0.9976892471313477, 0.98866206407547, 0.9991276860237122, 0.8196813464164734, 0.9525402784347534, 0.7756086587905884, 0.9225606918334961, 0.5067499279975891, 0.9880714416503906, 0.9634813070297241, 0.9991998076438904, 0.39418166875839233, 0.9994090795516968, 0.9198237061500549, 0.8929365277290344, 0.9290313720703125, 0.7901824712753296, 0.283474326133728, 0.9770483374595642, 0.9251583814620972, 0.7779426574707031, 0.9978471994400024, 0.97030109167099, 0.9981533885002136, 0.9975739121437073, 0.9954543113708496, 0.9842516779899597, 0.9171697497367859, 0.9982421398162842, 0.7410240769386292, 0.8622632026672363, 0.868478536605835, 0.9898556470870972, 0.9994612336158752, 0.9818370938301086, 0.7047948241233826, 0.9970406889915466, 0.9997473359107971, 0.9977473616600037, 0.9928652048110962, 0.9488550424575806, 0.9817293286323547, 0.9701026082038879, 0.9983037710189819, 0.9978413581848145, 0.9379866719245911, 0.9978978633880615]","[1, 1, 1, 1, 1, 1, 1, 1, 1, 1, 1, 1, 1, 1, 0, 1, 1, 1, 1, 1, 1, 1, 1, 1, 1, 1, 1, 1, 1, 1, 1, 1, 1, 1, 0, 1, 1, 1, 1, 1, 1, 1, 1, 1, 0, 1, 1, 1, 0, 1, 1, 1, 1, 1, 1, 1, 1, 1, 1, 1, 1, 1, 1, 1]","[0.20939913392066956, 0.1460244059562683, 0.20724333822727203, 0.042668163776397705, 0.0316617414355278, 0.18210555613040924, 0.372346431016922, 0.263523668050766, 0.1651168167591095, 0.025714335963129997, 0.0559830442070961, 0.3227486312389374, 0.10072934627532959, 0.010623544454574585, 0.48541757464408875, 0.43172353506088257, 0.00524895777925849, 0.02083536982536316, 0.07269510626792908, 0.00853155180811882, 0.6787256598472595, 0.25857073068618774, 0.6258882284164429, 0.34215691685676575, 1.418739914894104, 0.08605153113603592, 0.19572316110134125, 0.007969516329467297, 1.5674822330474854, 0.006098470184952021, 0.3689105808734894, 0.5323070287704468, 0.34927037358283997, 0.8081722259521484, 1.749919056892395, 0.13027401268482208, 0.3874257504940033, 0.7572183609008789, 0.018049877136945724, 0.16763818264007568, 0.016510605812072754, 0.020886965095996857, 0.0357637032866478, 0.11044821888208389, 0.3740599453449249, 0.016088590025901794, 0.6829103231430054, 0.6101992130279541, 0.5793642997741699, 0.06923232972621918, 0.005573458969593048, 0.11352153867483139, 0.877671480178833, 0.02338678017258644, 0.0027264319360256195, 0.01960037834942341, 0.053207483142614365, 0.2763761281967163, 0.11063060909509659, 0.17202261090278625, 0.014557250775396824, 0.01948225498199463, 0.3072177767753601, 0.018666718155145645]"
58,3712,3776,64,0.921875,0.34662631154060364,clean_mnist,0.09375,0.140625,0.078125,0.0625,0.09375,0.015625,0.140625,0.125,0.125,0.125,0.5756381750106812,0.1717406064271927,13.573824882507324,13.570989608764648,28.0,28.0,"[2, 3, 1, 0, 4, 6, 7, 0, 0, 7, 2, 1, 9, 1, 6, 8, 7, 1, 8, 7, 4, 1, 0, 3, 6, 8, 4, 4, 3, 2, 9, 0, 8, 9, 9, 7, 2, 6, 7, 7, 5, 4, 3, 1, 9, 6, 1, 8, 9, 4, 0, 1, 6, 2, 8, 6, 8, 7, 9, 1, 6, 9, 6, 8]","[2, 3, 1, 0, 4, 6, 7, 2, 0, 7, 2, 1, 4, 1, 6, 8, 7, 1, 8, 7, 4, 1, 0, 3, 6, 8, 4, 4, 3, 2, 9, 0, 8, 9, 9, 7, 2, 6, 7, 7, 5, 4, 3, 1, 3, 6, 1, 8, 9, 4, 8, 1, 6, 2, 8, 6, 5, 7, 9, 1, 6, 9, 6, 8]","[0.9320665001869202, 0.9508324265480042, 0.9997276663780212, 0.9957976341247559, 0.9782618284225464, 0.7662661671638489, 0.846555233001709, 0.41267138719558716, 0.9368122816085815, 0.9567612409591675, 0.9310806393623352, 0.9914585947990417, 0.7329061627388, 0.9974601864814758, 0.9883805513381958, 0.999081015586853, 0.7767585515975952, 0.9942640662193298, 0.9513595700263977, 0.9894082546234131, 0.9930364489555359, 0.9957855343818665, 0.9994538426399231, 0.9854889512062073, 0.9812310338020325, 0.9996954202651978, 0.874053955078125, 0.9984835982322693, 0.7514981031417847, 0.9261105060577393, 0.7515844702720642, 0.9973974227905273, 0.9983561635017395, 0.9040185809135437, 0.9801943302154541, 0.9929407835006714, 0.882928729057312, 0.9815862774848938, 0.8903820514678955, 0.9783158302307129, 0.7485954165458679, 0.9961567521095276, 0.9524949789047241, 0.9984967708587646, 0.34879621863365173, 0.6742416620254517, 0.9980365633964539, 0.999040424823761, 0.9450438618659973, 0.9979026317596436, 0.7771722674369812, 0.9986644983291626, 0.9729506373405457, 0.49869492650032043, 0.9881552457809448, 0.9392989277839661, 0.4796643555164337, 0.8631594181060791, 0.5520271062850952, 0.9981393814086914, 0.6052951216697693, 0.9717081785202026, 0.9858514666557312, 0.9993647933006287]","[1, 1, 1, 1, 1, 1, 1, 0, 1, 1, 1, 1, 0, 1, 1, 1, 1, 1, 1, 1, 1, 1, 1, 1, 1, 1, 1, 1, 1, 1, 1, 1, 1, 1, 1, 1, 1, 1, 1, 1, 1, 1, 1, 1, 0, 1, 1, 1, 1, 1, 0, 1, 1, 1, 1, 1, 0, 1, 1, 1, 1, 1, 1, 1]","[0.35062915086746216, 0.23349830508232117, 0.0030030598863959312, 0.0357808992266655, 0.13498173654079437, 0.8628019690513611, 0.6283983588218689, 1.5116229057312012, 0.331476628780365, 0.25503337383270264, 0.28687936067581177, 0.06250464916229248, 0.7005288600921631, 0.022227033972740173, 0.07983596622943878, 0.0089779207482934, 0.6277347803115845, 0.04554596170783043, 0.2769773602485657, 0.07258052378892899, 0.046686455607414246, 0.03406098112463951, 0.005468312185257673, 0.08733626455068588, 0.12149438261985779, 0.0033204390201717615, 0.4106728732585907, 0.013705192133784294, 0.9848199486732483, 0.3911318778991699, 0.7991103529930115, 0.020980997011065483, 0.015118247829377651, 0.3811872601509094, 0.1264837682247162, 0.05343952775001526, 0.5405859351158142, 0.10986659675836563, 0.36666247248649597, 0.14208126068115234, 0.9115362167358398, 0.03168801590800285, 0.2277870625257492, 0.013787995092570782, 1.5340760946273804, 0.9079354405403137, 0.017401427030563354, 0.009420646354556084, 0.28988227248191833, 0.017495285719633102, 0.7009891271591187, 0.012548667378723621, 0.15740562975406647, 1.5543196201324463, 0.07805463671684265, 0.2885819971561432, 1.258609414100647, 0.5941556692123413, 1.1101446151733398, 0.01675625704228878, 1.029917597770691, 0.14544007182121277, 0.08441738784313202, 0.006500133778899908]"
59,3776,3840,64,0.890625,0.38811543583869934,clean_mnist,0.125,0.09375,0.109375,0.078125,0.078125,0.046875,0.09375,0.125,0.125,0.125,0.5758307576179504,0.17180949449539185,13.566951751708984,13.572490692138672,28.0,28.0,"[0, 0, 0, 6, 7, 9, 7, 4, 9, 9, 9, 9, 7, 6, 7, 0, 8, 3, 6, 7, 9, 1, 8, 2, 1, 8, 1, 3, 7, 7, 0, 8, 6, 0, 2, 1, 3, 2, 0, 3, 8, 4, 9, 5, 6, 6, 1, 7, 8, 8, 2, 8, 4, 0, 2, 1, 5, 2, 9, 3, 2, 4, 4, 5]","[0, 0, 0, 6, 7, 9, 7, 4, 9, 9, 9, 9, 7, 6, 7, 2, 8, 3, 6, 7, 9, 1, 7, 2, 1, 5, 1, 3, 7, 7, 0, 8, 6, 0, 3, 1, 3, 2, 6, 3, 8, 4, 9, 5, 6, 6, 1, 7, 3, 8, 2, 9, 4, 0, 2, 1, 5, 2, 9, 3, 2, 4, 4, 5]","[0.9993688464164734, 0.9994298815727234, 0.994795024394989, 0.9860481023788452, 0.9706851840019226, 0.9474642872810364, 0.9272072315216064, 0.9980760812759399, 0.9880488514900208, 0.9867165088653564, 0.8746457695960999, 0.8913410902023315, 0.7951781153678894, 0.9582303166389465, 0.9089003205299377, 0.5945309996604919, 0.9993659853935242, 0.8018679618835449, 0.5139244198799133, 0.9282057881355286, 0.9936059713363647, 0.9908521771430969, 0.5670803785324097, 0.922391951084137, 0.9985120892524719, 0.6036433577537537, 0.9992030262947083, 0.7873411178588867, 0.9644785523414612, 0.8564640283584595, 0.999829888343811, 0.9897701740264893, 0.8249364495277405, 0.9995317459106445, 0.3636856973171234, 0.9792996048927307, 0.9558253288269043, 0.9060409069061279, 0.7000635266304016, 0.9181915521621704, 0.9996132254600525, 0.9854204058647156, 0.9949240684509277, 0.9503286480903625, 0.9466056227684021, 0.9825392961502075, 0.9996428489685059, 0.9887897968292236, 0.6752805709838867, 0.9440575242042542, 0.9628969430923462, 0.5192618370056152, 0.6486183404922485, 0.9987064599990845, 0.9630866646766663, 0.9974710941314697, 0.6796032190322876, 0.6382253170013428, 0.9795745015144348, 0.9573294520378113, 0.6211392283439636, 0.9858995079994202, 0.9497697949409485, 0.5737449526786804]","[1, 1, 1, 1, 1, 1, 1, 1, 1, 1, 1, 1, 1, 1, 1, 0, 1, 1, 1, 1, 1, 1, 0, 1, 1, 0, 1, 1, 1, 1, 1, 1, 1, 1, 0, 1, 1, 1, 0, 1, 1, 1, 1, 1, 1, 1, 1, 1, 0, 1, 1, 0, 1, 1, 1, 1, 1, 1, 1, 1, 1, 1, 1, 1]","[0.006464013829827309, 0.005672883242368698, 0.04080410301685333, 0.08637015521526337, 0.16441866755485535, 0.27897101640701294, 0.3303445279598236, 0.016163058578968048, 0.07931747287511826, 0.09010736644268036, 0.5365186929702759, 0.40671026706695557, 0.8743767142295837, 0.20450612902641296, 0.4010074734687805, 1.3052797317504883, 0.006224517710506916, 0.64408278465271, 1.0949245691299438, 0.3908323347568512, 0.04637635499238968, 0.06642792373895645, 1.3275253772735596, 0.3999979794025421, 0.01281014271080494, 0.9953785538673401, 0.0077634695917367935, 0.648073136806488, 0.20679369568824768, 0.6630381345748901, 0.0019167563877999783, 0.07108005881309509, 0.7201952338218689, 0.004901854321360588, 1.5652506351470947, 0.13003286719322205, 0.2386038899421692, 0.3856886923313141, 0.7944329380989075, 0.3672509491443634, 0.00407341867685318, 0.09834516048431396, 0.03914115950465202, 0.2783251702785492, 0.27373895049095154, 0.10038761049509048, 0.0037512551061809063, 0.08128935843706131, 0.9615312814712524, 0.276361346244812, 0.17786847054958344, 0.8288680911064148, 0.9586440920829773, 0.012224096804857254, 0.21021725237369537, 0.0216982439160347, 1.141070008277893, 0.8927987217903137, 0.1199754923582077, 0.20247049629688263, 1.1846587657928467, 0.09392127394676208, 0.22759665548801422, 1.0337949991226196]"
60,3840,3904,64,0.96875,0.3065534234046936,clean_mnist,0.109375,0.15625,0.109375,0.046875,0.0625,0.078125,0.09375,0.140625,0.140625,0.0625,0.5730106234550476,0.1700311303138733,13.568011283874512,13.560436248779297,28.0,28.0,"[1, 6, 8, 7, 3, 8, 7, 9, 2, 0, 1, 1, 9, 2, 7, 3, 6, 4, 6, 5, 5, 6, 4, 7, 5, 8, 8, 9, 7, 6, 5, 2, 8, 6, 9, 5, 0, 4, 1, 8, 2, 0, 0, 8, 0, 1, 2, 7, 0, 1, 2, 8, 8, 3, 7, 7, 0, 1, 1, 7, 1, 1, 2, 4]","[7, 6, 8, 7, 3, 8, 7, 9, 2, 0, 1, 1, 9, 2, 7, 3, 6, 4, 6, 5, 5, 6, 4, 7, 5, 8, 8, 9, 7, 6, 5, 2, 8, 6, 9, 5, 0, 4, 1, 2, 2, 0, 0, 8, 0, 1, 2, 7, 0, 1, 2, 8, 8, 3, 7, 7, 0, 1, 1, 7, 1, 1, 2, 4]","[0.7459126710891724, 0.977501392364502, 0.9926521182060242, 0.9605088829994202, 0.5548861622810364, 0.9969013929367065, 0.9108365774154663, 0.8836559057235718, 0.7789672017097473, 0.9986783862113953, 0.9994866847991943, 0.9868801832199097, 0.9326354265213013, 0.9099931716918945, 0.7125309705734253, 0.9763482213020325, 0.9899023771286011, 0.9980649352073669, 0.7416366934776306, 0.8906844854354858, 0.9584860801696777, 0.9852179884910583, 0.9458554983139038, 0.7396289706230164, 0.646313488483429, 0.9882750511169434, 0.999845027923584, 0.9004338979721069, 0.9028205871582031, 0.9883930087089539, 0.41226714849472046, 0.7377839088439941, 0.999498724937439, 0.991037130355835, 0.9922800064086914, 0.8065849542617798, 0.9996742010116577, 0.9905615448951721, 0.999175488948822, 0.8356698155403137, 0.8339033126831055, 0.9996071457862854, 0.9979943037033081, 0.9987552165985107, 0.9996052384376526, 0.9904634952545166, 0.7436783313751221, 0.9523304104804993, 0.9992222785949707, 0.9979483485221863, 0.6811553835868835, 0.9905491471290588, 0.9996978044509888, 0.9774331450462341, 0.9946020841598511, 0.8346676826477051, 0.9997422099113464, 0.9553568363189697, 0.9807586073875427, 0.9088215231895447, 0.9997777342796326, 0.9957422614097595, 0.6498562097549438, 0.9979617595672607]","[0, 1, 1, 1, 1, 1, 1, 1, 1, 1, 1, 1, 1, 1, 1, 1, 1, 1, 1, 1, 1, 1, 1, 1, 1, 1, 1, 1, 1, 1, 1, 1, 1, 1, 1, 1, 1, 1, 1, 0, 1, 1, 1, 1, 1, 1, 1, 1, 1, 1, 1, 1, 1, 1, 1, 1, 1, 1, 1, 1, 1, 1, 1, 1]","[0.625131368637085, 0.1303853839635849, 0.049075767397880554, 0.23420113325119019, 1.0105187892913818, 0.026698749512434006, 0.4415498673915863, 0.44806793332099915, 0.7648830413818359, 0.012373872101306915, 0.00529939029365778, 0.08753550797700882, 0.32457277178764343, 0.40843528509140015, 1.07567298412323, 0.14921218156814575, 0.07053003460168839, 0.016792329028248787, 0.8664520382881165, 0.4684589207172394, 0.23852761089801788, 0.08744778484106064, 0.2812928855419159, 0.6999808549880981, 1.0016992092132568, 0.07970818877220154, 0.001804546918720007, 0.37761160731315613, 0.422247976064682, 0.07963069528341293, 1.3872523307800293, 0.7686195969581604, 0.004980746190994978, 0.0631590187549591, 0.05485324189066887, 0.7338762283325195, 0.003457221668213606, 0.06915049999952316, 0.008015808649361134, 0.5051075220108032, 0.6880964636802673, 0.004056621342897415, 0.01799103058874607, 0.01196538470685482, 0.004217079840600491, 0.06665250658988953, 0.8185930252075195, 0.25171762704849243, 0.007642049808055162, 0.01818833127617836, 0.9968850612640381, 0.07027284055948257, 0.0033012188505381346, 0.14075380563735962, 0.040492407977581024, 0.6693587303161621, 0.002868584357202053, 0.23906733095645905, 0.12257218360900879, 0.44271695613861084, 0.0024570785462856293, 0.035304635763168335, 0.8618207573890686, 0.018157225102186203]"
61,3904,3968,64,0.9375,0.3484323024749756,clean_mnist,0.109375,0.109375,0.078125,0.078125,0.078125,0.015625,0.171875,0.140625,0.109375,0.109375,0.5752253532409668,0.1713988482952118,13.564092636108398,13.561539649963379,28.0,28.0,"[9, 4, 0, 6, 6, 7, 6, 4, 9, 9, 7, 7, 7, 2, 8, 6, 3, 6, 5, 3, 2, 9, 1, 9, 8, 0, 2, 8, 6, 7, 2, 9, 6, 0, 3, 6, 7, 3, 7, 0, 8, 4, 4, 6, 7, 3, 0, 7, 6, 0, 1, 1, 1, 4, 8, 8, 6, 8, 1, 1, 0, 2, 1, 9]","[9, 4, 0, 5, 6, 7, 6, 4, 9, 9, 7, 7, 7, 2, 8, 6, 3, 5, 5, 3, 2, 9, 1, 9, 8, 0, 2, 8, 6, 7, 2, 9, 6, 0, 3, 6, 7, 3, 7, 0, 5, 4, 4, 6, 7, 3, 6, 7, 6, 0, 1, 1, 1, 4, 8, 8, 6, 8, 1, 1, 0, 2, 1, 9]","[0.9853522181510925, 0.9945226907730103, 0.9990653395652771, 0.8576894998550415, 0.9474581480026245, 0.8891395330429077, 0.910116970539093, 0.9981847405433655, 0.7997623682022095, 0.8155152201652527, 0.5364364385604858, 0.9275652766227722, 0.7831680178642273, 0.934450626373291, 0.9863719344139099, 0.9885464906692505, 0.9916163086891174, 0.5166433453559875, 0.885228157043457, 0.8476060628890991, 0.8848274946212769, 0.8778336048126221, 0.9996761083602905, 0.8987362384796143, 0.9389196634292603, 0.9990536570549011, 0.5592244267463684, 0.9765276908874512, 0.9680307507514954, 0.762373149394989, 0.9856472015380859, 0.8096307516098022, 0.9734958410263062, 0.995571494102478, 0.9031029343605042, 0.9851006865501404, 0.5537883043289185, 0.8576601147651672, 0.855156660079956, 0.999224066734314, 0.7578244209289551, 0.9909166693687439, 0.8574333190917969, 0.9311370253562927, 0.44940200448036194, 0.8507274985313416, 0.6120011806488037, 0.945771336555481, 0.8883447051048279, 0.998806357383728, 0.9996681213378906, 0.9974149465560913, 0.9861651659011841, 0.9672309160232544, 0.9801182746887207, 0.996408998966217, 0.8889331817626953, 0.9892400503158569, 0.9991937279701233, 0.9980114698410034, 0.9980804920196533, 0.9444990754127502, 0.9991525411605835, 0.9422968029975891]","[1, 1, 1, 0, 1, 1, 1, 1, 1, 1, 1, 1, 1, 1, 1, 1, 1, 0, 1, 1, 1, 1, 1, 1, 1, 1, 1, 1, 1, 1, 1, 1, 1, 1, 1, 1, 1, 1, 1, 1, 0, 1, 1, 1, 1, 1, 0, 1, 1, 1, 1, 1, 1, 1, 1, 1, 1, 1, 1, 1, 1, 1, 1, 1]","[0.09669878333806992, 0.04181935638189316, 0.00907236896455288, 0.5991040468215942, 0.23678742349147797, 0.5079091787338257, 0.4142685532569885, 0.014479685574769974, 0.7709276080131531, 0.5816254615783691, 0.8514450192451477, 0.38173654675483704, 0.805029571056366, 0.29463326930999756, 0.09653540700674057, 0.08062081784009933, 0.0628146231174469, 1.0271369218826294, 0.5376242995262146, 0.5022779107093811, 0.5431746244430542, 0.41553011536598206, 0.003528399858623743, 0.3996955454349518, 0.3183092474937439, 0.009229261428117752, 1.2354830503463745, 0.14385026693344116, 0.1758985072374344, 0.7405150532722473, 0.09500303119421005, 0.5572146773338318, 0.14032064378261566, 0.03464268893003464, 0.43089380860328674, 0.09373998641967773, 0.8692049980163574, 0.5958106517791748, 0.6507351994514465, 0.007448934949934483, 0.914219856262207, 0.06273026764392853, 0.5838404893875122, 0.3384625017642975, 1.283862829208374, 0.5535692572593689, 0.7276310324668884, 0.30404719710350037, 0.4884816110134125, 0.010480128228664398, 0.0035813264548778534, 0.021733775734901428, 0.09837205708026886, 0.1900728940963745, 0.13019709289073944, 0.029077686369419098, 0.51175457239151, 0.07505405694246292, 0.008028887212276459, 0.01762833446264267, 0.01737114228308201, 0.2734171748161316, 0.008285850286483765, 0.2749941051006317]"
62,3968,4032,64,0.890625,0.416912317276001,clean_mnist,0.09375,0.125,0.078125,0.09375,0.0625,0.0625,0.09375,0.0625,0.203125,0.125,0.5750482678413391,0.17140460014343262,13.565971374511719,13.57165813446045,28.0,28.0,"[8, 3, 9, 1, 8, 4, 5, 8, 8, 9, 4, 8, 2, 2, 9, 8, 4, 6, 8, 9, 8, 2, 4, 9, 7, 6, 6, 3, 1, 3, 9, 6, 7, 3, 0, 1, 0, 8, 8, 5, 0, 0, 1, 3, 1, 1, 1, 5, 2, 5, 6, 9, 7, 8, 3, 0, 7, 8, 9, 0, 8, 1, 6, 2]","[8, 3, 9, 1, 5, 4, 5, 2, 8, 9, 4, 8, 2, 2, 9, 8, 4, 6, 8, 9, 5, 2, 4, 9, 7, 6, 6, 3, 1, 3, 9, 6, 7, 3, 0, 1, 5, 2, 8, 5, 0, 0, 1, 3, 1, 1, 1, 5, 2, 5, 6, 9, 7, 8, 3, 0, 7, 9, 9, 0, 2, 1, 6, 2]","[0.988654613494873, 0.9150602221488953, 0.6278408169746399, 0.9981714487075806, 0.42758405208587646, 0.943801760673523, 0.701444149017334, 0.568560779094696, 0.9996740818023682, 0.8146936297416687, 0.989228367805481, 0.999771773815155, 0.5302148461341858, 0.7231882214546204, 0.872134268283844, 0.994093120098114, 0.7896742224693298, 0.9810856580734253, 0.9979890584945679, 0.8720347285270691, 0.4157065451145172, 0.6041317582130432, 0.9940154552459717, 0.8828261494636536, 0.9466378092765808, 0.9712091088294983, 0.976439893245697, 0.9893167614936829, 0.9995092153549194, 0.9558462500572205, 0.8622891306877136, 0.9426113963127136, 0.9438039660453796, 0.9540842175483704, 0.9992371797561646, 0.9986714124679565, 0.6450406312942505, 0.5816372632980347, 0.9917349815368652, 0.9368607401847839, 0.9992000460624695, 0.9983111619949341, 0.9995194673538208, 0.9416803121566772, 0.99937903881073, 0.9965744018554688, 0.9808727502822876, 0.8674357533454895, 0.6726558208465576, 0.6594586372375488, 0.9923874139785767, 0.8875651359558105, 0.9962789416313171, 0.9830085039138794, 0.987650990486145, 0.9996033310890198, 0.46959665417671204, 0.6855550408363342, 0.9657852649688721, 0.9960970282554626, 0.7448619604110718, 0.9841521978378296, 0.8170141577720642, 0.5944696664810181]","[1, 1, 1, 1, 0, 1, 1, 0, 1, 1, 1, 1, 1, 1, 1, 1, 1, 1, 1, 1, 0, 1, 1, 1, 1, 1, 1, 1, 1, 1, 1, 1, 1, 1, 1, 1, 0, 0, 1, 1, 1, 1, 1, 1, 1, 1, 1, 1, 1, 1, 1, 1, 1, 1, 1, 1, 1, 0, 1, 1, 0, 1, 1, 1]","[0.08238036930561066, 0.4170445203781128, 1.241673469543457, 0.016214519739151, 1.4180954694747925, 0.31199735403060913, 0.8249553442001343, 0.9016411304473877, 0.003482069121673703, 0.5958397388458252, 0.07290146499872208, 0.002563917078077793, 1.3787823915481567, 0.7319468855857849, 0.5458215475082397, 0.046668875962495804, 0.7800316214561462, 0.10957326740026474, 0.017158087342977524, 0.44900214672088623, 1.3516689538955688, 0.9970289468765259, 0.043533168733119965, 0.43014904856681824, 0.2783258557319641, 0.159567192196846, 0.14244666695594788, 0.07124008983373642, 0.005123102106153965, 0.22864218056201935, 0.4652300477027893, 0.2694764733314514, 0.2939968705177307, 0.2522260844707489, 0.007624795660376549, 0.012506230734288692, 1.1868245601654053, 0.933883547782898, 0.05898883566260338, 0.33532989025115967, 0.007657149340957403, 0.01561022363603115, 0.004978684242814779, 0.27087724208831787, 0.006108378060162067, 0.028800414875149727, 0.12317398935556412, 0.5541151762008667, 1.0353691577911377, 1.0953501462936401, 0.05633921921253204, 0.4160122573375702, 0.029760664328932762, 0.11257714033126831, 0.08427697420120239, 0.00415459368377924, 1.5060855150222778, 0.6552387475967407, 0.2005348801612854, 0.03159259259700775, 0.8360371589660645, 0.10733851790428162, 0.6450887322425842, 1.3837237358093262]"
63,4032,4096,64,0.953125,0.37925657629966736,clean_mnist,0.0625,0.109375,0.0625,0.046875,0.078125,0.078125,0.125,0.109375,0.15625,0.171875,0.5800192356109619,0.17659085988998413,13.56921100616455,13.577508926391602,28.0,28.0,"[9, 3, 7, 4, 8, 5, 4, 6, 8, 7, 7, 8, 0, 9, 7, 0, 5, 1, 9, 2, 8, 3, 6, 4, 9, 5, 8, 6, 9, 7, 8, 8, 1, 9, 1, 0, 1, 1, 1, 2, 6, 3, 7, 4, 5, 5, 6, 6, 2, 7, 0, 8, 8, 9, 2, 6, 4, 1, 6, 9, 9, 9, 8, 9]","[9, 3, 7, 4, 8, 5, 4, 6, 8, 7, 7, 8, 0, 9, 7, 0, 5, 1, 9, 2, 8, 3, 6, 4, 9, 5, 8, 6, 9, 7, 5, 8, 1, 9, 1, 0, 3, 1, 1, 2, 6, 3, 7, 4, 5, 5, 6, 6, 2, 7, 0, 8, 8, 9, 2, 6, 4, 1, 6, 9, 9, 9, 3, 9]","[0.9799521565437317, 0.9313459396362305, 0.7594942450523376, 0.9968955516815186, 0.9984051585197449, 0.6239068508148193, 0.9552825093269348, 0.9047182202339172, 0.9987165927886963, 0.9831448793411255, 0.631222128868103, 0.9986934065818787, 0.9995181560516357, 0.779620885848999, 0.7752246856689453, 0.9984306693077087, 0.7823222279548645, 0.9898592829704285, 0.8680298328399658, 0.7185957431793213, 0.9992333650588989, 0.9677467942237854, 0.9746434688568115, 0.9909528493881226, 0.9929775595664978, 0.877528190612793, 0.9040716886520386, 0.9734410643577576, 0.9629637002944946, 0.9475354552268982, 0.8250325322151184, 0.9701444506645203, 0.9973880648612976, 0.9703322649002075, 0.7886699438095093, 0.9991366267204285, 0.5229862928390503, 0.9883710145950317, 0.9995614886283875, 0.8653307557106018, 0.9856677055358887, 0.8641018867492676, 0.7829681634902954, 0.9298344850540161, 0.9269766807556152, 0.6029500365257263, 0.9092851877212524, 0.9770641922950745, 0.6028088927268982, 0.9309186935424805, 0.9996711015701294, 0.8767693042755127, 0.9990078806877136, 0.6826043128967285, 0.7807791233062744, 0.9773255586624146, 0.942253828048706, 0.9976152181625366, 0.9768438935279846, 0.9566464424133301, 0.8908841609954834, 0.9542003273963928, 0.5232090353965759, 0.928803026676178]","[1, 1, 1, 1, 1, 1, 1, 1, 1, 1, 1, 1, 1, 1, 1, 1, 1, 1, 1, 1, 1, 1, 1, 1, 1, 1, 1, 1, 1, 1, 0, 1, 1, 1, 1, 1, 0, 1, 1, 1, 1, 1, 1, 1, 1, 1, 1, 1, 1, 1, 1, 1, 1, 1, 1, 1, 1, 1, 1, 1, 1, 1, 0, 1]","[0.13207697868347168, 0.32061243057250977, 0.9342237710952759, 0.02561144158244133, 0.014277419075369835, 0.84974604845047, 0.2397579401731491, 0.44476181268692017, 0.011617290787398815, 0.10770732909440994, 1.302372932434082, 0.012246101163327694, 0.0050436267629265785, 0.6963675618171692, 0.8804339170455933, 0.01447937823832035, 0.8116543292999268, 0.07416778057813644, 0.5715782642364502, 1.0609126091003418, 0.0072370669804513454, 0.20293502509593964, 0.13934139907360077, 0.06540686637163162, 0.050631798803806305, 0.5046209692955017, 0.4724251329898834, 0.16703695058822632, 0.21449995040893555, 0.27785611152648926, 0.7623308897018433, 0.18455998599529266, 0.02296595647931099, 0.177885964512825, 0.899270236492157, 0.008531894534826279, 1.2476552724838257, 0.0815008133649826, 0.004625146277248859, 0.5996009707450867, 0.09640706330537796, 0.621401309967041, 0.7102670073509216, 0.37422052025794983, 0.36085596680641174, 1.1563711166381836, 0.38511937856674194, 0.1429736316204071, 0.7693499326705933, 0.3203467130661011, 0.0034972825087606907, 0.5655462741851807, 0.00972847081720829, 0.8733855485916138, 0.6191635727882385, 0.1362432986497879, 0.27657121419906616, 0.020796068012714386, 0.13827867805957794, 0.2190549522638321, 0.44341325759887695, 0.25791722536087036, 0.8333027362823486, 0.33764132857322693]"
64,4096,4160,64,0.90625,0.4032561182975769,clean_mnist,0.109375,0.140625,0.046875,0.0625,0.15625,0.078125,0.078125,0.078125,0.171875,0.078125,0.5744941234588623,0.17139272391796112,13.571070671081543,13.564216613769531,28.0,28.0,"[2, 4, 9, 4, 8, 3, 4, 8, 5, 1, 0, 4, 0, 1, 6, 8, 6, 5, 4, 0, 7, 8, 9, 5, 1, 3, 7, 0, 9, 4, 5, 9, 1, 1, 7, 7, 4, 4, 5, 4, 8, 1, 3, 8, 1, 7, 0, 6, 2, 0, 4, 8, 8, 1, 6, 8, 1, 8, 3, 6, 8, 2, 9, 0]","[2, 4, 9, 4, 8, 3, 4, 8, 5, 1, 0, 4, 0, 1, 6, 2, 6, 5, 4, 0, 7, 9, 9, 5, 1, 3, 9, 0, 9, 4, 5, 9, 1, 1, 7, 7, 4, 4, 5, 4, 3, 1, 3, 8, 1, 7, 0, 6, 2, 0, 4, 8, 8, 1, 6, 8, 1, 2, 3, 6, 3, 2, 9, 0]","[0.6449930667877197, 0.9979472756385803, 0.9912697076797485, 0.9879094958305359, 0.9968957901000977, 0.957520604133606, 0.9996654987335205, 0.9837972521781921, 0.7854598760604858, 0.9767911434173584, 0.9992607235908508, 0.9936530590057373, 0.9995254278182983, 0.9872172474861145, 0.5246922969818115, 0.5578540563583374, 0.9848040342330933, 0.5599334836006165, 0.9853319525718689, 0.9752731323242188, 0.7596041560173035, 0.5132781863212585, 0.9417563676834106, 0.6656551957130432, 0.998586893081665, 0.9848664402961731, 0.38373255729675293, 0.9951351284980774, 0.8785404562950134, 0.989404559135437, 0.7136729955673218, 0.9595533013343811, 0.9901776909828186, 0.8827999830245972, 0.9597320556640625, 0.8761740922927856, 0.9986203908920288, 0.9825186729431152, 0.724267303943634, 0.9885184168815613, 0.7152997851371765, 0.9734361171722412, 0.8738848567008972, 0.9729578495025635, 0.9987241625785828, 0.9338906407356262, 0.8756242394447327, 0.6671979427337646, 0.7481188178062439, 0.9816595911979675, 0.9193071722984314, 0.9702489972114563, 0.99134361743927, 0.9333839416503906, 0.736707866191864, 0.9717541933059692, 0.9963569045066833, 0.8866201639175415, 0.8740620613098145, 0.9894485473632812, 0.47088050842285156, 0.462573379278183, 0.6237025856971741, 0.9995689988136292]","[1, 1, 1, 1, 1, 1, 1, 1, 1, 1, 1, 1, 1, 1, 1, 0, 1, 1, 1, 1, 1, 0, 1, 1, 1, 1, 0, 1, 1, 1, 1, 1, 1, 1, 1, 1, 1, 1, 1, 1, 0, 1, 1, 1, 1, 1, 1, 1, 1, 1, 1, 1, 1, 1, 1, 1, 1, 0, 1, 1, 0, 1, 1, 1]","[0.8643059134483337, 0.018165629357099533, 0.061995260417461395, 0.07798831164836884, 0.024090617895126343, 0.2223528027534485, 0.003419050481170416, 0.10839705169200897, 0.7815197706222534, 0.1424848437309265, 0.0073094419203698635, 0.04706333950161934, 0.004835124593228102, 0.08683126419782639, 0.9282829761505127, 1.1599535942077637, 0.09930982440710068, 1.1210423707962036, 0.08150193840265274, 0.1621721088886261, 0.8078384399414062, 0.7967399954795837, 0.2904950976371765, 1.1611437797546387, 0.012974031269550323, 0.09712112694978714, 1.48589289188385, 0.03851458802819252, 0.46787944436073303, 0.07187418639659882, 0.8690873980522156, 0.2330062985420227, 0.06496948003768921, 0.541323721408844, 0.22297245264053345, 0.5355685949325562, 0.01195243839174509, 0.11012408137321472, 0.9978281855583191, 0.07895174622535706, 0.6746533513069153, 0.16501833498477936, 0.416393905878067, 0.16404280066490173, 0.01211751438677311, 0.34432974457740784, 0.5032356977462769, 0.9099068641662598, 0.5878530144691467, 0.1184576153755188, 0.32336196303367615, 0.1783542037010193, 0.06231975555419922, 0.3321187496185303, 0.7322819232940674, 0.1750638782978058, 0.0297636017203331, 0.5507469773292542, 0.5570725202560425, 0.07566285133361816, 1.4769001007080078, 1.6120944023132324, 0.9028406739234924, 0.0045218076556921005]"
65,4160,4224,64,0.90625,0.3643738925457001,clean_mnist,0.09375,0.15625,0.078125,0.09375,0.125,0.078125,0.09375,0.109375,0.078125,0.09375,0.5722637176513672,0.16838254034519196,13.56551742553711,13.5621337890625,28.0,28.0,"[1, 9, 1, 1, 7, 8, 1, 3, 5, 4, 6, 5, 4, 7, 4, 7, 8, 5, 4, 3, 4, 0, 2, 2, 9, 8, 1, 2, 6, 7, 1, 3, 5, 1, 5, 4, 3, 4, 6, 3, 1, 0, 1, 0, 1, 4, 9, 7, 2, 9, 6, 7, 2, 8, 6, 8, 0, 7, 0, 9, 0, 6, 9, 3]","[1, 9, 1, 1, 7, 2, 1, 5, 5, 4, 6, 5, 4, 7, 4, 7, 8, 5, 4, 3, 4, 0, 2, 2, 5, 2, 1, 2, 6, 7, 1, 3, 5, 1, 5, 4, 3, 4, 6, 3, 7, 0, 1, 0, 2, 4, 9, 7, 2, 9, 6, 7, 2, 8, 6, 8, 0, 7, 0, 9, 0, 6, 9, 3]","[0.9957584738731384, 0.9472675323486328, 0.9996364116668701, 0.9881563186645508, 0.7581615447998047, 0.7665125131607056, 0.9986187219619751, 0.5359150171279907, 0.8991369605064392, 0.9949206709861755, 0.7789685726165771, 0.8714777827262878, 0.9936559200286865, 0.9880667924880981, 0.9796349406242371, 0.9613639712333679, 0.9967767596244812, 0.8002416491508484, 0.6583811044692993, 0.9842867851257324, 0.9956183433532715, 0.9916459918022156, 0.4019180238246918, 0.8726193904876709, 0.3701934516429901, 0.5113971829414368, 0.9994364380836487, 0.9317747950553894, 0.9951919317245483, 0.9756006002426147, 0.9977405071258545, 0.9979653358459473, 0.4388229548931122, 0.9942873120307922, 0.9236501455307007, 0.9507753252983093, 0.9099264144897461, 0.9599472880363464, 0.9844217300415039, 0.9859271049499512, 0.6801242232322693, 0.7842526435852051, 0.9996179342269897, 0.9971304535865784, 0.6985702514648438, 0.6668129563331604, 0.9852442741394043, 0.9536734223365784, 0.7400943636894226, 0.8648958206176758, 0.9170085191726685, 0.9769964814186096, 0.8430967926979065, 0.991934061050415, 0.9751477241516113, 0.9931437969207764, 0.999529242515564, 0.958500862121582, 0.9996159076690674, 0.9705249071121216, 0.9991262555122375, 0.8876444697380066, 0.9667955040931702, 0.9756348729133606]","[1, 1, 1, 1, 1, 0, 1, 0, 1, 1, 1, 1, 1, 1, 1, 1, 1, 1, 1, 1, 1, 1, 1, 1, 0, 0, 1, 1, 1, 1, 1, 1, 1, 1, 1, 1, 1, 1, 1, 1, 0, 1, 1, 1, 0, 1, 1, 1, 1, 1, 1, 1, 1, 1, 1, 1, 1, 1, 1, 1, 1, 1, 1, 1]","[0.034540534019470215, 0.2756325602531433, 0.0038415370509028435, 0.08548607677221298, 0.8420392870903015, 0.916412889957428, 0.0128345200791955, 0.9850155115127563, 0.4243446886539459, 0.035940464586019516, 0.7637878656387329, 0.5838324427604675, 0.04571736976504326, 0.0839475765824318, 0.10583307594060898, 0.22365716099739075, 0.025999970734119415, 0.7806270718574524, 1.0262280702590942, 0.09935963898897171, 0.03264592960476875, 0.06261562556028366, 1.322867512702942, 0.6047622561454773, 1.4988828897476196, 1.5203922986984253, 0.005783705972135067, 0.3545307517051697, 0.03584286943078041, 0.13687340915203094, 0.01990870013833046, 0.01756557635962963, 1.1521791219711304, 0.04475037008523941, 0.3916001319885254, 0.2303808331489563, 0.37715935707092285, 0.225276380777359, 0.097307950258255, 0.09466614574193954, 0.7778728604316711, 0.8889280557632446, 0.004010255914181471, 0.025382017716765404, 0.8548049926757812, 0.9511024355888367, 0.09624344855546951, 0.2423175871372223, 0.780327558517456, 0.5822503566741943, 0.38078901171684265, 0.1391553282737732, 0.5477235913276672, 0.05997881293296814, 0.14856623113155365, 0.052486151456832886, 0.004943042527884245, 0.23693646490573883, 0.00402656989172101, 0.1638040989637375, 0.008581899106502533, 0.46378058195114136, 0.1750277578830719, 0.1498180478811264]"
66,4224,4288,64,0.96875,0.3599417507648468,clean_mnist,0.09375,0.09375,0.0625,0.203125,0.109375,0.03125,0.09375,0.125,0.125,0.0625,0.5791434049606323,0.1755407750606537,13.56747055053711,13.565967559814453,28.0,28.0,"[4, 1, 7, 7, 4, 9, 2, 6, 6, 3, 3, 3, 3, 1, 3, 0, 4, 2, 7, 6, 9, 0, 3, 5, 1, 6, 3, 6, 4, 8, 7, 7, 3, 3, 8, 5, 9, 8, 3, 3, 4, 0, 7, 1, 6, 2, 0, 3, 8, 7, 4, 8, 8, 9, 2, 0, 1, 3, 8, 4, 0, 7, 1, 8]","[4, 1, 7, 7, 4, 9, 2, 6, 6, 3, 3, 3, 3, 1, 3, 0, 4, 2, 7, 6, 9, 0, 3, 5, 1, 6, 3, 6, 4, 8, 7, 7, 3, 3, 8, 5, 9, 8, 3, 3, 4, 0, 7, 1, 6, 2, 0, 3, 8, 7, 4, 8, 3, 9, 2, 0, 7, 3, 8, 4, 0, 7, 1, 8]","[0.9024178385734558, 0.9739499092102051, 0.6092379093170166, 0.9912683963775635, 0.9328439831733704, 0.9353544116020203, 0.9141280055046082, 0.8927975296974182, 0.9712228178977966, 0.9787989854812622, 0.6602573394775391, 0.9906084537506104, 0.9897191524505615, 0.9552724957466125, 0.9889631271362305, 0.991630494594574, 0.9713391065597534, 0.8042320013046265, 0.9215682148933411, 0.6693281531333923, 0.9748671650886536, 0.998994767665863, 0.8961318731307983, 0.9549826979637146, 0.995064914226532, 0.9637971520423889, 0.6624337434768677, 0.9904816746711731, 0.9983306527137756, 0.9410081505775452, 0.9835036993026733, 0.9854552745819092, 0.6475591659545898, 0.8705456852912903, 0.7235397100448608, 0.8602742552757263, 0.9947633147239685, 0.9942970871925354, 0.8211554288864136, 0.9388461112976074, 0.9583699107170105, 0.9894547462463379, 0.8971370458602905, 0.9975837469100952, 0.9228869676589966, 0.8010868430137634, 0.9953807592391968, 0.747921884059906, 0.9777747392654419, 0.6761566996574402, 0.9907073974609375, 0.9973304271697998, 0.33103302121162415, 0.980275571346283, 0.7035253047943115, 0.9923646450042725, 0.7490220665931702, 0.6986863017082214, 0.9887075424194336, 0.9949902892112732, 0.9995378255844116, 0.8753484487533569, 0.9989079236984253, 0.9984947443008423]","[1, 1, 1, 1, 1, 1, 1, 1, 1, 1, 1, 1, 1, 1, 1, 1, 1, 1, 1, 1, 1, 1, 1, 1, 1, 1, 1, 1, 1, 1, 1, 1, 1, 1, 1, 1, 1, 1, 1, 1, 1, 1, 1, 1, 1, 1, 1, 1, 1, 1, 1, 1, 0, 1, 1, 1, 0, 1, 1, 1, 1, 1, 1, 1]","[0.4162862002849579, 0.15844684839248657, 1.220726728439331, 0.06149200722575188, 0.2990432381629944, 0.28028571605682373, 0.4165002405643463, 0.4235498309135437, 0.15318699181079865, 0.1251363605260849, 1.2051414251327515, 0.06575766205787659, 0.0703965499997139, 0.24337095022201538, 0.07686899602413177, 0.06334183365106583, 0.16630230844020844, 0.7341358661651611, 0.3353500962257385, 0.9667155742645264, 0.1364271491765976, 0.009916824288666248, 0.4769793450832367, 0.2610416114330292, 0.03713158518075943, 0.20193301141262054, 0.7239096760749817, 0.06792975962162018, 0.014092153869569302, 0.308118999004364, 0.11414393782615662, 0.09957882016897202, 1.0178179740905762, 0.4828771650791168, 0.9965829253196716, 0.5957419276237488, 0.041116952896118164, 0.041533805429935455, 0.7058166265487671, 0.3191929757595062, 0.22087280452251434, 0.07645802199840546, 0.3647434115409851, 0.0212507676333189, 0.3494262397289276, 0.7792048454284668, 0.038172826170921326, 0.7108181118965149, 0.1437855362892151, 0.9901635050773621, 0.05901231989264488, 0.022667622193694115, 1.7730090618133545, 0.12396351248025894, 0.9658192992210388, 0.05285852029919624, 0.7385543584823608, 0.8184922933578491, 0.07548143714666367, 0.03670809417963028, 0.004900139290839434, 0.5116097927093506, 0.010558349080383778, 0.013823313638567924]"
67,4288,4352,64,0.890625,0.4106762409210205,clean_mnist,0.15625,0.125,0.03125,0.0625,0.0625,0.0625,0.0625,0.140625,0.140625,0.15625,0.5748897790908813,0.17169813811779022,13.571137428283691,13.561487197875977,28.0,28.0,"[0, 0, 8, 1, 9, 2, 1, 8, 7, 4, 7, 5, 1, 6, 5, 7, 5, 8, 9, 9, 8, 8, 0, 1, 5, 9, 6, 9, 0, 7, 4, 1, 9, 0, 8, 9, 8, 0, 7, 8, 3, 9, 7, 7, 1, 1, 7, 3, 4, 6, 7, 3, 0, 2, 3, 0, 0, 9, 4, 0, 8, 6, 9, 1]","[0, 0, 5, 1, 4, 2, 1, 3, 7, 4, 7, 5, 1, 6, 5, 7, 5, 8, 9, 9, 8, 5, 0, 1, 5, 9, 6, 9, 0, 7, 4, 1, 9, 0, 2, 9, 8, 0, 7, 5, 3, 9, 7, 7, 7, 1, 7, 3, 4, 6, 7, 3, 0, 2, 3, 0, 0, 9, 4, 0, 8, 6, 9, 1]","[0.9996829032897949, 0.9959244728088379, 0.3115673363208771, 0.9978746175765991, 0.7404277920722961, 0.6098412871360779, 0.9989437460899353, 0.6797524690628052, 0.9684136509895325, 0.9937773942947388, 0.986775815486908, 0.8900876641273499, 0.9991625547409058, 0.9027968645095825, 0.8875284194946289, 0.9540744423866272, 0.9193309545516968, 0.9890275001525879, 0.921488344669342, 0.9454894065856934, 0.9897951483726501, 0.5678514838218689, 0.9995793700218201, 0.9960147142410278, 0.8288465738296509, 0.9530158042907715, 0.5990821719169617, 0.7185836434364319, 0.9954851865768433, 0.3900349736213684, 0.9660081267356873, 0.9938029050827026, 0.9891562461853027, 0.9989237189292908, 0.3550095856189728, 0.9460921287536621, 0.9976122379302979, 0.9822955131530762, 0.9923997521400452, 0.5104718804359436, 0.9404600262641907, 0.6692505478858948, 0.9928491115570068, 0.6905739307403564, 0.3124374449253082, 0.9905607104301453, 0.7204890251159668, 0.5827515721321106, 0.9856232404708862, 0.8714056015014648, 0.9549942016601562, 0.8678480386734009, 0.995162844657898, 0.8733436465263367, 0.9556512236595154, 0.9982258677482605, 0.9998058676719666, 0.9503467082977295, 0.8769770264625549, 0.9984914064407349, 0.9960588216781616, 0.5225748419761658, 0.9778903126716614, 0.9956411123275757]","[1, 1, 0, 1, 0, 1, 1, 0, 1, 1, 1, 1, 1, 1, 1, 1, 1, 1, 1, 1, 1, 0, 1, 1, 1, 1, 1, 1, 1, 1, 1, 1, 1, 1, 0, 1, 1, 1, 1, 0, 1, 1, 1, 1, 0, 1, 1, 1, 1, 1, 1, 1, 1, 1, 1, 1, 1, 1, 1, 1, 1, 1, 1, 1]","[0.0034680869430303574, 0.03308122977614403, 1.7021582126617432, 0.01891172304749489, 0.7767001986503601, 1.0603606700897217, 0.01018067728728056, 0.7828674912452698, 0.18715891242027283, 0.048568245023489, 0.08581651002168655, 0.4808320999145508, 0.008255100809037685, 0.40342798829078674, 0.5141547322273254, 0.2612628638744354, 0.42548033595085144, 0.07478100806474686, 0.30470457673072815, 0.2950786352157593, 0.06813821941614151, 1.159231185913086, 0.004101108759641647, 0.03322567418217659, 0.7066632509231567, 0.25687915086746216, 0.8501052260398865, 0.839115560054779, 0.035821132361888885, 1.4329979419708252, 0.19548358023166656, 0.048763249069452286, 0.06760776042938232, 0.010397831909358501, 1.4258708953857422, 0.2903582751750946, 0.020583251491189003, 0.11923141777515411, 0.0533941350877285, 0.9145954847335815, 0.263139933347702, 0.9021737575531006, 0.05209432914853096, 1.1419360637664795, 1.8124208450317383, 0.06961450725793839, 0.810912013053894, 0.9356642365455627, 0.0871061384677887, 0.48988816142082214, 0.2547549605369568, 0.4987938404083252, 0.03691728413105011, 0.4724652171134949, 0.2291235625743866, 0.01614633947610855, 0.002150041749700904, 0.24014464020729065, 0.5429067015647888, 0.013880244456231594, 0.03237161412835121, 1.2090240716934204, 0.12395049631595612, 0.03588617220520973]"
68,4352,4416,64,0.9375,0.37244510650634766,clean_mnist,0.078125,0.09375,0.09375,0.078125,0.109375,0.046875,0.109375,0.171875,0.15625,0.0625,0.5705273747444153,0.16747769713401794,13.555980682373047,13.559000968933105,28.0,28.0,"[3, 7, 7, 2, 0, 8, 7, 3, 6, 4, 0, 7, 6, 6, 7, 6, 9, 3, 8, 2, 7, 8, 0, 8, 5, 9, 9, 4, 2, 8, 4, 8, 8, 7, 4, 1, 8, 0, 1, 8, 6, 7, 7, 7, 7, 8, 2, 9, 3, 2, 6, 3, 6, 1, 4, 1, 1, 4, 4, 5, 1, 5, 2, 0]","[3, 7, 7, 2, 0, 8, 7, 3, 6, 4, 9, 7, 6, 6, 7, 6, 9, 3, 8, 2, 7, 3, 0, 8, 5, 9, 9, 4, 2, 8, 4, 8, 8, 7, 4, 1, 8, 0, 1, 8, 6, 7, 7, 7, 7, 5, 2, 9, 3, 2, 6, 3, 6, 1, 4, 1, 6, 4, 4, 5, 1, 5, 2, 0]","[0.9832037687301636, 0.8840521574020386, 0.9932774901390076, 0.5040971040725708, 0.989658772945404, 0.995975911617279, 0.8891772031784058, 0.9304932355880737, 0.9269696474075317, 0.9975829124450684, 0.6465378403663635, 0.842570960521698, 0.9060074687004089, 0.9218286275863647, 0.9290844798088074, 0.9776037931442261, 0.9148675203323364, 0.9148155450820923, 0.9983614087104797, 0.955743670463562, 0.6760221123695374, 0.8901602029800415, 0.9990049004554749, 0.996239185333252, 0.8843206167221069, 0.9307695627212524, 0.6460981369018555, 0.982742428779602, 0.7962999939918518, 0.9979400038719177, 0.3928956687450409, 0.9995777010917664, 0.9978856444358826, 0.9639490842819214, 0.8999903798103333, 0.9938176274299622, 0.994312047958374, 0.999128520488739, 0.9992234706878662, 0.998900294303894, 0.8164946436882019, 0.8527100682258606, 0.9843769073486328, 0.8422520160675049, 0.9699100852012634, 0.43769964575767517, 0.9628512859344482, 0.9446713328361511, 0.9388597011566162, 0.8681548833847046, 0.3836117684841156, 0.7100727558135986, 0.9773486852645874, 0.9938539266586304, 0.9970676302909851, 0.99224454164505, 0.5297983288764954, 0.9962714910507202, 0.9975429773330688, 0.8175233602523804, 0.99665367603302, 0.5313644409179688, 0.661101222038269, 0.999363124370575]","[1, 1, 1, 1, 1, 1, 1, 1, 1, 1, 0, 1, 1, 1, 1, 1, 1, 1, 1, 1, 1, 0, 1, 1, 1, 1, 1, 1, 1, 1, 1, 1, 1, 1, 1, 1, 1, 1, 1, 1, 1, 1, 1, 1, 1, 0, 1, 1, 1, 1, 1, 1, 1, 1, 1, 1, 0, 1, 1, 1, 1, 1, 1, 1]","[0.10246475785970688, 0.4489368200302124, 0.052406635135412216, 1.55587899684906, 0.07477213442325592, 0.03261870518326759, 0.41360440850257874, 0.35117268562316895, 0.2983410954475403, 0.01981648989021778, 0.8089319467544556, 0.6507030129432678, 0.35329097509384155, 0.3603379428386688, 0.35593846440315247, 0.12423280626535416, 0.35186681151390076, 0.38034164905548096, 0.014782472513616085, 0.24156594276428223, 0.8276292085647583, 0.4500223696231842, 0.009495333768427372, 0.031079508364200592, 0.5171586275100708, 0.3140029013156891, 0.8487104773521423, 0.10476907342672348, 0.7466247081756592, 0.018366841599345207, 1.6130774021148682, 0.004329400602728128, 0.01832984760403633, 0.21281547844409943, 0.3982487618923187, 0.047485701739788055, 0.04400327056646347, 0.00867939181625843, 0.007732979487627745, 0.010473787784576416, 0.7720232605934143, 0.6010885238647461, 0.1032571867108345, 0.6471596956253052, 0.15214325487613678, 1.2127166986465454, 0.19188927114009857, 0.2519589066505432, 0.3305842876434326, 0.5679158568382263, 1.4486063718795776, 0.7336285710334778, 0.13310506939888, 0.046750541776418686, 0.024299606680870056, 0.05616791173815727, 0.8563284277915955, 0.028086457401514053, 0.020155208185315132, 0.6390026211738586, 0.027922160923480988, 0.9261723160743713, 0.8340297937393188, 0.00645588431507349]"
69,4416,4480,64,0.921875,0.39278680086135864,clean_mnist,0.0625,0.109375,0.140625,0.0625,0.140625,0.0625,0.078125,0.125,0.125,0.09375,0.5751757621765137,0.17174746096134186,13.567293167114258,13.563355445861816,28.0,28.0,"[8, 4, 3, 8, 1, 7, 7, 4, 5, 9, 6, 2, 2, 3, 6, 6, 7, 4, 8, 1, 4, 2, 9, 4, 8, 1, 2, 5, 0, 1, 2, 9, 8, 3, 5, 2, 7, 0, 4, 0, 9, 2, 7, 9, 4, 8, 5, 6, 4, 0, 9, 1, 8, 2, 1, 3, 7, 4, 2, 8, 1, 6, 7, 7]","[5, 4, 3, 8, 1, 7, 7, 4, 5, 9, 6, 2, 2, 3, 6, 6, 7, 4, 8, 1, 4, 2, 4, 4, 8, 1, 2, 5, 0, 1, 2, 9, 8, 3, 5, 2, 7, 0, 4, 0, 9, 2, 7, 9, 4, 3, 5, 6, 4, 0, 9, 1, 8, 2, 1, 3, 7, 4, 2, 5, 2, 6, 7, 7]","[0.48937347531318665, 0.9919130802154541, 0.9523908495903015, 0.9532467126846313, 0.9909800887107849, 0.605736494064331, 0.9862202405929565, 0.9964509010314941, 0.43461599946022034, 0.8471434116363525, 0.927760660648346, 0.8067652583122253, 0.910419225692749, 0.813057541847229, 0.9769052267074585, 0.7929801344871521, 0.9695538282394409, 0.997438907623291, 0.9908678531646729, 0.993122398853302, 0.9972455501556396, 0.8040684461593628, 0.5097494721412659, 0.9944515824317932, 0.9942434430122375, 0.9904712438583374, 0.9557660818099976, 0.7248766422271729, 0.9993721842765808, 0.9983243346214294, 0.6227352023124695, 0.8628158569335938, 0.9997453093528748, 0.8400319814682007, 0.45308247208595276, 0.7568418979644775, 0.9776678085327148, 0.9968429803848267, 0.9887456297874451, 0.998227059841156, 0.9245803952217102, 0.8397489786148071, 0.8850813508033752, 0.5704286694526672, 0.6749513745307922, 0.5784822106361389, 0.8949691653251648, 0.9028052091598511, 0.9970098733901978, 0.9964146614074707, 0.9973136782646179, 0.9985322952270508, 0.9966789484024048, 0.8852120041847229, 0.9967870712280273, 0.9197794795036316, 0.9942746758460999, 0.9990482926368713, 0.9385822415351868, 0.7267756462097168, 0.9812520742416382, 0.986862301826477, 0.990319013595581, 0.513003945350647]","[0, 1, 1, 1, 1, 1, 1, 1, 1, 1, 1, 1, 1, 1, 1, 1, 1, 1, 1, 1, 1, 1, 0, 1, 1, 1, 1, 1, 1, 1, 1, 1, 1, 1, 1, 1, 1, 1, 1, 1, 1, 1, 1, 1, 1, 0, 1, 1, 1, 1, 1, 1, 1, 1, 1, 1, 1, 1, 1, 0, 0, 1, 1, 1]","[1.1024994850158691, 0.05326256901025772, 0.25771546363830566, 0.2264520525932312, 0.06678827852010727, 1.2403358221054077, 0.08931185305118561, 0.02947380021214485, 1.2439895868301392, 0.5263676047325134, 0.27684760093688965, 0.6967995762825012, 0.4278228282928467, 0.6322933435440063, 0.1263701170682907, 0.5738818049430847, 0.1715664267539978, 0.021400131285190582, 0.05946527048945427, 0.05199331417679787, 0.021796472370624542, 0.7247214317321777, 1.2794983386993408, 0.04005071893334389, 0.044300876557826996, 0.06745464354753494, 0.2563466429710388, 1.0377953052520752, 0.006149969529360533, 0.01511388085782528, 1.1901473999023438, 0.6065937280654907, 0.002743965480476618, 0.616054356098175, 1.2657577991485596, 0.9467505216598511, 0.14089767634868622, 0.026736441999673843, 0.07678558677434921, 0.015844138339161873, 0.3577015697956085, 0.7315061688423157, 0.4629727005958557, 0.9749621748924255, 1.0308812856674194, 0.9567517638206482, 0.48399481177330017, 0.35513365268707275, 0.023733720183372498, 0.03049301914870739, 0.02275734394788742, 0.013340079225599766, 0.025896888226270676, 0.5404881238937378, 0.027097707614302635, 0.41715502738952637, 0.043296001851558685, 0.008536976762115955, 0.3266122341156006, 0.963085412979126, 0.12884503602981567, 0.08307507634162903, 0.07128413766622543, 0.802577018737793]"
70,4480,4544,64,0.96875,0.335045725107193,clean_mnist,0.140625,0.140625,0.09375,0.109375,0.109375,0.046875,0.109375,0.078125,0.125,0.046875,0.5851491689682007,0.18017074465751648,13.575489044189453,13.580293655395508,28.0,28.0,"[8, 8, 8, 9, 1, 0, 1, 1, 0, 2, 3, 3, 1, 4, 4, 5, 0, 6, 4, 7, 0, 8, 1, 9, 1, 0, 3, 1, 3, 2, 8, 3, 3, 4, 2, 5, 7, 6, 2, 7, 6, 8, 4, 9, 1, 8, 6, 0, 7, 5, 7, 6, 0, 6, 1, 0, 6, 8, 4, 0, 4, 2, 2, 3]","[5, 8, 8, 9, 1, 0, 1, 1, 0, 2, 3, 3, 1, 4, 4, 5, 0, 6, 4, 7, 0, 8, 1, 9, 1, 0, 3, 1, 3, 2, 3, 3, 3, 4, 2, 5, 7, 6, 2, 7, 6, 8, 4, 9, 1, 8, 6, 0, 7, 5, 7, 6, 0, 6, 1, 0, 6, 8, 4, 0, 4, 2, 2, 3]","[0.4250100255012512, 0.986739993095398, 0.9957543611526489, 0.9288447499275208, 0.9985989928245544, 0.9956992864608765, 0.9933146834373474, 0.9962437152862549, 0.8221862316131592, 0.8564989566802979, 0.8468160629272461, 0.9388452768325806, 0.9991515874862671, 0.9890031218528748, 0.9712897539138794, 0.7757408022880554, 0.9998089671134949, 0.9694474935531616, 0.994874894618988, 0.9706054329872131, 0.9918035268783569, 0.9991588592529297, 0.8135790228843689, 0.6877158880233765, 0.9994109869003296, 0.9995144605636597, 0.4683702290058136, 0.9965698719024658, 0.979918360710144, 0.9630613327026367, 0.5785269141197205, 0.914189338684082, 0.8926236033439636, 0.9927369356155396, 0.7685967087745667, 0.9220016598701477, 0.5168012976646423, 0.9852070212364197, 0.948563814163208, 0.9617066979408264, 0.5973660945892334, 0.9969916343688965, 0.6961252093315125, 0.6819843053817749, 0.9984297156333923, 0.9962576627731323, 0.9452390670776367, 0.9995543360710144, 0.9260740280151367, 0.6073799729347229, 0.9315275549888611, 0.9765838384628296, 0.9994595646858215, 0.8863461017608643, 0.9990069270133972, 0.9966183304786682, 0.9729812145233154, 0.9985429048538208, 0.9947385191917419, 0.9959591031074524, 0.8474958539009094, 0.8751158118247986, 0.6755391359329224, 0.9950088262557983]","[0, 1, 1, 1, 1, 1, 1, 1, 1, 1, 1, 1, 1, 1, 1, 1, 1, 1, 1, 1, 1, 1, 1, 1, 1, 1, 1, 1, 1, 1, 0, 1, 1, 1, 1, 1, 1, 1, 1, 1, 1, 1, 1, 1, 1, 1, 1, 1, 1, 1, 1, 1, 1, 1, 1, 1, 1, 1, 1, 1, 1, 1, 1, 1]","[1.1589158773422241, 0.08628582954406738, 0.03458956256508827, 0.2918850779533386, 0.01307808980345726, 0.03308723121881485, 0.05025974661111832, 0.03165599703788757, 0.7730845212936401, 0.5984706282615662, 0.503054141998291, 0.34839150309562683, 0.008376086130738258, 0.07305401563644409, 0.15415816009044647, 0.878592848777771, 0.002150012878701091, 0.15423662960529327, 0.03780951723456383, 0.17166684567928314, 0.06149335205554962, 0.008151392452418804, 0.6561193466186523, 0.7222843170166016, 0.0058957855217158794, 0.005079473368823528, 1.4493039846420288, 0.02923567406833172, 0.1372467577457428, 0.21156004071235657, 1.1096736192703247, 0.4297052025794983, 0.37291181087493896, 0.0490221232175827, 0.671674370765686, 0.36608773469924927, 1.129748821258545, 0.09493814408779144, 0.27949172258377075, 0.21426862478256226, 1.081669807434082, 0.02432519942522049, 0.8354429006576538, 0.8615326881408691, 0.014331946149468422, 0.02984774485230446, 0.2683836817741394, 0.004681060090661049, 0.38255342841148376, 1.253231167793274, 0.3468571603298187, 0.1284107118844986, 0.005585853476077318, 0.47533363103866577, 0.009225652553141117, 0.026878545060753822, 0.1612837314605713, 0.013220887631177902, 0.03675442188978195, 0.03387715667486191, 0.4811568558216095, 0.5789711475372314, 0.9438866376876831, 0.03879064321517944]"
71,4544,4608,64,0.96875,0.2767487168312073,clean_mnist,0.09375,0.140625,0.078125,0.109375,0.0625,0.078125,0.09375,0.140625,0.09375,0.109375,0.5771259665489197,0.17342819273471832,13.569768905639648,13.562140464782715,28.0,28.0,"[9, 7, 6, 9, 7, 4, 2, 7, 3, 1, 1, 9, 0, 1, 5, 7, 6, 1, 5, 0, 4, 0, 1, 4, 9, 1, 3, 7, 6, 5, 2, 7, 2, 1, 8, 3, 8, 3, 8, 3, 3, 1, 6, 6, 0, 9, 8, 7, 7, 4, 9, 3, 8, 0, 8, 2, 5, 5, 1, 2, 7, 6, 9, 0]","[9, 7, 6, 9, 7, 4, 2, 7, 3, 1, 1, 9, 0, 1, 5, 7, 6, 1, 5, 0, 4, 0, 1, 4, 9, 1, 3, 7, 6, 5, 2, 7, 2, 1, 8, 3, 8, 3, 8, 3, 3, 1, 6, 6, 0, 9, 5, 7, 7, 4, 9, 3, 5, 0, 8, 2, 5, 5, 1, 2, 7, 6, 9, 0]","[0.5829494595527649, 0.991701066493988, 0.9675406217575073, 0.8582547903060913, 0.9442116618156433, 0.9912347793579102, 0.8080885410308838, 0.9544991254806519, 0.9205889105796814, 0.9984459280967712, 0.9994847774505615, 0.8457944393157959, 0.9991834759712219, 0.9985248446464539, 0.7620160579681396, 0.9662432670593262, 0.877138614654541, 0.9952155351638794, 0.6903305649757385, 0.9931660294532776, 0.9178856015205383, 0.9984244108200073, 0.9972708821296692, 0.9980442523956299, 0.9860803484916687, 0.996379554271698, 0.9274686574935913, 0.9693089723587036, 0.9602156281471252, 0.9653928279876709, 0.7786515951156616, 0.9653365015983582, 0.6211623549461365, 0.9978220462799072, 0.8145824074745178, 0.9823964834213257, 0.9998348951339722, 0.9829071164131165, 0.999292254447937, 0.987126886844635, 0.9774677753448486, 0.9985721111297607, 0.9809852838516235, 0.9696289300918579, 0.999164342880249, 0.830296516418457, 0.8675683736801147, 0.9449514150619507, 0.9434550404548645, 0.9945912957191467, 0.9299620389938354, 0.9079619646072388, 0.6821465492248535, 0.9972975850105286, 0.9653528332710266, 0.9741736054420471, 0.42410847544670105, 0.9206667542457581, 0.9979177117347717, 0.9899826645851135, 0.8794810175895691, 0.9898013472557068, 0.9945281147956848, 0.9985219836235046]","[1, 1, 1, 1, 1, 1, 1, 1, 1, 1, 1, 1, 1, 1, 1, 1, 1, 1, 1, 1, 1, 1, 1, 1, 1, 1, 1, 1, 1, 1, 1, 1, 1, 1, 1, 1, 1, 1, 1, 1, 1, 1, 1, 1, 1, 1, 0, 1, 1, 1, 1, 1, 0, 1, 1, 1, 1, 1, 1, 1, 1, 1, 1, 1]","[0.913159191608429, 0.060902420431375504, 0.19189944863319397, 0.46145209670066833, 0.31046128273010254, 0.058485522866249084, 0.7245888710021973, 0.24086037278175354, 0.3659551739692688, 0.014390962198376656, 0.0052944268099963665, 0.5599009990692139, 0.008069432340562344, 0.013761220499873161, 0.7966907620429993, 0.19394603371620178, 0.4835670590400696, 0.038431812077760696, 0.8747550845146179, 0.052643127739429474, 0.39436158537864685, 0.014378489926457405, 0.023409441113471985, 0.01650199480354786, 0.08625347912311554, 0.029838677495718002, 0.36533352732658386, 0.19069679081439972, 0.18571381270885468, 0.20038487017154694, 0.7715322375297546, 0.20123453438282013, 1.135451078414917, 0.019225146621465683, 0.6280054450035095, 0.11955344676971436, 0.0018504378385841846, 0.1143304780125618, 0.00697182584553957, 0.08982846140861511, 0.14060942828655243, 0.013270684517920017, 0.11714611202478409, 0.15237198770046234, 0.008144520223140717, 0.5479346513748169, 0.6109312772750854, 0.3001624643802643, 0.2838733196258545, 0.04060812294483185, 0.3146657347679138, 0.44773972034454346, 1.0245343446731567, 0.023270608857274055, 0.184945747256279, 0.15731072425842285, 1.33845055103302, 0.4106982350349426, 0.018038515001535416, 0.07160165905952454, 0.42126795649528503, 0.06476198136806488, 0.04218016564846039, 0.013327773660421371]"
72,4608,4672,64,0.890625,0.42098960280418396,clean_mnist,0.125,0.09375,0.125,0.046875,0.109375,0.078125,0.109375,0.0625,0.15625,0.09375,0.5833502411842346,0.17922228574752808,13.569291114807129,13.567645072937012,28.0,28.0,"[0, 8, 2, 9, 6, 4, 8, 3, 4, 5, 7, 4, 6, 8, 5, 1, 0, 5, 4, 9, 3, 0, 9, 6, 8, 4, 8, 6, 4, 8, 8, 1, 6, 4, 0, 1, 1, 5, 2, 7, 2, 2, 2, 2, 8, 0, 1, 0, 0, 1, 3, 7, 6, 7, 2, 9, 2, 0, 6, 9, 9, 8, 5, 8]","[0, 8, 2, 9, 6, 4, 5, 3, 4, 5, 7, 4, 6, 8, 5, 1, 0, 5, 4, 9, 3, 0, 9, 6, 3, 4, 8, 6, 4, 8, 3, 1, 6, 4, 0, 7, 1, 5, 2, 7, 2, 2, 2, 2, 8, 0, 1, 0, 0, 1, 3, 7, 6, 7, 2, 9, 2, 5, 5, 9, 9, 8, 5, 9]","[0.9993311166763306, 0.9960553646087646, 0.908019483089447, 0.9584172964096069, 0.9720712304115295, 0.9915329813957214, 0.5072610974311829, 0.9663868546485901, 0.9946824908256531, 0.9218185544013977, 0.8308238387107849, 0.9905992150306702, 0.8381625413894653, 0.995342493057251, 0.7027052044868469, 0.995473325252533, 0.9985766410827637, 0.5735171437263489, 0.9884909391403198, 0.9286724328994751, 0.986823558807373, 0.9962154030799866, 0.9878167510032654, 0.9758988618850708, 0.7500206232070923, 0.9966809153556824, 0.812629759311676, 0.9870458841323853, 0.27759647369384766, 0.9969956874847412, 0.4374668598175049, 0.9986931681632996, 0.8447442650794983, 0.9956052899360657, 0.9955196380615234, 0.4722529947757721, 0.9997060894966125, 0.8987936973571777, 0.5394207239151001, 0.967187225818634, 0.9656498432159424, 0.7764170169830322, 0.9699637293815613, 0.9360109567642212, 0.6548276543617249, 0.9977549910545349, 0.9055963754653931, 0.9887468218803406, 0.9988085031509399, 0.9991010427474976, 0.9317606687545776, 0.909723162651062, 0.9752444624900818, 0.9825098514556885, 0.6106041669845581, 0.4640015661716461, 0.8111144304275513, 0.5092700123786926, 0.8068161010742188, 0.8212038278579712, 0.9945985078811646, 0.9987258315086365, 0.7731978893280029, 0.5475636720657349]","[1, 1, 1, 1, 1, 1, 0, 1, 1, 1, 1, 1, 1, 1, 1, 1, 1, 1, 1, 1, 1, 1, 1, 1, 0, 1, 1, 1, 1, 1, 0, 1, 1, 1, 1, 0, 1, 1, 1, 1, 1, 1, 1, 1, 1, 1, 1, 1, 1, 1, 1, 1, 1, 1, 1, 1, 1, 0, 0, 1, 1, 1, 1, 0]","[0.006450323387980461, 0.03210609406232834, 0.41966262459754944, 0.21958968043327332, 0.15707412362098694, 0.060784392058849335, 1.3082690238952637, 0.19590042531490326, 0.03585599735379219, 0.4164086580276489, 0.7104929685592651, 0.06324050575494766, 0.6185250878334045, 0.03673765808343887, 0.9309743046760559, 0.03667418658733368, 0.013333362527191639, 1.3216323852539062, 0.06796775758266449, 0.31867074966430664, 0.08870624005794525, 0.03172548860311508, 0.08230724930763245, 0.14666537940502167, 0.5992448329925537, 0.02730291523039341, 0.7323054075241089, 0.08241069316864014, 1.5429989099502563, 0.024266133084893227, 1.3588120937347412, 0.012353599071502686, 0.5697029829025269, 0.03346490487456322, 0.030650554224848747, 1.0363144874572754, 0.003153175814077258, 0.4761452376842499, 1.5378634929656982, 0.19818353652954102, 0.18253374099731445, 0.838383674621582, 0.17916809022426605, 0.3319738507270813, 0.7998619675636292, 0.019759757444262505, 0.4340040683746338, 0.0821707472205162, 0.011217528022825718, 0.00880475901067257, 0.3547859489917755, 0.4531814157962799, 0.15062952041625977, 0.10756738483905792, 1.1317558288574219, 1.3787052631378174, 0.7831072807312012, 1.1914442777633667, 0.6940498352050781, 0.5931676626205444, 0.0404696948826313, 0.011630493216216564, 0.8175012469291687, 0.7625342607498169]"
73,4672,4736,64,0.921875,0.4089318513870239,clean_mnist,0.09375,0.140625,0.140625,0.0625,0.0625,0.0625,0.109375,0.078125,0.1875,0.0625,0.5886518955230713,0.18337300419807434,13.575960159301758,13.5616455078125,28.0,28.0,"[7, 6, 3, 8, 1, 8, 9, 2, 7, 3, 0, 6, 8, 1, 0, 2, 0, 9, 8, 8, 8, 9, 1, 5, 1, 2, 8, 6, 8, 2, 6, 4, 5, 8, 2, 4, 1, 6, 1, 5, 1, 0, 8, 1, 2, 2, 0, 3, 9, 4, 2, 5, 6, 7, 7, 8, 8, 0, 4, 1, 6, 2, 7, 3]","[7, 6, 3, 8, 1, 8, 9, 2, 7, 3, 0, 6, 8, 1, 0, 2, 0, 9, 9, 8, 8, 9, 3, 5, 1, 2, 8, 6, 8, 2, 6, 4, 5, 8, 2, 4, 1, 6, 1, 5, 6, 0, 2, 1, 2, 2, 0, 3, 9, 4, 2, 5, 6, 7, 7, 8, 5, 0, 4, 1, 6, 2, 7, 3]","[0.9540937542915344, 0.9555969834327698, 0.9518982172012329, 0.9959902167320251, 0.9318788051605225, 0.9626927375793457, 0.9678375124931335, 0.8849698305130005, 0.7003957033157349, 0.9731440544128418, 0.9989526271820068, 0.9674506783485413, 0.9931849837303162, 0.9894999861717224, 0.9995098114013672, 0.859337329864502, 0.9993700385093689, 0.9316974878311157, 0.5768703818321228, 0.9965856075286865, 0.6834043860435486, 0.6154751777648926, 0.2818506360054016, 0.46881169080734253, 0.998815655708313, 0.9802703857421875, 0.9909998774528503, 0.9499078989028931, 0.9741910099983215, 0.7966697812080383, 0.9794249534606934, 0.9719680547714233, 0.6020240783691406, 0.9975772500038147, 0.6329383850097656, 0.9979427456855774, 0.9964775443077087, 0.986783504486084, 0.9953380823135376, 0.6645102500915527, 0.5879563093185425, 0.9993574023246765, 0.5918200612068176, 0.9759702682495117, 0.6691864132881165, 0.9492853879928589, 0.9989038705825806, 0.9192512631416321, 0.5865354537963867, 0.8621002435684204, 0.6129306554794312, 0.9515188336372375, 0.9959447979927063, 0.9727231860160828, 0.8752351999282837, 0.9704192876815796, 0.49537938833236694, 0.9952797889709473, 0.944675624370575, 0.9983404874801636, 0.9608550071716309, 0.9737080931663513, 0.9362793564796448, 0.5053414106369019]","[1, 1, 1, 1, 1, 1, 1, 1, 1, 1, 1, 1, 1, 1, 1, 1, 1, 1, 0, 1, 1, 1, 0, 1, 1, 1, 1, 1, 1, 1, 1, 1, 1, 1, 1, 1, 1, 1, 1, 1, 0, 1, 0, 1, 1, 1, 1, 1, 1, 1, 1, 1, 1, 1, 1, 1, 0, 1, 1, 1, 1, 1, 1, 1]","[0.24556639790534973, 0.2400168925523758, 0.25388389825820923, 0.031257059425115585, 0.3700435757637024, 0.21311211585998535, 0.18738950788974762, 0.5146083235740662, 0.7919003963470459, 0.17420367896556854, 0.009882871992886066, 0.16655796766281128, 0.05273730307817459, 0.07564360648393631, 0.0051101334393024445, 0.5640650987625122, 0.006330243311822414, 0.3320401608943939, 1.0455740690231323, 0.028089329600334167, 1.2192600965499878, 0.9244632720947266, 1.8571501970291138, 1.2029720544815063, 0.010913195088505745, 0.1315707117319107, 0.06464643776416779, 0.23511187732219696, 0.17165298759937286, 0.7406689524650574, 0.12743911147117615, 0.16714638471603394, 1.3161797523498535, 0.021253522485494614, 0.9194837212562561, 0.017689097672700882, 0.028688183054327965, 0.08765096217393875, 0.03688588738441467, 1.0248721837997437, 0.8176345825195312, 0.0065519181080162525, 1.001727819442749, 0.14428414404392242, 1.025668740272522, 0.28515803813934326, 0.010319104418158531, 0.40026697516441345, 1.368191123008728, 0.43678081035614014, 1.0946286916732788, 0.2642015218734741, 0.031317681074142456, 0.14608076214790344, 0.4833299517631531, 0.17247596383094788, 0.8655350804328918, 0.03640596196055412, 0.2395506203174591, 0.014486764557659626, 0.22563433647155762, 0.16370220482349396, 0.32406100630760193, 0.9999352097511292]"
74,4736,4800,64,0.921875,0.277587354183197,clean_mnist,0.125,0.140625,0.03125,0.078125,0.21875,0.03125,0.0625,0.109375,0.125,0.078125,0.579628586769104,0.17462587356567383,13.573826789855957,13.566446304321289,28.0,28.0,"[3, 4, 0, 5, 8, 6, 1, 7, 0, 8, 4, 9, 0, 0, 1, 1, 8, 2, 9, 3, 0, 4, 4, 7, 5, 8, 3, 1, 1, 6, 1, 8, 4, 9, 6, 9, 1, 0, 7, 1, 0, 2, 6, 4, 4, 4, 4, 3, 7, 7, 8, 4, 9, 4, 1, 4, 8, 0, 7, 3, 4, 8, 4, 7]","[3, 4, 0, 5, 3, 6, 3, 7, 0, 8, 4, 9, 0, 0, 1, 1, 5, 2, 9, 3, 0, 4, 4, 7, 5, 8, 3, 1, 1, 6, 1, 8, 4, 9, 6, 9, 1, 0, 7, 1, 0, 2, 6, 4, 4, 4, 4, 3, 7, 7, 5, 4, 9, 4, 1, 4, 3, 0, 7, 3, 4, 8, 4, 7]","[0.9225304126739502, 0.9966830611228943, 0.8879895210266113, 0.9721706509590149, 0.6503140926361084, 0.9477161169052124, 0.4707726240158081, 0.988930881023407, 0.9996733665466309, 0.9981566071510315, 0.9911932349205017, 0.9771923422813416, 0.9985700845718384, 0.9938375353813171, 0.9995352029800415, 0.9988592863082886, 0.5508974194526672, 0.9699288606643677, 0.8321380615234375, 0.9160747528076172, 0.9974125027656555, 0.9653338193893433, 0.9439475536346436, 0.989398717880249, 0.825529158115387, 0.8528305292129517, 0.3848576247692108, 0.9958820343017578, 0.9994884729385376, 0.7543275356292725, 0.99951171875, 0.9801289439201355, 0.9867516756057739, 0.9959253072738647, 0.9391946792602539, 0.9734172224998474, 0.999426007270813, 0.9990805387496948, 0.8436709046363831, 0.9984682202339172, 0.9985987544059753, 0.9863969683647156, 0.9453336596488953, 0.9961796998977661, 0.7907646894454956, 0.9956127405166626, 0.9640860557556152, 0.8959797620773315, 0.7096760272979736, 0.9016202688217163, 0.8031015992164612, 0.9929488897323608, 0.9679902195930481, 0.992854654788971, 0.998807430267334, 0.9899600744247437, 0.4990586042404175, 0.9996023774147034, 0.9578807353973389, 0.7738303542137146, 0.9963895678520203, 0.9750059247016907, 0.9921557903289795, 0.9829384684562683]","[1, 1, 1, 1, 0, 1, 0, 1, 1, 1, 1, 1, 1, 1, 1, 1, 0, 1, 1, 1, 1, 1, 1, 1, 1, 1, 1, 1, 1, 1, 1, 1, 1, 1, 1, 1, 1, 1, 1, 1, 1, 1, 1, 1, 1, 1, 1, 1, 1, 1, 0, 1, 1, 1, 1, 1, 0, 1, 1, 1, 1, 1, 1, 1]","[0.30022525787353516, 0.025386858731508255, 0.4848453998565674, 0.1804410219192505, 0.8117461800575256, 0.25223150849342346, 1.3150981664657593, 0.06977058947086334, 0.0034242761321365833, 0.015688229352235794, 0.06363466382026672, 0.13615986704826355, 0.013010325841605663, 0.04640462249517441, 0.004839038942009211, 0.0107033746317029, 0.9322166442871094, 0.191260427236557, 0.7042436003684998, 0.4093218743801117, 0.0224977545440197, 0.17638535797595978, 0.2406873255968094, 0.06936943531036377, 0.6672186851501465, 0.483605295419693, 1.2927006483078003, 0.03194967657327652, 0.005171146709471941, 0.7737932801246643, 0.005101260729134083, 0.11173640191555023, 0.08484639972448349, 0.03102872706949711, 0.3069438636302948, 0.14624609053134918, 0.0058134207502007484, 0.008889912627637386, 0.5984739065170288, 0.013712527230381966, 0.01240376103669405, 0.09206946939229965, 0.2638852894306183, 0.030476635321974754, 0.7205979824066162, 0.03439535200595856, 0.17822830379009247, 0.43805623054504395, 1.0487608909606934, 0.38110554218292236, 0.6691024899482727, 0.04440181329846382, 0.1831134706735611, 0.04881912097334862, 0.010370594449341297, 0.06198292598128319, 1.1081269979476929, 0.004164248239248991, 0.23444366455078125, 0.8176519870758057, 0.027598723769187927, 0.15260766446590424, 0.054336268454790115, 0.10206928104162216]"
75,4800,4864,64,0.953125,0.3862893581390381,clean_mnist,0.09375,0.09375,0.109375,0.0625,0.125,0.046875,0.109375,0.109375,0.15625,0.09375,0.5828049182891846,0.1780574768781662,13.575297355651855,13.565838813781738,28.0,28.0,"[6, 8, 4, 8, 0, 2, 7, 1, 3, 7, 1, 9, 4, 1, 8, 1, 9, 6, 6, 2, 8, 1, 4, 3, 9, 8, 9, 6, 6, 4, 9, 9, 7, 4, 0, 2, 3, 4, 4, 4, 7, 6, 7, 2, 5, 5, 2, 5, 8, 0, 3, 2, 0, 8, 0, 0, 2, 6, 7, 8, 8, 1, 8, 7]","[6, 5, 4, 8, 0, 2, 7, 1, 3, 7, 1, 9, 4, 1, 8, 1, 9, 6, 6, 2, 5, 1, 4, 3, 9, 8, 9, 6, 6, 4, 9, 9, 7, 4, 8, 2, 3, 4, 4, 4, 7, 6, 7, 2, 5, 5, 2, 5, 8, 0, 3, 2, 0, 8, 0, 0, 2, 6, 7, 8, 8, 1, 8, 7]","[0.9699996113777161, 0.7149172425270081, 0.8753320574760437, 0.949685275554657, 0.9909504055976868, 0.7886175513267517, 0.9485983848571777, 0.9981876015663147, 0.9788251519203186, 0.910487711429596, 0.989913821220398, 0.9621604084968567, 0.9123075604438782, 0.9990750551223755, 0.9985495209693909, 0.9996148347854614, 0.8708845973014832, 0.9774202704429626, 0.6055847406387329, 0.8665461540222168, 0.3111061453819275, 0.9960169196128845, 0.5860756635665894, 0.6489843726158142, 0.9633823037147522, 0.9902119040489197, 0.9689363241195679, 0.7930132150650024, 0.9853389263153076, 0.969058096408844, 0.9822931885719299, 0.9695060849189758, 0.8389827609062195, 0.9911735653877258, 0.6413518190383911, 0.9761161208152771, 0.7604532837867737, 0.9952811598777771, 0.986354410648346, 0.9979259967803955, 0.9657909274101257, 0.9661272764205933, 0.5484706163406372, 0.9277691841125488, 0.7562888860702515, 0.9273173213005066, 0.49513307213783264, 0.6116626858711243, 0.9830611348152161, 0.9997269511222839, 0.3808857202529907, 0.7652975916862488, 0.9997809529304504, 0.9980040192604065, 0.9920932650566101, 0.9997949004173279, 0.9618894457817078, 0.9676731824874878, 0.7594866156578064, 0.9983162879943848, 0.6934615969657898, 0.9994066953659058, 0.9961663484573364, 0.9336753487586975]","[1, 0, 1, 1, 1, 1, 1, 1, 1, 1, 1, 1, 1, 1, 1, 1, 1, 1, 1, 1, 0, 1, 1, 1, 1, 1, 1, 1, 1, 1, 1, 1, 1, 1, 0, 1, 1, 1, 1, 1, 1, 1, 1, 1, 1, 1, 1, 1, 1, 1, 1, 1, 1, 1, 1, 1, 1, 1, 1, 1, 1, 1, 1, 1]","[0.1692190021276474, 0.8282695412635803, 0.5162340998649597, 0.2640661597251892, 0.066427081823349, 0.6838744878768921, 0.26449501514434814, 0.01624300889670849, 0.14017769694328308, 0.3676665425300598, 0.07287859171628952, 0.18689611554145813, 0.38501131534576416, 0.008540671318769455, 0.012927169911563396, 0.003950242418795824, 0.5283749103546143, 0.13127291202545166, 1.0623421669006348, 0.5535571575164795, 1.4262207746505737, 0.030201256275177002, 1.0525306463241577, 0.9801226258277893, 0.21226373314857483, 0.06860113143920898, 0.1675412952899933, 0.5980278849601746, 0.09626691043376923, 0.18759332597255707, 0.10789453983306885, 0.18840140104293823, 0.690017580986023, 0.06472918391227722, 0.8591107726097107, 0.15524812042713165, 0.8632802367210388, 0.03438727930188179, 0.0802345722913742, 0.017205752432346344, 0.18171752989292145, 0.17470495402812958, 1.3123867511749268, 0.3528473973274231, 0.934741199016571, 0.3799280822277069, 1.2745016813278198, 0.9799244999885559, 0.10680587589740753, 0.002918518614023924, 1.5216110944747925, 0.7826715707778931, 0.0024157275911420584, 0.01724674180150032, 0.05972845107316971, 0.002149459207430482, 0.20152205228805542, 0.1766871064901352, 0.9168702960014343, 0.014593773521482944, 0.8435903787612915, 0.005821737926453352, 0.02965998463332653, 0.30517035722732544]"
76,4864,4928,64,0.984375,0.2770552635192871,clean_mnist,0.109375,0.140625,0.046875,0.140625,0.078125,0.03125,0.125,0.15625,0.0625,0.109375,0.5810686349868774,0.17759303748607635,13.565983772277832,13.571972846984863,28.0,28.0,"[3, 1, 3, 6, 3, 7, 0, 6, 1, 8, 4, 7, 7, 4, 3, 9, 2, 3, 6, 3, 1, 5, 6, 8, 7, 0, 4, 3, 0, 7, 9, 9, 4, 7, 3, 7, 1, 9, 9, 1, 7, 6, 0, 7, 1, 8, 6, 0, 9, 1, 2, 2, 9, 3, 0, 4, 1, 5, 6, 6, 1, 7, 0, 8]","[3, 1, 3, 6, 3, 7, 0, 6, 1, 8, 4, 7, 7, 4, 3, 9, 2, 3, 6, 3, 1, 5, 6, 8, 7, 0, 4, 3, 0, 7, 9, 9, 4, 7, 3, 7, 1, 9, 9, 1, 7, 6, 0, 7, 5, 8, 6, 0, 9, 1, 2, 2, 9, 3, 0, 4, 1, 5, 6, 6, 1, 7, 0, 8]","[0.6744450330734253, 0.9967494010925293, 0.8339972496032715, 0.9934792518615723, 0.9915944933891296, 0.9771887063980103, 0.9994592070579529, 0.9393272995948792, 0.9990596175193787, 0.7869049310684204, 0.9632121920585632, 0.9771917462348938, 0.7884842157363892, 0.9987710118293762, 0.8547791838645935, 0.9647415280342102, 0.820328414440155, 0.7448092699050903, 0.9047240018844604, 0.786829948425293, 0.9981532692909241, 0.7566656470298767, 0.9359080791473389, 0.9074724316596985, 0.9610167741775513, 0.9997873902320862, 0.9943287968635559, 0.7264849543571472, 0.9994199275970459, 0.9629432559013367, 0.9311812520027161, 0.9971314668655396, 0.9753203988075256, 0.9902259707450867, 0.8025141358375549, 0.9826830625534058, 0.998776376247406, 0.9846600890159607, 0.9451690912246704, 0.9993976354598999, 0.6399698257446289, 0.9843042492866516, 0.9997288584709167, 0.9858184456825256, 0.9429332613945007, 0.9654936790466309, 0.9938110709190369, 0.9985224604606628, 0.9826316833496094, 0.9983172416687012, 0.499967098236084, 0.7001489996910095, 0.9524177312850952, 0.916889488697052, 0.9936763644218445, 0.9954859614372253, 0.999607503414154, 0.8303914070129395, 0.956630289554596, 0.983819842338562, 0.9970605969429016, 0.8486617207527161, 0.9994490742683411, 0.9927533268928528]","[1, 1, 1, 1, 1, 1, 1, 1, 1, 1, 1, 1, 1, 1, 1, 1, 1, 1, 1, 1, 1, 1, 1, 1, 1, 1, 1, 1, 1, 1, 1, 1, 1, 1, 1, 1, 1, 1, 1, 1, 1, 1, 1, 1, 0, 1, 1, 1, 1, 1, 1, 1, 1, 1, 1, 1, 1, 1, 1, 1, 1, 1, 1, 1]","[0.8623802065849304, 0.027464058250188828, 0.6175437569618225, 0.04512464627623558, 0.06145969033241272, 0.1258687525987625, 0.00558729050680995, 0.2690863609313965, 0.009085871279239655, 0.6302072405815125, 0.17570465803146362, 0.1241970807313919, 0.6307421922683716, 0.010744703002274036, 0.5321872234344482, 0.19869975745677948, 0.6694531440734863, 0.8483079671859741, 0.3864957392215729, 0.6727319359779358, 0.01669265888631344, 0.8094249963760376, 0.308697909116745, 0.42534974217414856, 0.2303134948015213, 0.0023009739816188812, 0.039632610976696014, 0.8824588060379028, 0.005935792811214924, 0.18120476603507996, 0.33402788639068604, 0.02270725928246975, 0.14349423348903656, 0.0634792223572731, 0.6594548225402832, 0.10685384273529053, 0.011584607884287834, 0.10278109461069107, 0.27367544174194336, 0.006133409217000008, 1.0073983669281006, 0.09439439326524734, 0.0030049257911741734, 0.08797592669725418, 0.28690406680107117, 0.17247653007507324, 0.04576418548822403, 0.013599814847111702, 0.10687150061130524, 0.015176951885223389, 0.87667316198349, 1.0566083192825317, 0.25252702832221985, 0.33158788084983826, 0.04682091623544693, 0.0366850420832634, 0.004156908486038446, 0.7225782871246338, 0.204691544175148, 0.09738757461309433, 0.02465776726603508, 0.6561478972434998, 0.005638946313410997, 0.05253329500555992]"
77,4928,4992,64,0.890625,0.4026901125907898,clean_mnist,0.078125,0.234375,0.03125,0.078125,0.0625,0.078125,0.09375,0.09375,0.09375,0.15625,0.571788489818573,0.16821837425231934,13.559170722961426,13.564701080322266,28.0,28.0,"[7, 9, 6, 0, 8, 1, 6, 2, 9, 3, 2, 4, 8, 5, 1, 6, 1, 9, 7, 8, 5, 9, 1, 0, 4, 1, 4, 9, 3, 3, 1, 4, 1, 5, 0, 6, 1, 7, 3, 8, 9, 5, 1, 1, 1, 9, 8, 9, 1, 7, 1, 1, 6, 0, 8, 9, 7, 0, 1, 5, 3, 9, 6, 7]","[7, 9, 6, 0, 9, 1, 6, 2, 9, 3, 2, 4, 5, 5, 1, 6, 1, 7, 7, 8, 5, 9, 1, 0, 4, 1, 4, 2, 3, 3, 1, 4, 1, 5, 0, 6, 7, 7, 3, 8, 9, 5, 1, 1, 1, 9, 5, 9, 1, 7, 1, 1, 6, 0, 8, 9, 7, 0, 2, 5, 3, 9, 6, 7]","[0.9840111136436462, 0.86033695936203, 0.9718243479728699, 0.9994474053382874, 0.5933836102485657, 0.9967678785324097, 0.9735448956489563, 0.2856128513813019, 0.9880045056343079, 0.8838216662406921, 0.8517498970031738, 0.9877719879150391, 0.6983361840248108, 0.3793742060661316, 0.9993457198143005, 0.9070593118667603, 0.9997645020484924, 0.4573512077331543, 0.9299631714820862, 0.9983339905738831, 0.8348554372787476, 0.9204397201538086, 0.9993451237678528, 0.9962982535362244, 0.9902768135070801, 0.9987936019897461, 0.9952871799468994, 0.3807988464832306, 0.8926858305931091, 0.5993331670761108, 0.9889868497848511, 0.9735453724861145, 0.9991853833198547, 0.7762894034385681, 0.9988288283348083, 0.9605684876441956, 0.5414182543754578, 0.9073121547698975, 0.7780909538269043, 0.9938983917236328, 0.8150864243507385, 0.9266296029090881, 0.9879167079925537, 0.9995809197425842, 0.9982205033302307, 0.8397251963615417, 0.5460945963859558, 0.9188751578330994, 0.9990053772926331, 0.9520137310028076, 0.9981648325920105, 0.9984188079833984, 0.9701279401779175, 0.9986974596977234, 0.9721511006355286, 0.6867607235908508, 0.9819496273994446, 0.998586893081665, 0.9521849155426025, 0.3726907968521118, 0.9430542588233948, 0.8474931120872498, 0.5397810935974121, 0.9227021336555481]","[1, 1, 1, 1, 0, 1, 1, 1, 1, 1, 1, 1, 0, 1, 1, 1, 1, 0, 1, 1, 1, 1, 1, 1, 1, 1, 1, 0, 1, 1, 1, 1, 1, 1, 1, 1, 0, 1, 1, 1, 1, 1, 1, 1, 1, 1, 0, 1, 1, 1, 1, 1, 1, 1, 1, 1, 1, 1, 0, 1, 1, 1, 1, 1]","[0.1072600856423378, 0.5754229426383972, 0.1565372347831726, 0.00568458391353488, 0.7693325877189636, 0.02718649059534073, 0.1535632461309433, 1.7577078342437744, 0.07797170430421829, 0.42819419503211975, 0.6672400236129761, 0.0707467719912529, 0.7912774085998535, 1.6146315336227417, 0.0065468386746943, 0.4461347162723541, 0.002595525234937668, 1.5001531839370728, 0.35308367013931274, 0.014947211369872093, 0.6900537014007568, 0.3163391947746277, 0.006418339442461729, 0.030887246131896973, 0.06136252358555794, 0.01141599752008915, 0.03512635827064514, 1.7795156240463257, 0.4241305887699127, 0.7673569917678833, 0.08012306690216064, 0.1513606160879135, 0.007814125157892704, 0.8385218381881714, 0.010787354782223701, 0.21883992850780487, 0.978608250617981, 0.4445645809173584, 0.8580912351608276, 0.045615725219249725, 0.7671312689781189, 0.3642619848251343, 0.08100053668022156, 0.004325427580624819, 0.016088228672742844, 0.5069018602371216, 0.7985801100730896, 0.3248918652534485, 0.009423527866601944, 0.2539082169532776, 0.016096655279397964, 0.014330873265862465, 0.17780520021915436, 0.012191581539809704, 0.17451001703739166, 0.9090479016304016, 0.12064236402511597, 0.013386254198849201, 0.2376808226108551, 1.6538499593734741, 0.28855037689208984, 0.5830710530281067, 0.7744966149330139, 0.38684335350990295]"
78,4992,5056,64,0.953125,0.35401859879493713,clean_mnist,0.125,0.15625,0.0625,0.09375,0.078125,0.015625,0.109375,0.09375,0.171875,0.09375,0.5777524709701538,0.17351959645748138,13.562238693237305,13.573566436767578,28.0,28.0,"[8, 1, 0, 7, 3, 2, 1, 2, 7, 3, 9, 6, 1, 8, 1, 0, 9, 8, 0, 3, 1, 2, 7, 0, 2, 9, 6, 0, 1, 6, 1, 1, 9, 7, 6, 8, 5, 8, 8, 3, 4, 4, 8, 7, 3, 6, 4, 6, 6, 3, 8, 8, 9, 9, 4, 4, 0, 7, 8, 1, 0, 0, 1, 8]","[8, 1, 0, 7, 3, 2, 1, 2, 7, 3, 4, 6, 1, 8, 1, 0, 9, 8, 0, 3, 1, 2, 7, 0, 2, 9, 6, 0, 1, 6, 7, 1, 9, 7, 6, 5, 5, 8, 8, 3, 4, 4, 8, 7, 3, 6, 4, 6, 6, 3, 8, 8, 9, 9, 4, 4, 0, 7, 8, 1, 0, 0, 1, 8]","[0.9993736147880554, 0.997161865234375, 0.9996575117111206, 0.9372173547744751, 0.9720600247383118, 0.8168401718139648, 0.9991273283958435, 0.9435825943946838, 0.7056084871292114, 0.6165938377380371, 0.5703339576721191, 0.8979710936546326, 0.9994988441467285, 0.995567262172699, 0.9972692131996155, 0.9980490207672119, 0.9902492165565491, 0.9934588074684143, 0.9998161196708679, 0.9436957836151123, 0.9996458292007446, 0.2332448661327362, 0.9797991514205933, 0.9979113936424255, 0.933893084526062, 0.9213567972183228, 0.7532970905303955, 0.9973994493484497, 0.9990386962890625, 0.925302267074585, 0.525016188621521, 0.9988623857498169, 0.9200987815856934, 0.8808962106704712, 0.9307292699813843, 0.4763287305831909, 0.5717042684555054, 0.9919083714485168, 0.8928054571151733, 0.9461343884468079, 0.831592321395874, 0.9790844917297363, 0.9411576986312866, 0.32252779603004456, 0.9740991592407227, 0.8939316272735596, 0.9558016061782837, 0.8907617330551147, 0.9798858761787415, 0.8492016792297363, 0.6672690510749817, 0.9981209635734558, 0.541983962059021, 0.9069110751152039, 0.9867544770240784, 0.9904352426528931, 0.9994770884513855, 0.9469024538993835, 0.9947309494018555, 0.9941773414611816, 0.9505198001861572, 0.9992659687995911, 0.9953604340553284, 0.9988095760345459]","[1, 1, 1, 1, 1, 1, 1, 1, 1, 1, 0, 1, 1, 1, 1, 1, 1, 1, 1, 1, 1, 1, 1, 1, 1, 1, 1, 1, 1, 1, 0, 1, 1, 1, 1, 0, 1, 1, 1, 1, 1, 1, 1, 1, 1, 1, 1, 1, 1, 1, 1, 1, 1, 1, 1, 1, 1, 1, 1, 1, 1, 1, 1, 1]","[0.006400421727448702, 0.023891109973192215, 0.003688270691782236, 0.32167327404022217, 0.16347108781337738, 0.7693650722503662, 0.008504416793584824, 0.2985394299030304, 1.0117809772491455, 0.7938225269317627, 0.8589004278182983, 0.41546833515167236, 0.005229511763900518, 0.03570223227143288, 0.023411227390170097, 0.017730921506881714, 0.06351833045482635, 0.04975217953324318, 0.0020850920118391514, 0.2744346857070923, 0.0037452385295182467, 1.8756486177444458, 0.1281721591949463, 0.018817437812685966, 0.3460664451122284, 0.38973909616470337, 0.9218978881835938, 0.02281004935503006, 0.0090916333720088, 0.3535900413990021, 1.1080747842788696, 0.010894916020333767, 0.33561423420906067, 0.5165696740150452, 0.32011863589286804, 1.1041386127471924, 1.446426510810852, 0.05410442873835564, 0.4607888162136078, 0.24065114557743073, 0.49970683455467224, 0.12585224211215973, 0.31923267245292664, 1.62324059009552, 0.16280321776866913, 0.47426873445510864, 0.2302139401435852, 0.3833995759487152, 0.12538032233715057, 0.5754477381706238, 1.0151153802871704, 0.016391774639487267, 1.0491504669189453, 0.4238649606704712, 0.07594241946935654, 0.06204957887530327, 0.005365781020373106, 0.25755059719085693, 0.04094073176383972, 0.04490670561790466, 0.28000378608703613, 0.0074373711831867695, 0.033432915806770325, 0.011162208393216133]"
79,5056,5120,64,0.890625,0.4822086691856384,clean_mnist,0.15625,0.109375,0.09375,0.109375,0.15625,0.0625,0.0625,0.0625,0.09375,0.09375,0.5818725228309631,0.17793473601341248,13.56851863861084,13.567760467529297,28.0,28.0,"[5, 7, 1, 7, 5, 8, 9, 9, 4, 2, 5, 3, 0, 4, 6, 6, 0, 1, 0, 1, 2, 4, 8, 9, 3, 5, 0, 0, 0, 4, 3, 8, 3, 7, 1, 4, 3, 9, 2, 2, 0, 3, 6, 6, 7, 4, 3, 9, 2, 4, 9, 1, 0, 0, 1, 4, 8, 2, 1, 0, 8, 4, 4, 8]","[5, 7, 1, 7, 5, 5, 9, 9, 4, 2, 5, 3, 7, 4, 6, 6, 0, 1, 0, 1, 2, 4, 8, 5, 3, 5, 0, 0, 6, 4, 3, 8, 3, 7, 1, 4, 3, 9, 2, 2, 0, 3, 6, 6, 7, 4, 3, 2, 2, 4, 9, 1, 0, 5, 2, 4, 8, 2, 1, 0, 8, 4, 4, 8]","[0.7291907072067261, 0.48759740591049194, 0.9994480013847351, 0.430646687746048, 0.6428459286689758, 0.38695961236953735, 0.7754389047622681, 0.5455539226531982, 0.9846758246421814, 0.24090591073036194, 0.9103274345397949, 0.9726642966270447, 0.6142258644104004, 0.9330053329467773, 0.9383507370948792, 0.9595677852630615, 0.9666882157325745, 0.991953432559967, 0.9993600249290466, 0.9958327412605286, 0.9181320667266846, 0.9694880843162537, 0.997461199760437, 0.38758403062820435, 0.9642767310142517, 0.8152844309806824, 0.9624148607254028, 0.9949381351470947, 0.7374342679977417, 0.9865182042121887, 0.9183886647224426, 0.9974665641784668, 0.8450542092323303, 0.9006657600402832, 0.9995318651199341, 0.9715335965156555, 0.9441558122634888, 0.9297835826873779, 0.8930928707122803, 0.3045082092285156, 0.9987080097198486, 0.7935742735862732, 0.9775558114051819, 0.9523648023605347, 0.9844998121261597, 0.9851157069206238, 0.9849061369895935, 0.654775083065033, 0.7029222846031189, 0.9662716388702393, 0.9828113913536072, 0.9935291409492493, 0.9998189806938171, 0.35067129135131836, 0.44684067368507385, 0.9948883652687073, 0.9956600069999695, 0.6355518102645874, 0.9991174340248108, 0.9990677237510681, 0.9898256659507751, 0.9809498190879822, 0.9841163754463196, 0.9952667951583862]","[1, 1, 1, 1, 1, 0, 1, 1, 1, 1, 1, 1, 0, 1, 1, 1, 1, 1, 1, 1, 1, 1, 1, 0, 1, 1, 1, 1, 0, 1, 1, 1, 1, 1, 1, 1, 1, 1, 1, 1, 1, 1, 1, 1, 1, 1, 1, 0, 1, 1, 1, 1, 1, 0, 0, 1, 1, 1, 1, 1, 1, 1, 1, 1]","[0.9561541676521301, 1.3303872346878052, 0.00547211105003953, 1.5091699361801147, 0.9821668267250061, 1.5287624597549438, 0.8617127537727356, 1.3020482063293457, 0.08751213550567627, 1.996781587600708, 0.40151143074035645, 0.167547807097435, 1.2672348022460938, 0.33713671565055847, 0.3146609365940094, 0.22508122026920319, 0.18016839027404785, 0.059372927993535995, 0.0064946794882416725, 0.03384361043572426, 0.3876374363899231, 0.16262264549732208, 0.021407995373010635, 1.4926806688308716, 0.20539724826812744, 0.7000668048858643, 0.19541428983211517, 0.04139857739210129, 0.818936288356781, 0.09395032376050949, 0.33152854442596436, 0.02146877534687519, 0.6333168745040894, 0.4274785816669464, 0.004810255952179432, 0.1791866570711136, 0.3024032413959503, 0.3436853885650635, 0.3946228623390198, 1.8002532720565796, 0.01218455657362938, 0.6644629836082458, 0.1371327042579651, 0.24936455488204956, 0.10275006294250488, 0.09804979711771011, 0.08888639509677887, 1.2517495155334473, 1.0781404972076416, 0.18525195121765137, 0.11487157642841339, 0.04984505474567413, 0.0020665673073381186, 1.608699917793274, 1.3928160667419434, 0.0387987345457077, 0.033892080187797546, 1.295642614364624, 0.008550843223929405, 0.00910067930817604, 0.07463829964399338, 0.11986275762319565, 0.09686830639839172, 0.036241304129362106]"
80,5120,5184,64,0.890625,0.4729993939399719,clean_mnist,0.125,0.140625,0.09375,0.140625,0.109375,0.015625,0.09375,0.078125,0.109375,0.09375,0.5814816355705261,0.1764075756072998,13.567375183105469,13.563777923583984,28.0,28.0,"[0, 6, 4, 1, 1, 9, 0, 3, 1, 3, 9, 0, 1, 0, 4, 2, 9, 9, 4, 3, 8, 6, 9, 3, 0, 6, 7, 0, 3, 1, 4, 2, 3, 3, 0, 4, 2, 5, 8, 6, 3, 7, 2, 8, 8, 8, 2, 0, 1, 1, 8, 2, 9, 3, 1, 4, 1, 6, 7, 6, 4, 7, 7, 8]","[0, 6, 4, 1, 4, 9, 6, 3, 1, 2, 9, 0, 1, 0, 4, 2, 9, 9, 4, 3, 8, 6, 9, 3, 0, 6, 7, 0, 3, 1, 4, 2, 3, 3, 0, 4, 2, 5, 5, 6, 3, 7, 2, 8, 5, 9, 2, 0, 1, 1, 8, 2, 9, 3, 1, 4, 1, 5, 7, 6, 4, 7, 7, 8]","[0.9993403553962708, 0.9343141913414001, 0.8873588442802429, 0.9981437921524048, 0.6323959827423096, 0.9133464097976685, 0.6991937756538391, 0.40599629282951355, 0.9998014569282532, 0.27974367141723633, 0.9956676959991455, 0.9994940757751465, 0.9444206953048706, 0.9953676462173462, 0.7363839149475098, 0.948434591293335, 0.7623084783554077, 0.8127207159996033, 0.9751499891281128, 0.9628968238830566, 0.9611934423446655, 0.9416159391403198, 0.9100658893585205, 0.9415183067321777, 0.9921087622642517, 0.8923987746238708, 0.9686928391456604, 0.9971417784690857, 0.8349118232727051, 0.9854379892349243, 0.9861912727355957, 0.624308168888092, 0.8850762248039246, 0.9527010321617126, 0.9480657577514648, 0.6511906981468201, 0.9433155655860901, 0.4258164167404175, 0.45934349298477173, 0.9603366851806641, 0.9315968155860901, 0.8538305163383484, 0.8809618949890137, 0.956601619720459, 0.5826639533042908, 0.5825350880622864, 0.7726419568061829, 0.9882768988609314, 0.996712327003479, 0.9750505089759827, 0.6378185153007507, 0.6655064821243286, 0.980101466178894, 0.8809769749641418, 0.9681104421615601, 0.5460482239723206, 0.9994155168533325, 0.5408498048782349, 0.9828977584838867, 0.9593056440353394, 0.9216027855873108, 0.8978670239448547, 0.9676405787467957, 0.9991245865821838]","[1, 1, 1, 1, 0, 1, 0, 1, 1, 0, 1, 1, 1, 1, 1, 1, 1, 1, 1, 1, 1, 1, 1, 1, 1, 1, 1, 1, 1, 1, 1, 1, 1, 1, 1, 1, 1, 1, 0, 1, 1, 1, 1, 1, 0, 0, 1, 1, 1, 1, 1, 1, 1, 1, 1, 1, 1, 0, 1, 1, 1, 1, 1, 1]","[0.006330455653369427, 0.3116358518600464, 0.453860878944397, 0.016533836722373962, 0.9214367270469666, 0.39737141132354736, 0.7003077268600464, 1.5190664529800415, 0.0022399446461349726, 1.8950666189193726, 0.03340095281600952, 0.005259781144559383, 0.3061794638633728, 0.03789866343140602, 0.8966065645217896, 0.2958605885505676, 0.7789836525917053, 0.6870980262756348, 0.1434497982263565, 0.2099514603614807, 0.2207152098417282, 0.2665955126285553, 0.3465191125869751, 0.2607758045196533, 0.057405587285757065, 0.41327106952667236, 0.20133456587791443, 0.024607961997389793, 0.7093927264213562, 0.0994499921798706, 0.08725926280021667, 1.1299208402633667, 0.5025550723075867, 0.2793635427951813, 0.29998916387557983, 1.0531535148620605, 0.300570011138916, 1.6140292882919312, 1.5083444118499756, 0.21845369040966034, 0.3387138843536377, 0.6497548818588257, 0.4498468041419983, 0.25457069277763367, 0.8415732979774475, 0.8982640504837036, 0.8152400255203247, 0.08355017751455307, 0.028065703809261322, 0.15849295258522034, 0.8818761110305786, 0.7989780902862549, 0.11830530315637589, 0.48472076654434204, 0.18879982829093933, 1.3574994802474976, 0.006001926958560944, 1.3196810483932495, 0.1011064276099205, 0.2207520306110382, 0.35042959451675415, 0.512774646282196, 0.1923932135105133, 0.008326463401317596]"
81,5184,5248,64,0.984375,0.37404993176460266,clean_mnist,0.140625,0.15625,0.09375,0.09375,0.046875,0.0625,0.09375,0.078125,0.09375,0.140625,0.5800909996032715,0.17566294968128204,13.581411361694336,13.569197654724121,28.0,28.0,"[3, 9, 3, 0, 5, 1, 3, 2, 0, 3, 0, 4, 0, 7, 4, 8, 8, 9, 0, 0, 1, 8, 7, 3, 9, 9, 5, 5, 9, 6, 7, 8, 1, 4, 6, 9, 8, 1, 6, 7, 9, 1, 6, 2, 0, 9, 6, 6, 2, 9, 1, 1, 2, 1, 3, 1, 5, 2, 7, 8, 0, 1, 0, 2]","[3, 9, 3, 0, 5, 1, 3, 2, 0, 3, 0, 4, 0, 7, 4, 8, 8, 9, 0, 0, 1, 8, 7, 3, 9, 9, 5, 5, 9, 6, 7, 8, 2, 4, 6, 9, 8, 1, 6, 7, 9, 1, 6, 2, 0, 9, 6, 6, 2, 9, 1, 1, 2, 1, 3, 1, 5, 2, 7, 8, 0, 1, 0, 2]","[0.9060490727424622, 0.8315645456314087, 0.964695155620575, 0.9986538887023926, 0.532789409160614, 0.9923253059387207, 0.9727105498313904, 0.7197244167327881, 0.9899541139602661, 0.942112147808075, 0.8171908855438232, 0.6814543008804321, 0.998477041721344, 0.9234209656715393, 0.9970816969871521, 0.991783857345581, 0.9733338952064514, 0.834962010383606, 0.9998219609260559, 0.989388108253479, 0.9984873533248901, 0.9990419745445251, 0.7259861826896667, 0.9637881517410278, 0.8293946981430054, 0.8801891207695007, 0.5348382592201233, 0.7140174508094788, 0.8586689233779907, 0.9899111390113831, 0.9827539920806885, 0.999494194984436, 0.7414849400520325, 0.8611822724342346, 0.9534016251564026, 0.9329046607017517, 0.9978892207145691, 0.9922227263450623, 0.996455729007721, 0.9514745473861694, 0.5413321256637573, 0.9948082566261292, 0.8933457732200623, 0.343030720949173, 0.9991361498832703, 0.917027473449707, 0.9543042182922363, 0.9705241322517395, 0.790144145488739, 0.8043116927146912, 0.9990170001983643, 0.9938322305679321, 0.9117936491966248, 0.9866516590118408, 0.8873109221458435, 0.9938293099403381, 0.961444616317749, 0.6875402927398682, 0.8821017742156982, 0.9938949942588806, 0.9998973608016968, 0.9915789365768433, 0.9962387084960938, 0.40524256229400635]","[1, 1, 1, 1, 1, 1, 1, 1, 1, 1, 1, 1, 1, 1, 1, 1, 1, 1, 1, 1, 1, 1, 1, 1, 1, 1, 1, 1, 1, 1, 1, 1, 0, 1, 1, 1, 1, 1, 1, 1, 1, 1, 1, 1, 1, 1, 1, 1, 1, 1, 1, 1, 1, 1, 1, 1, 1, 1, 1, 1, 1, 1, 1, 1]","[0.43597549200057983, 0.5163074135780334, 0.19874756038188934, 0.012576187029480934, 1.4629496335983276, 0.05829324200749397, 0.1566866636276245, 0.95266193151474, 0.06925813108682632, 0.29146987199783325, 0.6518760919570923, 1.1796703338623047, 0.013554055243730545, 0.3832284212112427, 0.023527326062321663, 0.06017172336578369, 0.1658417284488678, 0.5232473611831665, 0.001993096899241209, 0.07805395126342773, 0.013692770153284073, 0.009482120163738728, 0.8956581354141235, 0.20553164184093475, 0.6659989953041077, 0.40570345520973206, 0.9969094395637512, 0.9868736863136292, 0.49928444623947144, 0.0702732503414154, 0.11147955805063248, 0.005158144980669022, 0.9473912715911865, 0.5538955926895142, 0.23053845763206482, 0.2974574863910675, 0.017792440950870514, 0.05797899514436722, 0.026568079367280006, 0.28085723519325256, 1.1371872425079346, 0.04071572795510292, 0.40563470125198364, 1.4299445152282715, 0.0083493422716856, 0.3552643656730652, 0.22989961504936218, 0.16679824888706207, 0.7126814126968384, 0.7109963893890381, 0.009377756156027317, 0.04813758283853531, 0.41865274310112, 0.09146124124526978, 0.44852524995803833, 0.04770613834261894, 0.22205407917499542, 0.9996997117996216, 0.4499492049217224, 0.046969667077064514, 0.0011761125642806292, 0.06175629049539566, 0.031842708587646484, 1.3498003482818604]"
82,5248,5312,64,0.96875,0.5066121816635132,clean_mnist,0.140625,0.09375,0.109375,0.0625,0.078125,0.046875,0.15625,0.15625,0.109375,0.046875,0.5789667367935181,0.17523150146007538,13.563770294189453,13.56342887878418,28.0,28.0,"[8, 0, 2, 7, 3, 7, 5, 6, 1, 8, 2, 2, 6, 9, 1, 8, 7, 4, 0, 6, 0, 7, 3, 1, 0, 6, 6, 0, 9, 3, 4, 6, 7, 8, 9, 7, 3, 0, 0, 4, 0, 2, 6, 7, 8, 4, 6, 4, 8, 2, 0, 8, 7, 1, 7, 5, 1, 1, 2, 2, 7, 5, 6, 6]","[8, 0, 2, 7, 3, 7, 5, 5, 1, 8, 2, 2, 6, 9, 1, 8, 7, 4, 0, 6, 0, 7, 3, 1, 0, 6, 6, 0, 9, 3, 4, 6, 7, 8, 9, 7, 3, 0, 0, 4, 0, 2, 6, 7, 5, 4, 6, 4, 8, 2, 0, 8, 7, 1, 7, 5, 1, 1, 2, 2, 7, 5, 6, 6]","[0.9774168729782104, 0.9958893656730652, 0.5444419384002686, 0.9058440923690796, 0.9728788733482361, 0.8694372773170471, 0.8068901300430298, 0.4597175121307373, 0.9988334774971008, 0.9723712801933289, 0.958794355392456, 0.4767792224884033, 0.7189362049102783, 0.9107296466827393, 0.9858378767967224, 0.9961483478546143, 0.9721562266349792, 0.7641534805297852, 0.9983036518096924, 0.9552752375602722, 0.9974008798599243, 0.9371299147605896, 0.9669814109802246, 0.9971925616264343, 0.9935314059257507, 0.9246740937232971, 0.7798187136650085, 0.9961521029472351, 0.9153665900230408, 0.639175295829773, 0.7862927317619324, 0.9785829782485962, 0.696316123008728, 0.9985679388046265, 0.9976135492324829, 0.8777788877487183, 0.977893590927124, 0.9971833825111389, 0.9995352029800415, 0.6696600317955017, 0.9962551593780518, 0.6521748304367065, 0.5259116291999817, 0.7369504570960999, 0.764358401298523, 0.7140939831733704, 0.6462905406951904, 0.5782418251037598, 0.9675276875495911, 0.7080078125, 0.3677642047405243, 0.9918528199195862, 0.9536429047584534, 0.9856047034263611, 0.9619616866111755, 0.596016526222229, 0.999194324016571, 0.9574210047721863, 0.9484308362007141, 0.725116491317749, 0.6073153614997864, 0.6179014444351196, 0.868408739566803, 0.9767895340919495]","[1, 1, 1, 1, 1, 1, 1, 0, 1, 1, 1, 1, 1, 1, 1, 1, 1, 1, 1, 1, 1, 1, 1, 1, 1, 1, 1, 1, 1, 1, 1, 1, 1, 1, 1, 1, 1, 1, 1, 1, 1, 1, 1, 1, 0, 1, 1, 1, 1, 1, 1, 1, 1, 1, 1, 1, 1, 1, 1, 1, 1, 1, 1, 1]","[0.1374715119600296, 0.033748507499694824, 1.1998389959335327, 0.460269033908844, 0.15688036382198334, 0.6180552244186401, 0.708397626876831, 1.5550429821014404, 0.010875935666263103, 0.17073765397071838, 0.22429195046424866, 1.2455241680145264, 0.8831942677497864, 0.3436729907989502, 0.09742762893438339, 0.030920742079615593, 0.15623389184474945, 0.7422468662261963, 0.015629377216100693, 0.20708134770393372, 0.020874744281172752, 0.3235878348350525, 0.17161810398101807, 0.023998908698558807, 0.049652621150016785, 0.31866833567619324, 0.850303053855896, 0.03200965002179146, 0.4062293469905853, 1.113338589668274, 0.8645166754722595, 0.12072686105966568, 1.0997098684310913, 0.01309626828879118, 0.01994425058364868, 0.540033221244812, 0.13770143687725067, 0.024258673191070557, 0.004747559316456318, 1.077364444732666, 0.02999338135123253, 0.9527023434638977, 1.079472541809082, 0.9237377047538757, 0.8735936284065247, 0.8211334347724915, 0.8110354542732239, 1.3161275386810303, 0.1934075504541397, 0.9850167036056519, 1.6244248151779175, 0.06183122470974922, 0.23029285669326782, 0.09708195924758911, 0.19995126128196716, 1.2364890575408936, 0.007645489647984505, 0.2502536177635193, 0.280495285987854, 1.0283865928649902, 1.3230352401733398, 1.2182608842849731, 0.5310524106025696, 0.13783657550811768]"
83,5312,5376,64,0.96875,0.34110069274902344,clean_mnist,0.1875,0.0625,0.0625,0.109375,0.109375,0.015625,0.078125,0.109375,0.15625,0.109375,0.5880399942398071,0.18303807079792023,13.56745719909668,13.569503784179688,28.0,28.0,"[7, 4, 2, 3, 9, 0, 2, 0, 9, 0, 4, 3, 4, 7, 7, 0, 3, 6, 0, 4, 0, 8, 6, 8, 1, 3, 8, 9, 0, 9, 0, 8, 0, 2, 8, 7, 8, 7, 9, 1, 7, 0, 3, 1, 4, 2, 3, 3, 8, 4, 9, 5, 6, 6, 4, 7, 0, 8, 8, 9, 8, 0, 6, 1]","[7, 4, 2, 3, 9, 0, 2, 0, 9, 0, 4, 3, 4, 7, 7, 0, 3, 6, 0, 4, 3, 8, 6, 8, 1, 3, 8, 9, 0, 9, 0, 8, 0, 2, 8, 7, 8, 7, 9, 1, 7, 0, 3, 1, 4, 2, 3, 3, 8, 4, 9, 5, 6, 6, 4, 7, 0, 8, 3, 9, 8, 0, 6, 1]","[0.8359391093254089, 0.5224916934967041, 0.6998150944709778, 0.7358646392822266, 0.9257091879844666, 0.9984607696533203, 0.9894235730171204, 0.9940535426139832, 0.9908085465431213, 0.9977073669433594, 0.9975771307945251, 0.9690644145011902, 0.9076222777366638, 0.9268889427185059, 0.9801739454269409, 0.9973198771476746, 0.865580677986145, 0.966570258140564, 0.9967467784881592, 0.7583374977111816, 0.6025487780570984, 0.9957732558250427, 0.989692747592926, 0.9990177154541016, 0.9989460110664368, 0.9716348052024841, 0.8677772283554077, 0.6895660161972046, 0.9870089888572693, 0.7675136923789978, 0.9996333122253418, 0.9978843331336975, 0.9998704195022583, 0.8324300050735474, 0.9806884527206421, 0.9392202496528625, 0.9479636549949646, 0.9767454266548157, 0.9764516353607178, 0.9891133308410645, 0.9741821885108948, 0.9877560138702393, 0.5759251117706299, 0.9833443760871887, 0.9667572975158691, 0.8599539995193481, 0.9650348424911499, 0.9363124966621399, 0.5426714420318604, 0.9904154539108276, 0.9862564206123352, 0.9264013767242432, 0.9349689483642578, 0.8203942775726318, 0.9753972887992859, 0.9688414335250854, 0.9068460464477539, 0.9781503081321716, 0.5871798992156982, 0.5231295824050903, 0.9871054887771606, 0.9909791946411133, 0.9884189963340759, 0.9888968467712402]","[1, 1, 1, 1, 1, 1, 1, 1, 1, 1, 1, 1, 1, 1, 1, 1, 1, 1, 1, 1, 0, 1, 1, 1, 1, 1, 1, 1, 1, 1, 1, 1, 1, 1, 1, 1, 1, 1, 1, 1, 1, 1, 1, 1, 1, 1, 1, 1, 1, 1, 1, 1, 1, 1, 1, 1, 1, 1, 0, 1, 1, 1, 1, 1]","[0.7036333084106445, 1.5314363241195679, 0.6782610416412354, 1.0067739486694336, 0.3044644594192505, 0.01412210613489151, 0.07543978095054626, 0.04663445055484772, 0.06407560408115387, 0.020461250096559525, 0.01996670849621296, 0.17710745334625244, 0.3913120925426483, 0.36877110600471497, 0.12478618323802948, 0.023508217185735703, 0.47251686453819275, 0.18150052428245544, 0.026641417294740677, 0.722547173500061, 1.3230159282684326, 0.03517554700374603, 0.06874603778123856, 0.009458506479859352, 0.009766648523509502, 0.16425029933452606, 0.529142439365387, 0.7015479803085327, 0.08832480013370514, 0.6034903526306152, 0.0038717291317880154, 0.018762703984975815, 0.0015060750301927328, 0.6852579116821289, 0.12472746521234512, 0.3132905066013336, 0.27666622400283813, 0.15203061699867249, 0.1319236159324646, 0.07796356081962585, 0.148329496383667, 0.08788657933473587, 1.2459524869918823, 0.11550261080265045, 0.18225708603858948, 0.6605635285377502, 0.19793638586997986, 0.33015137910842896, 1.187393069267273, 0.06663965433835983, 0.09111296385526657, 0.34489572048187256, 0.25599655508995056, 0.6491714715957642, 0.12795062363147736, 0.18751627206802368, 0.4298427999019623, 0.13824215531349182, 1.4453333616256714, 1.3509527444839478, 0.08799721300601959, 0.06870130449533463, 0.07681336253881454, 0.08042442053556442]"
84,5376,5440,64,0.9375,0.4137479364871979,clean_mnist,0.046875,0.109375,0.140625,0.15625,0.0625,0.109375,0.078125,0.078125,0.125,0.09375,0.5858368873596191,0.1817634254693985,13.585972785949707,13.562047958374023,28.0,28.0,"[8, 2, 8, 3, 2, 4, 5, 5, 6, 6, 9, 7, 3, 8, 1, 9, 3, 0, 8, 1, 3, 2, 0, 3, 2, 4, 9, 5, 9, 6, 4, 7, 3, 8, 4, 9, 3, 6, 5, 2, 7, 5, 8, 6, 2, 2, 1, 5, 5, 1, 9, 7, 1, 1, 0, 8, 3, 3, 3, 8, 2, 7, 2, 1]","[8, 2, 5, 3, 2, 4, 5, 5, 6, 6, 9, 7, 3, 8, 9, 9, 3, 0, 8, 1, 3, 2, 0, 3, 2, 4, 9, 5, 9, 6, 4, 7, 3, 8, 4, 9, 3, 6, 5, 2, 7, 5, 8, 6, 2, 2, 7, 5, 5, 1, 9, 7, 1, 1, 8, 8, 3, 3, 3, 8, 2, 7, 2, 1]","[0.9998430013656616, 0.9401181936264038, 0.7253036499023438, 0.9635735154151917, 0.8557778000831604, 0.9903399348258972, 0.6901935935020447, 0.9416627883911133, 0.8515227437019348, 0.9562913775444031, 0.9925227761268616, 0.9892852902412415, 0.9628949761390686, 0.9818731546401978, 0.596440315246582, 0.8022012710571289, 0.9663684964179993, 0.9674747586250305, 0.9454731941223145, 0.9969266057014465, 0.7388138175010681, 0.8216692805290222, 0.9987403750419617, 0.8611752986907959, 0.9129685759544373, 0.9897541403770447, 0.9710543155670166, 0.8782228231430054, 0.4810559153556824, 0.9607024788856506, 0.9898236393928528, 0.9662264585494995, 0.5193309783935547, 0.9652698636054993, 0.9935524463653564, 0.5619796514511108, 0.9815185070037842, 0.9067718386650085, 0.6079761981964111, 0.8716226816177368, 0.9647380709648132, 0.781037449836731, 0.9996476173400879, 0.7885778546333313, 0.9697189331054688, 0.657237708568573, 0.2624216079711914, 0.9511731266975403, 0.9661011695861816, 0.9541425108909607, 0.7897767424583435, 0.6368080377578735, 0.998431384563446, 0.9477101564407349, 0.9525399804115295, 0.9963405132293701, 0.8885014653205872, 0.990208625793457, 0.9918103814125061, 0.9914359450340271, 0.8361395597457886, 0.9799837470054626, 0.9263125658035278, 0.9892964959144592]","[1, 1, 0, 1, 1, 1, 1, 1, 1, 1, 1, 1, 1, 1, 0, 1, 1, 1, 1, 1, 1, 1, 1, 1, 1, 1, 1, 1, 1, 1, 1, 1, 1, 1, 1, 1, 1, 1, 1, 1, 1, 1, 1, 1, 1, 1, 0, 1, 1, 1, 1, 1, 1, 1, 0, 1, 1, 1, 1, 1, 1, 1, 1, 1]","[0.0018082091119140387, 0.32034438848495483, 0.670706033706665, 0.20362606644630432, 0.5881075263023376, 0.06479552388191223, 0.951208770275116, 0.28746819496154785, 0.4545411765575409, 0.2196570485830307, 0.05425107479095459, 0.07477997243404388, 0.21751615405082703, 0.11508043110370636, 1.0868942737579346, 0.6256406903266907, 0.20973798632621765, 0.19787895679473877, 0.2772367000579834, 0.026498587802052498, 0.7920345067977905, 0.7496515512466431, 0.01168270967900753, 0.6077048778533936, 0.4257143437862396, 0.070600725710392, 0.16443735361099243, 0.5286813378334045, 1.3746438026428223, 0.2173832207918167, 0.06764022260904312, 0.20445604622364044, 1.3545799255371094, 0.20972132682800293, 0.04713748022913933, 0.9758042693138123, 0.12214772403240204, 0.4078425467014313, 0.8946821093559265, 0.5760281682014465, 0.20143719017505646, 0.8178298473358154, 0.0035979803651571274, 0.8145791292190552, 0.18053914606571198, 1.048417091369629, 1.963295340538025, 0.26439017057418823, 0.20311039686203003, 0.26138967275619507, 0.6656413078308105, 1.1950747966766357, 0.014127632603049278, 0.2855910360813141, 0.20069122314453125, 0.02993890643119812, 0.5511071681976318, 0.06957629323005676, 0.05381423234939575, 0.06256809830665588, 0.6307277083396912, 0.12610909342765808, 0.3067818284034729, 0.07918279618024826]"
85,5440,5504,64,0.984375,0.40198948979377747,clean_mnist,0.1875,0.109375,0.046875,0.125,0.078125,0.078125,0.078125,0.125,0.0625,0.109375,0.5850411653518677,0.18047299981117249,13.565589904785156,13.562673568725586,28.0,28.0,"[0, 7, 3, 1, 4, 4, 7, 7, 7, 2, 4, 6, 5, 5, 9, 3, 5, 9, 3, 9, 8, 0, 0, 8, 0, 7, 6, 3, 0, 0, 0, 3, 7, 7, 8, 0, 8, 1, 9, 1, 2, 2, 4, 1, 1, 6, 6, 0, 0, 5, 4, 3, 9, 3, 1, 6, 7, 3, 0, 5, 1, 9, 0, 9]","[5, 7, 3, 1, 4, 4, 7, 7, 7, 2, 4, 6, 5, 5, 9, 3, 5, 9, 3, 9, 8, 0, 0, 8, 0, 7, 6, 3, 0, 0, 0, 3, 7, 7, 8, 0, 8, 1, 9, 1, 2, 2, 4, 1, 1, 6, 6, 0, 0, 5, 4, 3, 9, 3, 1, 6, 7, 3, 0, 5, 1, 9, 0, 9]","[0.36045411229133606, 0.907636284828186, 0.8332012891769409, 0.967819333076477, 0.9862381219863892, 0.9410979151725769, 0.9679931998252869, 0.9122427701950073, 0.704582154750824, 0.9459294080734253, 0.653919517993927, 0.8477482795715332, 0.5743322372436523, 0.7347396612167358, 0.4674738943576813, 0.991098940372467, 0.8720003962516785, 0.6561229825019836, 0.854039192199707, 0.7322579622268677, 0.9988762736320496, 0.991306483745575, 0.9924196600914001, 0.9934237003326416, 0.9958581328392029, 0.9592090249061584, 0.647514820098877, 0.9861838221549988, 0.9944509863853455, 0.9695177674293518, 0.9965548515319824, 0.9927020072937012, 0.7236418724060059, 0.9542941451072693, 0.9905072450637817, 0.980597198009491, 0.9743508100509644, 0.8997538685798645, 0.8710398077964783, 0.9974066615104675, 0.5109226107597351, 0.9535107612609863, 0.46439728140830994, 0.9983747005462646, 0.9995042085647583, 0.7051075100898743, 0.9847241640090942, 0.9986948370933533, 0.9807906150817871, 0.9683074355125427, 0.9951624274253845, 0.9533929228782654, 0.8986016511917114, 0.8620697259902954, 0.9968936443328857, 0.5922813415527344, 0.9946781396865845, 0.9314829707145691, 0.998917818069458, 0.8223522305488586, 0.9996401071548462, 0.7840275764465332, 0.9972123503684998, 0.8228216767311096]","[0, 1, 1, 1, 1, 1, 1, 1, 1, 1, 1, 1, 1, 1, 1, 1, 1, 1, 1, 1, 1, 1, 1, 1, 1, 1, 1, 1, 1, 1, 1, 1, 1, 1, 1, 1, 1, 1, 1, 1, 1, 1, 1, 1, 1, 1, 1, 1, 1, 1, 1, 1, 1, 1, 1, 1, 1, 1, 1, 1, 1, 1, 1, 1]","[1.6034164428710938, 0.4255550503730774, 0.6466750502586365, 0.19647528231143951, 0.08364951610565186, 0.2820553183555603, 0.19320642948150635, 0.40991178154945374, 1.0590403079986572, 0.293987512588501, 0.913611888885498, 0.6114563941955566, 1.0634303092956543, 0.7205688953399658, 0.9818370342254639, 0.06612353026866913, 0.4321274161338806, 0.8496862053871155, 0.4950583875179291, 0.9798370599746704, 0.010817231610417366, 0.06401539593935013, 0.055280596017837524, 0.04767676815390587, 0.03459975868463516, 0.21977946162223816, 1.0684454441070557, 0.09155262261629105, 0.04482259228825569, 0.19276800751686096, 0.028121670708060265, 0.05465013161301613, 0.9480127096176147, 0.2673889994621277, 0.0632571130990982, 0.1286761462688446, 0.14578837156295776, 0.4468783140182495, 0.5667867660522461, 0.022412648424506187, 0.815362274646759, 0.25049883127212524, 1.355148196220398, 0.014984062872827053, 0.005132921505719423, 0.9754518866539001, 0.10303838551044464, 0.012049280107021332, 0.12488474696874619, 0.18893346190452576, 0.036748256534338, 0.25341078639030457, 0.42628014087677, 0.5889290571212769, 0.02611791156232357, 1.2012311220169067, 0.041579920798540115, 0.3594541847705841, 0.010389430448412895, 0.6913092136383057, 0.0038815743755549192, 0.8011049032211304, 0.02406984195113182, 0.6078987121582031]"
86,5504,5568,64,0.953125,0.4599882960319519,clean_mnist,0.125,0.140625,0.078125,0.109375,0.046875,0.078125,0.109375,0.109375,0.078125,0.125,0.5816923379898071,0.17701293528079987,13.573332786560059,13.582368850708008,28.0,28.0,"[7, 0, 5, 1, 2, 2, 3, 3, 0, 4, 0, 5, 1, 6, 9, 7, 1, 8, 9, 9, 6, 0, 5, 1, 2, 2, 1, 3, 9, 4, 8, 7, 8, 8, 1, 9, 7, 0, 3, 1, 9, 2, 7, 3, 0, 4, 5, 5, 1, 6, 6, 7, 6, 8, 9, 9, 0, 6, 3, 0, 1, 7, 6, 3]","[7, 0, 5, 1, 2, 2, 3, 3, 0, 4, 0, 5, 1, 6, 9, 7, 1, 8, 9, 9, 6, 0, 5, 1, 2, 2, 1, 3, 9, 4, 8, 7, 8, 8, 9, 9, 7, 0, 3, 1, 9, 2, 7, 3, 8, 4, 5, 5, 1, 6, 6, 7, 6, 8, 9, 9, 0, 6, 3, 0, 7, 7, 6, 3]","[0.8984969258308411, 0.9974445104598999, 0.556843101978302, 0.9985162615776062, 0.6015377640724182, 0.9044420719146729, 0.9564528465270996, 0.8103697299957275, 0.998461127281189, 0.6859068274497986, 0.9994626641273499, 0.6993852853775024, 0.9921950101852417, 0.9121505618095398, 0.9355440139770508, 0.96377032995224, 0.9998007416725159, 0.9774904251098633, 0.9661055207252502, 0.7784467935562134, 0.9170105457305908, 0.9939228892326355, 0.7873840928077698, 0.9759296178817749, 0.6828140020370483, 0.5878679156303406, 0.9996705055236816, 0.6562838554382324, 0.9737399220466614, 0.9439390301704407, 0.9989606142044067, 0.9113405346870422, 0.37266382575035095, 0.9923560619354248, 0.4169372022151947, 0.8951706290245056, 0.9678698182106018, 0.9925462603569031, 0.9468050003051758, 0.9914658069610596, 0.9248412847518921, 0.4302610456943512, 0.9521076083183289, 0.8875460624694824, 0.4143257439136505, 0.9415381550788879, 0.5414847731590271, 0.864880383014679, 0.9992114305496216, 0.8216871023178101, 0.44953036308288574, 0.9339320063591003, 0.972743570804596, 0.9862245321273804, 0.6497337818145752, 0.8541288375854492, 0.985171377658844, 0.9773551821708679, 0.9283040165901184, 0.9984947443008423, 0.8961148262023926, 0.979876697063446, 0.9574576020240784, 0.9009996056556702]","[1, 1, 1, 1, 1, 1, 1, 1, 1, 1, 1, 1, 1, 1, 1, 1, 1, 1, 1, 1, 1, 1, 1, 1, 1, 1, 1, 1, 1, 1, 1, 1, 1, 1, 0, 1, 1, 1, 1, 1, 1, 1, 1, 1, 0, 1, 1, 1, 1, 1, 1, 1, 1, 1, 1, 1, 1, 1, 1, 1, 0, 1, 1, 1]","[0.4724882245063782, 0.02253749594092369, 1.2638731002807617, 0.013739108107984066, 0.752194881439209, 0.4436837434768677, 0.20094247162342072, 0.8305587768554688, 0.014098446816205978, 1.0103163719177246, 0.005418132059276104, 1.0873712301254272, 0.05781160667538643, 0.4080960154533386, 0.3024721145629883, 0.21856427192687988, 0.002243730705231428, 0.14166490733623505, 0.17632970213890076, 0.6158366203308105, 0.3099731504917145, 0.04772078990936279, 0.7460024356842041, 0.14805485308170319, 1.0316252708435059, 1.0712332725524902, 0.0035700739827007055, 1.273972988128662, 0.15633414685726166, 0.2909310460090637, 0.009893886744976044, 0.443855345249176, 1.577035903930664, 0.056659359484910965, 1.5632537603378296, 0.43180665373802185, 0.16932301223278046, 0.05768612399697304, 0.2730446457862854, 0.06176217272877693, 0.3708988130092621, 1.3333711624145508, 0.23504018783569336, 0.5425008535385132, 1.234373688697815, 0.25833967328071594, 0.9572330117225647, 0.5999149084091187, 0.007582741789519787, 0.714529812335968, 1.3625544309616089, 0.3403552174568176, 0.15000486373901367, 0.08668380230665207, 1.0822182893753052, 0.5523984432220459, 0.1027970090508461, 0.12309600412845612, 0.3606421947479248, 0.014010705053806305, 0.3986232876777649, 0.12859514355659485, 0.21059024333953857, 0.5089154839515686]"
87,5568,5632,64,0.890625,0.34474584460258484,clean_mnist,0.125,0.125,0.015625,0.09375,0.09375,0.078125,0.09375,0.109375,0.171875,0.09375,0.5805923938751221,0.1767226904630661,13.567296981811523,13.562606811523438,28.0,28.0,"[7, 7, 1, 1, 9, 3, 8, 7, 6, 9, 3, 7, 4, 4, 1, 0, 7, 0, 6, 6, 3, 8, 4, 5, 9, 6, 8, 9, 7, 8, 8, 5, 1, 1, 8, 5, 0, 3, 5, 9, 0, 8, 1, 3, 0, 4, 9, 0, 8, 5, 2, 6, 8, 3, 0, 4, 1, 8, 7, 0, 8, 6, 1, 4]","[7, 7, 1, 1, 9, 3, 8, 7, 6, 9, 3, 7, 4, 4, 1, 0, 7, 0, 6, 6, 3, 9, 4, 5, 9, 6, 8, 9, 7, 8, 5, 5, 6, 1, 2, 5, 0, 3, 5, 9, 0, 8, 1, 3, 0, 4, 9, 0, 3, 5, 2, 6, 5, 3, 0, 4, 2, 8, 7, 0, 8, 6, 1, 4]","[0.844990611076355, 0.9263125061988831, 0.9996659755706787, 0.9939079284667969, 0.9756607413291931, 0.9357898235321045, 0.9833979606628418, 0.9713550806045532, 0.4960281550884247, 0.9204209446907043, 0.8714762330055237, 0.9541006088256836, 0.9864804148674011, 0.9625499248504639, 0.9996193647384644, 0.9942376613616943, 0.9701732397079468, 0.9993044137954712, 0.975517749786377, 0.9486696720123291, 0.9591758847236633, 0.5344781875610352, 0.9976430535316467, 0.9414663314819336, 0.9862287044525146, 0.9364898800849915, 0.9965638518333435, 0.8888155221939087, 0.8967296481132507, 0.9951966404914856, 0.8652193546295166, 0.9499953389167786, 0.4431767761707306, 0.995148241519928, 0.48500093817710876, 0.9325757026672363, 0.9992740750312805, 0.8714234828948975, 0.7653409242630005, 0.9059733152389526, 0.9973582625389099, 0.9758568406105042, 0.9997119307518005, 0.8855677843093872, 0.9941005110740662, 0.7167389988899231, 0.7622005939483643, 0.9937031865119934, 0.6196151971817017, 0.9289565682411194, 0.9236772656440735, 0.9624802470207214, 0.7356384992599487, 0.8758472204208374, 0.9997963309288025, 0.9899495840072632, 0.4404256343841553, 0.9715965390205383, 0.7523075342178345, 0.9986162185668945, 0.9768410921096802, 0.9344712495803833, 0.8957734107971191, 0.9476189017295837]","[1, 1, 1, 1, 1, 1, 1, 1, 1, 1, 1, 1, 1, 1, 1, 1, 1, 1, 1, 1, 1, 0, 1, 1, 1, 1, 1, 1, 1, 1, 0, 1, 0, 1, 0, 1, 1, 1, 1, 1, 1, 1, 1, 1, 1, 1, 1, 1, 0, 1, 1, 1, 0, 1, 1, 1, 0, 1, 1, 1, 1, 1, 1, 1]","[0.6412910223007202, 0.38588947057724, 0.0036095085088163614, 0.04732466861605644, 0.12697117030620575, 0.3308365046977997, 0.10961876064538956, 0.17458471655845642, 0.7607834935188293, 0.367003470659256, 0.5268684029579163, 0.2505852282047272, 0.09270860254764557, 0.18925471603870392, 0.0039846040308475494, 0.046383440494537354, 0.18166178464889526, 0.00702551519498229, 0.14479120075702667, 0.272764652967453, 0.2198602855205536, 0.8608172535896301, 0.0193430595099926, 0.2994159758090973, 0.08692145347595215, 0.26308655738830566, 0.026917530223727226, 0.4496881365776062, 0.4746926426887512, 0.03798786550760269, 0.6080158948898315, 0.2552523910999298, 1.1416531801223755, 0.038823097944259644, 1.1560577154159546, 0.34188181161880493, 0.006798862479627132, 0.5923736691474915, 0.7442763447761536, 0.34159398078918457, 0.023150600492954254, 0.15123188495635986, 0.0031601055525243282, 0.5381231904029846, 0.04716102406382561, 0.7744445204734802, 0.9162628054618835, 0.05050624907016754, 1.1608294248580933, 0.352988064289093, 0.36841946840286255, 0.20813624560832977, 0.7807825207710266, 0.5910836458206177, 0.0022471274714916945, 0.07116929441690445, 1.1818541288375854, 0.1758805215358734, 0.8781381845474243, 0.012929919175803661, 0.13316695392131805, 0.33619794249534607, 0.45366141200065613, 0.22280895709991455]"
88,5632,5696,64,0.921875,0.4550360441207886,clean_mnist,0.125,0.140625,0.0625,0.140625,0.078125,0.09375,0.09375,0.078125,0.109375,0.078125,0.5786921977996826,0.17458683252334595,13.564848899841309,13.576553344726562,28.0,28.0,"[8, 8, 6, 1, 4, 3, 2, 4, 3, 0, 3, 1, 1, 9, 0, 3, 1, 3, 7, 7, 7, 5, 6, 1, 2, 7, 9, 8, 3, 8, 0, 7, 9, 0, 5, 1, 5, 9, 8, 6, 9, 4, 0, 1, 2, 2, 5, 3, 8, 1, 6, 3, 4, 5, 6, 3, 5, 4, 0, 1, 0, 6, 0, 8]","[6, 8, 6, 1, 4, 3, 2, 4, 3, 0, 3, 1, 1, 9, 0, 2, 1, 3, 7, 7, 7, 5, 6, 1, 2, 7, 9, 2, 3, 8, 0, 7, 9, 0, 5, 1, 5, 9, 8, 6, 9, 4, 0, 1, 7, 2, 5, 3, 8, 1, 6, 3, 6, 5, 6, 3, 5, 4, 0, 1, 0, 6, 0, 8]","[0.6445839405059814, 0.9992344379425049, 0.943271815776825, 0.9985302686691284, 0.970490574836731, 0.9070422649383545, 0.4461008906364441, 0.978721559047699, 0.9851828217506409, 0.996383547782898, 0.8150700330734253, 0.9928475618362427, 0.9838827848434448, 0.9255594611167908, 0.9994584918022156, 0.35943403840065, 0.9991470575332642, 0.8567817807197571, 0.4809965193271637, 0.8388717174530029, 0.9911003708839417, 0.7353895306587219, 0.7632893323898315, 0.9940165281295776, 0.6592543125152588, 0.9400325417518616, 0.9907021522521973, 0.6797719597816467, 0.7677242159843445, 0.9682062864303589, 0.9983718991279602, 0.9615875482559204, 0.3396322727203369, 0.9901809692382812, 0.4240284264087677, 0.9961234927177429, 0.6371172070503235, 0.9843717217445374, 0.9953963160514832, 0.9444738626480103, 0.9551081657409668, 0.9941944479942322, 0.9993578791618347, 0.9948233366012573, 0.41538283228874207, 0.8364829421043396, 0.7690000534057617, 0.47150903940200806, 0.9916713237762451, 0.987863302230835, 0.940005898475647, 0.5873784422874451, 0.3968275487422943, 0.9179388284683228, 0.9820292592048645, 0.8970476984977722, 0.44232234358787537, 0.9893689751625061, 0.9970254302024841, 0.9803903698921204, 0.9992044568061829, 0.9893388152122498, 0.9987133741378784, 0.9930582046508789]","[0, 1, 1, 1, 1, 1, 1, 1, 1, 1, 1, 1, 1, 1, 1, 0, 1, 1, 1, 1, 1, 1, 1, 1, 1, 1, 1, 0, 1, 1, 1, 1, 1, 1, 1, 1, 1, 1, 1, 1, 1, 1, 1, 1, 0, 1, 1, 1, 1, 1, 1, 1, 0, 1, 1, 1, 1, 1, 1, 1, 1, 1, 1, 1]","[0.8792485594749451, 0.007730505894869566, 0.2792482078075409, 0.013631120324134827, 0.17935404181480408, 0.43309473991394043, 1.3750070333480835, 0.13093361258506775, 0.1040254607796669, 0.03032548911869526, 0.7314774394035339, 0.053468186408281326, 0.10935670882463455, 0.3525158166885376, 0.005523349158465862, 1.222672700881958, 0.008390958420932293, 0.6683603525161743, 1.1240733861923218, 0.7095030546188354, 0.06446567922830582, 0.9778214693069458, 0.6959468722343445, 0.045776888728141785, 0.8208016157150269, 0.31294527649879456, 0.06387890875339508, 0.9564372301101685, 0.8107262253761292, 0.1726132035255432, 0.014808624051511288, 0.23333823680877686, 1.4239611625671387, 0.07107524573802948, 1.7361209392547607, 0.031268410384655, 1.0699375867843628, 0.09732826054096222, 0.03639058396220207, 0.2688860297203064, 0.24730931222438812, 0.04525052383542061, 0.00652681291103363, 0.04044311121106148, 1.3607126474380493, 0.6477968692779541, 0.9421436190605164, 1.5654139518737793, 0.0628693550825119, 0.08310683816671371, 0.2996452748775482, 1.4198188781738281, 1.394938349723816, 0.39307522773742676, 0.10840477794408798, 0.505016565322876, 1.3071659803390503, 0.07137321680784225, 0.02350750006735325, 0.13190937042236328, 0.007437374442815781, 0.07372041791677475, 0.012028973549604416, 0.05021997541189194]"
89,5696,5760,64,0.921875,0.4992068409919739,clean_mnist,0.109375,0.125,0.140625,0.109375,0.09375,0.078125,0.078125,0.0625,0.09375,0.109375,0.580531895160675,0.1762087196111679,13.56543254852295,13.567530632019043,28.0,28.0,"[8, 0, 0, 8, 2, 9, 3, 4, 4, 9, 1, 2, 1, 6, 3, 0, 5, 1, 1, 2, 7, 3, 9, 8, 4, 6, 2, 7, 2, 8, 9, 9, 8, 0, 0, 1, 1, 2, 4, 4, 3, 5, 3, 6, 0, 7, 5, 8, 2, 9, 9, 0, 3, 1, 6, 2, 5, 3, 7, 4, 1, 5, 2, 6]","[8, 0, 0, 8, 2, 9, 3, 4, 9, 9, 2, 2, 1, 6, 3, 0, 5, 1, 1, 2, 7, 3, 9, 5, 4, 6, 2, 7, 2, 8, 9, 9, 3, 0, 0, 1, 1, 2, 4, 4, 3, 5, 3, 6, 9, 7, 5, 8, 2, 9, 9, 0, 3, 1, 6, 2, 5, 3, 7, 4, 1, 5, 2, 6]","[0.9862757921218872, 0.9909477829933167, 0.9995741248130798, 0.9941307902336121, 0.8214268088340759, 0.9495140314102173, 0.9727178812026978, 0.9900454878807068, 0.40058422088623047, 0.9452939033508301, 0.9520301222801208, 0.8462274670600891, 0.9993950128555298, 0.9733399748802185, 0.9795855283737183, 0.9925625920295715, 0.8972341418266296, 0.9983245730400085, 0.9993534684181213, 0.8080129027366638, 0.917736291885376, 0.95001220703125, 0.7162194848060608, 0.8089383840560913, 0.7790735960006714, 0.8117876052856445, 0.6290770173072815, 0.47760018706321716, 0.8723889589309692, 0.9560329914093018, 0.9931500554084778, 0.7442299127578735, 0.4612092077732086, 0.9937130808830261, 0.9754137396812439, 0.9953089356422424, 0.9991969466209412, 0.658734917640686, 0.9355766773223877, 0.972561240196228, 0.4946057200431824, 0.2875521779060364, 0.6709885001182556, 0.9364697933197021, 0.5764944553375244, 0.7829582095146179, 0.531204342842102, 0.9666526913642883, 0.9177955389022827, 0.6902906894683838, 0.9789677262306213, 0.9949079155921936, 0.47222819924354553, 0.9924300312995911, 0.8955202698707581, 0.9232742786407471, 0.5269612669944763, 0.8294903635978699, 0.9672715067863464, 0.9786616563796997, 0.999610960483551, 0.355345755815506, 0.8600398898124695, 0.8937857151031494]","[1, 1, 1, 1, 1, 1, 1, 1, 0, 1, 0, 1, 1, 1, 1, 1, 1, 1, 1, 1, 1, 1, 1, 0, 1, 1, 1, 1, 1, 1, 1, 1, 0, 1, 1, 1, 1, 1, 1, 1, 1, 1, 1, 1, 0, 1, 1, 1, 1, 1, 1, 1, 1, 1, 1, 1, 1, 1, 1, 1, 1, 1, 1, 1]","[0.08902578800916672, 0.06882292777299881, 0.004475473426282406, 0.046020884066820145, 0.6745206117630005, 0.2234247475862503, 0.1527116298675537, 0.0690026804804802, 1.1512043476104736, 0.2652401626110077, 0.2425335943698883, 0.5921211838722229, 0.006198209710419178, 0.15849865972995758, 0.13506542146205902, 0.05489017069339752, 0.46111705899238586, 0.015318389981985092, 0.006414907518774271, 0.7014957070350647, 0.3811028301715851, 0.28040868043899536, 0.7042762041091919, 0.8012638092041016, 0.7846210598945618, 0.7090707421302795, 1.053709864616394, 1.4785616397857666, 0.548434317111969, 0.24024540185928345, 0.04989253729581833, 0.6295113563537598, 1.4074212312698364, 0.0498037114739418, 0.15755826234817505, 0.038204822689294815, 0.007930881343781948, 0.9844557046890259, 0.2624400854110718, 0.1529371440410614, 1.4187191724777222, 1.5989689826965332, 1.0099482536315918, 0.3252752423286438, 1.1597776412963867, 0.8481297492980957, 1.2721858024597168, 0.190590962767601, 0.367068350315094, 0.7634398341178894, 0.12223349511623383, 0.041060447692871094, 1.2530964612960815, 0.05726313591003418, 0.4750558137893677, 0.38308486342430115, 1.0804681777954102, 0.615294873714447, 0.18200236558914185, 0.12716691195964813, 0.004069988150149584, 1.706265926361084, 0.5943650603294373, 0.5137553811073303]"
90,5760,5824,64,0.921875,0.47635090351104736,clean_mnist,0.09375,0.109375,0.0625,0.109375,0.125,0.015625,0.109375,0.140625,0.125,0.109375,0.5743650197982788,0.17117562890052795,13.56963062286377,13.569635391235352,28.0,28.0,"[1, 7, 2, 8, 4, 9, 6, 0, 7, 7, 3, 0, 6, 0, 1, 8, 5, 4, 7, 1, 6, 8, 6, 8, 7, 1, 7, 3, 3, 1, 1, 8, 4, 3, 9, 7, 4, 9, 8, 3, 8, 0, 6, 9, 6, 4, 9, 4, 0, 0, 6, 7, 3, 4, 1, 2, 2, 9, 7, 8, 3, 9, 4, 2]","[1, 7, 2, 8, 4, 9, 6, 0, 7, 7, 3, 5, 6, 0, 6, 8, 5, 4, 7, 1, 6, 8, 6, 8, 7, 1, 7, 3, 3, 1, 2, 8, 4, 3, 9, 7, 4, 9, 3, 3, 8, 0, 6, 9, 6, 4, 9, 4, 0, 0, 6, 7, 3, 4, 1, 2, 2, 9, 7, 8, 3, 7, 4, 2]","[0.9992094039916992, 0.4569575786590576, 0.755581259727478, 0.9944631457328796, 0.9592689871788025, 0.8884948492050171, 0.9554569125175476, 0.9977360963821411, 0.8184323310852051, 0.5271932482719421, 0.9466219544410706, 0.33003753423690796, 0.8727485537528992, 0.9828861355781555, 0.7068222165107727, 0.9987727999687195, 0.7504582405090332, 0.5957198143005371, 0.5134992599487305, 0.997631311416626, 0.3789752423763275, 0.9941295385360718, 0.9434946179389954, 0.9983420372009277, 0.5769253969192505, 0.9893970489501953, 0.9788453578948975, 0.8591029047966003, 0.7690116763114929, 0.9977774024009705, 0.6758629083633423, 0.9778508543968201, 0.9993093013763428, 0.9534195065498352, 0.980772852897644, 0.7189795970916748, 0.9803692698478699, 0.8959012031555176, 0.9649084210395813, 0.7836353778839111, 0.990310788154602, 0.999055802822113, 0.9340007305145264, 0.9309582710266113, 0.8147445321083069, 0.947817325592041, 0.7624638080596924, 0.9646088480949402, 0.9996603727340698, 0.9891456365585327, 0.9797856211662292, 0.5378900170326233, 0.7674428820610046, 0.9628949761390686, 0.9996292591094971, 0.5826901793479919, 0.5052483081817627, 0.8910730481147766, 0.7549980878829956, 0.9760396480560303, 0.8417148590087891, 0.5419914126396179, 0.989262044429779, 0.8797794580459595]","[1, 1, 1, 1, 1, 1, 1, 1, 1, 1, 1, 0, 1, 1, 0, 1, 1, 1, 1, 1, 1, 1, 1, 1, 1, 1, 1, 1, 1, 1, 0, 1, 1, 1, 1, 1, 1, 1, 0, 1, 1, 1, 1, 1, 1, 1, 1, 1, 1, 1, 1, 1, 1, 1, 1, 1, 1, 1, 1, 1, 1, 0, 1, 1]","[0.007747555151581764, 1.265228271484375, 0.8912253379821777, 0.042729225009679794, 0.22706551849842072, 0.4149326980113983, 0.24742166697978973, 0.020005812868475914, 0.7112820148468018, 1.148674488067627, 0.3017841577529907, 1.7431784868240356, 0.4938507080078125, 0.11612308770418167, 1.0094496011734009, 0.011200357228517532, 0.681953489780426, 1.0840258598327637, 0.8071468472480774, 0.020618418231606483, 1.27931547164917, 0.04432716965675354, 0.2589598000049591, 0.014847766607999802, 0.8613387942314148, 0.07502838224172592, 0.11387231945991516, 0.5817731618881226, 0.9191597104072571, 0.019474798813462257, 0.9600891470909119, 0.1431361585855484, 0.006628693081438541, 0.2609785795211792, 0.11309302598237991, 0.924409031867981, 0.10129694640636444, 0.37667039036750793, 0.2007998377084732, 0.8162100911140442, 0.06996607035398483, 0.009268016554415226, 0.27830466628074646, 0.2769847512245178, 0.5422235727310181, 0.26389697194099426, 0.8716886639595032, 0.1682603508234024, 0.003592748660594225, 0.07598298788070679, 0.11405450850725174, 1.334855556488037, 0.8515805006027222, 0.19288745522499084, 0.003850572742521763, 1.0483677387237549, 1.2740076780319214, 0.42209476232528687, 0.6169141530990601, 0.14184823632240295, 0.7033165097236633, 1.2909026145935059, 0.06832403689622879, 0.5462316870689392]"
91,5824,5888,64,0.859375,0.6009833812713623,clean_mnist,0.125,0.1875,0.0625,0.09375,0.0625,0.078125,0.125,0.046875,0.125,0.09375,0.5737781524658203,0.16955921053886414,13.563231468200684,13.558828353881836,28.0,28.0,"[1, 7, 1, 8, 8, 9, 0, 3, 6, 1, 1, 4, 9, 6, 3, 8, 1, 2, 1, 2, 0, 8, 6, 5, 6, 6, 1, 7, 8, 8, 4, 7, 5, 8, 3, 1, 9, 6, 1, 4, 1, 9, 5, 2, 0, 9, 3, 3, 5, 5, 9, 3, 1, 6, 8, 6, 4, 0, 1, 0, 0, 2, 0, 0]","[1, 7, 6, 8, 5, 9, 0, 3, 6, 1, 1, 4, 9, 6, 3, 5, 1, 2, 1, 2, 0, 2, 6, 5, 6, 6, 1, 7, 3, 8, 4, 7, 5, 5, 3, 1, 9, 6, 1, 4, 1, 9, 5, 2, 9, 9, 3, 3, 5, 5, 9, 3, 1, 6, 9, 6, 4, 0, 1, 0, 0, 2, 0, 5]","[0.9997456669807434, 0.3540125787258148, 0.5476894974708557, 0.994872510433197, 0.7265521287918091, 0.9421600699424744, 0.9961011409759521, 0.7091269493103027, 0.9871841073036194, 0.9946094751358032, 0.9918311238288879, 0.9742947816848755, 0.9924276471138, 0.7116891741752625, 0.9603474140167236, 0.6126286387443542, 0.9980500936508179, 0.3691711723804474, 0.4235047399997711, 0.5176478624343872, 0.9992006421089172, 0.47084730863571167, 0.988544762134552, 0.5011067986488342, 0.7483928799629211, 0.8593325018882751, 0.9996076226234436, 0.665687620639801, 0.5466086864471436, 0.9966549873352051, 0.9875783324241638, 0.48903122544288635, 0.9567031860351562, 0.4088840186595917, 0.9578878283500671, 0.9935146570205688, 0.659121572971344, 0.6979077458381653, 0.9985451698303223, 0.6560389399528503, 0.9997715353965759, 0.8706969618797302, 0.6213091015815735, 0.42176029086112976, 0.8767274618148804, 0.7937999367713928, 0.9458500742912292, 0.8456106185913086, 0.8650956153869629, 0.3637990951538086, 0.7106373906135559, 0.5883420705795288, 0.9780938029289246, 0.9046508073806763, 0.530634343624115, 0.8128443360328674, 0.9798902273178101, 0.9973363280296326, 0.9993605017662048, 0.9918205738067627, 0.9991301894187927, 0.8469839096069336, 0.9994725584983826, 0.409284770488739]","[1, 1, 0, 1, 0, 1, 1, 1, 1, 1, 1, 1, 1, 1, 1, 0, 1, 1, 1, 1, 1, 0, 1, 1, 1, 1, 1, 1, 0, 1, 1, 1, 1, 0, 1, 1, 1, 1, 1, 1, 1, 1, 1, 1, 0, 1, 1, 1, 1, 1, 1, 1, 1, 1, 0, 1, 1, 1, 1, 1, 1, 1, 1, 0]","[0.0028109487611800432, 1.5821503400802612, 0.9176595211029053, 0.039278749376535416, 1.0981632471084595, 0.3060099482536316, 0.03165353462100029, 0.8420590162277222, 0.07655589282512665, 0.04055166617035866, 0.06089014187455177, 0.14044006168842316, 0.05371005833148956, 0.8893448710441589, 0.2070370614528656, 1.1360907554626465, 0.017129218205809593, 1.5204671621322632, 1.4805467128753662, 1.0828646421432495, 0.007133254781365395, 1.4703733921051025, 0.07913272827863693, 1.4777798652648926, 0.7671546339988708, 0.6191300749778748, 0.00416152086108923, 1.0697834491729736, 1.174587607383728, 0.02622768096625805, 0.08150654286146164, 1.324973464012146, 0.24073787033557892, 1.6573100090026855, 0.2305598109960556, 0.050560738891363144, 1.1216460466384888, 0.9176205396652222, 0.01352799590677023, 0.8921282291412354, 0.0025126589462161064, 0.558224618434906, 1.0457899570465088, 1.4227460622787476, 0.4296719431877136, 0.6019905805587769, 0.23097023367881775, 0.6260008215904236, 0.5580235719680786, 1.556101679801941, 1.0972803831100464, 0.9874362349510193, 0.12370485067367554, 0.4190512001514435, 0.8811987042427063, 0.6672124862670898, 0.11278444528579712, 0.022754725068807602, 0.006465392652899027, 0.06257695704698563, 0.008595304563641548, 0.6383735537528992, 0.005433325655758381, 1.6465908288955688]"
92,5888,5952,64,0.890625,0.4596744775772095,clean_mnist,0.140625,0.125,0.109375,0.109375,0.0625,0.03125,0.125,0.0625,0.109375,0.125,0.5762966275215149,0.172498881816864,13.56625747680664,13.561458587646484,28.0,28.0,"[0, 6, 2, 4, 9, 9, 8, 2, 8, 7, 8, 4, 2, 9, 2, 1, 8, 0, 7, 2, 2, 2, 6, 3, 7, 6, 1, 1, 8, 8, 9, 3, 6, 0, 3, 3, 9, 5, 3, 0, 1, 0, 1, 6, 0, 1, 5, 6, 1, 9, 0, 0, 9, 3, 3, 9, 4, 4, 7, 0, 6, 8, 1, 6]","[0, 6, 2, 4, 9, 9, 8, 2, 8, 7, 9, 4, 2, 9, 2, 1, 5, 0, 7, 2, 2, 2, 6, 3, 7, 6, 2, 1, 8, 8, 9, 3, 6, 0, 3, 3, 9, 5, 3, 0, 2, 0, 1, 6, 0, 1, 5, 6, 4, 9, 0, 5, 9, 3, 3, 9, 4, 4, 7, 5, 6, 8, 1, 6]","[0.999210000038147, 0.7458592653274536, 0.9914247989654541, 0.7779811024665833, 0.99562007188797, 0.6779303550720215, 0.9984884262084961, 0.8259339332580566, 0.7503938674926758, 0.9432216882705688, 0.5802088975906372, 0.953728437423706, 0.7406131625175476, 0.9015583395957947, 0.9737497568130493, 0.9954656958580017, 0.5330801010131836, 0.9813176989555359, 0.8826338648796082, 0.683215320110321, 0.9547959566116333, 0.531563937664032, 0.982517421245575, 0.8843192458152771, 0.3445188105106354, 0.8877795934677124, 0.5546486973762512, 0.9949040412902832, 0.9890190958976746, 0.9972443580627441, 0.9805758595466614, 0.7968835234642029, 0.9687626957893372, 0.9858279228210449, 0.8209279775619507, 0.954622745513916, 0.8713233470916748, 0.7706338167190552, 0.9866893887519836, 0.9866530299186707, 0.6844388246536255, 0.9985743761062622, 0.9982231259346008, 0.8887717127799988, 0.9984000325202942, 0.9964970946311951, 0.900175929069519, 0.6815814971923828, 0.9012818932533264, 0.5104605555534363, 0.9928359389305115, 0.29235121607780457, 0.9857093095779419, 0.9516486525535583, 0.8637031316757202, 0.669317901134491, 0.9760823845863342, 0.9081147313117981, 0.9881280064582825, 0.4608355462551117, 0.9881773591041565, 0.9922664761543274, 0.997689962387085, 0.7888028025627136]","[1, 1, 1, 1, 1, 1, 1, 1, 1, 1, 0, 1, 1, 1, 1, 1, 0, 1, 1, 1, 1, 1, 1, 1, 1, 1, 0, 1, 1, 1, 1, 1, 1, 1, 1, 1, 1, 1, 1, 1, 0, 1, 1, 1, 1, 1, 1, 1, 0, 1, 1, 0, 1, 1, 1, 1, 1, 1, 1, 0, 1, 1, 1, 1]","[0.007356831803917885, 0.8158532381057739, 0.05924268439412117, 0.6554374694824219, 0.034280311316251755, 0.6955114006996155, 0.014186181128025055, 0.7070183157920837, 0.7791598439216614, 0.2925577759742737, 1.1418925523757935, 0.22274313867092133, 0.8817290663719177, 0.3853297233581543, 0.14716775715351105, 0.03559103235602379, 1.2709882259368896, 0.11917535960674286, 0.4212879538536072, 1.033838152885437, 0.2423361986875534, 1.199157476425171, 0.1048041507601738, 0.44714370369911194, 1.690774917602539, 0.4827333688735962, 0.73299241065979, 0.04098875820636749, 0.07928792387247086, 0.02306552231311798, 0.12648478150367737, 0.7380093336105347, 0.16009752452373505, 0.09733133018016815, 0.5845562815666199, 0.24331040680408478, 0.48165568709373474, 0.9313763380050659, 0.08888309448957443, 0.09589638561010361, 0.908197283744812, 0.013475876301527023, 0.015744218602776527, 0.4784204065799713, 0.01493098121136427, 0.02903716452419758, 0.45957687497138977, 1.0852247476577759, 0.3997422456741333, 0.7973923683166504, 0.05363909900188446, 1.8093103170394897, 0.09334567934274673, 0.2557675540447235, 0.6062747240066528, 1.0508277416229248, 0.1352931410074234, 0.4057486951351166, 0.0778050422668457, 1.512946605682373, 0.07424133270978928, 0.05866716429591179, 0.019820310175418854, 0.7525018453598022]"
93,5952,6016,64,0.921875,0.5249104499816895,clean_mnist,0.09375,0.140625,0.09375,0.09375,0.09375,0.046875,0.15625,0.140625,0.078125,0.0625,0.5904160141944885,0.18391671776771545,13.561988830566406,13.575541496276855,28.0,28.0,"[2, 7, 4, 1, 6, 1, 3, 7, 4, 0, 6, 1, 9, 2, 1, 3, 7, 4, 3, 6, 1, 6, 3, 7, 7, 8, 0, 8, 3, 0, 4, 1, 5, 2, 7, 3, 2, 4, 6, 5, 9, 6, 1, 7, 6, 8, 6, 9, 6, 0, 1, 1, 5, 2, 8, 0, 0, 4, 9, 8, 2, 6, 7, 7]","[2, 7, 4, 1, 6, 1, 3, 7, 4, 0, 6, 1, 9, 2, 1, 3, 7, 4, 3, 5, 8, 6, 3, 7, 7, 8, 0, 9, 3, 0, 4, 1, 5, 2, 7, 3, 2, 4, 6, 5, 9, 6, 1, 7, 6, 8, 6, 9, 6, 0, 1, 1, 5, 2, 8, 3, 0, 4, 9, 5, 2, 6, 7, 7]","[0.6472647786140442, 0.7908446788787842, 0.8619116544723511, 0.9842752814292908, 0.9214644432067871, 0.995465874671936, 0.9009413123130798, 0.8670926690101624, 0.9660458564758301, 0.982557475566864, 0.9682069420814514, 0.9794873595237732, 0.9864777326583862, 0.707979679107666, 0.9986740350723267, 0.6406092643737793, 0.9421750903129578, 0.9884122014045715, 0.8602752685546875, 0.43695786595344543, 0.5720592737197876, 0.6608057618141174, 0.38204512000083923, 0.6708797216415405, 0.8489792943000793, 0.9780673384666443, 0.9994340538978577, 0.5151141881942749, 0.9603341221809387, 0.8690680265426636, 0.9960107803344727, 0.9610720872879028, 0.8449382781982422, 0.832342803478241, 0.816008985042572, 0.8672752380371094, 0.7578033208847046, 0.9556824564933777, 0.9684160947799683, 0.6478471755981445, 0.9329148530960083, 0.9557725191116333, 0.9896028637886047, 0.8759194612503052, 0.9793124198913574, 0.9277524948120117, 0.6685242056846619, 0.5993146896362305, 0.9670425653457642, 0.9919346570968628, 0.9781600832939148, 0.9638981223106384, 0.7758238911628723, 0.871806263923645, 0.8425477147102356, 0.4094100892543793, 0.9996345043182373, 0.9597800374031067, 0.6400095820426941, 0.7466781139373779, 0.7089481353759766, 0.9666404128074646, 0.7486768364906311, 0.7764594554901123]","[1, 1, 1, 1, 1, 1, 1, 1, 1, 1, 1, 1, 1, 1, 1, 1, 1, 1, 1, 0, 0, 1, 1, 1, 1, 1, 1, 0, 1, 1, 1, 1, 1, 1, 1, 1, 1, 1, 1, 1, 1, 1, 1, 1, 1, 1, 1, 1, 1, 1, 1, 1, 1, 1, 1, 0, 1, 1, 1, 0, 1, 1, 1, 1]","[1.1158298254013062, 0.7940435409545898, 0.5177996754646301, 0.10227110981941223, 0.30264484882354736, 0.03524050489068031, 0.440829873085022, 0.5608547925949097, 0.1773241013288498, 0.1196136549115181, 0.1801285743713379, 0.1368347853422165, 0.09004659950733185, 1.032198429107666, 0.011795170605182648, 1.3099664449691772, 0.33153125643730164, 0.08119170367717743, 0.6300765872001648, 1.2934600114822388, 1.5043224096298218, 1.2071362733840942, 1.1990987062454224, 1.1518001556396484, 0.5914983153343201, 0.13870084285736084, 0.005846169777214527, 0.8252787590026855, 0.2287857085466385, 0.5131404995918274, 0.031001446768641472, 0.2256232351064682, 0.5819754600524902, 0.7073801159858704, 0.6650463342666626, 0.6512984037399292, 0.913948118686676, 0.23269222676753998, 0.1715766042470932, 1.018696904182434, 0.26433104276657104, 0.2612491548061371, 0.07518744468688965, 0.5695439577102661, 0.12771765887737274, 0.34871992468833923, 0.7209193110466003, 0.7972253561019897, 0.17321476340293884, 0.06138872727751732, 0.12197673320770264, 0.21749244630336761, 0.6921764016151428, 0.5889257788658142, 0.5873481631278992, 1.623818039894104, 0.003624518634751439, 0.22078104317188263, 0.8719733357429504, 0.7652285099029541, 0.6828002333641052, 0.19286656379699707, 0.8758593201637268, 0.9213730692863464]"
94,6016,6080,64,0.90625,0.4384748637676239,clean_mnist,0.09375,0.109375,0.109375,0.140625,0.09375,0.015625,0.0625,0.078125,0.15625,0.140625,0.5914006233215332,0.18456627428531647,13.575447082519531,13.5691499710083,28.0,28.0,"[3, 8, 8, 8, 1, 1, 8, 0, 6, 4, 8, 0, 4, 6, 8, 6, 3, 3, 0, 4, 9, 4, 2, 2, 3, 8, 9, 1, 9, 0, 7, 6, 3, 4, 7, 9, 1, 7, 7, 2, 2, 3, 4, 3, 2, 9, 1, 2, 7, 0, 8, 9, 8, 3, 1, 3, 8, 9, 9, 1, 0, 5, 9, 2]","[3, 8, 5, 9, 1, 1, 8, 0, 6, 4, 5, 5, 4, 6, 8, 6, 3, 3, 0, 4, 9, 4, 2, 2, 3, 8, 9, 1, 2, 0, 7, 6, 3, 4, 7, 9, 1, 7, 7, 2, 2, 3, 4, 3, 2, 9, 1, 2, 7, 0, 8, 9, 5, 3, 1, 3, 8, 9, 9, 1, 0, 5, 9, 2]","[0.9542498588562012, 0.9231724739074707, 0.6394962072372437, 0.48695486783981323, 0.999396562576294, 0.9922530055046082, 0.996944010257721, 0.9871401190757751, 0.9613938331604004, 0.9891575574874878, 0.5164637565612793, 0.40476569533348083, 0.995622456073761, 0.9855146408081055, 0.9997259974479675, 0.9788828492164612, 0.9785594344139099, 0.9735851287841797, 0.9989141225814819, 0.864461362361908, 0.6037524938583374, 0.9533545970916748, 0.9424579739570618, 0.8764448761940002, 0.5091433525085449, 0.9834663271903992, 0.9936180114746094, 0.9922236204147339, 0.47881779074668884, 0.9850652813911438, 0.5278840661048889, 0.8559322953224182, 0.8150288462638855, 0.958937406539917, 0.8613857626914978, 0.6184654831886292, 0.9991759657859802, 0.9322248101234436, 0.9678422212600708, 0.9767133593559265, 0.9324464201927185, 0.8552817702293396, 0.9304940104484558, 0.9644237756729126, 0.9847143292427063, 0.7544696927070618, 0.9988371729850769, 0.7814224362373352, 0.8483836650848389, 0.9976987242698669, 0.6761394143104553, 0.9561010599136353, 0.5105623006820679, 0.6732081174850464, 0.9971768856048584, 0.936511218547821, 0.972532331943512, 0.9327839612960815, 0.9892465472221375, 0.9519413113594055, 0.9997366070747375, 0.6153135895729065, 0.9220460653305054, 0.9562598466873169]","[1, 1, 0, 0, 1, 1, 1, 1, 1, 1, 0, 0, 1, 1, 1, 1, 1, 1, 1, 1, 1, 1, 1, 1, 1, 1, 1, 1, 0, 1, 1, 1, 1, 1, 1, 1, 1, 1, 1, 1, 1, 1, 1, 1, 1, 1, 1, 1, 1, 1, 1, 1, 0, 1, 1, 1, 1, 1, 1, 1, 1, 1, 1, 1]","[0.2367778718471527, 0.4054979085922241, 0.9862770438194275, 0.9157786965370178, 0.0061634499579668045, 0.0593080073595047, 0.026374591514468193, 0.09172260016202927, 0.17886339128017426, 0.07723125070333481, 1.417754054069519, 1.6378000974655151, 0.03151756152510643, 0.09545544534921646, 0.002957944292575121, 0.13618625700473785, 0.1286686509847641, 0.16882753372192383, 0.010496506467461586, 0.590649425983429, 1.0607361793518066, 0.24819204211235046, 0.3099324405193329, 0.5717222690582275, 1.545734167098999, 0.10660805553197861, 0.048918794840574265, 0.05903512239456177, 1.3945975303649902, 0.10531669110059738, 1.244275689125061, 0.5840789675712585, 0.741022527217865, 0.2217871993780136, 0.6365126371383667, 0.8039023280143738, 0.008017783984541893, 0.36567017436027527, 0.1656719148159027, 0.15342901647090912, 0.28234267234802246, 0.6649989485740662, 0.32896313071250916, 0.21315264701843262, 0.10142446309328079, 0.9345636963844299, 0.010838661342859268, 0.8878894448280334, 0.5420231819152832, 0.020174577832221985, 1.0617693662643433, 0.22395490109920502, 1.2723612785339355, 1.0849100351333618, 0.024249153211712837, 0.3450254797935486, 0.1589008867740631, 0.3161330223083496, 0.07013892382383347, 0.2689027786254883, 0.002829150529578328, 1.0540943145751953, 0.3567658066749573, 0.25651514530181885]"
95,6080,6144,64,0.96875,0.32583194971084595,clean_mnist,0.109375,0.140625,0.140625,0.09375,0.09375,0.046875,0.078125,0.140625,0.09375,0.0625,0.5906133055686951,0.18443447351455688,13.584508895874023,13.575130462646484,28.0,28.0,"[2, 3, 1, 1, 9, 6, 5, 7, 7, 3, 6, 7, 9, 8, 0, 4, 5, 0, 3, 2, 9, 4, 8, 0, 1, 2, 3, 4, 1, 7, 1, 8, 5, 0, 2, 7, 1, 0, 3, 6, 4, 9, 1, 3, 2, 2, 2, 4, 4, 8, 8, 6, 7, 0, 7, 1, 8, 0, 2, 6, 7, 7, 1, 2]","[2, 3, 1, 1, 9, 6, 5, 7, 7, 3, 6, 7, 9, 8, 0, 4, 5, 0, 3, 2, 9, 4, 6, 0, 1, 2, 3, 4, 1, 7, 1, 8, 5, 0, 2, 7, 1, 0, 3, 6, 4, 9, 1, 3, 2, 2, 2, 4, 4, 8, 7, 6, 7, 0, 7, 1, 8, 0, 2, 6, 7, 7, 1, 2]","[0.9664660096168518, 0.9473691582679749, 0.9959951639175415, 0.9704050421714783, 0.9898375272750854, 0.7772953510284424, 0.9350531697273254, 0.8656263947486877, 0.979665219783783, 0.8094528317451477, 0.9881247282028198, 0.7218682765960693, 0.8502318263053894, 0.9922482967376709, 0.9818435311317444, 0.9633174538612366, 0.5221424698829651, 0.9352627992630005, 0.9287008047103882, 0.9620681405067444, 0.4571462571620941, 0.8606948852539062, 0.6473422050476074, 0.9807854294776917, 0.9996789693832397, 0.9497457146644592, 0.7461845278739929, 0.8854656219482422, 0.9959805011749268, 0.9355452060699463, 0.9996744394302368, 0.9486494064331055, 0.7705664038658142, 0.99405837059021, 0.943511962890625, 0.8917469382286072, 0.9976518750190735, 0.9945796728134155, 0.6878587007522583, 0.9822227954864502, 0.9867355823516846, 0.701939582824707, 0.9987706542015076, 0.9821526408195496, 0.9188770651817322, 0.9195744395256042, 0.9832682013511658, 0.9597043991088867, 0.9823381900787354, 0.9982176423072815, 0.9194924831390381, 0.9739425182342529, 0.9454538226127625, 0.9950789213180542, 0.9617589712142944, 0.9912598729133606, 0.9995976090431213, 0.9855140447616577, 0.8693268895149231, 0.9537385106086731, 0.9185641407966614, 0.9394422769546509, 0.9989474415779114, 0.9383429884910583]","[1, 1, 1, 1, 1, 1, 1, 1, 1, 1, 1, 1, 1, 1, 1, 1, 1, 1, 1, 1, 1, 1, 0, 1, 1, 1, 1, 1, 1, 1, 1, 1, 1, 1, 1, 1, 1, 1, 1, 1, 1, 1, 1, 1, 1, 1, 1, 1, 1, 1, 0, 1, 1, 1, 1, 1, 1, 1, 1, 1, 1, 1, 1, 1]","[0.18254625797271729, 0.29321226477622986, 0.03295856714248657, 0.18770034611225128, 0.06944141536951065, 0.7617313265800476, 0.33434051275253296, 0.6284798383712769, 0.11451243609189987, 0.8329604864120483, 0.07269290089607239, 1.0698577165603638, 0.49832436442375183, 0.05617520585656166, 0.11433815956115723, 0.2097593992948532, 0.9972110390663147, 0.3523721396923065, 0.3813285529613495, 0.22010821104049683, 1.6284809112548828, 0.546661376953125, 0.9925093054771423, 0.12940990924835205, 0.003471911884844303, 0.27724260091781616, 0.9959362149238586, 0.4768854081630707, 0.03314151242375374, 0.3548206090927124, 0.0034962263889610767, 0.2826206386089325, 0.7047882080078125, 0.045836374163627625, 0.2919938862323761, 0.5248508453369141, 0.01993362419307232, 0.04292338341474533, 0.6735197305679321, 0.11630536615848541, 0.08090949058532715, 0.7043725252151489, 0.011463246308267117, 0.11888517439365387, 0.33600345253944397, 0.4180910587310791, 0.10313831269741058, 0.21798650920391083, 0.11929979920387268, 0.01573042944073677, 0.3969250023365021, 0.1578950136899948, 0.29691141843795776, 0.03808196634054184, 0.19887660443782806, 0.06488706171512604, 0.004141361452639103, 0.0979968011379242, 0.5705062747001648, 0.25359734892845154, 0.42081037163734436, 0.32143786549568176, 0.010022834874689579, 0.34039658308029175]"
96,6144,6208,64,0.921875,0.4080249071121216,clean_mnist,0.046875,0.140625,0.078125,0.078125,0.078125,0.09375,0.09375,0.078125,0.171875,0.140625,0.5882004499435425,0.1831999123096466,13.580989837646484,13.573349952697754,28.0,28.0,"[1, 9, 0, 7, 3, 9, 6, 5, 8, 8, 4, 9, 9, 6, 8, 6, 4, 2, 9, 8, 9, 1, 9, 7, 2, 8, 3, 5, 2, 7, 1, 3, 7, 5, 6, 0, 5, 1, 3, 1, 4, 3, 1, 8, 8, 4, 2, 9, 1, 4, 6, 8, 8, 1, 5, 8, 5, 6, 7, 8, 2, 9, 1, 0]","[2, 9, 0, 7, 3, 9, 6, 5, 8, 8, 4, 9, 9, 6, 8, 6, 4, 2, 9, 8, 9, 1, 9, 7, 2, 5, 3, 5, 2, 7, 9, 3, 7, 5, 6, 0, 5, 1, 3, 1, 4, 3, 1, 8, 5, 4, 2, 9, 1, 4, 6, 5, 8, 1, 5, 8, 5, 6, 7, 8, 2, 9, 1, 0]","[0.5615943670272827, 0.9707056283950806, 0.9994865655899048, 0.9259958863258362, 0.9755115509033203, 0.9522809982299805, 0.830773115158081, 0.5888413786888123, 0.9500676393508911, 0.9898849725723267, 0.9554339647293091, 0.8520026206970215, 0.9744822382926941, 0.9699729084968567, 0.9993494153022766, 0.9762240052223206, 0.9281460642814636, 0.9651865363121033, 0.6382374167442322, 0.9953098893165588, 0.8777292966842651, 0.990673840045929, 0.9856215119361877, 0.8601169586181641, 0.9612435102462769, 0.406011164188385, 0.9417290687561035, 0.431963175535202, 0.975925087928772, 0.9055311679840088, 0.5237264633178711, 0.9445106387138367, 0.9628331661224365, 0.7833120822906494, 0.8871189951896667, 0.991226851940155, 0.6966971158981323, 0.9826280474662781, 0.8327075839042664, 0.9946053624153137, 0.9991835951805115, 0.9339591264724731, 0.9972835779190063, 0.998134195804596, 0.803324818611145, 0.973417341709137, 0.9413796663284302, 0.8565224409103394, 0.9993051290512085, 0.9384632706642151, 0.9268639087677002, 0.3832358419895172, 0.9978687763214111, 0.8496320843696594, 0.5464468598365784, 0.9605751633644104, 0.9300704002380371, 0.9697381258010864, 0.6652771830558777, 0.9984229803085327, 0.41406095027923584, 0.690010130405426, 0.9989381432533264, 0.9965348243713379]","[0, 1, 1, 1, 1, 1, 1, 1, 1, 1, 1, 1, 1, 1, 1, 1, 1, 1, 1, 1, 1, 1, 1, 1, 1, 0, 1, 1, 1, 1, 0, 1, 1, 1, 1, 1, 1, 1, 1, 1, 1, 1, 1, 1, 0, 1, 1, 1, 1, 1, 1, 0, 1, 1, 1, 1, 1, 1, 1, 1, 1, 1, 1, 1]","[0.8900986313819885, 0.16406768560409546, 0.005158505402505398, 0.3678339123725891, 0.13046079874038696, 0.25354957580566406, 0.5911354422569275, 0.9847335815429688, 0.26757773756980896, 0.07227402925491333, 0.2433353066444397, 0.5389367341995239, 0.14122721552848816, 0.176109179854393, 0.006581845227628946, 0.14461977779865265, 0.34551599621772766, 0.2134004831314087, 0.8582435250282288, 0.038335323333740234, 0.5718206167221069, 0.06968243420124054, 0.08653977513313293, 0.6462581157684326, 0.22783014178276062, 1.3906887769699097, 0.2934948801994324, 1.277777075767517, 0.15585345029830933, 0.4744550585746765, 1.2315566539764404, 0.31063708662986755, 0.19846713542938232, 0.8092814683914185, 0.46360599994659424, 0.0655990019440651, 0.783218264579773, 0.11570433527231216, 0.7302469611167908, 0.04330996796488762, 0.007707373704761267, 0.3302541673183441, 0.023140279576182365, 0.017232704907655716, 0.6277357935905457, 0.1542932540178299, 0.30249837040901184, 0.5332432985305786, 0.007030534092336893, 0.3227788209915161, 0.314109206199646, 1.4171795845031738, 0.018962251022458076, 0.6162508726119995, 1.1694130897521973, 0.2283421754837036, 0.3052884340286255, 0.17746980488300323, 1.158069372177124, 0.014447763562202454, 1.2201420068740845, 0.7299964427947998, 0.009827302768826485, 0.02895710989832878]"
97,6208,6272,64,0.90625,0.4979073405265808,clean_mnist,0.0625,0.21875,0.0625,0.078125,0.15625,0.0625,0.125,0.078125,0.09375,0.0625,0.5811569690704346,0.17701762914657593,13.573293685913086,13.57087516784668,28.0,28.0,"[1, 1, 4, 1, 2, 3, 8, 4, 3, 5, 4, 6, 1, 1, 2, 8, 7, 9, 1, 0, 0, 1, 3, 1, 1, 3, 9, 4, 6, 5, 9, 6, 8, 7, 8, 8, 1, 0, 6, 1, 7, 1, 7, 3, 2, 4, 1, 5, 4, 6, 4, 7, 4, 8, 1, 9, 5, 6, 6, 6, 4, 0, 2, 4]","[1, 1, 4, 2, 2, 3, 8, 4, 3, 5, 4, 6, 4, 7, 2, 8, 7, 9, 1, 0, 0, 1, 3, 2, 1, 3, 9, 4, 6, 5, 9, 6, 8, 7, 8, 8, 1, 0, 6, 1, 7, 2, 7, 3, 2, 4, 1, 5, 4, 6, 4, 7, 4, 8, 1, 9, 5, 6, 6, 6, 4, 3, 2, 4]","[0.9986523985862732, 0.9987672567367554, 0.9571360945701599, 0.7503644227981567, 0.7657932043075562, 0.6469923257827759, 0.9993048906326294, 0.9848611354827881, 0.9078195691108704, 0.7252090573310852, 0.969835638999939, 0.8532882928848267, 0.38162195682525635, 0.7426884174346924, 0.9613385796546936, 0.9971513152122498, 0.9197385907173157, 0.9101896286010742, 0.9975281357765198, 0.9850851893424988, 0.9990719556808472, 0.9986761212348938, 0.9182220101356506, 0.6060677766799927, 0.9990598559379578, 0.918431282043457, 0.9951156377792358, 0.8622626662254333, 0.4745332896709442, 0.8838625550270081, 0.9730071425437927, 0.6578183770179749, 0.9996902942657471, 0.844782829284668, 0.9985119700431824, 0.9992517828941345, 0.9995608925819397, 0.9925576448440552, 0.8164364695549011, 0.9972928166389465, 0.8557016253471375, 0.5603049993515015, 0.40460097789764404, 0.35007521510124207, 0.7663000822067261, 0.9901177287101746, 0.8744311928749084, 0.5644370317459106, 0.9946936964988708, 0.706896185874939, 0.9929317235946655, 0.5977299809455872, 0.834815263748169, 0.9989344477653503, 0.9974275231361389, 0.7209579348564148, 0.8112787008285522, 0.9452769756317139, 0.8847672343254089, 0.525195837020874, 0.995116114616394, 0.6405150890350342, 0.6586893796920776, 0.9532850384712219]","[1, 1, 1, 0, 1, 1, 1, 1, 1, 1, 1, 1, 0, 0, 1, 1, 1, 1, 1, 1, 1, 1, 1, 0, 1, 1, 1, 1, 1, 1, 1, 1, 1, 1, 1, 1, 1, 1, 1, 1, 1, 0, 1, 1, 1, 1, 1, 1, 1, 1, 1, 1, 1, 1, 1, 1, 1, 1, 1, 1, 1, 0, 1, 1]","[0.012614607810974121, 0.011773146688938141, 0.19736248254776, 0.9070096015930176, 0.8082028031349182, 1.2936582565307617, 0.006949801929295063, 0.08983318507671356, 0.45185089111328125, 0.9345110058784485, 0.159389927983284, 0.5897316932678223, 1.4373265504837036, 0.7923484444618225, 0.19770126044750214, 0.023847313597798347, 0.3657374978065491, 0.4399564266204834, 0.021047310903668404, 0.10065436363220215, 0.009095149114727974, 0.012353615835309029, 0.361390620470047, 0.9639737010002136, 0.009024054743349552, 0.43720027804374695, 0.0366484560072422, 0.5274581909179688, 1.1077078580856323, 0.5299308896064758, 0.16447220742702484, 1.0644481182098389, 0.003205828135833144, 0.5817341804504395, 0.013711247593164444, 0.007426357828080654, 0.004554468207061291, 0.0567939467728138, 0.6224257349967957, 0.023618923500180244, 0.6122221350669861, 1.1833258867263794, 1.46846604347229, 1.6503572463989258, 0.837193489074707, 0.06535480171442032, 0.5646317005157471, 1.4130892753601074, 0.038688600063323975, 0.9315431118011475, 0.05017903074622154, 1.0942444801330566, 0.5524514317512512, 0.010184664279222488, 0.021852152422070503, 0.7709947228431702, 0.7738621830940247, 0.27616646885871887, 0.4592301547527313, 1.1823397874832153, 0.035063520073890686, 1.2153362035751343, 1.0429059267044067, 0.23770728707313538]"
98,6272,6336,64,0.859375,0.4801148772239685,clean_mnist,0.171875,0.171875,0.03125,0.109375,0.09375,0.078125,0.046875,0.0625,0.125,0.109375,0.5835950970649719,0.18043407797813416,13.581693649291992,13.56839370727539,28.0,28.0,"[1, 2, 5, 8, 5, 1, 7, 0, 7, 6, 3, 4, 8, 9, 3, 1, 8, 1, 6, 8, 0, 3, 9, 9, 0, 8, 3, 3, 5, 9, 0, 1, 1, 5, 9, 1, 4, 3, 9, 1, 4, 6, 4, 7, 0, 3, 1, 1, 0, 8, 8, 4, 5, 0, 0, 2, 1, 4, 0, 0, 0, 7, 9, 8]","[9, 2, 5, 8, 5, 1, 7, 0, 7, 6, 3, 4, 8, 9, 3, 7, 8, 2, 5, 3, 0, 3, 9, 9, 0, 3, 3, 3, 5, 9, 0, 1, 7, 5, 9, 2, 4, 3, 9, 1, 4, 6, 4, 7, 0, 3, 1, 7, 0, 8, 8, 4, 5, 0, 0, 2, 1, 4, 0, 0, 0, 7, 9, 8]","[0.7546592354774475, 0.6503006815910339, 0.893157422542572, 0.9977561831474304, 0.800849437713623, 0.9986603260040283, 0.7359530925750732, 0.9457545280456543, 0.9899459481239319, 0.9643099904060364, 0.9685490131378174, 0.9937343001365662, 0.9957342743873596, 0.9299931526184082, 0.9827648997306824, 0.6203712224960327, 0.9866505861282349, 0.7210853099822998, 0.6054328680038452, 0.23127229511737823, 0.9994495511054993, 0.9457133412361145, 0.6437302231788635, 0.9752784371376038, 0.997272789478302, 0.3868936002254486, 0.8571853637695312, 0.4277278184890747, 0.8025683164596558, 0.9436596035957336, 0.9976575374603271, 0.9970780611038208, 0.5427732467651367, 0.2745971083641052, 0.9687563180923462, 0.5427924394607544, 0.9825649261474609, 0.6230738759040833, 0.8876879215240479, 0.9832481145858765, 0.9929124712944031, 0.8963451981544495, 0.900667667388916, 0.34169891476631165, 0.9964596629142761, 0.6775331497192383, 0.9989952445030212, 0.6669084429740906, 0.9985734224319458, 0.9621265530586243, 0.9987958669662476, 0.9799813628196716, 0.4850911796092987, 0.97736656665802, 0.9915197491645813, 0.7162806391716003, 0.9929144382476807, 0.991830050945282, 0.9988705515861511, 0.9770645499229431, 0.9994189739227295, 0.8846169710159302, 0.6788797974586487, 0.9993525147438049]","[0, 1, 1, 1, 1, 1, 1, 1, 1, 1, 1, 1, 1, 1, 1, 0, 1, 0, 0, 0, 1, 1, 1, 1, 1, 0, 1, 1, 1, 1, 1, 1, 0, 1, 1, 0, 1, 1, 1, 1, 1, 1, 1, 1, 1, 1, 1, 0, 1, 1, 1, 1, 1, 1, 1, 1, 1, 1, 1, 1, 1, 1, 1, 1]","[0.8212722539901733, 0.9561173319816589, 0.48779481649398804, 0.019505877047777176, 0.8064644932746887, 0.012550294399261475, 0.7299764156341553, 0.26830223202705383, 0.06684648245573044, 0.19424092769622803, 0.18190628290176392, 0.044296178966760635, 0.033641599118709564, 0.3531474471092224, 0.11805010586977005, 1.0175912380218506, 0.09193914383649826, 0.9887288808822632, 1.1406080722808838, 1.8870009183883667, 0.005532613955438137, 0.29805585741996765, 0.7982336282730103, 0.14771179854869843, 0.023972121998667717, 1.6511116027832031, 0.5877922177314758, 1.5465892553329468, 0.7246154546737671, 0.3165711760520935, 0.018830707296729088, 0.025299273431301117, 0.8498376607894897, 1.6756876707077026, 0.17340795695781708, 1.2485134601593018, 0.10238299518823624, 1.2831413745880127, 0.4653862416744232, 0.11363712698221207, 0.05029847472906113, 0.4396819770336151, 0.36994239687919617, 1.4999263286590576, 0.02813894674181938, 1.180143117904663, 0.009604793041944504, 1.0139156579971313, 0.012273814529180527, 0.20982979238033295, 0.011537342332303524, 0.12189719825983047, 0.8828771710395813, 0.1517971158027649, 0.05509874224662781, 0.9700163006782532, 0.05556492507457733, 0.05381830781698227, 0.010915301740169525, 0.14719823002815247, 0.0059890286065638065, 0.468800812959671, 0.6952117085456848, 0.006582435220479965]"
99,6336,6400,64,0.875,0.5269542932510376,clean_mnist,0.09375,0.15625,0.09375,0.078125,0.046875,0.078125,0.15625,0.09375,0.109375,0.09375,0.5819188952445984,0.17753912508487701,13.581929206848145,13.562820434570312,28.0,28.0,"[4, 0, 6, 7, 3, 0, 3, 6, 2, 9, 8, 0, 2, 2, 3, 4, 5, 8, 8, 6, 1, 0, 7, 5, 2, 1, 3, 5, 8, 1, 1, 0, 9, 8, 5, 1, 1, 6, 8, 7, 9, 2, 7, 9, 1, 7, 9, 9, 1, 6, 2, 4, 6, 5, 8, 1, 6, 6, 0, 1, 6, 7, 3, 6]","[4, 0, 6, 7, 3, 0, 3, 6, 2, 9, 5, 3, 2, 2, 3, 4, 5, 8, 8, 6, 1, 0, 7, 5, 2, 7, 3, 5, 8, 1, 1, 0, 9, 8, 5, 1, 1, 6, 5, 7, 9, 2, 7, 9, 1, 7, 9, 9, 1, 5, 2, 6, 6, 5, 8, 2, 6, 6, 0, 1, 6, 7, 3, 5]","[0.9555251598358154, 0.9836447238922119, 0.9800589680671692, 0.475948691368103, 0.770760178565979, 0.99178546667099, 0.5997756123542786, 0.9202331304550171, 0.7350807189941406, 0.8776297569274902, 0.5702093243598938, 0.5480366349220276, 0.37662750482559204, 0.695855438709259, 0.9772095084190369, 0.9658042788505554, 0.9010409116744995, 0.9992863535881042, 0.9513307213783264, 0.703069269657135, 0.9968756437301636, 0.9972701668739319, 0.7925812602043152, 0.4220452606678009, 0.6654242277145386, 0.7245379090309143, 0.5339047312736511, 0.7751610279083252, 0.9789907932281494, 0.9961650371551514, 0.9995629191398621, 0.9875268340110779, 0.933078408241272, 0.9936189651489258, 0.6322910785675049, 0.9952108263969421, 0.9978635907173157, 0.9798649549484253, 0.5186414122581482, 0.7908592224121094, 0.994520366191864, 0.691481351852417, 0.8731380105018616, 0.9734678268432617, 0.9986771941184998, 0.6354051232337952, 0.8789554238319397, 0.9696449637413025, 0.9996503591537476, 0.43602454662323, 0.9714629650115967, 0.342466801404953, 0.7233065366744995, 0.8224625587463379, 0.9875213503837585, 0.6538593769073486, 0.9805816411972046, 0.833922803401947, 0.9996634721755981, 0.9973390698432922, 0.9901540875434875, 0.5924103856086731, 0.9350056648254395, 0.6706676483154297]","[1, 1, 1, 1, 1, 1, 1, 1, 1, 1, 0, 0, 1, 1, 1, 1, 1, 1, 1, 1, 1, 1, 1, 1, 1, 0, 1, 1, 1, 1, 1, 1, 1, 1, 1, 1, 1, 1, 0, 1, 1, 1, 1, 1, 1, 1, 1, 1, 1, 0, 1, 0, 1, 1, 1, 0, 1, 1, 1, 1, 1, 1, 1, 0]","[0.20580792427062988, 0.10776379704475403, 0.12210123986005783, 1.1529749631881714, 0.6689406037330627, 0.05971664935350418, 1.0268738269805908, 0.37516093254089355, 0.9746068120002747, 0.5579609274864197, 0.8220767974853516, 1.4885483980178833, 1.5231496095657349, 0.9776802062988281, 0.15079796314239502, 0.17728905379772186, 0.44185540080070496, 0.007281115744262934, 0.22895030677318573, 0.9534867405891418, 0.026418335735797882, 0.023416463285684586, 0.8131499290466309, 1.6060435771942139, 1.1135371923446655, 0.8810031414031982, 1.2436842918395996, 0.8859941363334656, 0.1342444121837616, 0.03163429722189903, 0.0045978655107319355, 0.08891849964857101, 0.35394254326820374, 0.047089654952287674, 1.0892053842544556, 0.038900259882211685, 0.018760034814476967, 0.12104130536317825, 0.998107373714447, 0.7388488054275513, 0.04157817363739014, 0.7654880881309509, 0.5593992471694946, 0.1523156315088272, 0.012373964302241802, 0.9701704382896423, 0.4632142186164856, 0.1836184412240982, 0.0037700955290347338, 1.2698500156402588, 0.13659776747226715, 1.384336233139038, 0.8976454138755798, 0.6704137325286865, 0.08813494443893433, 0.9514106512069702, 0.1190713495016098, 0.6456576585769653, 0.003612702013924718, 0.023107629269361496, 0.07040032744407654, 0.9153913855552673, 0.2756913900375366, 0.8402626514434814]"
100,6400,6464,64,0.9375,0.44089239835739136,clean_mnist,0.140625,0.15625,0.0625,0.140625,0.109375,0.109375,0.078125,0.0625,0.09375,0.046875,0.5804831981658936,0.1778336465358734,13.561084747314453,13.575126647949219,28.0,28.0,"[0, 5, 6, 7, 8, 3, 0, 5, 1, 0, 3, 1, 5, 1, 2, 3, 1, 8, 4, 1, 3, 0, 0, 1, 4, 2, 5, 3, 3, 4, 3, 5, 7, 6, 5, 7, 1, 8, 9, 9, 8, 0, 2, 1, 0, 2, 0, 3, 4, 4, 3, 5, 6, 6, 4, 7, 6, 8, 1, 8, 9, 0, 4, 1]","[0, 5, 6, 7, 8, 3, 0, 5, 1, 0, 3, 1, 5, 1, 2, 3, 3, 8, 5, 1, 3, 0, 0, 1, 4, 2, 5, 3, 3, 4, 3, 5, 7, 6, 5, 7, 1, 8, 9, 9, 3, 0, 2, 1, 0, 2, 0, 3, 4, 4, 3, 5, 6, 6, 4, 7, 6, 8, 1, 9, 9, 0, 4, 1]","[0.999805748462677, 0.7820364832878113, 0.9699188470840454, 0.5478968024253845, 0.9977948665618896, 0.920056939125061, 0.9991843104362488, 0.6563299894332886, 0.9986334443092346, 0.9897127151489258, 0.9953325390815735, 0.9982367753982544, 0.918783962726593, 0.9964269995689392, 0.8391885161399841, 0.8230392932891846, 0.6670928001403809, 0.9987181425094604, 0.5417230725288391, 0.9984937906265259, 0.9586431384086609, 0.9940190315246582, 0.9991825222969055, 0.9925448298454285, 0.9966750144958496, 0.6519952416419983, 0.943943202495575, 0.8722034692764282, 0.30859100818634033, 0.9986394047737122, 0.5744807124137878, 0.9221968650817871, 0.4620416462421417, 0.9590578675270081, 0.594417929649353, 0.9902558922767639, 0.9992626309394836, 0.9995610117912292, 0.9924468994140625, 0.782518744468689, 0.5267473459243774, 0.9950124621391296, 0.6723242402076721, 0.9836983680725098, 0.9995537400245667, 0.6201810836791992, 0.998244047164917, 0.9097325205802917, 0.3468034565448761, 0.9906803965568542, 0.7951558828353882, 0.7778955101966858, 0.8424502015113831, 0.9639825820922852, 0.9845404028892517, 0.8659937977790833, 0.7828269600868225, 0.9951425790786743, 0.9983048439025879, 0.5538877844810486, 0.9394843578338623, 0.9595704674720764, 0.9216809272766113, 0.984984278678894]","[1, 1, 1, 1, 1, 1, 1, 1, 1, 1, 1, 1, 1, 1, 1, 1, 0, 1, 0, 1, 1, 1, 1, 1, 1, 1, 1, 1, 1, 1, 1, 1, 1, 1, 1, 1, 1, 1, 1, 1, 0, 1, 1, 1, 1, 1, 1, 1, 1, 1, 1, 1, 1, 1, 1, 1, 1, 1, 1, 0, 1, 1, 1, 1]","[0.0021833213977515697, 0.8616080284118652, 0.16951321065425873, 0.983349621295929, 0.019166085869073868, 0.41901668906211853, 0.008107400499284267, 1.0511970520019531, 0.01255154050886631, 0.07361293584108353, 0.037613850086927414, 0.01604059711098671, 0.34336867928504944, 0.03009391576051712, 0.6673880815505981, 0.7978948950767517, 1.2259886264801025, 0.012302303686738014, 1.2331538200378418, 0.013976470567286015, 0.25169289112091064, 0.04750840365886688, 0.008071236312389374, 0.05809041112661362, 0.02555222436785698, 1.1483978033065796, 0.2804746627807617, 0.5612404346466064, 1.9547169208526611, 0.012123214080929756, 0.8866223096847534, 0.3656260073184967, 1.1829924583435059, 0.18699240684509277, 1.0689479112625122, 0.06971114873886108, 0.007193153258413076, 0.004648324567824602, 0.054997652769088745, 0.614963710308075, 1.258363962173462, 0.04062886908650398, 1.0840729475021362, 0.11193810403347015, 0.004610363394021988, 1.1346924304962158, 0.016137996688485146, 0.4529547095298767, 1.6419219970703125, 0.06686823070049286, 0.8174147605895996, 0.8215351700782776, 0.5416532158851624, 0.20083823800086975, 0.10017119348049164, 0.567091166973114, 0.7238902449607849, 0.03534655272960663, 0.014896202832460403, 0.8241780400276184, 0.2667337656021118, 0.228021502494812, 0.3883872926235199, 0.1060759499669075]"
101,6464,6528,64,0.953125,0.3191068172454834,clean_mnist,0.0625,0.078125,0.109375,0.09375,0.078125,0.09375,0.109375,0.125,0.171875,0.078125,0.5765308141708374,0.17275962233543396,13.574650764465332,13.577596664428711,28.0,28.0,"[1, 2, 0, 3, 0, 4, 8, 5, 5, 6, 6, 7, 7, 8, 2, 9, 2, 7, 6, 4, 4, 7, 6, 7, 1, 3, 4, 9, 2, 8, 2, 8, 0, 3, 8, 1, 3, 5, 0, 8, 5, 2, 8, 7, 8, 6, 7, 1, 8, 5, 9, 2, 3, 6, 9, 4, 9, 1, 3, 8, 8, 7, 6, 5]","[6, 2, 2, 3, 0, 4, 8, 5, 5, 6, 6, 7, 7, 8, 2, 9, 2, 7, 6, 4, 4, 7, 6, 7, 1, 3, 4, 9, 2, 8, 2, 8, 0, 3, 8, 1, 3, 5, 0, 8, 5, 2, 8, 7, 8, 6, 7, 1, 8, 5, 9, 2, 3, 6, 9, 4, 9, 1, 3, 8, 5, 7, 6, 5]","[0.6969237327575684, 0.7849506139755249, 0.5356347560882568, 0.9496965408325195, 0.9995585083961487, 0.986929178237915, 0.9416905641555786, 0.6208345890045166, 0.9218773245811462, 0.946184515953064, 0.37858638167381287, 0.9887828230857849, 0.9949848651885986, 0.9997085928916931, 0.6316917538642883, 0.940033495426178, 0.907920777797699, 0.9292528629302979, 0.9917917251586914, 0.9894067645072937, 0.9773557186126709, 0.9832494258880615, 0.789300262928009, 0.9541528224945068, 0.9996808767318726, 0.9640828371047974, 0.94085294008255, 0.9456040859222412, 0.6624410152435303, 0.998336672782898, 0.9212353825569153, 0.9992582201957703, 0.9708085060119629, 0.941923975944519, 0.9970180988311768, 0.9975466132164001, 0.8026576638221741, 0.6576185822486877, 0.9996565580368042, 0.9988471269607544, 0.6393570899963379, 0.9656851887702942, 0.9961601495742798, 0.990895688533783, 0.9991139769554138, 0.8081020712852478, 0.9762933254241943, 0.9979640245437622, 0.9892884492874146, 0.9175552725791931, 0.9741345643997192, 0.9329448342323303, 0.9099864363670349, 0.9520045518875122, 0.9782906770706177, 0.9976649284362793, 0.9337639808654785, 0.9983434677124023, 0.9820814728736877, 0.9992085099220276, 0.6106396317481995, 0.9886828064918518, 0.9899764657020569, 0.870307445526123]","[0, 1, 0, 1, 1, 1, 1, 1, 1, 1, 1, 1, 1, 1, 1, 1, 1, 1, 1, 1, 1, 1, 1, 1, 1, 1, 1, 1, 1, 1, 1, 1, 1, 1, 1, 1, 1, 1, 1, 1, 1, 1, 1, 1, 1, 1, 1, 1, 1, 1, 1, 1, 1, 1, 1, 1, 1, 1, 1, 1, 0, 1, 1, 1]","[0.7643464803695679, 0.8642371892929077, 1.08730149269104, 0.2623543441295624, 0.004520985763520002, 0.08546037971973419, 0.31778109073638916, 1.1032918691635132, 0.37729281187057495, 0.27629518508911133, 1.715430736541748, 0.077031210064888, 0.03931571915745735, 0.003160645719617605, 0.9234277009963989, 0.2807113826274872, 0.36261650919914246, 0.3398752808570862, 0.057318247854709625, 0.06503435969352722, 0.147311270236969, 0.11144688725471497, 0.6903591156005859, 0.21742016077041626, 0.0034761354327201843, 0.19617193937301636, 0.28851789236068726, 0.2534937560558319, 0.9010840654373169, 0.015186524018645287, 0.36419153213500977, 0.007288060151040554, 0.18001940846443176, 0.2757456302642822, 0.025832952931523323, 0.021809779107570648, 0.7791671752929688, 1.000218391418457, 0.00352791347540915, 0.01068271603435278, 1.290002703666687, 0.1988825798034668, 0.03187480941414833, 0.06621730327606201, 0.008637823164463043, 0.555039644241333, 0.14460746943950653, 0.017983466386795044, 0.07232481986284256, 0.388648122549057, 0.1405637413263321, 0.2776745557785034, 0.40032151341438293, 0.2373812049627304, 0.14302420616149902, 0.018699929118156433, 0.35447627305984497, 0.015094337053596973, 0.11925148963928223, 0.007924024015665054, 0.7533990740776062, 0.0777587965130806, 0.061797596514225006, 0.5414963960647583]"
102,6528,6592,64,0.984375,0.21523012220859528,clean_mnist,0.03125,0.171875,0.046875,0.125,0.09375,0.0625,0.171875,0.09375,0.109375,0.09375,0.5708394050598145,0.167963907122612,13.569311141967773,13.551321029663086,28.0,28.0,"[7, 5, 1, 1, 4, 8, 8, 9, 4, 1, 0, 3, 2, 6, 9, 3, 8, 3, 4, 2, 6, 2, 7, 6, 4, 6, 1, 5, 4, 5, 1, 3, 4, 3, 6, 8, 9, 1, 7, 6, 1, 5, 1, 6, 6, 8, 6, 1, 3, 9, 6, 7, 8, 6, 1, 8, 3, 3, 1, 7, 9, 9, 7, 0]","[7, 5, 1, 1, 4, 8, 8, 9, 4, 1, 0, 3, 2, 6, 9, 3, 8, 3, 4, 2, 6, 2, 7, 6, 4, 6, 1, 5, 4, 5, 1, 3, 4, 3, 6, 8, 9, 1, 7, 6, 1, 5, 1, 6, 6, 8, 6, 1, 3, 9, 6, 7, 8, 6, 8, 8, 3, 3, 1, 7, 9, 9, 7, 0]","[0.9803919196128845, 0.8928185701370239, 0.9987624883651733, 0.9953967928886414, 0.997374415397644, 0.9881929755210876, 0.9724469184875488, 0.6761433482170105, 0.9914858937263489, 0.9941600561141968, 0.999426007270813, 0.9687603116035461, 0.8432506918907166, 0.9855791330337524, 0.9091799855232239, 0.9569538831710815, 0.9899086952209473, 0.9743872284889221, 0.6850152015686035, 0.9102681279182434, 0.9879952073097229, 0.8735894560813904, 0.9905951023101807, 0.9705901741981506, 0.9851264953613281, 0.9715905785560608, 0.9909847974777222, 0.9488997459411621, 0.9134247303009033, 0.8750160336494446, 0.9996883869171143, 0.931709885597229, 0.8951901793479919, 0.917453944683075, 0.9910711050033569, 0.9988278746604919, 0.9823205471038818, 0.9990390539169312, 0.9610896706581116, 0.9873157739639282, 0.9976215958595276, 0.9333801865577698, 0.9996984004974365, 0.9802863001823425, 0.9814728498458862, 0.9975595474243164, 0.6934300065040588, 0.9991852641105652, 0.8606773614883423, 0.9669969081878662, 0.975422739982605, 0.9929560422897339, 0.9869470596313477, 0.96924889087677, 0.5165944695472717, 0.9985259175300598, 0.886962354183197, 0.9639859795570374, 0.9992363452911377, 0.9817759394645691, 0.9879530072212219, 0.9433026909828186, 0.9813287258148193, 0.9901652932167053]","[1, 1, 1, 1, 1, 1, 1, 1, 1, 1, 1, 1, 1, 1, 1, 1, 1, 1, 1, 1, 1, 1, 1, 1, 1, 1, 1, 1, 1, 1, 1, 1, 1, 1, 1, 1, 1, 1, 1, 1, 1, 1, 1, 1, 1, 1, 1, 1, 1, 1, 1, 1, 1, 1, 0, 1, 1, 1, 1, 1, 1, 1, 1, 1]","[0.11282190680503845, 0.43844857811927795, 0.011766038835048676, 0.037426143884658813, 0.020741790533065796, 0.07833321392536163, 0.1523059904575348, 0.7109454870223999, 0.05567688122391701, 0.045234013348817825, 0.0058757769875228405, 0.19031715393066406, 0.5899456143379211, 0.09466694295406342, 0.3920004963874817, 0.2557159960269928, 0.07284394651651382, 0.16262699663639069, 0.715949296951294, 0.4572609066963196, 0.07952097058296204, 0.5930073857307434, 0.06781017035245895, 0.16142278909683228, 0.08335644006729126, 0.17205514013767242, 0.06577399373054504, 0.2806979715824127, 0.3962177336215973, 0.5363219976425171, 0.0033404461573809385, 0.32735010981559753, 0.4215274155139923, 0.3829347789287567, 0.06435848772525787, 0.011322049424052238, 0.1132989376783371, 0.009378673508763313, 0.22349481284618378, 0.08659333735704422, 0.02079850248992443, 0.33516865968704224, 0.0032769113313406706, 0.1289278268814087, 0.11267205327749252, 0.02131081558763981, 0.6598869562149048, 0.007936332374811172, 0.5988503098487854, 0.16809669137001038, 0.15391232073307037, 0.050396040081977844, 0.08854225277900696, 0.1756262630224228, 1.330078363418579, 0.013973768800497055, 0.4013761878013611, 0.18053820729255676, 0.0072722178883850574, 0.11101454496383667, 0.08361519873142242, 0.2567600607872009, 0.11273487657308578, 0.07127530127763748]"
103,6592,6656,64,0.953125,0.32841309905052185,clean_mnist,0.171875,0.109375,0.15625,0.09375,0.09375,0.046875,0.078125,0.078125,0.09375,0.078125,0.5798831582069397,0.17622646689414978,13.572023391723633,13.556127548217773,28.0,28.0,"[3, 0, 3, 3, 4, 7, 4, 9, 7, 8, 6, 0, 8, 2, 8, 0, 4, 1, 6, 0, 3, 1, 0, 0, 7, 1, 8, 0, 8, 4, 8, 7, 2, 9, 2, 2, 2, 0, 0, 6, 3, 2, 9, 6, 1, 2, 6, 2, 1, 9, 2, 9, 5, 0, 5, 1, 0, 2, 7, 3, 4, 4, 1, 5]","[3, 0, 3, 3, 4, 7, 4, 9, 7, 3, 6, 0, 8, 2, 8, 0, 4, 1, 5, 0, 3, 1, 0, 0, 7, 1, 8, 0, 8, 4, 8, 7, 2, 9, 2, 2, 2, 0, 0, 6, 3, 2, 9, 6, 5, 2, 6, 2, 1, 9, 2, 9, 5, 0, 5, 1, 0, 2, 7, 3, 4, 4, 1, 5]","[0.9689796566963196, 0.9960280656814575, 0.9452608823776245, 0.913933515548706, 0.995233952999115, 0.9702287912368774, 0.9949251413345337, 0.8643749952316284, 0.6977720260620117, 0.5530466437339783, 0.9617629647254944, 0.9978821873664856, 0.7382383942604065, 0.837357223033905, 0.9002402424812317, 0.9885818362236023, 0.9061261415481567, 0.998954176902771, 0.7415447235107422, 0.998781144618988, 0.9707053899765015, 0.9984434247016907, 0.9994580149650574, 0.994316041469574, 0.9878210425376892, 0.9971519708633423, 0.9229553937911987, 0.9992413520812988, 0.999122679233551, 0.9944416880607605, 0.9982818365097046, 0.9110625982284546, 0.7730585932731628, 0.9590173363685608, 0.9944455027580261, 0.8992974758148193, 0.7890645861625671, 0.9979520440101624, 0.9988946318626404, 0.9555377960205078, 0.9416701793670654, 0.7202167510986328, 0.5128870606422424, 0.9376620650291443, 0.8025723099708557, 0.8990041613578796, 0.9904946088790894, 0.904967188835144, 0.9994770884513855, 0.6177338361740112, 0.8502368927001953, 0.7720715403556824, 0.7573477029800415, 0.9997279047966003, 0.9464314579963684, 0.9996615648269653, 0.9997814297676086, 0.8197252750396729, 0.8304059505462646, 0.7571395635604858, 0.9982783794403076, 0.9704549908638, 0.9990590214729309, 0.9023874998092651]","[1, 1, 1, 1, 1, 1, 1, 1, 1, 0, 1, 1, 1, 1, 1, 1, 1, 1, 0, 1, 1, 1, 1, 1, 1, 1, 1, 1, 1, 1, 1, 1, 1, 1, 1, 1, 1, 1, 1, 1, 1, 1, 1, 1, 0, 1, 1, 1, 1, 1, 1, 1, 1, 1, 1, 1, 1, 1, 1, 1, 1, 1, 1, 1]","[0.18755671381950378, 0.032219935208559036, 0.2533092200756073, 0.3523954749107361, 0.0360487625002861, 0.16558723151683807, 0.034020595252513885, 0.5785235166549683, 0.8894903659820557, 0.7922354936599731, 0.2150440812110901, 0.019050827249884605, 0.6527724266052246, 0.7142747044563293, 0.4206511676311493, 0.0807984322309494, 0.44140735268592834, 0.010136949829757214, 0.8699148297309875, 0.011433295905590057, 0.1871001124382019, 0.01451367698609829, 0.005609158426523209, 0.04617869481444359, 0.08194682002067566, 0.024707574397325516, 0.31537824869155884, 0.0075707463547587395, 0.007999417372047901, 0.04032767191529274, 0.015251897275447845, 0.37625783681869507, 0.8316061496734619, 0.2014763206243515, 0.04250268638134003, 0.46678003668785095, 0.8119714856147766, 0.018511230126023293, 0.010678567923605442, 0.23501631617546082, 0.2676093578338623, 0.9339195489883423, 1.3449604511260986, 0.30226972699165344, 0.7078784704208374, 0.4582860767841339, 0.06730123609304428, 0.4379635751247406, 0.0053276377730071545, 0.6942574977874756, 0.5901203155517578, 0.6014448404312134, 0.8810828328132629, 0.00298280268907547, 0.2817316949367523, 0.0036705597303807735, 0.0023063477128744125, 0.7858180403709412, 0.6622481942176819, 0.8858317732810974, 0.014908958226442337, 0.1495761275291443, 0.008787848986685276, 0.42989736795425415]"
104,6656,6720,64,0.875,0.40201014280319214,clean_mnist,0.109375,0.21875,0.015625,0.09375,0.09375,0.09375,0.109375,0.0625,0.078125,0.125,0.5641614198684692,0.16016517579555511,13.560831069946289,13.55506420135498,28.0,28.0,"[4, 6, 9, 8, 5, 9, 3, 0, 5, 1, 7, 3, 9, 4, 6, 5, 4, 6, 4, 1, 0, 8, 1, 9, 5, 0, 1, 1, 0, 2, 7, 3, 7, 4, 6, 5, 6, 6, 9, 1, 7, 8, 1, 9, 0, 1, 1, 8, 0, 6, 3, 1, 0, 1, 3, 8, 5, 1, 9, 1, 4, 9, 1, 3]","[4, 6, 3, 8, 5, 9, 3, 0, 5, 1, 7, 3, 9, 4, 6, 5, 4, 6, 4, 7, 0, 8, 1, 9, 5, 0, 1, 1, 0, 2, 7, 3, 7, 4, 6, 5, 6, 6, 9, 7, 7, 8, 1, 9, 0, 1, 1, 8, 0, 6, 3, 7, 0, 1, 3, 3, 5, 7, 4, 7, 4, 9, 1, 3]","[0.9495601654052734, 0.9835371375083923, 0.5567684173583984, 0.9997261166572571, 0.7555151581764221, 0.8655648827552795, 0.8387811779975891, 0.9979540109634399, 0.7630073428153992, 0.9997766613960266, 0.9953344464302063, 0.8017915487289429, 0.5792141556739807, 0.9457800984382629, 0.9347881078720093, 0.7727503180503845, 0.9867411255836487, 0.9422017931938171, 0.9940844178199768, 0.6488105058670044, 0.9973871111869812, 0.9947634935379028, 0.9996373653411865, 0.9269232153892517, 0.8647376298904419, 0.9984484910964966, 0.9971740245819092, 0.999516487121582, 0.9937093257904053, 0.4687439501285553, 0.9183488488197327, 0.6665468811988831, 0.9331173896789551, 0.9768537878990173, 0.9856041669845581, 0.9391016364097595, 0.8446623682975769, 0.935060977935791, 0.934198260307312, 0.6411453485488892, 0.9471155405044556, 0.9999024868011475, 0.9996570348739624, 0.724307656288147, 0.9995543360710144, 0.9995282888412476, 0.9996411800384521, 0.9992204904556274, 0.9954421520233154, 0.9703858494758606, 0.8470115065574646, 0.9230049848556519, 0.9367309212684631, 0.9991106390953064, 0.729590117931366, 0.488235741853714, 0.4886689782142639, 0.8231571912765503, 0.5569263100624084, 0.6976028084754944, 0.9994408488273621, 0.7640612721443176, 0.9993529915809631, 0.882379412651062]","[1, 1, 0, 1, 1, 1, 1, 1, 1, 1, 1, 1, 1, 1, 1, 1, 1, 1, 1, 0, 1, 1, 1, 1, 1, 1, 1, 1, 1, 1, 1, 1, 1, 1, 1, 1, 1, 1, 1, 0, 1, 1, 1, 1, 1, 1, 1, 1, 1, 1, 1, 0, 1, 1, 1, 0, 1, 0, 0, 0, 1, 1, 1, 1]","[0.2245134860277176, 0.09625072032213211, 1.5354390144348145, 0.0030141700990498066, 0.844452977180481, 0.535639762878418, 0.5321547985076904, 0.01855413429439068, 0.9805837273597717, 0.002496966626495123, 0.035391442477703094, 0.8384218811988831, 1.113074541091919, 0.2548132538795471, 0.2898119390010834, 0.8640795350074768, 0.09052662551403046, 0.2989000082015991, 0.04258105531334877, 1.083282232284546, 0.02230997011065483, 0.04199089854955673, 0.0038975586649030447, 0.32455888390541077, 0.5894342064857483, 0.014265166595578194, 0.024158380925655365, 0.005060142837464809, 0.047862909734249115, 1.3313376903533936, 0.3958952724933624, 0.9263186454772949, 0.35856014490127563, 0.12985874712467194, 0.09643688797950745, 0.32633984088897705, 0.48219603300094604, 0.2814037799835205, 0.349615216255188, 1.1593434810638428, 0.27670004963874817, 0.0011650074739009142, 0.003621978685259819, 0.8047710657119751, 0.004556718748062849, 0.004951664712280035, 0.003803304163739085, 0.007746647112071514, 0.03629583492875099, 0.17047648131847382, 0.6174963116645813, 0.3733268976211548, 0.3338969945907593, 0.008717337623238564, 0.7873786687850952, 1.2158597707748413, 0.8418070673942566, 0.7499040961265564, 0.7888171076774597, 0.8286681175231934, 0.005462609697133303, 0.8375031352043152, 0.006289367098361254, 0.42460760474205017]"
105,6720,6784,64,0.90625,0.4373607039451599,clean_mnist,0.140625,0.109375,0.078125,0.078125,0.109375,0.03125,0.109375,0.09375,0.15625,0.09375,0.5670528411865234,0.16298750042915344,13.551331520080566,13.560026168823242,28.0,28.0,"[6, 6, 7, 0, 4, 2, 6, 6, 8, 4, 0, 8, 6, 4, 9, 0, 1, 0, 0, 3, 7, 9, 6, 8, 8, 1, 8, 1, 1, 5, 3, 9, 7, 4, 3, 2, 7, 0, 0, 4, 8, 4, 3, 0, 2, 9, 3, 6, 0, 9, 7, 1, 5, 2, 8, 1, 8, 7, 4, 9, 2, 8, 8, 1]","[6, 6, 7, 0, 4, 2, 6, 6, 8, 4, 0, 8, 6, 4, 9, 5, 1, 0, 0, 3, 7, 9, 6, 2, 8, 1, 8, 1, 1, 5, 3, 9, 7, 4, 3, 2, 7, 0, 0, 4, 8, 4, 3, 0, 2, 9, 3, 6, 0, 9, 7, 2, 5, 2, 8, 1, 5, 7, 4, 9, 2, 5, 5, 1]","[0.9729448556900024, 0.9804663062095642, 0.820776641368866, 0.9983188509941101, 0.8545218706130981, 0.408332884311676, 0.8295003175735474, 0.9754475355148315, 0.9996830224990845, 0.9712597131729126, 0.9989286065101624, 0.9996236562728882, 0.9861607551574707, 0.9907487034797668, 0.990078330039978, 0.29609161615371704, 0.9649180769920349, 0.9980423450469971, 0.9997557997703552, 0.6250675320625305, 0.9763918519020081, 0.8579613566398621, 0.8916251063346863, 0.43788498640060425, 0.9909278750419617, 0.9989688396453857, 0.8277572393417358, 0.9972856044769287, 0.9996342658996582, 0.6238327026367188, 0.6003152132034302, 0.9121483564376831, 0.9732211828231812, 0.9911206364631653, 0.9773496985435486, 0.7804344892501831, 0.6259775161743164, 0.9986888766288757, 0.9995288848876953, 0.9969168901443481, 0.9988621473312378, 0.9884922504425049, 0.9660042524337769, 0.9989125728607178, 0.7347090244293213, 0.8001173734664917, 0.9561712741851807, 0.8570280075073242, 0.987396776676178, 0.7243136763572693, 0.680862307548523, 0.4967651069164276, 0.9506895542144775, 0.7010596990585327, 0.9995336532592773, 0.9994189739227295, 0.6853007078170776, 0.5058903098106384, 0.4468929171562195, 0.8265447616577148, 0.9662441611289978, 0.8803079724311829, 0.4376053810119629, 0.9943934679031372]","[1, 1, 1, 1, 1, 1, 1, 1, 1, 1, 1, 1, 1, 1, 1, 0, 1, 1, 1, 1, 1, 1, 1, 0, 1, 1, 1, 1, 1, 1, 1, 1, 1, 1, 1, 1, 1, 1, 1, 1, 1, 1, 1, 1, 1, 1, 1, 1, 1, 1, 1, 0, 1, 1, 1, 1, 0, 1, 1, 1, 1, 0, 0, 1]","[0.16426236927509308, 0.11146461218595505, 0.6094274520874023, 0.01538633182644844, 0.5409709811210632, 1.575635313987732, 0.5118388533592224, 0.15254820883274078, 0.0034026862122118473, 0.17035166919231415, 0.009765691123902798, 0.003987067844718695, 0.07888709008693695, 0.061247341334819794, 0.06882242858409882, 1.8574217557907104, 0.21111026406288147, 0.017820995301008224, 0.0024999380111694336, 0.8764275312423706, 0.14750561118125916, 0.6449684500694275, 0.41495829820632935, 1.3539066314697266, 0.06515506654977798, 0.009976660832762718, 0.705697238445282, 0.02323431521654129, 0.003911283332854509, 1.1575068235397339, 1.2004368305206299, 0.37431201338768005, 0.15283672511577606, 0.06074242666363716, 0.1331193596124649, 0.9152545928955078, 0.8675919771194458, 0.01223929412662983, 0.004796472378075123, 0.024594129994511604, 0.01065276749432087, 0.08055993169546127, 0.18888740241527557, 0.010464959777891636, 0.8308091759681702, 0.6558379530906677, 0.2552890181541443, 0.5360451936721802, 0.08728635311126709, 0.8208081722259521, 1.0029525756835938, 1.315765619277954, 0.26738566160202026, 0.9859691858291626, 0.004853535443544388, 0.0059968046844005585, 0.8738473653793335, 1.0925549268722534, 1.2739521265029907, 0.5179964900016785, 0.17714747786521912, 0.47106245160102844, 1.165643572807312, 0.04329502582550049]"
106,6784,6848,64,0.828125,0.48000937700271606,clean_mnist,0.109375,0.140625,0.046875,0.078125,0.125,0.046875,0.109375,0.015625,0.21875,0.109375,0.5636740326881409,0.1592414677143097,13.558126449584961,13.553256034851074,28.0,28.0,"[3, 1, 5, 9, 8, 6, 9, 0, 8, 1, 4, 8, 6, 4, 4, 6, 6, 8, 0, 8, 4, 2, 8, 6, 8, 3, 4, 8, 4, 9, 8, 2, 1, 4, 0, 0, 9, 9, 1, 0, 7, 3, 8, 3, 6, 5, 8, 8, 0, 4, 1, 1, 8, 6, 9, 8, 5, 2, 9, 1, 3, 1, 1, 0]","[3, 1, 5, 9, 8, 6, 9, 0, 8, 1, 4, 8, 6, 4, 4, 6, 6, 8, 0, 8, 4, 2, 8, 6, 8, 3, 4, 2, 4, 9, 8, 2, 8, 4, 7, 0, 9, 9, 1, 0, 7, 3, 3, 3, 6, 5, 5, 8, 0, 4, 1, 7, 5, 6, 9, 2, 5, 2, 9, 7, 3, 7, 2, 0]","[0.804886519908905, 0.9973280429840088, 0.8986154794692993, 0.9596700072288513, 0.998185932636261, 0.831430971622467, 0.9798170924186707, 0.9961243271827698, 0.9913845062255859, 0.999470055103302, 0.9668426513671875, 0.9988986253738403, 0.9325055480003357, 0.9549351930618286, 0.817409098148346, 0.8596016764640808, 0.974012553691864, 0.9991433620452881, 0.9989166259765625, 0.998784601688385, 0.9788525700569153, 0.47231701016426086, 0.9992110729217529, 0.8872001767158508, 0.6415691375732422, 0.7454041242599487, 0.9545906186103821, 0.4720863401889801, 0.9891071915626526, 0.7132254838943481, 0.999524712562561, 0.9647418856620789, 0.8114838600158691, 0.8096147775650024, 0.5095322728157043, 0.9918754696846008, 0.847196102142334, 0.9314435124397278, 0.9996172189712524, 0.9980955719947815, 0.982177734375, 0.42724308371543884, 0.5057514309883118, 0.804550051689148, 0.9454717040061951, 0.7789351940155029, 0.49788886308670044, 0.9989410042762756, 0.9862608313560486, 0.9867390394210815, 0.9993922710418701, 0.7293167114257812, 0.43547019362449646, 0.9102975726127625, 0.8201113939285278, 0.637027382850647, 0.8217471837997437, 0.5119761228561401, 0.897071897983551, 0.8585555553436279, 0.6066097617149353, 0.6958383321762085, 0.7780176401138306, 0.9991645812988281]","[1, 1, 1, 1, 1, 1, 1, 1, 1, 1, 1, 1, 1, 1, 1, 1, 1, 1, 1, 1, 1, 1, 1, 1, 1, 1, 1, 0, 1, 1, 1, 1, 0, 1, 0, 1, 1, 1, 1, 1, 1, 1, 0, 1, 1, 1, 0, 1, 1, 1, 1, 0, 0, 1, 1, 0, 1, 1, 1, 0, 1, 0, 0, 1]","[0.8333663940429688, 0.02265634946525097, 0.4591810703277588, 0.1945732682943344, 0.016129763796925545, 0.6885436773300171, 0.12362223118543625, 0.03155924752354622, 0.06447650492191315, 0.005476818419992924, 0.16650645434856415, 0.010181648656725883, 0.3017624616622925, 0.2195512056350708, 0.613662600517273, 0.5717886090278625, 0.1490866094827652, 0.008122972212731838, 0.009498733095824718, 0.011228011921048164, 0.12535084784030914, 1.4990025758743286, 0.007618179079145193, 0.48414328694343567, 0.7316572070121765, 0.8408402800559998, 0.22605706751346588, 1.2727488279342651, 0.07384538650512695, 1.0413821935653687, 0.005018372088670731, 0.1847417950630188, 0.6211770176887512, 0.7915264964103699, 1.2655545473098755, 0.06016691401600838, 0.6734954714775085, 0.33881837129592896, 0.004051876254379749, 0.017315775156021118, 0.11847036331892014, 1.6565954685211182, 1.1044937372207642, 0.6575808525085449, 0.2813207805156708, 0.7052479386329651, 0.8252868056297302, 0.009988339617848396, 0.09381251037120819, 0.08256878703832626, 0.006190318614244461, 0.8937187194824219, 1.255292534828186, 0.38081949949264526, 0.7367352247238159, 1.055238127708435, 0.7553377747535706, 1.1903538703918457, 0.44954314827919006, 0.6259710788726807, 1.2885254621505737, 1.0375922918319702, 0.7360966801643372, 0.008332128636538982]"
107,6848,6912,64,0.890625,0.5122289657592773,clean_mnist,0.078125,0.15625,0.046875,0.140625,0.0625,0.09375,0.109375,0.171875,0.09375,0.046875,0.5801090002059937,0.17578592896461487,13.568672180175781,13.566372871398926,28.0,28.0,"[0, 8, 9, 1, 5, 5, 6, 3, 3, 0, 3, 1, 2, 7, 7, 3, 1, 4, 7, 5, 5, 6, 1, 7, 9, 8, 6, 0, 6, 1, 7, 1, 1, 7, 7, 0, 5, 1, 9, 4, 5, 7, 4, 8, 3, 8, 3, 6, 8, 8, 3, 2, 1, 4, 7, 1, 3, 0, 3, 6, 7, 6, 2, 7]","[5, 5, 9, 1, 5, 5, 6, 3, 3, 0, 3, 1, 2, 2, 7, 3, 1, 4, 7, 5, 5, 6, 1, 7, 9, 8, 6, 0, 6, 1, 7, 4, 1, 7, 7, 0, 5, 1, 9, 4, 5, 7, 4, 8, 3, 9, 3, 6, 8, 8, 3, 2, 1, 4, 7, 6, 3, 8, 3, 6, 7, 6, 2, 7]","[0.9838219285011292, 0.7897154688835144, 0.9396501183509827, 0.9971523284912109, 0.8421341180801392, 0.8720597624778748, 0.9662826657295227, 0.7989469170570374, 0.8501409888267517, 0.9982359409332275, 0.5241837501525879, 0.9712680578231812, 0.717141330242157, 0.46718263626098633, 0.8757186532020569, 0.9496463537216187, 0.9997650980949402, 0.881171464920044, 0.9956384301185608, 0.9126225113868713, 0.5201781988143921, 0.9697446227073669, 0.9842357635498047, 0.8027524948120117, 0.9675149321556091, 0.9966717958450317, 0.9210856556892395, 0.9978170394897461, 0.980614423751831, 0.9848006963729858, 0.5516847372055054, 0.4290964901447296, 0.9992623925209045, 0.8189767003059387, 0.9165246486663818, 0.975407063961029, 0.9623739123344421, 0.6921506524085999, 0.9767476916313171, 0.5075632929801941, 0.7733202576637268, 0.823060929775238, 0.9955646991729736, 0.9882962107658386, 0.8366643190383911, 0.5092132091522217, 0.7310793399810791, 0.8859020471572876, 0.9914946556091309, 0.9947125911712646, 0.6859418749809265, 0.8479551076889038, 0.9853518605232239, 0.7528250217437744, 0.9816053509712219, 0.5434579253196716, 0.5822427272796631, 0.5562810897827148, 0.8101567029953003, 0.8901815414428711, 0.9909083247184753, 0.8773601651191711, 0.688890278339386, 0.9672116041183472]","[0, 0, 1, 1, 1, 1, 1, 1, 1, 1, 1, 1, 1, 0, 1, 1, 1, 1, 1, 1, 1, 1, 1, 1, 1, 1, 1, 1, 1, 1, 1, 0, 1, 1, 1, 1, 1, 1, 1, 1, 1, 1, 1, 1, 1, 0, 1, 1, 1, 1, 1, 1, 1, 1, 1, 0, 1, 0, 1, 1, 1, 1, 1, 1]","[0.11244851350784302, 0.6861918568611145, 0.2662060856819153, 0.02428445592522621, 0.5730704665184021, 0.5804502367973328, 0.1721067726612091, 0.8675777912139893, 0.6883522868156433, 0.01603247970342636, 1.2550709247589111, 0.17041029036045074, 0.8158727288246155, 1.0707985162734985, 0.5031370520591736, 0.2572188675403595, 0.0026336514856666327, 0.4956982135772705, 0.035417340695858, 0.4075598120689392, 1.232805848121643, 0.17796553671360016, 0.10075794160366058, 0.6849608421325684, 0.18064142763614655, 0.027616804465651512, 0.3540494740009308, 0.01884307712316513, 0.12308105826377869, 0.10090293735265732, 1.2421190738677979, 1.4310380220413208, 0.007308442145586014, 0.737532377243042, 0.41667935252189636, 0.1512705236673355, 0.2160809487104416, 1.040846347808838, 0.12903112173080444, 1.203376293182373, 0.8677073121070862, 0.7031598687171936, 0.03464231267571449, 0.08260658383369446, 0.7223416566848755, 0.8376232981681824, 1.0907323360443115, 0.48944908380508423, 0.05886613577604294, 0.041515935212373734, 1.1708617210388184, 0.657674252986908, 0.0951738953590393, 0.8274146914482117, 0.11762397736310959, 0.9630759358406067, 1.215205430984497, 1.0507712364196777, 0.8239150643348694, 0.4985257685184479, 0.06433901190757751, 0.5200390219688416, 1.084020733833313, 0.1879243105649948]"
108,6912,6976,64,0.96875,0.3310110569000244,clean_mnist,0.1875,0.09375,0.109375,0.09375,0.046875,0.015625,0.078125,0.109375,0.15625,0.109375,0.58397376537323,0.17920514941215515,13.56946849822998,13.573578834533691,28.0,28.0,"[3, 1, 7, 7, 8, 0, 9, 2, 3, 2, 9, 0, 8, 1, 1, 0, 0, 5, 6, 1, 7, 2, 9, 0, 8, 2, 8, 3, 8, 4, 8, 8, 2, 3, 1, 7, 2, 4, 9, 1, 8, 7, 6, 4, 7, 8, 0, 3, 0, 9, 8, 6, 9, 7, 3, 0, 0, 9, 0, 6, 0, 0, 2, 6]","[3, 1, 7, 7, 8, 0, 9, 2, 3, 2, 9, 0, 8, 1, 1, 6, 0, 5, 6, 1, 7, 2, 9, 0, 5, 2, 8, 3, 8, 4, 8, 8, 2, 3, 1, 7, 2, 4, 9, 1, 8, 7, 6, 4, 7, 8, 0, 3, 0, 9, 8, 6, 9, 7, 3, 0, 0, 9, 0, 6, 0, 0, 2, 6]","[0.985480010509491, 0.9872506856918335, 0.7213987112045288, 0.9043244123458862, 0.9909771680831909, 0.994412362575531, 0.9927413463592529, 0.8832202553749084, 0.8238186240196228, 0.9490830302238464, 0.7698209285736084, 0.9994644522666931, 0.9698566198348999, 0.9943161606788635, 0.9990967512130737, 0.7168850302696228, 0.9994576573371887, 0.6214491128921509, 0.9524814486503601, 0.9979016780853271, 0.9246188998222351, 0.7719216346740723, 0.9636188745498657, 0.9986035227775574, 0.7019349932670593, 0.5974759459495544, 0.9986628293991089, 0.9886991381645203, 0.9764683246612549, 0.9761723279953003, 0.9408796429634094, 0.9746273756027222, 0.564034640789032, 0.9956274032592773, 0.9854063987731934, 0.9121742248535156, 0.6137337684631348, 0.9740696549415588, 0.9833124279975891, 0.9975709319114685, 0.9828630089759827, 0.9817430973052979, 0.9463557600975037, 0.9687475562095642, 0.91459721326828, 0.9971279501914978, 0.9995859265327454, 0.9528513550758362, 0.9998018145561218, 0.7691593766212463, 0.8547425866127014, 0.9685915112495422, 0.9833635091781616, 0.9949426054954529, 0.8918536901473999, 0.9518972635269165, 0.9956094622612, 0.6370574235916138, 0.9553802013397217, 0.8990419507026672, 0.999016284942627, 0.9434778690338135, 0.6912509202957153, 0.6241951584815979]","[1, 1, 1, 1, 1, 1, 1, 1, 1, 1, 1, 1, 1, 1, 1, 0, 1, 1, 1, 1, 1, 1, 1, 1, 0, 1, 1, 1, 1, 1, 1, 1, 1, 1, 1, 1, 1, 1, 1, 1, 1, 1, 1, 1, 1, 1, 1, 1, 1, 1, 1, 1, 1, 1, 1, 1, 1, 1, 1, 1, 1, 1, 1, 1]","[0.0914837121963501, 0.08993445336818695, 0.9722176194190979, 0.459687739610672, 0.06699161231517792, 0.04232952743768692, 0.05526474863290787, 0.5275322794914246, 0.7573549151420593, 0.2756381928920746, 0.9183799028396606, 0.0055387867614626884, 0.1690729409456253, 0.045835673809051514, 0.008298679254949093, 0.6957448124885559, 0.005631680600345135, 1.2573623657226562, 0.25625425577163696, 0.018818121403455734, 0.3133261203765869, 0.8215945959091187, 0.201333150267601, 0.012828960083425045, 0.8309879302978516, 1.0481370687484741, 0.01234074030071497, 0.08048560470342636, 0.1461777687072754, 0.12948964536190033, 0.30576029419898987, 0.14226673543453217, 1.320387601852417, 0.03430640697479248, 0.09691795706748962, 0.3845941722393036, 0.9650925993919373, 0.15417492389678955, 0.10679382085800171, 0.020765911787748337, 0.10933259129524231, 0.121822789311409, 0.2332930713891983, 0.17476074397563934, 0.36666107177734375, 0.023705318570137024, 0.004213261883705854, 0.23850701749324799, 0.0022165977861732244, 0.6253135204315186, 0.7041799426078796, 0.17986536026000977, 0.10432706773281097, 0.0369444265961647, 0.43149837851524353, 0.2624518871307373, 0.034965481609106064, 0.9263648986816406, 0.264334112405777, 0.42513585090637207, 0.009287364780902863, 0.3145320415496826, 0.881958544254303, 0.8619040250778198]"
109,6976,7040,64,0.9375,0.4009239375591278,clean_mnist,0.171875,0.15625,0.0625,0.03125,0.140625,0.125,0.03125,0.078125,0.125,0.078125,0.5766996145248413,0.17260277271270752,13.574715614318848,13.5741605758667,28.0,28.0,"[8, 1, 5, 0, 5, 5, 6, 0, 5, 1, 7, 0, 5, 1, 4, 0, 2, 9, 8, 4, 4, 5, 1, 9, 8, 7, 4, 0, 0, 2, 8, 1, 6, 4, 4, 4, 0, 9, 2, 1, 9, 7, 0, 4, 1, 8, 1, 9, 5, 0, 8, 1, 7, 2, 3, 3, 5, 7, 8, 8, 4, 0, 0, 1]","[8, 1, 5, 0, 5, 5, 6, 5, 5, 1, 7, 0, 5, 1, 4, 0, 2, 9, 8, 4, 4, 5, 1, 9, 8, 7, 4, 0, 0, 2, 9, 1, 6, 4, 7, 4, 0, 9, 2, 6, 9, 7, 0, 4, 1, 8, 1, 9, 5, 0, 8, 1, 7, 2, 3, 3, 5, 7, 8, 8, 4, 0, 0, 1]","[0.9569684267044067, 0.9988788962364197, 0.5832313895225525, 0.9639187455177307, 0.44690948724746704, 0.9556441307067871, 0.9758428931236267, 0.43900376558303833, 0.7343248128890991, 0.9907586574554443, 0.9707189798355103, 0.975560188293457, 0.6455850601196289, 0.9988031387329102, 0.9942927360534668, 0.9639321565628052, 0.9721122980117798, 0.8921215534210205, 0.9987743496894836, 0.9388574957847595, 0.9526147246360779, 0.8647974729537964, 0.998213529586792, 0.8031324744224548, 0.9077357053756714, 0.992583155632019, 0.9861168265342712, 0.988365650177002, 0.9985262155532837, 0.2922935485839844, 0.4513264000415802, 0.9978444576263428, 0.9813324213027954, 0.44465968012809753, 0.6962177157402039, 0.8921988606452942, 0.9994268417358398, 0.9741840362548828, 0.9519724249839783, 0.647722601890564, 0.9670334458351135, 0.9500232338905334, 0.9982858300209045, 0.9780430793762207, 0.9994496703147888, 0.9608019590377808, 0.9965932965278625, 0.877065896987915, 0.717282235622406, 0.9997398257255554, 0.9914304614067078, 0.9990953207015991, 0.8761041760444641, 0.4224429726600647, 0.3665291965007782, 0.9753354787826538, 0.780884861946106, 0.9416871070861816, 0.9591510891914368, 0.9994404911994934, 0.5893831253051758, 0.9993491768836975, 0.9986302852630615, 0.9966663718223572]","[1, 1, 1, 1, 1, 1, 1, 0, 1, 1, 1, 1, 1, 1, 1, 1, 1, 1, 1, 1, 1, 1, 1, 1, 1, 1, 1, 1, 1, 1, 0, 1, 1, 1, 0, 1, 1, 1, 1, 0, 1, 1, 1, 1, 1, 1, 1, 1, 1, 1, 1, 1, 1, 1, 1, 1, 1, 1, 1, 1, 1, 1, 1, 1]","[0.23883512616157532, 0.010638882406055927, 0.8723739981651306, 0.18794801831245422, 1.2647035121917725, 0.25112563371658325, 0.13604502379894257, 1.3014525175094604, 0.9715139865875244, 0.065209299325943, 0.17282769083976746, 0.1548517942428589, 1.1175507307052612, 0.011079092510044575, 0.04068621248006821, 0.20501840114593506, 0.16173940896987915, 0.5136520266532898, 0.011622241698205471, 0.30740565061569214, 0.215378075838089, 0.5949225425720215, 0.016119586303830147, 0.6328149437904358, 0.3946365714073181, 0.054646700620651245, 0.07955734431743622, 0.08428690582513809, 0.012589501217007637, 1.8877233266830444, 1.155456781387329, 0.01907559484243393, 0.11909991502761841, 1.222612738609314, 1.0745068788528442, 0.48496121168136597, 0.0058931950479745865, 0.1546119749546051, 0.2599982023239136, 0.7777605056762695, 0.1748819649219513, 0.2736905813217163, 0.015816926956176758, 0.13382098078727722, 0.0056765032932162285, 0.19351279735565186, 0.028185531497001648, 0.510647714138031, 0.7825323343276978, 0.0028174398466944695, 0.06182651221752167, 0.008790843188762665, 0.5596797466278076, 1.4920737743377686, 1.453943133354187, 0.1501746028661728, 0.8501198291778564, 0.31752538681030273, 0.19354544579982758, 0.005676663015037775, 1.153979778289795, 0.006624168250709772, 0.012514285743236542, 0.02814333885908127]"
110,7040,7104,64,0.96875,0.3845977187156677,clean_mnist,0.078125,0.125,0.09375,0.078125,0.078125,0.125,0.109375,0.078125,0.09375,0.140625,0.5699672698974609,0.16692036390304565,13.567604064941406,13.561765670776367,28.0,28.0,"[1, 2, 8, 3, 5, 4, 3, 5, 8, 6, 0, 8, 0, 9, 7, 0, 9, 1, 8, 7, 1, 9, 0, 6, 6, 3, 0, 3, 5, 9, 9, 9, 2, 5, 1, 1, 8, 4, 1, 2, 5, 5, 2, 4, 1, 7, 6, 9, 2, 1, 4, 5, 7, 2, 9, 6, 6, 3, 9, 7, 4, 8, 6, 5]","[1, 2, 8, 3, 5, 4, 3, 5, 8, 6, 0, 8, 0, 9, 7, 0, 9, 1, 3, 7, 1, 9, 0, 6, 6, 3, 0, 3, 5, 9, 9, 9, 2, 5, 1, 1, 8, 4, 1, 2, 3, 5, 2, 4, 1, 7, 6, 9, 2, 1, 4, 5, 7, 2, 9, 6, 6, 3, 9, 7, 4, 8, 6, 5]","[0.9995743632316589, 0.8654688000679016, 0.9973341226577759, 0.9489409923553467, 0.6234926581382751, 0.9984343647956848, 0.9812309145927429, 0.666485071182251, 0.9538150429725647, 0.5290611982345581, 0.9989153146743774, 0.9998051524162292, 0.9995588660240173, 0.7062506675720215, 0.8004612922668457, 0.9997543692588806, 0.9162353277206421, 0.9922303557395935, 0.6182276010513306, 0.9327726364135742, 0.9996780157089233, 0.703425407409668, 0.9990975856781006, 0.9792814254760742, 0.9890851378440857, 0.7995851039886475, 0.9996886253356934, 0.8480330109596252, 0.42172980308532715, 0.8750045299530029, 0.9589002728462219, 0.8770151734352112, 0.815769612789154, 0.9092503190040588, 0.9781528115272522, 0.9601033329963684, 0.9991598129272461, 0.9965857267379761, 0.9731215834617615, 0.6053175926208496, 0.3751027584075928, 0.9082491993904114, 0.9687595367431641, 0.9811444878578186, 0.9994787573814392, 0.9684602618217468, 0.9780394434928894, 0.8793944716453552, 0.7487494945526123, 0.996039867401123, 0.6531400680541992, 0.6242387890815735, 0.9896529316902161, 0.8581809997558594, 0.9493786096572876, 0.9174934029579163, 0.9974915981292725, 0.742499589920044, 0.9920870661735535, 0.8219981789588928, 0.9975864887237549, 0.95428466796875, 0.8336942195892334, 0.9138398766517639]","[1, 1, 1, 1, 1, 1, 1, 1, 1, 1, 1, 1, 1, 1, 1, 1, 1, 1, 0, 1, 1, 1, 1, 1, 1, 1, 1, 1, 1, 1, 1, 1, 1, 1, 1, 1, 1, 1, 1, 1, 0, 1, 1, 1, 1, 1, 1, 1, 1, 1, 1, 1, 1, 1, 1, 1, 1, 1, 1, 1, 1, 1, 1, 1]","[0.004416569136083126, 0.6181049942970276, 0.022809727117419243, 0.25517210364341736, 1.0690683126449585, 0.01244872622191906, 0.12427116185426712, 0.9763498902320862, 0.2519259452819824, 1.3544843196868896, 0.01021173968911171, 0.002218199661001563, 0.004633002914488316, 0.7034882307052612, 0.6034797430038452, 0.0027087077032774687, 0.37300175428390503, 0.05668170005083084, 0.8601978421211243, 0.363467276096344, 0.0035070779267698526, 0.8676483631134033, 0.0085346270352602, 0.12776711583137512, 0.07094588130712509, 0.5940969586372375, 0.003066913690418005, 0.566848635673523, 1.2868350744247437, 0.44503307342529297, 0.2100326120853424, 0.42183610796928406, 0.7048412561416626, 0.4309583604335785, 0.1368178427219391, 0.238594651222229, 0.00837100762873888, 0.026317432522773743, 0.1664438545703888, 0.9005052447319031, 1.4450035095214844, 0.43573427200317383, 0.14848801493644714, 0.11941687017679214, 0.0053093223832547665, 0.19290941953659058, 0.1371927410364151, 0.48301610350608826, 0.7678694725036621, 0.0323428213596344, 0.6958009004592896, 1.2647764682769775, 0.07426252216100693, 0.6145455837249756, 0.2346952110528946, 0.38142237067222595, 0.02085367776453495, 0.7611353397369385, 0.058530934154987335, 0.6636604070663452, 0.019690915942192078, 0.237436905503273, 0.5186349749565125, 0.4133847951889038]"
111,7104,7168,64,0.953125,0.33844298124313354,clean_mnist,0.125,0.109375,0.078125,0.125,0.078125,0.09375,0.078125,0.046875,0.171875,0.09375,0.570698618888855,0.1676531434059143,13.559273719787598,13.56446647644043,28.0,28.0,"[6, 1, 3, 2, 9, 6, 9, 6, 5, 7, 8, 8, 1, 8, 9, 1, 4, 8, 8, 3, 4, 7, 6, 0, 0, 0, 0, 1, 3, 5, 3, 0, 8, 5, 1, 2, 8, 8, 8, 0, 5, 4, 2, 3, 9, 1, 3, 8, 4, 2, 8, 9, 3, 9, 0, 5, 1, 2, 3, 6, 0, 5, 4, 7]","[6, 1, 3, 2, 9, 6, 9, 6, 5, 7, 5, 8, 1, 8, 9, 1, 4, 8, 8, 3, 4, 7, 6, 0, 0, 0, 0, 1, 3, 5, 3, 0, 8, 5, 1, 2, 2, 8, 8, 0, 5, 4, 2, 3, 9, 1, 3, 8, 4, 2, 5, 9, 3, 9, 0, 5, 1, 2, 3, 6, 0, 5, 4, 7]","[0.9679856300354004, 0.9941243529319763, 0.8738789558410645, 0.7662753462791443, 0.9642493724822998, 0.9846398830413818, 0.9478574991226196, 0.9668553471565247, 0.5053990483283997, 0.9721323847770691, 0.6852326989173889, 0.9998685121536255, 0.9997689127922058, 0.9997745156288147, 0.9624232649803162, 0.9856843948364258, 0.9980290532112122, 0.9935223460197449, 0.9982594847679138, 0.9363940954208374, 0.9261706471443176, 0.555629312992096, 0.9046270251274109, 0.9985238909721375, 0.9996849298477173, 0.9996192455291748, 0.9995338916778564, 0.9980260133743286, 0.9825634360313416, 0.7139391303062439, 0.9361883401870728, 0.998458981513977, 0.919329822063446, 0.7138621807098389, 0.9998179078102112, 0.838178277015686, 0.3780761659145355, 0.9988970756530762, 0.9903752207756042, 0.9979068040847778, 0.7077127695083618, 0.9950320720672607, 0.4227243661880493, 0.9578245282173157, 0.8911554217338562, 0.9983490705490112, 0.9632897973060608, 0.9981653094291687, 0.9570890665054321, 0.8628358244895935, 0.4035693109035492, 0.8326154947280884, 0.9784558415412903, 0.6441536545753479, 0.9997273087501526, 0.6067246794700623, 0.9638329148292542, 0.9083166122436523, 0.9663884043693542, 0.9444512128829956, 0.9997312426567078, 0.8574196696281433, 0.9401475787162781, 0.9860761761665344]","[1, 1, 1, 1, 1, 1, 1, 1, 1, 1, 0, 1, 1, 1, 1, 1, 1, 1, 1, 1, 1, 1, 1, 1, 1, 1, 1, 1, 1, 1, 1, 1, 1, 1, 1, 1, 0, 1, 1, 1, 1, 1, 1, 1, 1, 1, 1, 1, 1, 1, 0, 1, 1, 1, 1, 1, 1, 1, 1, 1, 1, 1, 1, 1]","[0.18882818520069122, 0.04545334726572037, 0.6177964806556702, 0.7311075329780579, 0.20911309123039246, 0.09897257387638092, 0.26532840728759766, 0.2009052038192749, 0.9158300757408142, 0.1574028730392456, 0.7545098662376404, 0.0015077728312462568, 0.0025484526995569468, 0.0024842857383191586, 0.19270440936088562, 0.101420097053051, 0.016290178522467613, 0.04960036277770996, 0.01581484079360962, 0.28874748945236206, 0.3174517750740051, 1.4788334369659424, 0.4466449022293091, 0.013652580790221691, 0.0034394091926515102, 0.0040471539832651615, 0.004783368203788996, 0.01771596446633339, 0.09564519673585892, 0.8612493872642517, 0.2783215343952179, 0.01448897272348404, 0.36547550559043884, 1.021530270576477, 0.0020824866369366646, 0.6235290765762329, 1.2990553379058838, 0.010163499973714352, 0.07020743936300278, 0.018513299524784088, 0.7905219793319702, 0.03722882270812988, 1.2939335107803345, 0.22312282025814056, 0.4740566909313202, 0.01472652330994606, 0.2266688495874405, 0.016010906547307968, 0.2231086790561676, 0.46514683961868286, 1.5490570068359375, 0.5916330218315125, 0.12110570818185806, 0.7688970565795898, 0.003020127769559622, 0.9339718818664551, 0.21959704160690308, 0.42558997869491577, 0.20907996594905853, 0.27046093344688416, 0.002894525183364749, 0.6506941318511963, 0.25069376826286316, 0.09593424946069717]"
112,7168,7232,64,0.9375,0.45335865020751953,clean_mnist,0.0625,0.125,0.0625,0.078125,0.09375,0.03125,0.125,0.109375,0.203125,0.109375,0.5686228275299072,0.16417467594146729,13.558647155761719,13.562990188598633,28.0,28.0,"[8, 1, 2, 9, 5, 7, 7, 1, 1, 2, 4, 6, 9, 0, 8, 0, 8, 1, 4, 8, 1, 3, 8, 4, 3, 8, 9, 6, 2, 7, 9, 8, 8, 9, 6, 0, 4, 1, 6, 8, 9, 3, 7, 4, 6, 7, 3, 8, 5, 9, 8, 0, 6, 1, 1, 2, 6, 3, 7, 4, 8, 7, 6, 8]","[8, 1, 2, 9, 5, 7, 7, 1, 1, 2, 4, 6, 9, 0, 8, 0, 8, 1, 4, 2, 1, 3, 8, 4, 3, 5, 9, 6, 2, 7, 9, 8, 9, 9, 6, 0, 4, 1, 6, 2, 9, 3, 7, 4, 6, 7, 3, 8, 5, 9, 8, 0, 6, 1, 1, 2, 6, 3, 7, 4, 8, 7, 6, 8]","[0.6263251900672913, 0.9942849278450012, 0.914189875125885, 0.796997606754303, 0.8531986474990845, 0.7709222435951233, 0.8484894633293152, 0.9954470992088318, 0.998513400554657, 0.7548019886016846, 0.9983616471290588, 0.9432269930839539, 0.9882400035858154, 0.9987117052078247, 0.7698209285736084, 0.9935200810432434, 0.535663902759552, 0.9978734254837036, 0.9888445734977722, 0.46970388293266296, 0.9959059953689575, 0.9306655526161194, 0.8584234118461609, 0.9717650413513184, 0.5769790410995483, 0.9082830548286438, 0.9180658459663391, 0.901244580745697, 0.9122470617294312, 0.7581562995910645, 0.996491014957428, 0.991331934928894, 0.6442278623580933, 0.8880329728126526, 0.9367431402206421, 0.9960857629776001, 0.9974604845046997, 0.993170976638794, 0.9464771151542664, 0.5077767968177795, 0.9877040386199951, 0.9913799166679382, 0.81035977602005, 0.9807594418525696, 0.9818966388702393, 0.8554720878601074, 0.6274478435516357, 0.8534003496170044, 0.4115554094314575, 0.7726598978042603, 0.9990480542182922, 0.9624224901199341, 0.9756051301956177, 0.9963261485099792, 0.9983606934547424, 0.41455572843551636, 0.9296215176582336, 0.8112313151359558, 0.35165995359420776, 0.8112033605575562, 0.9801269769668579, 0.5661745667457581, 0.9784010648727417, 0.9407668113708496]","[1, 1, 1, 1, 1, 1, 1, 1, 1, 1, 1, 1, 1, 1, 1, 1, 1, 1, 1, 0, 1, 1, 1, 1, 1, 0, 1, 1, 1, 1, 1, 1, 0, 1, 1, 1, 1, 1, 1, 0, 1, 1, 1, 1, 1, 1, 1, 1, 1, 1, 1, 1, 1, 1, 1, 1, 1, 1, 1, 1, 1, 1, 1, 1]","[1.1768242120742798, 0.04420091211795807, 0.41419968008995056, 0.6875882744789124, 0.587123453617096, 0.893703043460846, 0.5828613638877869, 0.03683880344033241, 0.013494431972503662, 0.8711711764335632, 0.014184546656906605, 0.2621364891529083, 0.07511568069458008, 0.012255780398845673, 0.7099194526672363, 0.05002602934837341, 0.8675604462623596, 0.018591642379760742, 0.069083571434021, 1.3088189363479614, 0.03389599919319153, 0.2884777784347534, 0.5942848324775696, 0.1571701020002365, 1.1607286930084229, 0.3498753607273102, 0.3184942901134491, 0.3505864143371582, 0.4394052028656006, 0.9087631106376648, 0.02745027095079422, 0.0631023570895195, 0.8993533849716187, 0.4834657311439514, 0.2932484745979309, 0.0301660243421793, 0.02102501131594181, 0.05206536501646042, 0.278594970703125, 1.2170546054840088, 0.08538007736206055, 0.05753907561302185, 0.7411781549453735, 0.11677580326795578, 0.09963050484657288, 0.6482551693916321, 0.9402431845664978, 0.5445899367332458, 1.2200394868850708, 0.7463021278381348, 0.008851928636431694, 0.2153921127319336, 0.13796451687812805, 0.030607059597969055, 0.014898020774126053, 1.2913572788238525, 0.33142757415771484, 0.7600857019424438, 1.6246163845062256, 0.773436963558197, 0.12589797377586365, 1.4221659898757935, 0.12492948770523071, 0.2904852032661438]"
113,7232,7296,64,0.875,0.5965995192527771,clean_mnist,0.140625,0.109375,0.078125,0.109375,0.078125,0.09375,0.078125,0.09375,0.078125,0.140625,0.5715340375900269,0.1667402684688568,13.568260192871094,13.568536758422852,28.0,28.0,"[8, 8, 1, 5, 7, 1, 8, 9, 1, 9, 0, 0, 5, 9, 5, 0, 4, 5, 3, 9, 9, 1, 0, 7, 9, 2, 9, 2, 5, 3, 2, 3, 4, 2, 2, 0, 6, 9, 1, 0, 0, 6, 9, 1, 5, 7, 7, 8, 4, 0, 4, 3, 7, 4, 0, 7, 3, 6, 8, 6, 1, 3, 6, 3]","[5, 9, 1, 5, 7, 1, 5, 9, 1, 9, 2, 0, 5, 9, 5, 0, 4, 5, 3, 9, 9, 1, 0, 7, 9, 2, 9, 2, 5, 3, 2, 3, 9, 2, 2, 0, 6, 9, 5, 0, 0, 6, 9, 1, 5, 7, 7, 5, 4, 0, 4, 3, 7, 4, 0, 7, 3, 6, 8, 6, 2, 3, 6, 3]","[0.48660963773727417, 0.6784244775772095, 0.9982483386993408, 0.7245979905128479, 0.995276689529419, 0.9954487681388855, 0.7315834164619446, 0.4858637750148773, 0.9989564418792725, 0.808623194694519, 0.8715020418167114, 0.9845349788665771, 0.6971752047538757, 0.9013678431510925, 0.47388938069343567, 0.9964113831520081, 0.9952031373977661, 0.8143548369407654, 0.3479897379875183, 0.7370401620864868, 0.9428190588951111, 0.9955257773399353, 0.9909499287605286, 0.3801994323730469, 0.650084376335144, 0.6481961607933044, 0.9398849010467529, 0.5352064967155457, 0.8533483743667603, 0.8713964819908142, 0.753043532371521, 0.9940659999847412, 0.4879385232925415, 0.6820138096809387, 0.8780797719955444, 0.9919112324714661, 0.7497166991233826, 0.821891188621521, 0.8781426548957825, 0.9880643486976624, 0.9888685941696167, 0.8267800807952881, 0.9918261766433716, 0.9949238896369934, 0.6525759696960449, 0.5732146501541138, 0.42387819290161133, 0.5215938091278076, 0.9972918629646301, 0.9821089506149292, 0.8835979104042053, 0.9039077162742615, 0.7077619433403015, 0.9736915826797485, 0.99440598487854, 0.6012568473815918, 0.7105346322059631, 0.7625192999839783, 0.9401412606239319, 0.9359323382377625, 0.8830212354660034, 0.9428250789642334, 0.5257070064544678, 0.956667423248291]","[0, 0, 1, 1, 1, 1, 0, 1, 1, 1, 0, 1, 1, 1, 1, 1, 1, 1, 1, 1, 1, 1, 1, 1, 1, 1, 1, 1, 1, 1, 1, 1, 0, 1, 1, 1, 1, 1, 0, 1, 1, 1, 1, 1, 1, 1, 1, 0, 1, 1, 1, 1, 1, 1, 1, 1, 1, 1, 1, 1, 0, 1, 1, 1]","[1.3202743530273438, 0.8796242475509644, 0.015429455786943436, 0.8804561495780945, 0.03760290518403053, 0.03649270534515381, 0.8477794528007507, 1.3544386625289917, 0.009790560230612755, 0.631045401096344, 0.4540487229824066, 0.10489652305841446, 0.8760566711425781, 0.4447409510612488, 1.167586326599121, 0.03034244477748871, 0.035151008516550064, 0.7588562965393066, 1.8110265731811523, 0.7517654299736023, 0.2775495946407318, 0.03568623214960098, 0.06832317262887955, 1.5965964794158936, 1.193357229232788, 1.0285887718200684, 0.26410630345344543, 1.221590280532837, 0.6457460522651672, 0.5391473770141602, 0.8513891696929932, 0.04445604234933853, 1.1876507997512817, 0.9503381252288818, 0.5803255438804626, 0.05643770471215248, 0.5985142588615417, 0.5974237322807312, 0.49934712052345276, 0.08263878524303436, 0.08265434205532074, 0.520003080368042, 0.05779780447483063, 0.04074401035904884, 1.0337251424789429, 1.2075982093811035, 1.4364008903503418, 1.3929778337478638, 0.022409740835428238, 0.1222732663154602, 0.4636274576187134, 0.3985408842563629, 1.0588161945343018, 0.16052137315273285, 0.043877989053726196, 1.1991183757781982, 0.857839047908783, 0.845268726348877, 0.3122727572917938, 0.29650989174842834, 0.37547066807746887, 0.26588910818099976, 1.013543725013733, 0.20787093043327332]"
114,7296,7360,64,0.953125,0.388252854347229,clean_mnist,0.09375,0.125,0.0625,0.0625,0.125,0.109375,0.046875,0.15625,0.171875,0.046875,0.5620815753936768,0.1567891389131546,13.561532020568848,13.556726455688477,28.0,28.0,"[4, 8, 6, 4, 8, 7, 5, 1, 7, 0, 7, 8, 1, 7, 9, 5, 9, 2, 7, 1, 8, 1, 0, 4, 8, 5, 3, 5, 1, 0, 2, 4, 8, 8, 1, 7, 3, 4, 7, 9, 3, 8, 0, 3, 7, 6, 6, 4, 2, 1, 5, 8, 7, 1, 4, 5, 7, 2, 5, 0, 8, 4, 0, 8]","[4, 8, 6, 4, 8, 7, 5, 1, 7, 0, 7, 8, 8, 7, 9, 5, 9, 2, 7, 1, 8, 1, 0, 4, 8, 5, 3, 5, 1, 0, 2, 4, 8, 8, 1, 7, 3, 4, 7, 9, 3, 2, 0, 3, 7, 6, 6, 4, 2, 1, 5, 2, 7, 1, 4, 5, 7, 2, 5, 0, 8, 4, 0, 8]","[0.9742489457130432, 0.9988082647323608, 0.9678238034248352, 0.5591421723365784, 0.8477675318717957, 0.8027249574661255, 0.8060002326965332, 0.9900816082954407, 0.6586118936538696, 0.995344340801239, 0.9901995062828064, 0.9985865354537964, 0.95677250623703, 0.8540540933609009, 0.7870948910713196, 0.614126980304718, 0.8397849202156067, 0.6974133253097534, 0.8862168788909912, 0.9954385161399841, 0.963347315788269, 0.9983294606208801, 0.9988400340080261, 0.9506775736808777, 0.9974710941314697, 0.8945020437240601, 0.7270416021347046, 0.6307420134544373, 0.9995135068893433, 0.9977256655693054, 0.793720543384552, 0.9888643026351929, 0.9934260845184326, 0.9423137307167053, 0.9996316432952881, 0.8257339596748352, 0.8933459520339966, 0.9815995097160339, 0.98781418800354, 0.8755018711090088, 0.9659062623977661, 0.5671509504318237, 0.9993017911911011, 0.9732480645179749, 0.9456599354743958, 0.9587163329124451, 0.9613098502159119, 0.9944947361946106, 0.5047154426574707, 0.9945074915885925, 0.6777781248092651, 0.3279685080051422, 0.9762851595878601, 0.9688178300857544, 0.8511410355567932, 0.955407977104187, 0.9792349338531494, 0.8374663591384888, 0.8710790276527405, 0.999734103679657, 0.9823669195175171, 0.9927955269813538, 0.9997449517250061, 0.9983491897583008]","[1, 1, 1, 1, 1, 1, 1, 1, 1, 1, 1, 1, 0, 1, 1, 1, 1, 1, 1, 1, 1, 1, 1, 1, 1, 1, 1, 1, 1, 1, 1, 1, 1, 1, 1, 1, 1, 1, 1, 1, 1, 0, 1, 1, 1, 1, 1, 1, 1, 1, 1, 0, 1, 1, 1, 1, 1, 1, 1, 1, 1, 1, 1, 1]","[0.14041422307491302, 0.011196047067642212, 0.18415765464305878, 1.1018397808074951, 0.6592552661895752, 0.7282304167747498, 0.7329487800598145, 0.07250414788722992, 0.9671658873558044, 0.03742658346891403, 0.06831233203411102, 0.012933715246617794, 0.24388454854488373, 0.6473944187164307, 0.7632946372032166, 1.1028409004211426, 0.5312178134918213, 0.9279479384422302, 0.5269410014152527, 0.03609898313879967, 0.1875554472208023, 0.015123829245567322, 0.011097075417637825, 0.2570064663887024, 0.021320855244994164, 0.4412471652030945, 1.0987401008605957, 1.2652782201766968, 0.005022001918405294, 0.019473988562822342, 0.7231012582778931, 0.07817661017179489, 0.049799662083387375, 0.24879352748394012, 0.003903223667293787, 0.720584511756897, 0.5059230923652649, 0.11371639370918274, 0.08798786997795105, 0.536733090877533, 0.20659875869750977, 1.084701657295227, 0.007087676785886288, 0.17317183315753937, 0.26813840866088867, 0.23343119025230408, 0.22786766290664673, 0.041581228375434875, 1.409753680229187, 0.04401754215359688, 0.9913080334663391, 1.6037530899047852, 0.14995312690734863, 0.1911846101284027, 0.5484131574630737, 0.23143216967582703, 0.13661256432533264, 0.6350536942481995, 0.5903872847557068, 0.002850528107956052, 0.11347077041864395, 0.05323382094502449, 0.002691062167286873, 0.014899100176990032]"
115,7360,7424,64,0.9375,0.341659814119339,clean_mnist,0.109375,0.125,0.125,0.109375,0.046875,0.078125,0.09375,0.140625,0.109375,0.0625,0.5659940242767334,0.16248677670955658,13.56312370300293,13.564105987548828,28.0,28.0,"[2, 6, 7, 1, 0, 9, 4, 3, 8, 8, 2, 0, 0, 0, 5, 8, 8, 5, 0, 6, 7, 9, 5, 8, 7, 6, 7, 3, 7, 6, 5, 0, 2, 1, 2, 2, 3, 3, 6, 4, 8, 6, 1, 7, 1, 8, 1, 9, 2, 0, 1, 1, 3, 2, 2, 3, 9, 4, 7, 5, 7, 1, 3, 7]","[2, 6, 7, 1, 0, 9, 4, 3, 5, 2, 2, 0, 0, 0, 5, 2, 8, 5, 0, 6, 7, 9, 5, 3, 7, 6, 7, 3, 7, 6, 5, 0, 2, 1, 2, 2, 3, 3, 6, 4, 8, 6, 1, 7, 1, 8, 1, 9, 2, 0, 1, 1, 3, 2, 2, 3, 9, 4, 7, 5, 7, 1, 3, 7]","[0.8910874128341675, 0.9403985738754272, 0.987544059753418, 0.9875068664550781, 0.9976404905319214, 0.7357230186462402, 0.9585912227630615, 0.9250993728637695, 0.461169570684433, 0.49788811802864075, 0.8297909498214722, 0.9996002316474915, 0.9985994696617126, 0.9985849857330322, 0.6892535090446472, 0.6287654042243958, 0.9972896575927734, 0.9089720845222473, 0.9974468946456909, 0.9506848454475403, 0.8201480507850647, 0.8005414605140686, 0.9329878091812134, 0.5461018085479736, 0.8854212164878845, 0.9747837781906128, 0.7469879388809204, 0.5075168609619141, 0.8469573855400085, 0.9006365537643433, 0.671028733253479, 0.9998979568481445, 0.9854361414909363, 0.9996277093887329, 0.9355745911598206, 0.9735237956047058, 0.8932926058769226, 0.9602704644203186, 0.9761945009231567, 0.9948969483375549, 0.9783210754394531, 0.9766563773155212, 0.9803685545921326, 0.9197788238525391, 0.9959216117858887, 0.9991917014122009, 0.9938458800315857, 0.8480356931686401, 0.9617003202438354, 0.9995622038841248, 0.9993316531181335, 0.9995298385620117, 0.9663772583007812, 0.8903378844261169, 0.8098057508468628, 0.8932971954345703, 0.9578188061714172, 0.998965859413147, 0.8705701231956482, 0.9861657619476318, 0.9229928851127625, 0.9920931458473206, 0.8178877830505371, 0.9660873413085938]","[1, 1, 1, 1, 1, 1, 1, 1, 0, 0, 1, 1, 1, 1, 1, 0, 1, 1, 1, 1, 1, 1, 1, 0, 1, 1, 1, 1, 1, 1, 1, 1, 1, 1, 1, 1, 1, 1, 1, 1, 1, 1, 1, 1, 1, 1, 1, 1, 1, 1, 1, 1, 1, 1, 1, 1, 1, 1, 1, 1, 1, 1, 1, 1]","[0.47177430987358093, 0.2562221884727478, 0.08577266335487366, 0.08607214689254761, 0.020373012870550156, 0.788560688495636, 0.21509571373462677, 0.35550275444984436, 1.4263134002685547, 1.1201744079589844, 0.6200706958770752, 0.004230761434882879, 0.012877745553851128, 0.012729865498840809, 1.0547682046890259, 0.8331721425056458, 0.023232944309711456, 0.4152901768684387, 0.02179303951561451, 0.2405191957950592, 0.7924207448959351, 0.6101580858230591, 0.34846192598342896, 0.8945223689079285, 0.4896430969238281, 0.1536707878112793, 0.9490631818771362, 1.2532978057861328, 0.5113816857337952, 0.3951423764228821, 0.7839074730873108, 0.0012151773553341627, 0.0969691202044487, 0.004023551940917969, 0.3374883830547333, 0.14047697186470032, 0.4166218340396881, 0.2167099267244339, 0.14603696763515472, 0.03597106412053108, 0.1340424120426178, 0.13290196657180786, 0.1261046975851059, 0.31592392921447754, 0.03312819451093674, 0.007675672881305218, 0.046567656099796295, 0.4819142520427704, 0.19162702560424805, 0.0044105942361056805, 0.006640131585299969, 0.00492724496871233, 0.1668708473443985, 0.4913065731525421, 0.5561604499816895, 0.39353466033935547, 0.2209835946559906, 0.009446549229323864, 0.5427523255348206, 0.09325483441352844, 0.39181721210479736, 0.06039717420935631, 0.6380059123039246, 0.17410656809806824]"
116,7424,7488,64,0.96875,0.31796789169311523,clean_mnist,0.125,0.125,0.125,0.0625,0.078125,0.125,0.0625,0.078125,0.15625,0.0625,0.571247935295105,0.16820074617862701,13.568377494812012,13.568511962890625,28.0,28.0,"[1, 8, 4, 0, 2, 1, 9, 2, 2, 3, 6, 1, 8, 7, 7, 8, 1, 8, 4, 5, 5, 7, 7, 9, 5, 5, 8, 0, 6, 8, 1, 3, 6, 5, 0, 4, 6, 8, 0, 3, 4, 0, 0, 2, 9, 1, 7, 0, 1, 2, 9, 5, 2, 8, 1, 8, 5, 5, 8, 3, 2, 0, 2, 4]","[1, 8, 4, 0, 2, 1, 9, 2, 2, 3, 6, 1, 8, 7, 7, 8, 1, 8, 4, 5, 5, 7, 7, 9, 5, 5, 8, 0, 6, 8, 1, 3, 6, 5, 0, 4, 6, 8, 0, 3, 4, 0, 0, 2, 9, 1, 7, 0, 1, 2, 9, 5, 2, 8, 9, 8, 5, 5, 5, 3, 2, 0, 2, 4]","[0.9994388222694397, 0.9997887015342712, 0.9193841218948364, 0.9998481273651123, 0.9365310668945312, 0.9995939135551453, 0.8291921019554138, 0.9530932307243347, 0.47481101751327515, 0.787583589553833, 0.6860947012901306, 0.9962796568870544, 0.9968523383140564, 0.9849953055381775, 0.7371564507484436, 0.9995686411857605, 0.9991328120231628, 0.9982226490974426, 0.9984806180000305, 0.9900355935096741, 0.6383801102638245, 0.9468126893043518, 0.9856195449829102, 0.9308890700340271, 0.5123289227485657, 0.9882712960243225, 0.9800480008125305, 0.9995096921920776, 0.47744330763816833, 0.9997091889381409, 0.9959648847579956, 0.48657819628715515, 0.9893708229064941, 0.9909987449645996, 0.9987764954566956, 0.9828868508338928, 0.9568557739257812, 0.9994339346885681, 0.999702513217926, 0.7654919028282166, 0.9385997653007507, 0.9983125925064087, 0.8844658732414246, 0.9780996441841125, 0.879772424697876, 0.9990812540054321, 0.8155273199081421, 0.9987284541130066, 0.9988287091255188, 0.8681955933570862, 0.9954712390899658, 0.9914421439170837, 0.6708583831787109, 0.9998792409896851, 0.4355219304561615, 0.9996067881584167, 0.8456622958183289, 0.9877710342407227, 0.6624785661697388, 0.8292978405952454, 0.9310342073440552, 0.999812662601471, 0.9545672535896301, 0.9844503998756409]","[1, 1, 1, 1, 1, 1, 1, 1, 1, 1, 1, 1, 1, 1, 1, 1, 1, 1, 1, 1, 1, 1, 1, 1, 1, 1, 1, 1, 1, 1, 1, 1, 1, 1, 1, 1, 1, 1, 1, 1, 1, 1, 1, 1, 1, 1, 1, 1, 1, 1, 1, 1, 1, 1, 0, 1, 1, 1, 0, 1, 1, 1, 1, 1]","[0.005786881782114506, 0.0023154220543801785, 0.3392910659313202, 0.0017308515962213278, 0.3370554745197296, 0.004322925582528114, 0.7306805849075317, 0.26296091079711914, 1.3202416896820068, 0.7130124568939209, 0.9008773565292358, 0.030919555574655533, 0.02693646214902401, 0.08942023664712906, 0.9500504732131958, 0.004427073523402214, 0.00819299928843975, 0.01553845964372158, 0.013260047882795334, 0.06959901750087738, 1.2051305770874023, 0.25028687715530396, 0.09447131305932999, 0.30340659618377686, 1.2192660570144653, 0.08258112519979477, 0.11690400540828705, 0.004910681862384081, 1.3889621496200562, 0.0031014953274279833, 0.03344230726361275, 0.929597795009613, 0.06959275156259537, 0.06689289957284927, 0.010973631404340267, 0.10067230463027954, 0.23907849192619324, 0.005621260032057762, 0.0031319335103034973, 0.7122499942779541, 0.2583672106266022, 0.015590752474963665, 0.5379872918128967, 0.13173715770244598, 0.5305449366569519, 0.00890618097037077, 0.5975028276443481, 0.011595653370022774, 0.011187448166310787, 0.4118328094482422, 0.03498614951968193, 0.061752837151288986, 0.8698462247848511, 0.0013355835108086467, 1.1925526857376099, 0.004050554241985083, 0.643767237663269, 0.08458041399717331, 1.0497856140136719, 0.5640199184417725, 0.318167120218277, 0.0020950669422745705, 0.2487310767173767, 0.09212616086006165]"
117,7488,7552,64,0.9375,0.2785848081111908,clean_mnist,0.0625,0.171875,0.078125,0.0625,0.078125,0.046875,0.140625,0.109375,0.140625,0.109375,0.5686092376708984,0.16542473435401917,13.560941696166992,13.55752944946289,28.0,28.0,"[8, 4, 6, 1, 9, 6, 7, 1, 1, 3, 1, 0, 2, 3, 4, 6, 6, 9, 0, 3, 8, 7, 2, 9, 8, 7, 8, 0, 6, 4, 1, 8, 2, 3, 6, 2, 1, 7, 4, 7, 1, 9, 8, 5, 1, 1, 7, 5, 1, 2, 9, 8, 8, 9, 1, 6, 6, 9, 5, 7, 0, 6, 8, 4]","[8, 4, 6, 1, 9, 6, 7, 1, 1, 3, 5, 0, 2, 3, 4, 6, 6, 9, 0, 3, 8, 7, 2, 9, 8, 7, 8, 0, 6, 4, 9, 8, 2, 3, 6, 2, 1, 7, 4, 7, 2, 9, 7, 5, 1, 1, 7, 5, 1, 2, 9, 8, 8, 9, 1, 6, 6, 9, 5, 7, 0, 6, 8, 4]","[0.9990696310997009, 0.9917852878570557, 0.8985279202461243, 0.9990084767341614, 0.9887267351150513, 0.9701905250549316, 0.9609711170196533, 0.9964369535446167, 0.9995471835136414, 0.5271621942520142, 0.42567116022109985, 0.978293240070343, 0.9688532948493958, 0.8030496835708618, 0.992622971534729, 0.9769886136054993, 0.9143995046615601, 0.9348093271255493, 0.9947789907455444, 0.8536993861198425, 0.9838601350784302, 0.9709012508392334, 0.6874797940254211, 0.9861416220664978, 0.9928328990936279, 0.9554075002670288, 0.9901823401451111, 0.9980717897415161, 0.9499951004981995, 0.9974875450134277, 0.5087039470672607, 0.9980218410491943, 0.7078350782394409, 0.6818318367004395, 0.8953032493591309, 0.9745879769325256, 0.9855468273162842, 0.9140062928199768, 0.7306076884269714, 0.8511494398117065, 0.9862295389175415, 0.9820054769515991, 0.5422734022140503, 0.9799464344978333, 0.9946807026863098, 0.9916493892669678, 0.9012465476989746, 0.9562896490097046, 0.9988698363304138, 0.9479273557662964, 0.9918555021286011, 0.9995222091674805, 0.9942898750305176, 0.987575113773346, 0.9975994229316711, 0.9627873301506042, 0.8040890097618103, 0.9671604633331299, 0.9300057291984558, 0.9876388311386108, 0.9980510473251343, 0.9429981708526611, 0.9885773658752441, 0.9690658450126648]","[1, 1, 1, 1, 1, 1, 1, 1, 1, 1, 0, 1, 1, 1, 1, 1, 1, 1, 1, 1, 1, 1, 1, 1, 1, 1, 1, 1, 1, 1, 0, 1, 1, 1, 1, 1, 1, 1, 1, 1, 0, 1, 0, 1, 1, 1, 1, 1, 1, 1, 1, 1, 1, 1, 1, 1, 1, 1, 1, 1, 1, 1, 1, 1]","[0.00902161281555891, 0.056039050221443176, 0.4339209198951721, 0.009686009958386421, 0.07212488353252411, 0.17524603009223938, 0.18615436553955078, 0.028763242065906525, 0.004770259372889996, 0.8741050362586975, 1.6614199876785278, 0.13393786549568176, 0.17807425558567047, 0.6282408833503723, 0.053885795176029205, 0.13971224427223206, 0.3409777581691742, 0.2929407060146332, 0.040214668959379196, 0.5428854823112488, 0.10014022141695023, 0.16249915957450867, 1.1186449527740479, 0.08903279900550842, 0.04823124781250954, 0.2189858853816986, 0.07297638803720474, 0.01736907660961151, 0.2788296043872833, 0.020211994647979736, 1.3216387033462524, 0.016176976263523102, 0.6720616817474365, 0.8730143308639526, 0.36822575330734253, 0.13776396214962006, 0.0870002880692482, 0.344556599855423, 0.7309898734092712, 0.530856728553772, 0.08941753208637238, 0.10154691338539124, 1.0761539936065674, 0.12879116833209991, 0.03963843360543251, 0.06260950118303299, 0.5087075233459473, 0.2584631145000458, 0.010774988681077957, 0.23797331750392914, 0.056595150381326675, 0.004884359892457724, 0.04171663522720337, 0.07454300671815872, 0.021066365763545036, 0.1988106220960617, 0.684398889541626, 0.17341357469558716, 0.36920666694641113, 0.08021591603755951, 0.017883602529764175, 0.26855674386024475, 0.08200119435787201, 0.17073136568069458]"
118,7552,7616,64,0.984375,0.26025649905204773,clean_mnist,0.09375,0.171875,0.140625,0.109375,0.09375,0.0625,0.140625,0.078125,0.09375,0.015625,0.5694140195846558,0.16570159792900085,13.564591407775879,13.55478286743164,28.0,28.0,"[0, 1, 2, 2, 3, 0, 1, 6, 4, 1, 6, 1, 6, 7, 0, 2, 7, 3, 8, 6, 1, 4, 1, 8, 2, 6, 4, 4, 6, 6, 3, 5, 3, 0, 8, 2, 1, 0, 3, 5, 5, 6, 2, 5, 4, 0, 6, 1, 3, 2, 9, 1, 8, 7, 8, 8, 7, 1, 7, 4, 1, 3, 2, 2]","[0, 1, 2, 2, 3, 0, 1, 6, 4, 1, 6, 1, 6, 7, 0, 2, 7, 3, 8, 6, 1, 4, 1, 8, 2, 6, 4, 4, 6, 6, 3, 5, 3, 0, 8, 2, 1, 0, 3, 5, 5, 6, 2, 5, 4, 0, 6, 1, 3, 2, 9, 1, 8, 7, 8, 8, 7, 1, 7, 4, 2, 3, 2, 2]","[0.9997603297233582, 0.9989860653877258, 0.6546515226364136, 0.6312479376792908, 0.9900667667388916, 0.9900146722793579, 0.9896652102470398, 0.9175690412521362, 0.990957498550415, 0.9994329810142517, 0.9657676815986633, 0.9997842907905579, 0.9930471777915955, 0.8978593349456787, 0.9979713559150696, 0.8069202899932861, 0.9434083700180054, 0.8490910530090332, 0.9856927394866943, 0.9711639285087585, 0.999632716178894, 0.9967997074127197, 0.9985174536705017, 0.9996960163116455, 0.918654203414917, 0.9796164035797119, 0.9950017333030701, 0.9707567691802979, 0.9964314699172974, 0.9642203450202942, 0.9702529311180115, 0.9384731650352478, 0.4111829996109009, 0.9986176490783691, 0.9692515730857849, 0.9793673157691956, 0.9923771619796753, 0.9838612675666809, 0.9777887463569641, 0.950171947479248, 0.7958426475524902, 0.9783236980438232, 0.8256415128707886, 0.9529931545257568, 0.6726320385932922, 0.9925214648246765, 0.9768946170806885, 0.9915680289268494, 0.40283942222595215, 0.9705494046211243, 0.9333691000938416, 0.9995637536048889, 0.9940243363380432, 0.9867342710494995, 0.9498385190963745, 0.999847412109375, 0.9303851127624512, 0.9991077780723572, 0.9720253348350525, 0.9810882806777954, 0.600132405757904, 0.8806989192962646, 0.9286785125732422, 0.809327244758606]","[1, 1, 1, 1, 1, 1, 1, 1, 1, 1, 1, 1, 1, 1, 1, 1, 1, 1, 1, 1, 1, 1, 1, 1, 1, 1, 1, 1, 1, 1, 1, 1, 1, 1, 1, 1, 1, 1, 1, 1, 1, 1, 1, 1, 1, 1, 1, 1, 1, 1, 1, 1, 1, 1, 1, 1, 1, 1, 1, 1, 0, 1, 1, 1]","[0.002643938409164548, 0.009789738804101944, 0.8670704960823059, 0.924365758895874, 0.0667121633887291, 0.06611444801092148, 0.07462000846862793, 0.34386616945266724, 0.06216346099972725, 0.0058746980503201485, 0.1630529761314392, 0.0024207227397710085, 0.04621777683496475, 0.39677274227142334, 0.018089015036821365, 0.5242467522621155, 0.2477523535490036, 0.6593358516693115, 0.09778480976819992, 0.1532783955335617, 0.0037773516960442066, 0.025274718180298805, 0.013243029825389385, 0.0032512000761926174, 0.32750973105430603, 0.13001729547977448, 0.03526759147644043, 0.1595640927553177, 0.028326544910669327, 0.1945328265428543, 0.16404925286769867, 0.2894626259803772, 1.4242174625396729, 0.01271560974419117, 0.157051682472229, 0.13113777339458466, 0.05499165505170822, 0.10066358000040054, 0.1480673998594284, 0.2716125249862671, 0.6910296082496643, 0.12883241474628448, 0.6857622861862183, 0.26071271300315857, 0.792573094367981, 0.05478004738688469, 0.12722554802894592, 0.062071673572063446, 1.4948803186416626, 0.16973455250263214, 0.3489912450313568, 0.004608229734003544, 0.044680267572402954, 0.08392348140478134, 0.2757396101951599, 0.0016828352818265557, 0.3018512725830078, 0.0087661724537611, 0.16547200083732605, 0.11067254841327667, 1.0272053480148315, 0.4930679500102997, 0.3696657121181488, 0.5455803275108337]"
119,7616,7680,64,0.96875,0.4334259629249573,clean_mnist,0.078125,0.171875,0.109375,0.171875,0.0625,0.046875,0.046875,0.09375,0.125,0.09375,0.5761754512786865,0.17184916138648987,13.566469192504883,13.570013046264648,28.0,28.0,"[7, 8, 3, 2, 9, 7, 1, 9, 2, 3, 3, 9, 1, 0, 1, 1, 1, 2, 3, 3, 8, 4, 8, 8, 5, 6, 8, 7, 7, 8, 2, 9, 0, 0, 1, 1, 4, 2, 2, 3, 1, 4, 1, 5, 3, 6, 6, 7, 0, 8, 3, 9, 1, 0, 5, 1, 3, 2, 8, 3, 9, 4, 3, 7]","[7, 8, 3, 2, 9, 7, 1, 9, 2, 3, 3, 9, 2, 0, 1, 1, 1, 2, 3, 3, 8, 4, 8, 5, 5, 6, 8, 7, 7, 8, 2, 9, 0, 0, 1, 1, 4, 2, 2, 3, 1, 4, 1, 5, 3, 6, 6, 7, 0, 8, 3, 9, 1, 0, 5, 1, 3, 2, 8, 3, 9, 4, 3, 7]","[0.8726603984832764, 0.9996452331542969, 0.9907323122024536, 0.9729466438293457, 0.5987381935119629, 0.9854522347450256, 0.9949811100959778, 0.9916804432868958, 0.8383087515830994, 0.5128294229507446, 0.9360506534576416, 0.9862003326416016, 0.4639449417591095, 0.9866922497749329, 0.9954549074172974, 0.8720287680625916, 0.9977151155471802, 0.9514988660812378, 0.5298392176628113, 0.7500225901603699, 0.8567876219749451, 0.960127055644989, 0.7224069237709045, 0.4127529263496399, 0.9427770972251892, 0.963074803352356, 0.9680216908454895, 0.6039745807647705, 0.8665398359298706, 0.9322354793548584, 0.6537458896636963, 0.8861534595489502, 0.9995287656784058, 0.9806128144264221, 0.9988262057304382, 0.9829413294792175, 0.9957410097122192, 0.8534700870513916, 0.8099214434623718, 0.8541651964187622, 0.9992555975914001, 0.980042040348053, 0.9997490048408508, 0.6897063851356506, 0.930105984210968, 0.9680750966072083, 0.5900983214378357, 0.893901526927948, 0.9987272620201111, 0.9035903215408325, 0.8968144059181213, 0.9626209139823914, 0.997612714767456, 0.9800624251365662, 0.9622969627380371, 0.8142402172088623, 0.9484823346138, 0.8785767555236816, 0.8628146648406982, 0.8142241835594177, 0.9947050213813782, 0.9623274207115173, 0.6749151349067688, 0.8722726702690125]","[1, 1, 1, 1, 1, 1, 1, 1, 1, 1, 1, 1, 0, 1, 1, 1, 1, 1, 1, 1, 1, 1, 1, 0, 1, 1, 1, 1, 1, 1, 1, 1, 1, 1, 1, 1, 1, 1, 1, 1, 1, 1, 1, 1, 1, 1, 1, 1, 1, 1, 1, 1, 1, 1, 1, 1, 1, 1, 1, 1, 1, 1, 1, 1]","[0.5852226614952087, 0.003645646618679166, 0.06389057636260986, 0.1335144340991974, 1.1680710315704346, 0.09482306987047195, 0.04049161821603775, 0.055765192955732346, 0.5842292904853821, 0.9989420771598816, 0.34402039647102356, 0.08008240163326263, 1.324203372001648, 0.09600061923265457, 0.03458696976304054, 0.5927166938781738, 0.01901126652956009, 0.27603280544281006, 0.8765923976898193, 0.8455222249031067, 0.5821335315704346, 0.22886525094509125, 0.9669260382652283, 1.615584135055542, 0.3125590682029724, 0.20064808428287506, 0.18569228053092957, 1.3335407972335815, 0.49027425050735474, 0.35733678936958313, 0.949057400226593, 0.4919530153274536, 0.004883491434156895, 0.12790216505527496, 0.010725127533078194, 0.11692587286233902, 0.0316242091357708, 0.6069011092185974, 0.746168315410614, 0.5863611698150635, 0.007376933470368385, 0.12280678004026413, 0.0027655826415866613, 1.1070159673690796, 0.36427953839302063, 0.18792402744293213, 0.8955425024032593, 0.4909270107746124, 0.011852850206196308, 0.44303861260414124, 0.4890027344226837, 0.19471660256385803, 0.02091362699866295, 0.13009417057037354, 0.2243969738483429, 0.7647436857223511, 0.24480688571929932, 0.5412021279335022, 0.4944656491279602, 0.6806778311729431, 0.040207378566265106, 0.22011741995811462, 1.2920254468917847, 0.6049357056617737]"
120,7680,7744,64,0.859375,0.519745945930481,clean_mnist,0.125,0.125,0.0625,0.046875,0.109375,0.03125,0.125,0.09375,0.140625,0.140625,0.5747236609458923,0.17115512490272522,13.572994232177734,13.567142486572266,28.0,28.0,"[8, 8, 8, 9, 6, 0, 7, 0, 2, 1, 9, 0, 8, 1, 7, 2, 1, 7, 3, 9, 6, 3, 9, 4, 8, 4, 2, 0, 0, 0, 0, 6, 8, 9, 9, 6, 1, 6, 6, 8, 1, 3, 4, 4, 6, 4, 4, 9, 0, 1, 7, 7, 1, 9, 4, 9, 1, 7, 5, 8, 5, 6, 8, 2]","[9, 8, 8, 9, 6, 0, 7, 0, 2, 1, 9, 0, 3, 1, 7, 2, 1, 7, 3, 5, 6, 3, 9, 4, 8, 4, 2, 0, 0, 0, 0, 6, 8, 9, 9, 6, 1, 6, 6, 2, 1, 3, 4, 4, 6, 4, 4, 9, 0, 1, 7, 7, 2, 9, 4, 5, 2, 7, 5, 5, 5, 6, 9, 2]","[0.6046294569969177, 0.9917042255401611, 0.9932103753089905, 0.8556708097457886, 0.9802395701408386, 0.9754413962364197, 0.6514272093772888, 0.981803297996521, 0.9079028367996216, 0.986402690410614, 0.5787355303764343, 0.9859740138053894, 0.30853861570358276, 0.9763210415840149, 0.9529263973236084, 0.5626325011253357, 0.9980406165122986, 0.6971286535263062, 0.970690906047821, 0.5994938611984253, 0.921213686466217, 0.9467990398406982, 0.8401117324829102, 0.9813587069511414, 0.9180105924606323, 0.9285746812820435, 0.6909493803977966, 0.9062182903289795, 0.9994780421257019, 0.9923195242881775, 0.9975165128707886, 0.9757673144340515, 0.9995552897453308, 0.8905196785926819, 0.9452669620513916, 0.9407285451889038, 0.998994767665863, 0.9368534088134766, 0.8042656183242798, 0.7176270484924316, 0.9551809430122375, 0.6454640626907349, 0.5813997983932495, 0.9894745349884033, 0.9469451308250427, 0.982793927192688, 0.6512541770935059, 0.9412826299667358, 0.9997952580451965, 0.9674383997917175, 0.9667634963989258, 0.6613396406173706, 0.8941022157669067, 0.9437851905822754, 0.9787970781326294, 0.4788112938404083, 0.599808931350708, 0.7806258201599121, 0.8774069547653198, 0.42358529567718506, 0.6740994453430176, 0.6487130522727966, 0.47615718841552734, 0.7585586905479431]","[0, 1, 1, 1, 1, 1, 1, 1, 1, 1, 1, 1, 0, 1, 1, 1, 1, 1, 1, 0, 1, 1, 1, 1, 1, 1, 1, 1, 1, 1, 1, 1, 1, 1, 1, 1, 1, 1, 1, 0, 1, 1, 1, 1, 1, 1, 1, 1, 1, 1, 1, 1, 0, 1, 1, 0, 0, 1, 1, 0, 1, 1, 0, 1]","[0.8410690426826477, 0.059369996190071106, 0.04768049344420433, 0.4833490550518036, 0.10659761726856232, 0.1597917228937149, 1.0468158721923828, 0.12690529227256775, 0.39132457971572876, 0.09571193158626556, 1.1442320346832275, 0.09883185476064682, 1.6740320920944214, 0.1522461175918579, 0.25202950835227966, 1.280701756477356, 0.016755199059844017, 1.0025558471679688, 0.15107478201389313, 1.193164348602295, 0.38795438408851624, 0.27951592206954956, 0.6809582710266113, 0.12650440633296967, 0.3898145854473114, 0.3075524568557739, 0.9060425758361816, 0.40413808822631836, 0.005331164225935936, 0.05935639888048172, 0.021777482703328133, 0.14560239017009735, 0.004541149362921715, 0.4729677140712738, 0.2972947955131531, 0.2541520595550537, 0.009555964730679989, 0.2618020474910736, 0.6139737963676453, 1.0244152545928955, 0.22445516288280487, 1.0920207500457764, 0.9356887936592102, 0.07371997088193893, 0.249504953622818, 0.11107226461172104, 1.224098801612854, 0.28549984097480774, 0.002224772470071912, 0.196699321269989, 0.17781025171279907, 1.114426851272583, 0.4747415781021118, 0.2726600468158722, 0.1260983943939209, 1.5881153345108032, 1.07564377784729, 0.8910374641418457, 0.5098856687545776, 1.4764347076416016, 1.1191929578781128, 1.2003810405731201, 1.0324623584747314, 0.8323760628700256]"
121,7744,7808,64,0.921875,0.5351915955543518,clean_mnist,0.046875,0.15625,0.15625,0.125,0.0625,0.03125,0.046875,0.09375,0.171875,0.109375,0.5753268003463745,0.17183542251586914,13.564933776855469,13.563596725463867,28.0,28.0,"[6, 3, 1, 1, 1, 4, 8, 4, 1, 0, 7, 9, 9, 9, 2, 6, 2, 1, 3, 8, 1, 8, 3, 3, 8, 7, 7, 3, 2, 9, 9, 8, 2, 8, 3, 4, 2, 7, 2, 7, 5, 6, 0, 2, 1, 1, 2, 9, 2, 8, 3, 7, 2, 8, 1, 8, 3, 8, 5, 8, 4, 9, 1, 0]","[6, 3, 1, 1, 1, 4, 8, 4, 1, 0, 7, 9, 9, 9, 2, 6, 2, 1, 3, 8, 1, 3, 3, 3, 8, 7, 7, 3, 2, 9, 9, 8, 2, 8, 3, 4, 2, 7, 2, 7, 3, 6, 0, 2, 1, 1, 2, 9, 2, 8, 3, 7, 2, 8, 9, 8, 3, 2, 5, 3, 4, 9, 1, 0]","[0.9248875379562378, 0.6004632711410522, 0.9595326781272888, 0.9794818758964539, 0.9993834495544434, 0.9951680898666382, 0.988229513168335, 0.9761442542076111, 0.9951937794685364, 0.9539840817451477, 0.9922497272491455, 0.9698721170425415, 0.8331038951873779, 0.9610183238983154, 0.9351780414581299, 0.977904200553894, 0.7524917721748352, 0.9803891777992249, 0.9046320915222168, 0.8106265664100647, 0.998349666595459, 0.4823412597179413, 0.9475354552268982, 0.35984504222869873, 0.8531489968299866, 0.39600899815559387, 0.7858040928840637, 0.6287650465965271, 0.9292948246002197, 0.7944912910461426, 0.7910382747650146, 0.9718198180198669, 0.964801549911499, 0.9824015498161316, 0.5606352686882019, 0.993798553943634, 0.9617490768432617, 0.6338985562324524, 0.7246146202087402, 0.7290043830871582, 0.3914228677749634, 0.9787788987159729, 0.995699405670166, 0.8615745902061462, 0.9775915145874023, 0.863631546497345, 0.47105470299720764, 0.8195664286613464, 0.955558717250824, 0.8821993470191956, 0.9275059700012207, 0.676455557346344, 0.6125780344009399, 0.7808675169944763, 0.4417518973350525, 0.9756288528442383, 0.968441903591156, 0.6956973671913147, 0.6633412837982178, 0.3786782920360565, 0.9988897442817688, 0.9573413729667664, 0.9991773962974548, 0.9969472289085388]","[1, 1, 1, 1, 1, 1, 1, 1, 1, 1, 1, 1, 1, 1, 1, 1, 1, 1, 1, 1, 1, 0, 1, 1, 1, 1, 1, 1, 1, 1, 1, 1, 1, 1, 1, 1, 1, 1, 1, 1, 0, 1, 1, 1, 1, 1, 1, 1, 1, 1, 1, 1, 1, 1, 0, 1, 1, 0, 1, 0, 1, 1, 1, 1]","[0.2927515506744385, 1.170367956161499, 0.2410450577735901, 0.13549038767814636, 0.006064764689654112, 0.03669838234782219, 0.08500131219625473, 0.14998142421245575, 0.03850753232836723, 0.2698186933994293, 0.05835641920566559, 0.16503851115703583, 0.6807960271835327, 0.199046328663826, 0.31671205163002014, 0.13602924346923828, 0.9318354725837708, 0.12743301689624786, 0.46654361486434937, 0.6553162932395935, 0.01467228401452303, 1.020167350769043, 0.25819605588912964, 1.5638891458511353, 0.5964444875717163, 1.6519968509674072, 0.7330963611602783, 1.0437533855438232, 0.3271428048610687, 0.6957403421401978, 0.8352681398391724, 0.1702101081609726, 0.19296519458293915, 0.11921393126249313, 0.8413434028625488, 0.04382142424583435, 0.21514582633972168, 1.1529556512832642, 0.9495254158973694, 1.0295668840408325, 1.526155948638916, 0.13376463949680328, 0.0361669696867466, 0.6354572772979736, 0.14016000926494598, 0.6229215264320374, 1.165951132774353, 0.6019747257232666, 0.2511301636695862, 0.4527193605899811, 0.32077690958976746, 1.184647560119629, 1.3319177627563477, 0.6509425640106201, 1.3133519887924194, 0.14985103905200958, 0.19567596912384033, 0.9759151339530945, 1.1166105270385742, 1.5550817251205444, 0.01012330874800682, 0.22906069457530975, 0.007932979613542557, 0.02602292038500309]"
122,7808,7872,64,0.953125,0.3526262044906616,clean_mnist,0.125,0.15625,0.09375,0.046875,0.09375,0.09375,0.078125,0.09375,0.140625,0.078125,0.579772412776947,0.1760583221912384,13.570464134216309,13.562959671020508,28.0,28.0,"[7, 7, 8, 9, 9, 0, 8, 6, 0, 4, 2, 1, 5, 1, 9, 2, 8, 8, 4, 2, 1, 6, 0, 1, 8, 9, 1, 0, 8, 1, 1, 2, 5, 3, 5, 4, 8, 5, 0, 6, 5, 7, 1, 0, 7, 9, 4, 0, 8, 1, 0, 2, 1, 3, 3, 4, 4, 5, 7, 6, 6, 7, 2, 8]","[7, 7, 8, 9, 9, 0, 8, 6, 0, 4, 2, 1, 5, 1, 9, 2, 8, 8, 4, 2, 1, 6, 0, 1, 3, 5, 1, 0, 8, 1, 1, 2, 5, 3, 5, 4, 8, 5, 0, 6, 5, 7, 1, 8, 7, 9, 4, 0, 8, 1, 0, 2, 1, 3, 3, 4, 4, 5, 7, 6, 6, 7, 2, 8]","[0.7390344142913818, 0.9510874152183533, 0.9987841248512268, 0.9751741290092468, 0.8853914141654968, 0.9929373860359192, 0.9542422294616699, 0.9692103862762451, 0.9937881827354431, 0.9846871495246887, 0.9847086668014526, 0.9821932315826416, 0.6851739287376404, 0.9233855605125427, 0.9826326370239258, 0.8553594946861267, 0.9992963075637817, 0.9976388216018677, 0.9979717135429382, 0.7938982844352722, 0.9901888966560364, 0.9409952759742737, 0.9961636066436768, 0.9866178631782532, 0.4456445872783661, 0.3286789357662201, 0.9996384382247925, 0.9829119443893433, 0.9922250509262085, 0.9885644316673279, 0.999613344669342, 0.813152551651001, 0.33729755878448486, 0.9849593043327332, 0.40072178840637207, 0.9826687574386597, 0.9980225563049316, 0.861493706703186, 0.9993711113929749, 0.8862001895904541, 0.5651975274085999, 0.9439372420310974, 0.9982686042785645, 0.9029727578163147, 0.7686370611190796, 0.9484471082687378, 0.9862630367279053, 0.9933786392211914, 0.9904611706733704, 0.9915487170219421, 0.9992984533309937, 0.9455072283744812, 0.9836246967315674, 0.9926401376724243, 0.991357684135437, 0.9671170711517334, 0.983068585395813, 0.564495861530304, 0.9194924831390381, 0.9095748066902161, 0.9841145277023315, 0.4693310856819153, 0.675229549407959, 0.9745798110961914]","[1, 1, 1, 1, 1, 1, 1, 1, 1, 1, 1, 1, 1, 1, 1, 1, 1, 1, 1, 1, 1, 1, 1, 1, 0, 0, 1, 1, 1, 1, 1, 1, 1, 1, 1, 1, 1, 1, 1, 1, 1, 1, 1, 0, 1, 1, 1, 1, 1, 1, 1, 1, 1, 1, 1, 1, 1, 1, 1, 1, 1, 1, 1, 1]","[0.9625175595283508, 0.2740519940853119, 0.011641847901046276, 0.1362181156873703, 0.4815921485424042, 0.05310516059398651, 0.24580800533294678, 0.1742251217365265, 0.04910551756620407, 0.1050032377243042, 0.10128864645957947, 0.12140106409788132, 0.7901880145072937, 0.3886714577674866, 0.10794520378112793, 0.5963971614837646, 0.007074001710861921, 0.020721515640616417, 0.015860067680478096, 0.6927233934402466, 0.06873585283756256, 0.3197230398654938, 0.03153848648071289, 0.09403185546398163, 1.4605334997177124, 1.785988450050354, 0.0037795710377395153, 0.11803224682807922, 0.05672481283545494, 0.08290989696979523, 0.004062532912939787, 0.7209280133247375, 1.5871093273162842, 0.09893244504928589, 1.4796477556228638, 0.10397501289844513, 0.01702045276761055, 0.5246633291244507, 0.0063026160933077335, 0.4638085961341858, 1.2077744007110596, 0.2949866056442261, 0.015263424254953861, 0.43954598903656006, 0.905021607875824, 0.26129671931266785, 0.08299317955970764, 0.047678880393505096, 0.06730769574642181, 0.06195145845413208, 0.007038655690848827, 0.3067950904369354, 0.11292563378810883, 0.054593753069639206, 0.06245196983218193, 0.17863556742668152, 0.09321179986000061, 1.0774081945419312, 0.3971436619758606, 0.3942191004753113, 0.09392721951007843, 1.191777229309082, 0.7059060335159302, 0.14423581957817078]"
123,7872,7936,64,0.953125,0.4034344553947449,clean_mnist,0.171875,0.109375,0.09375,0.0625,0.0625,0.09375,0.0625,0.078125,0.171875,0.09375,0.5869592428207397,0.18140822649002075,13.572303771972656,13.572593688964844,28.0,28.0,"[8, 9, 0, 0, 1, 1, 3, 2, 6, 3, 0, 4, 5, 5, 9, 6, 5, 7, 9, 8, 0, 9, 0, 2, 1, 2, 1, 7, 8, 6, 8, 4, 9, 0, 7, 5, 8, 8, 1, 0, 1, 7, 4, 3, 2, 5, 8, 4, 8, 1, 9, 8, 8, 0, 6, 5, 8, 2, 0, 7, 0, 2, 0, 3]","[8, 9, 0, 0, 1, 1, 3, 2, 6, 3, 0, 4, 5, 5, 9, 6, 5, 7, 9, 8, 0, 9, 0, 2, 1, 2, 1, 7, 5, 6, 5, 4, 9, 0, 7, 5, 8, 8, 1, 0, 1, 7, 4, 3, 2, 5, 8, 4, 2, 1, 9, 8, 8, 0, 6, 5, 8, 2, 0, 7, 0, 2, 0, 3]","[0.9988821148872375, 0.977699875831604, 0.9997931122779846, 0.9601602554321289, 0.9979386925697327, 0.9422237873077393, 0.9721825122833252, 0.5622971653938293, 0.938774049282074, 0.9914613962173462, 0.9952186942100525, 0.9779300689697266, 0.35875803232192993, 0.8075360655784607, 0.5186831951141357, 0.9272555112838745, 0.9352147579193115, 0.7152713537216187, 0.9644056558609009, 0.7418909072875977, 0.9992184638977051, 0.8569148778915405, 0.9994707703590393, 0.6916040182113647, 0.9993852376937866, 0.9566134214401245, 0.9529922008514404, 0.9537504315376282, 0.8162639141082764, 0.7929019927978516, 0.5737845301628113, 0.9754961133003235, 0.8899015188217163, 0.9941761493682861, 0.9363062977790833, 0.8143200278282166, 0.9905208349227905, 0.7096465229988098, 0.9984259605407715, 0.9943844079971313, 0.9983536005020142, 0.9435169100761414, 0.9986233711242676, 0.8231599926948547, 0.7987841963768005, 0.7365814447402954, 0.9976361989974976, 0.9499571323394775, 0.4375093877315521, 0.9977262616157532, 0.5389406681060791, 0.8187742829322815, 0.9725702404975891, 0.9974637031555176, 0.8387932777404785, 0.7293445467948914, 0.9993557333946228, 0.8616426587104797, 0.9976443648338318, 0.9546957612037659, 0.9984221458435059, 0.6767575740814209, 0.9992805123329163, 0.9759002327919006]","[1, 1, 1, 1, 1, 1, 1, 1, 1, 1, 1, 1, 1, 1, 1, 1, 1, 1, 1, 1, 1, 1, 1, 1, 1, 1, 1, 1, 0, 1, 0, 1, 1, 1, 1, 1, 1, 1, 1, 1, 1, 1, 1, 1, 1, 1, 1, 1, 0, 1, 1, 1, 1, 1, 1, 1, 1, 1, 1, 1, 1, 1, 1, 1]","[0.010802642442286015, 0.13586919009685516, 0.002258222782984376, 0.2284347265958786, 0.01754704676568508, 0.31745287775993347, 0.1551668345928192, 1.3641201257705688, 0.31419000029563904, 0.06341636180877686, 0.037600092589855194, 0.13427168130874634, 1.5365480184555054, 0.6013249754905701, 1.066838264465332, 0.3116774260997772, 0.32422128319740295, 0.9485334753990173, 0.19331836700439453, 0.9157668352127075, 0.007840820588171482, 0.5873675346374512, 0.0054614548571407795, 1.151515245437622, 0.006245344877243042, 0.24066787958145142, 0.2416737973690033, 0.21581628918647766, 0.5867514610290527, 0.6774419546127319, 0.9617810845375061, 0.13578426837921143, 0.43790850043296814, 0.046290814876556396, 0.28570565581321716, 0.7122341394424438, 0.06727659702301025, 0.922734797000885, 0.014360686764121056, 0.043919868767261505, 0.01495139766484499, 0.29440009593963623, 0.011753767728805542, 0.5742861032485962, 0.7847428321838379, 0.9033146500587463, 0.020753417164087296, 0.25848209857940674, 1.4335893392562866, 0.020304745063185692, 1.2078226804733276, 0.5828124284744263, 0.16531674563884735, 0.0226118303835392, 0.47504380345344543, 0.9217235445976257, 0.00632768077775836, 0.5973387956619263, 0.01899096369743347, 0.26131558418273926, 0.014590209349989891, 1.0441557168960571, 0.006568209733814001, 0.15046963095664978]"
124,7936,8000,64,0.921875,0.4688931107521057,clean_mnist,0.109375,0.125,0.078125,0.078125,0.09375,0.078125,0.140625,0.09375,0.09375,0.109375,0.5834524631500244,0.17973949015140533,13.57073974609375,13.571281433105469,28.0,28.0,"[8, 6, 1, 2, 9, 1, 2, 7, 0, 7, 9, 9, 0, 9, 7, 1, 9, 2, 0, 4, 8, 6, 4, 7, 2, 7, 6, 5, 5, 4, 3, 5, 6, 0, 6, 1, 6, 1, 4, 9, 3, 9, 0, 8, 3, 0, 3, 2, 4, 0, 8, 3, 8, 5, 6, 6, 7, 1, 1, 8, 1, 6, 5, 4]","[9, 6, 1, 2, 9, 1, 2, 7, 0, 7, 9, 9, 0, 9, 7, 1, 9, 2, 0, 4, 8, 6, 4, 7, 2, 7, 5, 5, 5, 4, 3, 5, 6, 0, 6, 1, 6, 1, 4, 9, 3, 9, 0, 8, 3, 0, 3, 2, 4, 0, 2, 3, 5, 5, 6, 6, 7, 1, 7, 8, 1, 6, 5, 4]","[0.6410375833511353, 0.9325132966041565, 0.9995995163917542, 0.9500448107719421, 0.9234758615493774, 0.9981920123100281, 0.9624424576759338, 0.9395264387130737, 0.9737720489501953, 0.8631959557533264, 0.9933233857154846, 0.7652222514152527, 0.9967806339263916, 0.9533286690711975, 0.9960346817970276, 0.9150252938270569, 0.8689103126525879, 0.7091107964515686, 0.8585671186447144, 0.9841718077659607, 0.9968640804290771, 0.8747856020927429, 0.8763420581817627, 0.9347679018974304, 0.4340741038322449, 0.5692206025123596, 0.5669186115264893, 0.852648913860321, 0.7626532912254333, 0.9811487793922424, 0.7664108276367188, 0.4617312550544739, 0.9546943306922913, 0.993800699710846, 0.9558403491973877, 0.9876611232757568, 0.5660619139671326, 0.9987448453903198, 0.9391499757766724, 0.9112390875816345, 0.6571661829948425, 0.976891815662384, 0.9994572997093201, 0.6681252121925354, 0.8375102877616882, 0.9978516101837158, 0.8324799537658691, 0.8997216820716858, 0.35578495264053345, 0.9849016070365906, 0.5784677267074585, 0.9565022587776184, 0.6712938547134399, 0.9360650777816772, 0.8525587916374207, 0.9737236499786377, 0.7626733779907227, 0.9957335591316223, 0.6612575650215149, 0.793889045715332, 0.9969461560249329, 0.948400616645813, 0.8114594221115112, 0.9637136459350586]","[0, 1, 1, 1, 1, 1, 1, 1, 1, 1, 1, 1, 1, 1, 1, 1, 1, 1, 1, 1, 1, 1, 1, 1, 1, 1, 0, 1, 1, 1, 1, 1, 1, 1, 1, 1, 1, 1, 1, 1, 1, 1, 1, 1, 1, 1, 1, 1, 1, 1, 0, 1, 0, 1, 1, 1, 1, 1, 0, 1, 1, 1, 1, 1]","[1.0440089702606201, 0.30097174644470215, 0.004222785122692585, 0.2650175094604492, 0.36065131425857544, 0.016313333064317703, 0.2143980860710144, 0.29427042603492737, 0.16960296034812927, 0.5670936107635498, 0.04992913082242012, 0.6352217197418213, 0.026792285963892937, 0.2746679484844208, 0.031554341316223145, 0.42438411712646484, 0.5951547622680664, 0.9383050799369812, 0.54759281873703, 0.09882670640945435, 0.026512570679187775, 0.49738821387290955, 0.39424270391464233, 0.33619335293769836, 1.498613953590393, 1.0628412961959839, 1.1288384199142456, 0.5871317386627197, 0.8882911205291748, 0.11981494724750519, 0.7579203248023987, 1.3929635286331177, 0.24760615825653076, 0.04913107305765152, 0.21072205901145935, 0.0891185775399208, 1.1475443840026855, 0.01193310134112835, 0.3036920130252838, 0.4285895824432373, 1.1549588441848755, 0.1445104032754898, 0.005459912586957216, 0.7935935854911804, 0.6340236663818359, 0.01942639797925949, 0.6557364463806152, 0.49496886134147644, 1.386518120765686, 0.10509666800498962, 0.9367335438728333, 0.25195422768592834, 0.7253026962280273, 0.3417035937309265, 0.5549259781837463, 0.15783631801605225, 0.6393510103225708, 0.03464985266327858, 1.1108232736587524, 0.73116135597229, 0.025990359485149384, 0.24897721409797668, 0.6469196081161499, 0.17047056555747986]"
125,8000,8064,64,0.921875,0.397677481174469,clean_mnist,0.140625,0.09375,0.09375,0.125,0.09375,0.078125,0.078125,0.046875,0.125,0.125,0.5840327143669128,0.17911739647388458,13.559455871582031,13.57009506225586,28.0,28.0,"[0, 6, 2, 0, 6, 9, 4, 2, 8, 0, 5, 4, 8, 3, 3, 9, 0, 3, 3, 0, 7, 0, 5, 5, 2, 2, 4, 5, 0, 8, 9, 8, 1, 8, 6, 9, 9, 4, 1, 3, 1, 4, 6, 2, 7, 8, 0, 8, 3, 7, 0, 1, 8, 1, 3, 3, 5, 6, 2, 9, 9, 4, 9, 1]","[0, 6, 2, 0, 6, 9, 4, 2, 8, 6, 5, 4, 3, 3, 3, 9, 0, 3, 3, 0, 7, 0, 5, 5, 2, 2, 4, 5, 0, 8, 9, 8, 1, 8, 6, 9, 9, 4, 7, 3, 1, 4, 6, 2, 7, 8, 0, 8, 3, 7, 0, 1, 3, 1, 3, 3, 5, 6, 2, 9, 9, 4, 5, 1]","[0.9956297874450684, 0.8990152478218079, 0.9939436316490173, 0.9885597825050354, 0.9943015575408936, 0.9347094893455505, 0.9698289036750793, 0.959581196308136, 0.9965702295303345, 0.5339435935020447, 0.9815934300422668, 0.8938987851142883, 0.29961511492729187, 0.9933562278747559, 0.8328231573104858, 0.9157617092132568, 0.9998520612716675, 0.8775872588157654, 0.9310728311538696, 0.9908483028411865, 0.9377919435501099, 0.9511571526527405, 0.8126218914985657, 0.48472583293914795, 0.8599895238876343, 0.8025112748146057, 0.9483423829078674, 0.5717876553535461, 0.996393620967865, 0.8849157094955444, 0.8348111510276794, 0.890507161617279, 0.9995321035385132, 0.9811088442802429, 0.8465427756309509, 0.9327597618103027, 0.9853464365005493, 0.9686833620071411, 0.705233633518219, 0.947412371635437, 0.9967488050460815, 0.9956258535385132, 0.9928761720657349, 0.9261257648468018, 0.9785116314888, 0.48827043175697327, 0.9981958270072937, 0.9300498366355896, 0.9944273233413696, 0.6429619789123535, 0.9995700716972351, 0.9997701048851013, 0.5862078070640564, 0.9952859282493591, 0.677554190158844, 0.7237803339958191, 0.8034778833389282, 0.9484074711799622, 0.9359546899795532, 0.9729624390602112, 0.9517611861228943, 0.9582321047782898, 0.5855112075805664, 0.9956216216087341]","[1, 1, 1, 1, 1, 1, 1, 1, 1, 0, 1, 1, 0, 1, 1, 1, 1, 1, 1, 1, 1, 1, 1, 1, 1, 1, 1, 1, 1, 1, 1, 1, 1, 1, 1, 1, 1, 1, 0, 1, 1, 1, 1, 1, 1, 1, 1, 1, 1, 1, 1, 1, 0, 1, 1, 1, 1, 1, 1, 1, 1, 1, 0, 1]","[0.035801779478788376, 0.404703825712204, 0.04423941299319267, 0.08314119279384613, 0.042241521179676056, 0.33540835976600647, 0.1869296133518219, 0.24373841285705566, 0.028110945597290993, 0.8926328420639038, 0.11381222307682037, 0.43483418226242065, 1.655836582183838, 0.05020959675312042, 0.7393220067024231, 0.36612775921821594, 0.0016912897117435932, 0.5235100984573364, 0.3597838878631592, 0.06908644735813141, 0.31612104177474976, 0.2778332829475403, 0.6357114315032959, 1.4017384052276611, 0.6415207982063293, 0.7427167892456055, 0.26060816645622253, 1.0701704025268555, 0.029483020305633545, 0.5428955554962158, 0.6956748962402344, 0.5101053714752197, 0.004895227029919624, 0.12019792199134827, 0.638620138168335, 0.34588125348091125, 0.0927850529551506, 0.16601356863975525, 0.7251065969467163, 0.2598191797733307, 0.025878803804516792, 0.03409305959939957, 0.05068499594926834, 0.38861051201820374, 0.13450439274311066, 1.138654351234436, 0.0163833349943161, 0.3199228048324585, 0.04038993641734123, 1.0547897815704346, 0.004425406455993652, 0.0025523656513541937, 1.1776008605957031, 0.03872285410761833, 0.8560793399810791, 0.978523850440979, 0.7594008445739746, 0.24191232025623322, 0.32188916206359863, 0.16611111164093018, 0.26102423667907715, 0.22799357771873474, 1.086848258972168, 0.03530106320977211]"
126,8064,8128,64,0.96875,0.3846625089645386,clean_mnist,0.140625,0.140625,0.0625,0.125,0.0625,0.03125,0.140625,0.125,0.09375,0.078125,0.5796478986740112,0.17509745061397552,13.574152946472168,13.564958572387695,28.0,28.0,"[6, 3, 9, 8, 7, 7, 1, 6, 6, 9, 6, 3, 6, 3, 2, 7, 1, 4, 2, 1, 7, 9, 4, 1, 0, 0, 7, 6, 1, 0, 3, 1, 0, 2, 0, 3, 6, 4, 2, 5, 8, 6, 1, 7, 0, 8, 0, 9, 1, 0, 7, 3, 0, 4, 8, 8, 3, 6, 3, 7, 1, 8, 5, 9]","[6, 3, 9, 8, 7, 7, 1, 6, 6, 9, 6, 3, 6, 3, 2, 7, 1, 4, 2, 1, 7, 9, 4, 1, 0, 0, 7, 6, 1, 0, 3, 1, 0, 2, 0, 3, 6, 4, 2, 5, 5, 6, 1, 7, 0, 8, 0, 9, 1, 0, 7, 3, 0, 4, 8, 5, 3, 6, 3, 7, 1, 8, 5, 9]","[0.9688931107521057, 0.9657037854194641, 0.9449730515480042, 0.9329434633255005, 0.9887737035751343, 0.9632038474082947, 0.9985848665237427, 0.9723133444786072, 0.5514586567878723, 0.9811558723449707, 0.9775140285491943, 0.7148036360740662, 0.9838249683380127, 0.9711188077926636, 0.7311269640922546, 0.33297744393348694, 0.9977661371231079, 0.9802164435386658, 0.6290504336357117, 0.9935979843139648, 0.9638341069221497, 0.9199036955833435, 0.6808681488037109, 0.933935821056366, 0.9995757937431335, 0.9717193245887756, 0.6690095067024231, 0.93803471326828, 0.9984084963798523, 0.9576561450958252, 0.9778853058815002, 0.9982781410217285, 0.9965948462486267, 0.7400863170623779, 0.9991506338119507, 0.9674714207649231, 0.9657664895057678, 0.9981451034545898, 0.9849098324775696, 0.7655195593833923, 0.7726437449455261, 0.9317707419395447, 0.9994010925292969, 0.917904794216156, 0.998089611530304, 0.9682140946388245, 0.8860129117965698, 0.8528162240982056, 0.989119291305542, 0.9984502792358398, 0.5787582993507385, 0.9280424118041992, 0.9672785401344299, 0.939454197883606, 0.8984230160713196, 0.6202153563499451, 0.5957014560699463, 0.9713397026062012, 0.7916876077651978, 0.719437837600708, 0.9983869791030884, 0.9945523142814636, 0.430480033159256, 0.8825836181640625]","[1, 1, 1, 1, 1, 1, 1, 1, 1, 1, 1, 1, 1, 1, 1, 1, 1, 1, 1, 1, 1, 1, 1, 1, 1, 1, 1, 1, 1, 1, 1, 1, 1, 1, 1, 1, 1, 1, 1, 1, 0, 1, 1, 1, 1, 1, 1, 1, 1, 1, 1, 1, 1, 1, 1, 0, 1, 1, 1, 1, 1, 1, 1, 1]","[0.16622485220432281, 0.17284032702445984, 0.27858006954193115, 0.3373454809188843, 0.08022768050432205, 0.21280166506767273, 0.013090625405311584, 0.1608988344669342, 1.0496009588241577, 0.1153106540441513, 0.1292279064655304, 0.7474054098129272, 0.1006348729133606, 0.1797187775373459, 0.9704500436782837, 1.6588689088821411, 0.019621096551418304, 0.1117720752954483, 0.8867047429084778, 0.0502060241997242, 0.20220603048801422, 0.39779406785964966, 0.8742684721946716, 0.3654422163963318, 0.004432317800819874, 0.17906071245670319, 1.156585454940796, 0.30039945244789124, 0.01407583523541689, 0.22167226672172546, 0.14415036141872406, 0.01577729731798172, 0.027500377967953682, 0.7345389127731323, 0.008213138207793236, 0.186353862285614, 0.16640107333660126, 0.015636688098311424, 0.10296843200922012, 0.8071852326393127, 0.7825527191162109, 0.31275123357772827, 0.006123950704932213, 0.41700854897499084, 0.01721561700105667, 0.17430676519870758, 0.4756790101528168, 0.6297425627708435, 0.07980480045080185, 0.014484410174190998, 1.1214860677719116, 0.35969260334968567, 0.2014658898115158, 0.298641562461853, 0.4536932408809662, 0.9007009863853455, 1.1589001417160034, 0.15558286011219025, 0.8076304197311401, 0.8087449669837952, 0.014589718542993069, 0.04193861782550812, 1.4721453189849854, 0.547325849533081]"
127,8128,8192,64,0.953125,0.30660614371299744,clean_mnist,0.125,0.171875,0.046875,0.09375,0.03125,0.03125,0.140625,0.171875,0.140625,0.046875,0.5684043765068054,0.16496002674102783,13.55456829071045,13.555212020874023,28.0,28.0,"[5, 0, 7, 1, 8, 2, 0, 3, 8, 7, 7, 8, 6, 9, 7, 7, 7, 6, 6, 0, 8, 6, 6, 6, 2, 6, 2, 9, 1, 0, 0, 0, 1, 1, 1, 3, 3, 9, 1, 7, 7, 3, 7, 8, 0, 5, 4, 8, 1, 1, 8, 4, 1, 8, 7, 8, 3, 1, 7, 0, 3, 1, 6, 6]","[5, 0, 7, 1, 8, 2, 0, 3, 8, 7, 7, 8, 6, 9, 7, 7, 7, 6, 6, 0, 8, 6, 6, 6, 2, 6, 2, 9, 1, 0, 0, 0, 1, 1, 1, 3, 3, 9, 1, 7, 7, 3, 7, 8, 0, 5, 4, 8, 1, 1, 5, 4, 1, 8, 7, 5, 3, 1, 7, 0, 3, 1, 5, 6]","[0.9280297756195068, 0.9986683130264282, 0.8703223466873169, 0.9943938255310059, 0.9992535710334778, 0.9515937566757202, 0.9998225569725037, 0.9716890454292297, 0.9977738261222839, 0.863646924495697, 0.9939458966255188, 0.9685234427452087, 0.9734624028205872, 0.8311707973480225, 0.9397149682044983, 0.9007893204689026, 0.36131179332733154, 0.9807440638542175, 0.938626766204834, 0.9928504228591919, 0.9936309456825256, 0.7320733070373535, 0.9371222853660583, 0.946717381477356, 0.5676888227462769, 0.9818949103355408, 0.7263539433479309, 0.9711689949035645, 0.9970057606697083, 0.9994540810585022, 0.9991790652275085, 0.9985294342041016, 0.996383547782898, 0.9980833530426025, 0.9990791082382202, 0.9888351559638977, 0.5449561476707458, 0.9503951668739319, 0.9992446899414062, 0.8801455497741699, 0.8382812738418579, 0.9849334359169006, 0.9273026585578918, 0.9795224666595459, 0.9997114539146423, 0.5924595594406128, 0.942956805229187, 0.9862365126609802, 0.999426007270813, 0.9938539266586304, 0.7183789610862732, 0.9893524050712585, 0.9991650581359863, 0.9943286776542664, 0.9377130270004272, 0.5569059252738953, 0.9811976552009583, 0.9710690379142761, 0.7187089920043945, 0.998794674873352, 0.9615857601165771, 0.9956230521202087, 0.6427671909332275, 0.9287012219429016]","[1, 1, 1, 1, 1, 1, 1, 1, 1, 1, 1, 1, 1, 1, 1, 1, 1, 1, 1, 1, 1, 1, 1, 1, 1, 1, 1, 1, 1, 1, 1, 1, 1, 1, 1, 1, 1, 1, 1, 1, 1, 1, 1, 1, 1, 1, 1, 1, 1, 1, 0, 1, 1, 1, 1, 0, 1, 1, 1, 1, 1, 1, 0, 1]","[0.38583606481552124, 0.012639068067073822, 0.5532121658325195, 0.04389537125825882, 0.007405151147395372, 0.2862948179244995, 0.0019859843887388706, 0.17233631014823914, 0.01950896717607975, 0.6257736086845398, 0.045138970017433167, 0.17919644713401794, 0.15378479659557343, 0.5746381282806396, 0.2972782254219055, 0.4489193856716156, 1.5554478168487549, 0.11294369399547577, 0.2835586369037628, 0.052647434175014496, 0.04807163029909134, 0.9072375893592834, 0.3249097168445587, 0.250949889421463, 1.0435588359832764, 0.11577918380498886, 0.8378558158874512, 0.15516570210456848, 0.024931348860263824, 0.005612194072455168, 0.008146557956933975, 0.01351745892316103, 0.029535435140132904, 0.017331687733530998, 0.009027090854942799, 0.07309436798095703, 0.9572718739509583, 0.2472633570432663, 0.00751066766679287, 0.5819525718688965, 0.6363576650619507, 0.09681100398302078, 0.3497116267681122, 0.12718318402767181, 0.0030774176120758057, 1.0891001224517822, 0.2680704593658447, 0.08421531319618225, 0.005896286107599735, 0.04749035835266113, 1.0505177974700928, 0.06985711306333542, 0.007932092994451523, 0.04442766681313515, 0.3269428312778473, 1.1185380220413208, 0.11580236256122589, 0.1789412796497345, 0.7668795585632324, 0.011601241305470467, 0.22585660219192505, 0.03559515252709389, 1.1902642250061035, 0.3005608916282654]"
128,8192,8256,64,0.875,0.4508581757545471,clean_mnist,0.109375,0.171875,0.078125,0.109375,0.109375,0.03125,0.046875,0.109375,0.140625,0.09375,0.5705987215042114,0.16701984405517578,13.56226921081543,13.570210456848145,28.0,28.0,"[3, 0, 1, 3, 1, 8, 7, 9, 1, 2, 1, 1, 1, 7, 6, 4, 4, 5, 8, 2, 2, 8, 7, 4, 9, 7, 1, 1, 9, 8, 1, 0, 6, 6, 8, 3, 8, 2, 3, 9, 7, 0, 8, 4, 3, 7, 9, 4, 4, 3, 8, 4, 9, 5, 3, 0, 7, 0, 0, 2, 8, 0, 1, 1]","[3, 0, 1, 3, 7, 8, 7, 9, 3, 2, 2, 1, 2, 7, 6, 4, 4, 5, 8, 2, 2, 8, 7, 4, 9, 7, 1, 1, 9, 8, 1, 0, 6, 6, 2, 3, 3, 2, 3, 9, 7, 0, 8, 4, 3, 7, 9, 4, 4, 3, 8, 4, 9, 5, 3, 0, 7, 0, 0, 2, 5, 0, 3, 1]","[0.8941318988800049, 0.9979301691055298, 0.9989449381828308, 0.9699899554252625, 0.36992067098617554, 0.9894639253616333, 0.9265632629394531, 0.7640641927719116, 0.3440626859664917, 0.8797892332077026, 0.7302694916725159, 0.9876235723495483, 0.6096075177192688, 0.9150583744049072, 0.9782348275184631, 0.9693566560745239, 0.761921763420105, 0.7102660536766052, 0.9956502318382263, 0.8982661962509155, 0.7235335111618042, 0.9559087753295898, 0.6693661212921143, 0.9867616891860962, 0.99072265625, 0.8598310351371765, 0.9943082928657532, 0.8296185731887817, 0.5568170547485352, 0.9486411809921265, 0.999352753162384, 0.7436031699180603, 0.9555091857910156, 0.9505223631858826, 0.33390748500823975, 0.9844851493835449, 0.6538174152374268, 0.8606172800064087, 0.9553515911102295, 0.9125704765319824, 0.9806735515594482, 0.9980257749557495, 0.8345635533332825, 0.9678878784179688, 0.7405423521995544, 0.7110779285430908, 0.5506851077079773, 0.9726209044456482, 0.9908726811408997, 0.9510183930397034, 0.9990447163581848, 0.9952979683876038, 0.9746708273887634, 0.9184555411338806, 0.9611971974372864, 0.9991820454597473, 0.8411276340484619, 0.9975746273994446, 0.9997405409812927, 0.8500279784202576, 0.5895510911941528, 0.9976587295532227, 0.8538273572921753, 0.9322085380554199]","[1, 1, 1, 1, 0, 1, 1, 1, 0, 1, 0, 1, 0, 1, 1, 1, 1, 1, 1, 1, 1, 1, 1, 1, 1, 1, 1, 1, 1, 1, 1, 1, 1, 1, 0, 1, 0, 1, 1, 1, 1, 1, 1, 1, 1, 1, 1, 1, 1, 1, 1, 1, 1, 1, 1, 1, 1, 1, 1, 1, 0, 1, 0, 1]","[0.4656822085380554, 0.018710888922214508, 0.00994154717773199, 0.18304292857646942, 1.5049554109573364, 0.07553041726350784, 0.3795880079269409, 0.757256805896759, 1.549912452697754, 0.5495172739028931, 1.0375611782073975, 0.08586025983095169, 0.8681234121322632, 0.40124139189720154, 0.12563587725162506, 0.17858582735061646, 0.6938397884368896, 1.038393497467041, 0.033419132232666016, 0.5146278738975525, 0.7615194320678711, 0.24135056138038635, 0.9991725087165833, 0.08199101686477661, 0.061560194939374924, 0.6254987120628357, 0.04517844691872597, 0.6920238137245178, 1.022904396057129, 0.28180256485939026, 0.006525157485157251, 0.8776849508285522, 0.2062307596206665, 0.21116578578948975, 1.3221338987350464, 0.09920741617679596, 1.2021207809448242, 0.5467157959938049, 0.24175859987735748, 0.3762129247188568, 0.11861167848110199, 0.01799808442592621, 0.5362194776535034, 0.19139043986797333, 1.0238831043243408, 1.0656437873840332, 0.9906561970710754, 0.16310463845729828, 0.06320760399103165, 0.28303754329681396, 0.008978410623967648, 0.03392009437084198, 0.13211020827293396, 0.4155240058898926, 0.21821807324886322, 0.008083172142505646, 0.6258717179298401, 0.021872833371162415, 0.002693786285817623, 0.6040900945663452, 0.9205803275108337, 0.020222797989845276, 0.660293698310852, 0.3545287251472473]"
129,8256,8320,64,0.875,0.4690050482749939,clean_mnist,0.1875,0.09375,0.046875,0.0625,0.109375,0.015625,0.078125,0.09375,0.171875,0.140625,0.582464337348938,0.17883062362670898,13.574758529663086,13.573657989501953,28.0,28.0,"[7, 2, 1, 3, 9, 4, 0, 5, 3, 0, 4, 7, 7, 8, 4, 9, 0, 0, 0, 1, 9, 8, 4, 3, 7, 4, 6, 8, 0, 8, 7, 9, 0, 0, 6, 1, 2, 2, 0, 3, 1, 8, 4, 8, 8, 9, 7, 8, 0, 6, 8, 9, 9, 0, 8, 6, 6, 8, 0, 9, 1, 4, 9, 1]","[7, 2, 1, 3, 5, 4, 0, 5, 3, 6, 4, 7, 7, 8, 4, 9, 0, 0, 0, 1, 9, 2, 4, 3, 7, 4, 6, 7, 0, 8, 7, 9, 0, 0, 6, 1, 2, 2, 0, 3, 1, 7, 4, 8, 8, 9, 7, 8, 0, 6, 8, 5, 9, 0, 8, 6, 6, 8, 6, 9, 9, 4, 9, 1]","[0.6875834465026855, 0.40845605731010437, 0.9823341369628906, 0.6829358339309692, 0.5219550728797913, 0.9667356610298157, 0.9915578365325928, 0.40071311593055725, 0.9203780293464661, 0.6489590406417847, 0.9775621891021729, 0.594245970249176, 0.9090728759765625, 0.9935638308525085, 0.9180045127868652, 0.7284291982650757, 0.9964056015014648, 0.9968517422676086, 0.9979118704795837, 0.9660345911979675, 0.9813504219055176, 0.4438684582710266, 0.5605254173278809, 0.8878651857376099, 0.9821850657463074, 0.9533131122589111, 0.9649971127510071, 0.6623402833938599, 0.9963439106941223, 0.9929952025413513, 0.9339379072189331, 0.769903838634491, 0.9996874332427979, 0.9721884727478027, 0.9725964069366455, 0.9871730804443359, 0.943374752998352, 0.8678169250488281, 0.9998157620429993, 0.8655506372451782, 0.9996880292892456, 0.46646493673324585, 0.4966181814670563, 0.878860354423523, 0.6788257956504822, 0.7055512070655823, 0.9594875574111938, 0.977508008480072, 0.9996696710586548, 0.8815526366233826, 0.9973658919334412, 0.4892248213291168, 0.9734921455383301, 0.9895781874656677, 0.9933605790138245, 0.8995395302772522, 0.980258047580719, 0.9938843846321106, 0.6134638786315918, 0.700934886932373, 0.597426176071167, 0.9804217219352722, 0.9962803721427917, 0.9925647974014282]","[1, 1, 1, 1, 0, 1, 1, 1, 1, 0, 1, 1, 1, 1, 1, 1, 1, 1, 1, 1, 1, 0, 1, 1, 1, 1, 1, 0, 1, 1, 1, 1, 1, 1, 1, 1, 1, 1, 1, 1, 1, 0, 1, 1, 1, 1, 1, 1, 1, 1, 1, 0, 1, 1, 1, 1, 1, 1, 0, 1, 0, 1, 1, 1]","[1.0997843742370605, 1.7591701745986938, 0.11766056716442108, 1.202463984489441, 1.0919815301895142, 0.19151461124420166, 0.05893019959330559, 1.546805500984192, 0.3296208083629608, 0.7805235385894775, 0.12990127503871918, 1.317143440246582, 0.3837429881095886, 0.04644884914159775, 0.37668266892433167, 0.8294960856437683, 0.02844700589776039, 0.027431773021817207, 0.018463654443621635, 0.20890448987483978, 0.11959963291883469, 1.385967493057251, 0.8828432559967041, 0.5289756059646606, 0.11194435507059097, 0.24237887561321259, 0.17840228974819183, 1.238255262374878, 0.029676564037799835, 0.04783311113715172, 0.33673232793807983, 0.7374560236930847, 0.0032148188911378384, 0.17017948627471924, 0.1455894410610199, 0.09091220051050186, 0.28012195229530334, 0.5791874527931213, 0.002042311243712902, 0.5910047888755798, 0.0033927636686712503, 1.5307648181915283, 1.2414222955703735, 0.5216519832611084, 0.7682908177375793, 0.7393181920051575, 0.22170118987560272, 0.1319027841091156, 0.0034661348909139633, 0.4881809651851654, 0.02271534688770771, 1.3983045816421509, 0.15244892239570618, 0.0754944458603859, 0.05029204115271568, 0.4618209898471832, 0.12370235472917557, 0.045928653329610825, 0.7090513706207275, 0.8972871899604797, 0.9705891013145447, 0.12547194957733154, 0.0303768552839756, 0.055311985313892365]"
130,8320,8384,64,0.921875,0.4056635797023773,clean_mnist,0.140625,0.15625,0.046875,0.046875,0.109375,0.03125,0.109375,0.109375,0.15625,0.09375,0.5786651372909546,0.17471742630004883,13.564892768859863,13.576842308044434,28.0,28.0,"[5, 9, 9, 0, 8, 4, 6, 8, 6, 8, 1, 1, 1, 4, 2, 0, 6, 5, 8, 9, 8, 4, 1, 0, 4, 7, 4, 0, 1, 0, 3, 1, 6, 7, 0, 0, 9, 6, 9, 8, 3, 7, 7, 9, 7, 8, 8, 6, 0, 0, 4, 8, 2, 1, 2, 7, 6, 7, 8, 1, 4, 3, 1, 1]","[5, 9, 9, 0, 8, 4, 6, 8, 6, 9, 1, 1, 1, 4, 2, 0, 6, 5, 3, 5, 8, 4, 2, 0, 4, 7, 4, 6, 1, 0, 3, 1, 6, 7, 0, 0, 9, 6, 9, 8, 3, 7, 7, 9, 7, 8, 8, 6, 0, 0, 4, 8, 2, 1, 2, 7, 6, 7, 8, 1, 4, 3, 1, 1]","[0.6766452193260193, 0.627099335193634, 0.9744689464569092, 0.9896257519721985, 0.9993177652359009, 0.8385725021362305, 0.9942489862442017, 0.9993693232536316, 0.9691851735115051, 0.5690131187438965, 0.9990761280059814, 0.9843202829360962, 0.9991569519042969, 0.9494199156761169, 0.5258040428161621, 0.9947977066040039, 0.891838788986206, 0.7534286379814148, 0.4151255190372467, 0.33526745438575745, 0.991547167301178, 0.9465558528900146, 0.6301655173301697, 0.9900683760643005, 0.9699394702911377, 0.9053041338920593, 0.9942095279693604, 0.8664529323577881, 0.9990811347961426, 0.8949508666992188, 0.9496174454689026, 0.888075053691864, 0.9485704898834229, 0.6245132684707642, 0.997858464717865, 0.9855615496635437, 0.9927327036857605, 0.7302199006080627, 0.9774426221847534, 0.9928357005119324, 0.9412558078765869, 0.9461623430252075, 0.8426351547241211, 0.6724994778633118, 0.9959061145782471, 0.995974600315094, 0.8854541778564453, 0.8350483775138855, 0.9950620532035828, 0.9990538954734802, 0.7534076571464539, 0.9923630952835083, 0.5405928492546082, 0.9969822764396667, 0.8151384592056274, 0.85911625623703, 0.9474477767944336, 0.4814024567604065, 0.9991119503974915, 0.9959954023361206, 0.9949609041213989, 0.9886931777000427, 0.9932592511177063, 0.9490030407905579]","[1, 1, 1, 1, 1, 1, 1, 1, 1, 0, 1, 1, 1, 1, 1, 1, 1, 1, 0, 0, 1, 1, 0, 1, 1, 1, 1, 0, 1, 1, 1, 1, 1, 1, 1, 1, 1, 1, 1, 1, 1, 1, 1, 1, 1, 1, 1, 1, 1, 1, 1, 1, 1, 1, 1, 1, 1, 1, 1, 1, 1, 1, 1, 1]","[1.1555593013763428, 0.911859393119812, 0.15056850016117096, 0.07639258354902267, 0.006902658846229315, 0.6590753197669983, 0.040712371468544006, 0.006196637637913227, 0.18081034719944, 0.8669039011001587, 0.009057223796844482, 0.10706252604722977, 0.007997234351933002, 0.25692418217658997, 1.5380159616470337, 0.042229991406202316, 0.39536672830581665, 0.839710533618927, 1.6708277463912964, 1.7629382610321045, 0.06187394633889198, 0.2627449035644531, 0.7309793829917908, 0.07210852205753326, 0.18350110948085785, 0.45594415068626404, 0.04174232482910156, 0.6127673983573914, 0.008657818660140038, 0.5390980839729309, 0.2734505534172058, 0.5168645977973938, 0.25411832332611084, 1.260667324066162, 0.01827024482190609, 0.10223723948001862, 0.05245612934231758, 0.8901424407958984, 0.1404159963130951, 0.05164032056927681, 0.27785056829452515, 0.2907290756702423, 0.5165067911148071, 0.896415114402771, 0.03237364441156387, 0.03054521232843399, 0.4320216178894043, 0.5573284029960632, 0.039576273411512375, 0.009091433137655258, 0.9220601916313171, 0.05553598701953888, 1.2226659059524536, 0.026103319600224495, 0.5545356869697571, 0.6303009390830994, 0.2342330664396286, 1.5154763460159302, 0.008903182111680508, 0.03310348838567734, 0.038394760340452194, 0.07675851136445999, 0.04833465814590454, 0.29883134365081787]"
131,8384,8448,64,0.890625,0.5338574051856995,clean_mnist,0.0625,0.140625,0.078125,0.09375,0.078125,0.078125,0.078125,0.109375,0.125,0.15625,0.5755051374435425,0.1714354157447815,13.570276260375977,13.565185546875,28.0,28.0,"[0, 0, 8, 0, 1, 7, 2, 8, 5, 9, 1, 3, 7, 8, 6, 4, 4, 7, 1, 8, 9, 3, 3, 6, 9, 9, 6, 2, 4, 2, 6, 4, 9, 0, 1, 5, 6, 5, 1, 1, 9, 3, 5, 3, 1, 7, 1, 8, 8, 2, 5, 9, 7, 7, 4, 9, 9, 8, 9, 8, 7, 1, 2, 3]","[6, 0, 8, 0, 1, 7, 2, 8, 5, 9, 1, 3, 7, 8, 6, 4, 4, 7, 1, 2, 9, 3, 3, 6, 9, 9, 6, 2, 4, 2, 5, 4, 9, 6, 1, 5, 6, 5, 1, 1, 9, 3, 5, 3, 2, 7, 1, 8, 8, 2, 5, 5, 7, 7, 4, 9, 9, 8, 9, 2, 7, 1, 2, 3]","[0.8952443599700928, 0.7829796671867371, 0.9993358254432678, 0.9960581064224243, 0.9778649806976318, 0.3101874887943268, 0.7567604780197144, 0.9921179413795471, 0.4417339861392975, 0.649398684501648, 0.9996293783187866, 0.9472779035568237, 0.8978286385536194, 0.9993141889572144, 0.9723016023635864, 0.955739438533783, 0.9918307662010193, 0.7497643232345581, 0.9978033900260925, 0.5656579732894897, 0.8680347800254822, 0.8874917030334473, 0.9012086391448975, 0.9095017313957214, 0.862089216709137, 0.7302843928337097, 0.9633934497833252, 0.8309669494628906, 0.9949603080749512, 0.7136490941047668, 0.455353319644928, 0.9716081023216248, 0.8804891705513, 0.5658127665519714, 0.9991981387138367, 0.3353995978832245, 0.9379501938819885, 0.8347639441490173, 0.9972151517868042, 0.9924347400665283, 0.9776107668876648, 0.9689198732376099, 0.8302223086357117, 0.9032592177391052, 0.9336585998535156, 0.42401793599128723, 0.9955574870109558, 0.993505597114563, 0.9785940647125244, 0.6348508596420288, 0.7843815088272095, 0.3549569547176361, 0.9641544222831726, 0.8293417692184448, 0.9620805978775024, 0.6617054343223572, 0.917020857334137, 0.9963931441307068, 0.9737449288368225, 0.3988546133041382, 0.9018161296844482, 0.919284999370575, 0.8531168103218079, 0.8471259474754333]","[0, 1, 1, 1, 1, 1, 1, 1, 1, 1, 1, 1, 1, 1, 1, 1, 1, 1, 1, 0, 1, 1, 1, 1, 1, 1, 1, 1, 1, 1, 0, 1, 1, 0, 1, 1, 1, 1, 1, 1, 1, 1, 1, 1, 0, 1, 1, 1, 1, 1, 1, 0, 1, 1, 1, 1, 1, 1, 1, 0, 1, 1, 1, 1]","[0.4958553612232208, 0.9003269076347351, 0.006692106835544109, 0.03178911283612251, 0.14315900206565857, 1.7422144412994385, 0.8523846864700317, 0.0598660372197628, 1.2444262504577637, 1.0884156227111816, 0.003980386536568403, 0.2479793131351471, 0.44466400146484375, 0.00697533180937171, 0.14341893792152405, 0.23621371388435364, 0.059212177991867065, 0.9200236201286316, 0.01912621594965458, 1.263081669807434, 0.6024115681648254, 0.45921218395233154, 0.39600470662117004, 0.4054107069969177, 0.5868533849716187, 0.6624901294708252, 0.211623877286911, 0.7279644012451172, 0.038542214781045914, 1.0109425783157349, 1.124407172203064, 0.158165842294693, 0.5423075556755066, 1.0065929889678955, 0.008001125417649746, 1.8094481229782104, 0.31916123628616333, 0.6920511722564697, 0.02289295382797718, 0.05739700421690941, 0.13818390667438507, 0.1794196218252182, 0.7429527640342712, 0.440573513507843, 0.30364692211151123, 1.5760524272918701, 0.03589598089456558, 0.04958567023277283, 0.14039234817028046, 1.110233187675476, 0.8487218022346497, 1.5575566291809082, 0.20881161093711853, 0.7533133029937744, 0.19972464442253113, 1.0209165811538696, 0.4154283404350281, 0.027626827359199524, 0.14796671271324158, 1.525389313697815, 0.4301190972328186, 0.40774014592170715, 0.504281222820282, 0.6506562232971191]"
132,8448,8512,64,0.875,0.5697138905525208,clean_mnist,0.078125,0.1875,0.09375,0.09375,0.078125,0.015625,0.109375,0.078125,0.15625,0.109375,0.5939313173294067,0.18763163685798645,13.57927417755127,13.574081420898438,28.0,28.0,"[9, 0, 3, 1, 1, 1, 6, 3, 1, 4, 1, 8, 2, 6, 6, 1, 1, 8, 4, 9, 9, 0, 2, 1, 0, 2, 2, 3, 7, 4, 6, 8, 1, 6, 8, 7, 9, 8, 1, 9, 8, 0, 2, 1, 9, 2, 3, 4, 8, 6, 3, 7, 6, 8, 7, 8, 5, 3, 1, 8, 4, 0, 9, 7]","[9, 0, 3, 1, 1, 2, 6, 3, 1, 4, 4, 5, 2, 6, 6, 7, 1, 8, 4, 9, 9, 0, 2, 1, 0, 2, 2, 3, 7, 4, 6, 5, 2, 6, 8, 7, 9, 8, 1, 9, 6, 0, 2, 1, 9, 2, 3, 4, 8, 6, 3, 7, 6, 8, 7, 9, 5, 3, 1, 8, 4, 0, 9, 7]","[0.9897406101226807, 0.6380730271339417, 0.5689300894737244, 0.9670175313949585, 0.9973881840705872, 0.4644433259963989, 0.9481186866760254, 0.4703831970691681, 0.9991416931152344, 0.901557445526123, 0.8197759985923767, 0.5949045419692993, 0.8269875645637512, 0.6187784671783447, 0.9898365139961243, 0.45606639981269836, 0.9894004464149475, 0.7403484582901001, 0.9985230565071106, 0.8186909556388855, 0.765110433101654, 0.7716405391693115, 0.6055431962013245, 0.9602763056755066, 0.9992813467979431, 0.7849065661430359, 0.8233869075775146, 0.3695875108242035, 0.9853233098983765, 0.8507326245307922, 0.9619186520576477, 0.639535129070282, 0.6863073110580444, 0.7922379970550537, 0.9996886253356934, 0.9342229962348938, 0.8853935599327087, 0.934822142124176, 0.9995492100715637, 0.8371491432189941, 0.3754221200942993, 0.9334306716918945, 0.7306032776832581, 0.97324138879776, 0.6579583287239075, 0.7112522125244141, 0.9896218776702881, 0.8382531404495239, 0.9631399512290955, 0.7612946629524231, 0.9765539169311523, 0.5376574993133545, 0.9796838760375977, 0.966214656829834, 0.9147671461105347, 0.5612775683403015, 0.7917087078094482, 0.8540200591087341, 0.9995526671409607, 0.8764033913612366, 0.9943639039993286, 0.9112227559089661, 0.9942578077316284, 0.9801325798034668]","[1, 1, 1, 1, 1, 0, 1, 1, 1, 1, 0, 0, 1, 1, 1, 0, 1, 1, 1, 1, 1, 1, 1, 1, 1, 1, 1, 1, 1, 1, 1, 0, 0, 1, 1, 1, 1, 1, 1, 1, 0, 1, 1, 1, 1, 1, 1, 1, 1, 1, 1, 1, 1, 1, 1, 0, 1, 1, 1, 1, 1, 1, 1, 1]","[0.0662798136472702, 1.0997037887573242, 1.2532143592834473, 0.20099492371082306, 0.0220292117446661, 1.424338459968567, 0.2434576451778412, 1.5402910709381104, 0.00846055056899786, 0.4155949354171753, 0.5710508823394775, 1.381767749786377, 0.7680557370185852, 1.1067354679107666, 0.0629982203245163, 1.2510110139846802, 0.0720011293888092, 0.9322368502616882, 0.013394013047218323, 0.5830396413803101, 0.7365314364433289, 0.8013024926185608, 0.981456995010376, 0.23137840628623962, 0.00701800175011158, 0.8853834867477417, 0.6562618613243103, 1.5949187278747559, 0.09555117785930634, 0.6227827668190002, 0.20842082798480988, 1.0724546909332275, 1.0354260206222534, 0.771567165851593, 0.0033773791510611773, 0.31269216537475586, 0.47254490852355957, 0.3433852195739746, 0.004770767875015736, 0.567812979221344, 1.423937439918518, 0.3655959367752075, 0.740789532661438, 0.1655922681093216, 1.029922604560852, 1.073434829711914, 0.07174471765756607, 0.669160783290863, 0.19623146951198578, 0.8149697780609131, 0.15146353840827942, 1.2278908491134644, 0.12512168288230896, 0.19901064038276672, 0.36606070399284363, 0.919600248336792, 0.6593165993690491, 0.6523158550262451, 0.004623410291969776, 0.5339633822441101, 0.041955627501010895, 0.44597458839416504, 0.04204829782247543, 0.11926870793104172]"
133,8512,8576,64,0.859375,0.4892129898071289,clean_mnist,0.109375,0.15625,0.0625,0.125,0.09375,0.03125,0.0625,0.109375,0.1875,0.0625,0.5879883170127869,0.1821095198392868,13.572915077209473,13.571735382080078,28.0,28.0,"[1, 1, 9, 0, 7, 7, 9, 5, 8, 8, 8, 6, 3, 9, 6, 0, 3, 1, 1, 0, 0, 0, 4, 8, 8, 3, 1, 4, 0, 3, 1, 1, 3, 0, 6, 8, 8, 8, 1, 8, 2, 4, 3, 8, 8, 3, 9, 7, 4, 6, 7, 8, 2, 2, 7, 4, 3, 5, 4, 7, 7, 2, 1, 1]","[1, 1, 9, 0, 7, 7, 9, 5, 8, 5, 8, 6, 3, 9, 6, 0, 3, 1, 1, 0, 6, 0, 4, 8, 8, 3, 1, 4, 0, 3, 1, 1, 3, 0, 6, 9, 5, 5, 1, 3, 2, 4, 3, 9, 7, 3, 9, 7, 4, 6, 7, 9, 2, 2, 7, 4, 3, 5, 4, 7, 7, 2, 1, 1]","[0.9894240498542786, 0.996240496635437, 0.7979487776756287, 0.8824802041053772, 0.9652517437934875, 0.8730137944221497, 0.8773118257522583, 0.7028932571411133, 0.9603886604309082, 0.4880612790584564, 0.9990484118461609, 0.8978268504142761, 0.9459476470947266, 0.5224407911300659, 0.9548685550689697, 0.9802495241165161, 0.8650361895561218, 0.997147262096405, 0.999639630317688, 0.9953783750534058, 0.3822905719280243, 0.9897588491439819, 0.6767308712005615, 0.9900425672531128, 0.9987030029296875, 0.9399667382240295, 0.9994051456451416, 0.980861246585846, 0.9861837029457092, 0.5412256717681885, 0.999344527721405, 0.9945120811462402, 0.9942981600761414, 0.9888661503791809, 0.9797448515892029, 0.6167981028556824, 0.9059745669364929, 0.5350922346115112, 0.999337375164032, 0.34958112239837646, 0.5168313384056091, 0.9566124081611633, 0.7930663228034973, 0.4285968840122223, 0.5984053611755371, 0.9586087465286255, 0.7290312647819519, 0.9507118463516235, 0.7156761884689331, 0.9032077789306641, 0.7991553544998169, 0.8050310611724854, 0.8806740641593933, 0.6306028366088867, 0.9945046305656433, 0.9789719581604004, 0.85467529296875, 0.4328545928001404, 0.981109082698822, 0.935552716255188, 0.9920875430107117, 0.8774791955947876, 0.9995861649513245, 0.9962132573127747]","[1, 1, 1, 1, 1, 1, 1, 1, 1, 0, 1, 1, 1, 1, 1, 1, 1, 1, 1, 1, 0, 1, 1, 1, 1, 1, 1, 1, 1, 1, 1, 1, 1, 1, 1, 0, 0, 0, 1, 0, 1, 1, 1, 0, 0, 1, 1, 1, 1, 1, 1, 0, 1, 1, 1, 1, 1, 1, 1, 1, 1, 1, 1, 1]","[0.07743081450462341, 0.03161659464240074, 0.6130198240280151, 0.571609377861023, 0.18883833289146423, 0.5311970710754395, 0.5166393518447876, 1.118072509765625, 0.21362875401973724, 1.5194075107574463, 0.009344898164272308, 0.4707954525947571, 0.26074644923210144, 0.9944208860397339, 0.21221430599689484, 0.1309048980474472, 0.5059638023376465, 0.024837838485836983, 0.003813832998275757, 0.03724750131368637, 1.1719465255737305, 0.07622727751731873, 1.0494252443313599, 0.07317876815795898, 0.012332918122410774, 0.32996657490730286, 0.006086970679461956, 0.11853674799203873, 0.08794596791267395, 1.3974477052688599, 0.006478613242506981, 0.04149859771132469, 0.03863769769668579, 0.08127668499946594, 0.12985190749168396, 1.0999315977096558, 0.40775537490844727, 1.3849166631698608, 0.006543232128024101, 1.4310342073440552, 1.4902797937393188, 0.2193959653377533, 0.8774219155311584, 1.3593461513519287, 1.079717993736267, 0.24671298265457153, 0.8537113666534424, 0.24906696379184723, 0.8211933970451355, 0.4326014518737793, 0.7614513635635376, 0.6014289259910583, 0.46227192878723145, 1.303996205329895, 0.04184490442276001, 0.13139358162879944, 0.7034913897514343, 1.5985851287841797, 0.11143647134304047, 0.3193231523036957, 0.057858336716890335, 0.5684715509414673, 0.004383716266602278, 0.031479913741350174]"
134,8576,8640,64,0.921875,0.5341218709945679,clean_mnist,0.03125,0.171875,0.15625,0.0625,0.125,0.015625,0.109375,0.09375,0.09375,0.140625,0.585579514503479,0.18046216666698456,13.57734203338623,13.573623657226562,28.0,28.0,"[7, 6, 1, 4, 4, 9, 1, 4, 8, 9, 9, 4, 1, 1, 6, 2, 9, 2, 7, 1, 7, 3, 2, 2, 4, 9, 1, 4, 7, 3, 3, 8, 9, 2, 1, 2, 0, 2, 2, 1, 7, 0, 8, 8, 9, 6, 4, 8, 8, 1, 9, 6, 6, 7, 9, 2, 2, 1, 4, 3, 6, 1, 6, 5]","[7, 6, 1, 4, 4, 9, 2, 4, 8, 9, 9, 4, 1, 1, 6, 2, 9, 2, 7, 1, 7, 3, 2, 2, 4, 9, 1, 4, 7, 3, 3, 8, 9, 2, 1, 2, 0, 2, 2, 1, 7, 2, 8, 8, 9, 6, 4, 5, 5, 1, 9, 6, 6, 7, 9, 2, 2, 1, 4, 3, 6, 7, 6, 5]","[0.9632383584976196, 0.9728455543518066, 0.9994921684265137, 0.9357303977012634, 0.8755066394805908, 0.8615679144859314, 0.49357637763023376, 0.938612163066864, 0.6882832050323486, 0.6322537660598755, 0.9002295136451721, 0.9535353183746338, 0.998261034488678, 0.9945811629295349, 0.9915221929550171, 0.7821207046508789, 0.9907325506210327, 0.8807481527328491, 0.926063597202301, 0.9918488264083862, 0.8786540627479553, 0.8446617126464844, 0.8849816918373108, 0.6817890405654907, 0.6053823828697205, 0.7178754210472107, 0.9995088577270508, 0.9906734824180603, 0.7134890556335449, 0.9580456018447876, 0.850820779800415, 0.9894204139709473, 0.9719312191009521, 0.8731489181518555, 0.9995484948158264, 0.8581811785697937, 0.9975811243057251, 0.45183101296424866, 0.8051629662513733, 0.9773894548416138, 0.9887073040008545, 0.2490435689687729, 0.9995688796043396, 0.4758418798446655, 0.9059088230133057, 0.903584361076355, 0.8068581223487854, 0.5548927783966064, 0.8019444942474365, 0.9887928366661072, 0.8997604846954346, 0.9372270107269287, 0.7639281749725342, 0.9468815326690674, 0.8658863306045532, 0.572933554649353, 0.7357033491134644, 0.9981130361557007, 0.966933012008667, 0.6923051476478577, 0.9671232104301453, 0.6523234248161316, 0.7823995351791382, 0.2772672772407532]","[1, 1, 1, 1, 1, 1, 0, 1, 1, 1, 1, 1, 1, 1, 1, 1, 1, 1, 1, 1, 1, 1, 1, 1, 1, 1, 1, 1, 1, 1, 1, 1, 1, 1, 1, 1, 1, 1, 1, 1, 1, 0, 1, 1, 1, 1, 1, 0, 0, 1, 1, 1, 1, 1, 1, 1, 1, 1, 1, 1, 1, 0, 1, 1]","[0.22070252895355225, 0.1575869917869568, 0.005133500788360834, 0.32471299171447754, 0.5533168911933899, 0.5518360733985901, 0.9972701072692871, 0.3131994605064392, 0.7814896106719971, 1.1641908884048462, 0.4685325026512146, 0.23699480295181274, 0.01547420397400856, 0.04356900230050087, 0.057927992194890976, 0.8058879375457764, 0.06218148395419121, 0.5112960338592529, 0.36101821064949036, 0.060330651700496674, 0.4693641662597656, 0.6056188344955444, 0.5203446745872498, 1.0478882789611816, 1.1376088857650757, 0.902606189250946, 0.005079193506389856, 0.06494291871786118, 1.0096150636672974, 0.22711600363254547, 0.6406763195991516, 0.07487126439809799, 0.1720825582742691, 0.5782260298728943, 0.004732008557766676, 0.6425790786743164, 0.021077575162053108, 1.6454782485961914, 0.753678560256958, 0.14520664513111115, 0.07731038331985474, 1.793418288230896, 0.004408047068864107, 1.3014495372772217, 0.4330751597881317, 0.41550305485725403, 0.7640601396560669, 1.1084297895431519, 0.7587722539901733, 0.08169777691364288, 0.4685952663421631, 0.28904303908348083, 0.7107965350151062, 0.26585152745246887, 0.5086731910705566, 0.9413920044898987, 0.8506466150283813, 0.01690986007452011, 0.1785314977169037, 1.172886610031128, 0.18610696494579315, 1.0713250637054443, 0.5712857842445374, 1.8521887063980103]"
135,8640,8704,64,0.875,0.5123521685600281,clean_mnist,0.125,0.109375,0.03125,0.078125,0.109375,0.046875,0.109375,0.09375,0.203125,0.09375,0.5890210866928101,0.18393775820732117,13.57164192199707,13.575613021850586,28.0,28.0,"[2, 9, 8, 3, 4, 8, 5, 7, 1, 6, 4, 7, 1, 0, 9, 7, 5, 4, 6, 8, 1, 8, 8, 3, 1, 7, 0, 6, 8, 9, 8, 9, 3, 4, 9, 8, 5, 4, 1, 1, 0, 0, 0, 6, 3, 6, 8, 0, 0, 1, 8, 2, 6, 8, 8, 4, 4, 6, 7, 7, 3, 8, 9, 0]","[2, 9, 5, 3, 4, 8, 5, 7, 1, 5, 4, 7, 1, 0, 9, 7, 5, 4, 6, 8, 1, 8, 8, 3, 1, 7, 8, 6, 5, 9, 2, 9, 3, 4, 9, 8, 5, 4, 1, 1, 8, 0, 0, 6, 3, 6, 8, 0, 6, 1, 8, 2, 6, 3, 8, 4, 4, 6, 7, 7, 3, 8, 9, 0]","[0.8288528323173523, 0.5930936336517334, 0.5448041558265686, 0.8575844168663025, 0.987257182598114, 0.9327203631401062, 0.9266901612281799, 0.36987632513046265, 0.998625636100769, 0.33856290578842163, 0.9984006285667419, 0.8185733556747437, 0.9990528225898743, 0.9879881143569946, 0.633649468421936, 0.9654524922370911, 0.29152581095695496, 0.964949369430542, 0.9873637557029724, 0.8751887679100037, 0.9974169731140137, 0.931672215461731, 0.9983285069465637, 0.6689109802246094, 0.9992172718048096, 0.9518577456474304, 0.5651450753211975, 0.9792419672012329, 0.6834710240364075, 0.6292384266853333, 0.4350070059299469, 0.5160989761352539, 0.9847974181175232, 0.9883339405059814, 0.9888983368873596, 0.9796232581138611, 0.46942174434661865, 0.9567867517471313, 0.9208653569221497, 0.9884160757064819, 0.8273206949234009, 0.9664427638053894, 0.9963082671165466, 0.7727229595184326, 0.9625749588012695, 0.5226843953132629, 0.9955546259880066, 0.9892424941062927, 0.8053489923477173, 0.9908505082130432, 0.9052088856697083, 0.4760338068008423, 0.9332947134971619, 0.8228060603141785, 0.9632140398025513, 0.9859722852706909, 0.799898624420166, 0.8783920407295227, 0.8271946907043457, 0.7548501491546631, 0.8941020965576172, 0.683957040309906, 0.9835809469223022, 0.9929787516593933]","[1, 1, 0, 1, 1, 1, 1, 1, 1, 0, 1, 1, 1, 1, 1, 1, 1, 1, 1, 1, 1, 1, 1, 1, 1, 1, 0, 1, 0, 1, 0, 1, 1, 1, 1, 1, 1, 1, 1, 1, 0, 1, 1, 1, 1, 1, 1, 1, 0, 1, 1, 1, 1, 0, 1, 1, 1, 1, 1, 1, 1, 1, 1, 1]","[0.6236444115638733, 1.165961742401123, 1.0644322633743286, 0.5550723671913147, 0.07696736603975296, 0.3529040813446045, 0.3311028480529785, 1.5025522708892822, 0.01269219908863306, 1.5415396690368652, 0.013542496599256992, 0.6358254551887512, 0.009127228520810604, 0.08753567188978195, 1.1979011297225952, 0.19011342525482178, 1.9253379106521606, 0.18791942298412323, 0.0771477222442627, 0.5042722821235657, 0.022209707647562027, 0.3497200012207031, 0.015218880027532578, 1.1123411655426025, 0.007737044710665941, 0.24670612812042236, 1.2152695655822754, 0.12406124174594879, 0.9564496278762817, 1.0295429229736328, 1.3627382516860962, 0.9422512650489807, 0.10505753755569458, 0.07686948776245117, 0.07835172861814499, 0.12934942543506622, 1.2401248216629028, 0.2242233157157898, 0.3408314287662506, 0.08504597097635269, 0.5778696537017822, 0.20792549848556519, 0.03066840022802353, 0.7736141681671143, 0.20979328453540802, 0.9899308681488037, 0.03514120727777481, 0.07421606034040451, 0.6227155327796936, 0.0635920986533165, 0.452681303024292, 1.4596428871154785, 0.2758885324001312, 0.6916447281837463, 0.20710822939872742, 0.09813795983791351, 0.5658692121505737, 0.5257027745246887, 0.6952037215232849, 0.8474227786064148, 0.4622361361980438, 1.036209225654602, 0.11374706029891968, 0.05388718843460083]"
136,8704,8768,64,0.90625,0.5382928252220154,clean_mnist,0.078125,0.09375,0.109375,0.0625,0.078125,0.125,0.078125,0.09375,0.1875,0.09375,0.5795440673828125,0.17629289627075195,13.565999984741211,13.583688735961914,28.0,28.0,"[1, 1, 4, 2, 8, 8, 3, 4, 6, 5, 9, 6, 3, 7, 7, 8, 6, 9, 8, 0, 0, 1, 6, 2, 5, 7, 8, 1, 8, 6, 5, 7, 9, 4, 1, 0, 2, 7, 2, 2, 5, 9, 8, 4, 5, 2, 9, 9, 2, 8, 0, 4, 3, 5, 7, 8, 1, 8, 3, 0, 8, 8, 5, 5]","[1, 1, 4, 2, 3, 3, 3, 4, 5, 5, 9, 6, 3, 7, 7, 8, 6, 9, 8, 0, 0, 1, 6, 2, 5, 3, 8, 5, 8, 6, 5, 7, 9, 4, 1, 0, 2, 7, 2, 2, 5, 9, 8, 4, 5, 2, 9, 9, 2, 8, 0, 4, 3, 5, 7, 8, 1, 8, 3, 0, 8, 3, 5, 5]","[0.9903004169464111, 0.9937468767166138, 0.9098922610282898, 0.7969818711280823, 0.870512068271637, 0.901945948600769, 0.8374071717262268, 0.9876283407211304, 0.6485829949378967, 0.7073673009872437, 0.9153298139572144, 0.8928823471069336, 0.9760240912437439, 0.6714609861373901, 0.9873961806297302, 0.7312807440757751, 0.9646311402320862, 0.756740927696228, 0.9996979236602783, 0.9972729086875916, 0.9991742968559265, 0.9938861727714539, 0.9101132750511169, 0.7997876405715942, 0.7839908599853516, 0.7331700921058655, 0.9423162937164307, 0.863966703414917, 0.9476549029350281, 0.9078413844108582, 0.3852313458919525, 0.8061808943748474, 0.8484090566635132, 0.998067319393158, 0.9993472695350647, 0.999016284942627, 0.6578658223152161, 0.9284587502479553, 0.9425219893455505, 0.9727323055267334, 0.6783696413040161, 0.6853028535842896, 0.9944581985473633, 0.953731894493103, 0.5761521458625793, 0.935274064540863, 0.9912523627281189, 0.4309726655483246, 0.7841300964355469, 0.6000686287879944, 0.99980229139328, 0.9140548706054688, 0.8344554305076599, 0.9153237342834473, 0.6856234073638916, 0.5591466426849365, 0.9982390403747559, 0.70595782995224, 0.5164037942886353, 0.9793842434883118, 0.879966139793396, 0.808880627155304, 0.9361010193824768, 0.5339745283126831]","[1, 1, 1, 1, 0, 0, 1, 1, 0, 1, 1, 1, 1, 1, 1, 1, 1, 1, 1, 1, 1, 1, 1, 1, 1, 0, 1, 0, 1, 1, 1, 1, 1, 1, 1, 1, 1, 1, 1, 1, 1, 1, 1, 1, 1, 1, 1, 1, 1, 1, 1, 1, 1, 1, 1, 1, 1, 1, 1, 1, 1, 0, 1, 1]","[0.06529441475868225, 0.04893768951296806, 0.3764718174934387, 0.7750526666641235, 0.4827842712402344, 0.47445228695869446, 0.5758861899375916, 0.08637625724077225, 1.1091582775115967, 1.0165724754333496, 0.4227767586708069, 0.5355669260025024, 0.1416528820991516, 1.0611016750335693, 0.08962104469537735, 1.0365402698516846, 0.208588108420372, 0.8581132292747498, 0.003243048442527652, 0.023453334346413612, 0.008173034526407719, 0.04709959030151367, 0.40632766485214233, 0.7705019116401672, 0.76822829246521, 0.9559047818183899, 0.3196563720703125, 0.5696359276771545, 0.26439860463142395, 0.46107396483421326, 1.5169668197631836, 0.7898635268211365, 0.5168087482452393, 0.016912732273340225, 0.0065666683949530125, 0.009212013334035873, 0.9672161340713501, 0.32435357570648193, 0.2935701608657837, 0.1365862935781479, 1.0088276863098145, 1.0410603284835815, 0.040972065180540085, 0.23761802911758423, 1.2165076732635498, 0.3062846064567566, 0.05986107140779495, 1.286971092224121, 0.8985919952392578, 0.9605203866958618, 0.00222990196198225, 0.418626606464386, 0.7193734049797058, 0.38694119453430176, 0.8582271337509155, 1.1588307619094849, 0.015940392389893532, 0.9980111718177795, 1.3270148038864136, 0.12827813625335693, 0.5299075245857239, 0.7437620162963867, 0.32360902428627014, 1.2420729398727417]"
137,8768,8832,64,0.953125,0.5430078506469727,clean_mnist,0.0625,0.109375,0.0625,0.171875,0.09375,0.03125,0.203125,0.140625,0.09375,0.03125,0.5769189596176147,0.1734260469675064,13.568597793579102,13.55507755279541,28.0,28.0,"[4, 4, 6, 3, 1, 3, 6, 4, 9, 6, 1, 5, 8, 1, 8, 7, 2, 8, 3, 4, 0, 8, 3, 7, 6, 2, 3, 3, 4, 6, 7, 6, 3, 7, 9, 7, 7, 7, 1, 6, 3, 0, 2, 1, 0, 0, 6, 1, 3, 6, 3, 5, 6, 8, 6, 1, 3, 4, 6, 7, 7, 6, 8, 2]","[4, 4, 6, 3, 1, 3, 6, 4, 9, 6, 1, 5, 8, 1, 8, 7, 2, 8, 3, 4, 0, 5, 3, 7, 6, 2, 3, 3, 4, 6, 7, 6, 3, 7, 9, 7, 7, 7, 1, 6, 3, 0, 2, 1, 0, 0, 6, 1, 3, 6, 3, 5, 6, 3, 6, 1, 3, 4, 6, 7, 7, 6, 3, 2]","[0.9862167835235596, 0.9543161392211914, 0.9630945920944214, 0.8098750710487366, 0.9337031841278076, 0.5875012874603271, 0.9730581641197205, 0.9647918939590454, 0.932043731212616, 0.7655888199806213, 0.997408926486969, 0.8658574819564819, 0.6551731824874878, 0.9876250624656677, 0.9966551065444946, 0.6142878532409668, 0.9889668822288513, 0.7476305961608887, 0.5909969806671143, 0.8798202872276306, 0.9986481070518494, 0.6483749151229858, 0.5123779773712158, 0.8714706301689148, 0.9434744715690613, 0.6352579593658447, 0.7191289067268372, 0.9395654797554016, 0.9851518273353577, 0.808358371257782, 0.6512330770492554, 0.6017146706581116, 0.48083770275115967, 0.7999548316001892, 0.951941967010498, 0.9313602447509766, 0.9729297161102295, 0.7426407933235168, 0.9977514147758484, 0.9476655125617981, 0.33656391501426697, 0.9924775958061218, 0.7466112375259399, 0.9915761351585388, 0.9986979961395264, 0.9902378916740417, 0.8955202102661133, 0.9983043670654297, 0.8236357569694519, 0.9386201500892639, 0.9518092274665833, 0.48684176802635193, 0.9872353672981262, 0.6091932654380798, 0.9889384508132935, 0.980803906917572, 0.8435109257698059, 0.9298146367073059, 0.9906588792800903, 0.7179949879646301, 0.8235083222389221, 0.9383208155632019, 0.4687679409980774, 0.7257115840911865]","[1, 1, 1, 1, 1, 1, 1, 1, 1, 1, 1, 1, 1, 1, 1, 1, 1, 1, 1, 1, 1, 0, 1, 1, 1, 1, 1, 1, 1, 1, 1, 1, 1, 1, 1, 1, 1, 1, 1, 1, 1, 1, 1, 1, 1, 1, 1, 1, 1, 1, 1, 1, 1, 0, 1, 1, 1, 1, 1, 1, 1, 1, 0, 1]","[0.07964488863945007, 0.24924400448799133, 0.20570069551467896, 0.6831191778182983, 0.34288543462753296, 0.8967605233192444, 0.14215293526649475, 0.1945016086101532, 0.3155469000339508, 0.8280635476112366, 0.02072773315012455, 0.6105489730834961, 0.8214777112007141, 0.08519913256168365, 0.027757054194808006, 1.2726560831069946, 0.07924145460128784, 0.8223685026168823, 1.2815793752670288, 0.5291665196418762, 0.011069729924201965, 1.022759199142456, 1.3526058197021484, 0.5057982206344604, 0.304340660572052, 1.1541099548339844, 0.8434929847717285, 0.2616884708404541, 0.08883456885814667, 0.7978707551956177, 0.8150464296340942, 1.3288650512695312, 1.188637375831604, 0.8443822860717773, 0.21688248217105865, 0.3603641092777252, 0.14837050437927246, 0.9071063995361328, 0.019599558785557747, 0.26964128017425537, 1.7418774366378784, 0.05801766365766525, 0.92201828956604, 0.06298001110553741, 0.012361718341708183, 0.07044658064842224, 0.4416462182998657, 0.01567569561302662, 0.7803590297698975, 0.3400445878505707, 0.2231801599264145, 1.2696940898895264, 0.07963302731513977, 1.2732971906661987, 0.0764572024345398, 0.1306760162115097, 0.6196877956390381, 0.3210602402687073, 0.061443030834198, 1.0818846225738525, 0.5224018096923828, 0.32426726818084717, 1.5536954402923584, 0.8398917317390442]"
138,8832,8896,64,0.890625,0.6457751989364624,clean_mnist,0.09375,0.109375,0.15625,0.09375,0.15625,0.03125,0.140625,0.03125,0.140625,0.046875,0.5716671943664551,0.1693202406167984,13.563602447509766,13.557640075683594,28.0,28.0,"[4, 2, 2, 5, 1, 9, 0, 1, 4, 2, 4, 2, 2, 7, 6, 9, 6, 8, 6, 9, 2, 8, 4, 0, 5, 1, 2, 8, 6, 7, 6, 0, 2, 8, 1, 8, 6, 4, 6, 6, 4, 1, 4, 4, 8, 0, 2, 3, 3, 6, 3, 8, 3, 0, 2, 4, 3, 8, 4, 1, 8, 3, 0, 1]","[4, 2, 2, 5, 1, 9, 0, 1, 4, 2, 4, 2, 2, 7, 6, 9, 6, 7, 6, 9, 2, 2, 4, 0, 5, 4, 2, 8, 6, 7, 6, 0, 2, 3, 7, 8, 6, 4, 6, 6, 4, 1, 4, 4, 5, 0, 2, 3, 3, 6, 3, 2, 3, 0, 2, 4, 3, 8, 4, 1, 8, 3, 0, 1]","[0.9135738015174866, 0.7964911460876465, 0.9539045691490173, 0.316823273897171, 0.9985994696617126, 0.7702705264091492, 0.9991121888160706, 0.9824094772338867, 0.9837067127227783, 0.7996336221694946, 0.9719797372817993, 0.8205272555351257, 0.6928460597991943, 0.684514045715332, 0.9611834287643433, 0.5077006220817566, 0.7671483755111694, 0.5546147227287292, 0.9880451560020447, 0.747551679611206, 0.9630932807922363, 0.29482367634773254, 0.46280989050865173, 0.9937396049499512, 0.5240142941474915, 0.44256070256233215, 0.8868203163146973, 0.829652726650238, 0.8779666423797607, 0.4009554088115692, 0.9908813238143921, 0.8360532522201538, 0.8418697118759155, 0.8601515293121338, 0.6373463869094849, 0.6173325777053833, 0.7069410085678101, 0.9558043479919434, 0.9532799124717712, 0.7625590562820435, 0.9527234435081482, 0.9865800738334656, 0.9693198204040527, 0.7885280251502991, 0.2853695750236511, 0.9984179735183716, 0.7439742684364319, 0.4867628514766693, 0.9318630695343018, 0.7714246511459351, 0.9524588584899902, 0.32905206084251404, 0.6152144074440002, 0.9990792274475098, 0.4323686361312866, 0.431887149810791, 0.9309654831886292, 0.8387864828109741, 0.6714150905609131, 0.9739020466804504, 0.9728513360023499, 0.9770649671554565, 0.9996815919876099, 0.9251082539558411]","[1, 1, 1, 1, 1, 1, 1, 1, 1, 1, 1, 1, 1, 1, 1, 1, 1, 0, 1, 1, 1, 0, 1, 1, 1, 0, 1, 1, 1, 1, 1, 1, 1, 0, 0, 1, 1, 1, 1, 1, 1, 1, 1, 1, 0, 1, 1, 1, 1, 1, 1, 0, 1, 1, 1, 1, 1, 1, 1, 1, 1, 1, 1, 1]","[0.3702121376991272, 0.8982586860656738, 0.22713589668273926, 1.5847911834716797, 0.013031601905822754, 0.7587192058563232, 0.008589016273617744, 0.11581166088581085, 0.09544947743415833, 0.8416184186935425, 0.1596381515264511, 0.6593887805938721, 0.9350742101669312, 1.0359524488449097, 0.2181464582681656, 1.2071292400360107, 0.5567125678062439, 1.3352625370025635, 0.0807732343673706, 0.7090514302253723, 0.21354366838932037, 1.8040703535079956, 1.310200810432434, 0.048917584121227264, 0.8375370502471924, 1.4886115789413452, 0.5029014348983765, 0.5878565907478333, 0.5301011800765991, 1.4249303340911865, 0.06033417955040932, 0.5673320293426514, 0.5477126240730286, 0.5992346405982971, 0.9217631220817566, 1.1768618822097778, 0.7383308410644531, 0.22034338116645813, 0.2379002422094345, 0.959367573261261, 0.24616754055023193, 0.09284714609384537, 0.1603464037179947, 0.7004658579826355, 1.7399979829788208, 0.014227204024791718, 0.8284573554992676, 0.9992753863334656, 0.33230698108673096, 0.691105306148529, 0.26066964864730835, 1.803465723991394, 1.0981204509735107, 0.008739447221159935, 1.6603903770446777, 1.3401906490325928, 0.3584045171737671, 0.7022616863250732, 0.856438934803009, 0.15875738859176636, 0.16913536190986633, 0.12268183380365372, 0.0033713511656969786, 0.3931948244571686]"
139,8896,8960,64,0.96875,0.3055632412433624,clean_mnist,0.125,0.09375,0.078125,0.109375,0.125,0.078125,0.109375,0.09375,0.140625,0.046875,0.5791658759117126,0.1757916808128357,13.569793701171875,13.558313369750977,28.0,28.0,"[0, 0, 6, 9, 5, 0, 9, 1, 1, 2, 4, 3, 6, 5, 7, 6, 0, 7, 4, 8, 1, 0, 8, 1, 8, 2, 2, 3, 8, 4, 0, 5, 8, 6, 4, 7, 0, 8, 1, 0, 3, 1, 5, 2, 6, 3, 6, 4, 4, 5, 3, 6, 3, 7, 4, 8, 2, 9, 7, 8, 4, 3, 8, 7]","[0, 0, 6, 9, 5, 0, 9, 1, 1, 2, 4, 3, 6, 5, 7, 6, 0, 7, 4, 8, 1, 0, 8, 1, 8, 2, 2, 3, 2, 4, 0, 5, 8, 6, 4, 7, 0, 8, 1, 0, 3, 1, 5, 2, 6, 3, 6, 4, 4, 5, 3, 6, 3, 7, 4, 8, 2, 9, 7, 8, 4, 3, 3, 7]","[0.9720981121063232, 0.9973100423812866, 0.4577254056930542, 0.9045806527137756, 0.6664849519729614, 0.9992163181304932, 0.7309426665306091, 0.9984723925590515, 0.8694697022438049, 0.9516831040382385, 0.9916738867759705, 0.9820745587348938, 0.9412581920623779, 0.9087611436843872, 0.7620409727096558, 0.9858865737915039, 0.9964631199836731, 0.9924473762512207, 0.9493123292922974, 0.9975214600563049, 0.9991798996925354, 0.9988192915916443, 0.9163005948066711, 0.9984349608421326, 0.9860985279083252, 0.8245961666107178, 0.9130882024765015, 0.9917051792144775, 0.41278401017189026, 0.9960110187530518, 0.9941340088844299, 0.8539319038391113, 0.9925848841667175, 0.9746143221855164, 0.9596282839775085, 0.9911401867866516, 0.9792194962501526, 0.9883511662483215, 0.9487726092338562, 0.9985480904579163, 0.758632242679596, 0.9990561604499817, 0.9382473826408386, 0.9487517476081848, 0.7087317705154419, 0.984551727771759, 0.9376786351203918, 0.9969366788864136, 0.9978860020637512, 0.8523549437522888, 0.9428820013999939, 0.9668564200401306, 0.9868597388267517, 0.9919384121894836, 0.9864211082458496, 0.9895081520080566, 0.5175994038581848, 0.6482665538787842, 0.7978116273880005, 0.9564468264579773, 0.9872803092002869, 0.981444239616394, 0.4512055516242981, 0.9191232323646545]","[1, 1, 1, 1, 1, 1, 1, 1, 1, 1, 1, 1, 1, 1, 1, 1, 1, 1, 1, 1, 1, 1, 1, 1, 1, 1, 1, 1, 0, 1, 1, 1, 1, 1, 1, 1, 1, 1, 1, 1, 1, 1, 1, 1, 1, 1, 1, 1, 1, 1, 1, 1, 1, 1, 1, 1, 1, 1, 1, 1, 1, 1, 0, 1]","[0.17247721552848816, 0.022750280797481537, 1.1249992847442627, 0.3779248297214508, 1.0273410081863403, 0.007774491794407368, 0.9192608594894409, 0.014264407567679882, 0.5094467997550964, 0.24663621187210083, 0.055458489805459976, 0.11037392914295197, 0.28239473700523376, 0.33250758051872253, 0.7295586466789246, 0.08260994404554367, 0.024544913321733475, 0.054652780294418335, 0.24627502262592316, 0.02160271815955639, 0.008062515407800674, 0.011126421391963959, 0.36966168880462646, 0.014271259307861328, 0.09023342281579971, 0.6002441644668579, 0.4185446500778198, 0.06099569797515869, 1.4019289016723633, 0.030646968632936478, 0.04387032613158226, 0.48010340332984924, 0.05097423866391182, 0.1359539031982422, 0.21937133371829987, 0.06329827010631561, 0.13336916267871857, 0.0789906308054924, 0.2900606393814087, 0.013632298447191715, 0.6412714719772339, 0.009200073778629303, 0.29274827241897583, 0.22898314893245697, 0.8141019344329834, 0.10630688816308975, 0.3143954873085022, 0.022499186918139458, 0.017274674028158188, 0.44047677516937256, 0.31887587904930115, 0.17649058997631073, 0.09058400243520737, 0.057554181665182114, 0.08623465895652771, 0.07203177362680435, 1.5125224590301514, 0.7549768090248108, 0.5872356295585632, 0.22856631875038147, 0.07421975582838058, 0.1237960010766983, 1.365832805633545, 0.34167325496673584]"
140,8960,9024,64,0.96875,0.2756892740726471,clean_mnist,0.125,0.171875,0.109375,0.0625,0.078125,0.0625,0.109375,0.140625,0.0625,0.078125,0.5738891363143921,0.16994720697402954,13.57168960571289,13.566398620605469,28.0,28.0,"[2, 0, 4, 1, 4, 7, 7, 3, 9, 0, 1, 9, 2, 4, 6, 5, 3, 2, 0, 0, 7, 6, 0, 2, 1, 1, 5, 1, 5, 1, 7, 7, 1, 2, 6, 4, 4, 2, 9, 9, 6, 7, 9, 0, 3, 0, 3, 7, 8, 5, 6, 1, 1, 1, 8, 6, 6, 1, 0, 8, 8, 2, 7, 7]","[2, 0, 4, 1, 4, 7, 2, 3, 9, 0, 1, 9, 2, 4, 6, 5, 3, 2, 2, 0, 7, 6, 0, 2, 1, 1, 5, 1, 5, 1, 7, 7, 1, 2, 6, 4, 4, 2, 9, 9, 6, 7, 9, 0, 3, 0, 3, 7, 8, 5, 6, 1, 1, 1, 8, 6, 6, 1, 0, 8, 8, 2, 7, 7]","[0.6435642242431641, 0.9989814162254333, 0.97773277759552, 0.9990546107292175, 0.976917028427124, 0.931664764881134, 0.7141308784484863, 0.982812225818634, 0.9969784021377563, 0.9991441965103149, 0.9990252256393433, 0.6968418955802917, 0.7672359943389893, 0.9988722205162048, 0.5746893882751465, 0.6149773597717285, 0.9905073642730713, 0.9433727264404297, 0.3612239360809326, 0.9979246854782104, 0.9930237531661987, 0.9788984656333923, 0.9993522763252258, 0.808976411819458, 0.9997066855430603, 0.9992883801460266, 0.5545511245727539, 0.9992479681968689, 0.5847128629684448, 0.9992061257362366, 0.9941344857215881, 0.9960829019546509, 0.9995908141136169, 0.9473379254341125, 0.892315685749054, 0.9987531900405884, 0.9768229722976685, 0.986992597579956, 0.9764478802680969, 0.9113247990608215, 0.8796148300170898, 0.9925597906112671, 0.5738120675086975, 0.9969404935836792, 0.9388809204101562, 0.9994493126869202, 0.9560067057609558, 0.9879372715950012, 0.921551525592804, 0.8774028420448303, 0.9362239837646484, 0.9983339905738831, 0.9985018968582153, 0.9986916184425354, 0.9991981387138367, 0.970277726650238, 0.9842773675918579, 0.9963472485542297, 0.9997230172157288, 0.9801541566848755, 0.9990384578704834, 0.7572826147079468, 0.8686867952346802, 0.9883819222450256]","[1, 1, 1, 1, 1, 1, 0, 1, 1, 1, 1, 1, 1, 1, 1, 1, 1, 1, 0, 1, 1, 1, 1, 1, 1, 1, 1, 1, 1, 1, 1, 1, 1, 1, 1, 1, 1, 1, 1, 1, 1, 1, 1, 1, 1, 1, 1, 1, 1, 1, 1, 1, 1, 1, 1, 1, 1, 1, 1, 1, 1, 1, 1, 1]","[0.8471365571022034, 0.009443552233278751, 0.12083672732114792, 0.00918812770396471, 0.14341209828853607, 0.28376397490501404, 0.9691488146781921, 0.10248985886573792, 0.025530271232128143, 0.008474231697618961, 0.009498843923211098, 0.6988868713378906, 0.8555268049240112, 0.009743645787239075, 1.3249123096466064, 0.7614574432373047, 0.059317611157894135, 0.26405614614486694, 1.440496563911438, 0.018648387864232063, 0.04866266995668411, 0.12194272130727768, 0.005920533090829849, 0.7818634510040283, 0.0031416197307407856, 0.007158234715461731, 1.188761591911316, 0.0075200870633125305, 0.840010941028595, 0.00793057307600975, 0.041871070861816406, 0.031454287469387054, 0.00432872399687767, 0.2801061272621155, 0.4415738880634308, 0.010332570411264896, 0.12858688831329346, 0.08364234119653702, 0.14271429181098938, 0.37026190757751465, 0.4252173602581024, 0.0527835451066494, 1.0126489400863647, 0.025228137150406837, 0.30722445249557495, 0.005501402076333761, 0.21995894610881805, 0.08218683302402496, 0.3682492971420288, 0.4320662319660187, 0.34243273735046387, 0.01512958575040102, 0.013209043070673943, 0.012211506254971027, 0.007344773504883051, 0.16927315294742584, 0.09462588280439377, 0.030935121700167656, 0.0028347002808004618, 0.10761644691228867, 0.008512704633176327, 0.8251384496688843, 0.498029887676239, 0.07600043714046478]"
141,9024,9088,64,0.984375,0.28892526030540466,clean_mnist,0.171875,0.09375,0.0625,0.109375,0.109375,0.09375,0.109375,0.078125,0.078125,0.09375,0.577069878578186,0.17296379804611206,13.568106651306152,13.563371658325195,28.0,28.0,"[6, 4, 4, 0, 5, 4, 4, 2, 0, 5, 0, 0, 2, 3, 0, 1, 4, 9, 6, 1, 5, 1, 4, 0, 0, 6, 8, 9, 7, 3, 2, 0, 0, 8, 6, 3, 7, 9, 5, 6, 5, 3, 9, 0, 6, 1, 9, 4, 1, 5, 3, 6, 8, 7, 3, 8, 3, 9, 7, 0, 8, 1, 7, 2]","[6, 4, 4, 0, 5, 4, 4, 2, 0, 5, 0, 0, 2, 3, 0, 1, 4, 9, 6, 1, 5, 1, 4, 0, 0, 6, 8, 9, 7, 3, 2, 0, 0, 8, 6, 3, 7, 9, 5, 6, 5, 3, 9, 0, 6, 1, 9, 4, 1, 5, 3, 6, 8, 7, 3, 8, 3, 9, 7, 0, 5, 1, 7, 2]","[0.9847034811973572, 0.9739936590194702, 0.7641672492027283, 0.995457649230957, 0.7750612497329712, 0.9989387392997742, 0.9658609628677368, 0.9409226775169373, 0.996084451675415, 0.8763825297355652, 0.9997583031654358, 0.9994392991065979, 0.4491727650165558, 0.9714491367340088, 0.9980196952819824, 0.9995133876800537, 0.8313973546028137, 0.8231977224349976, 0.9112824201583862, 0.9877277612686157, 0.4771270751953125, 0.9994331002235413, 0.5774921178817749, 0.9979928731918335, 0.999125063419342, 0.9755903482437134, 0.9970200657844543, 0.8645204305648804, 0.9419943690299988, 0.996225118637085, 0.9492614269256592, 0.9989891648292542, 0.9249992370605469, 0.9986799359321594, 0.9891802072525024, 0.9775832891464233, 0.9489641785621643, 0.8401440382003784, 0.7534843683242798, 0.9856216311454773, 0.8679490685462952, 0.991135835647583, 0.9916858077049255, 0.9985159039497375, 0.972582995891571, 0.9986351132392883, 0.9845897555351257, 0.9924975037574768, 0.9977595806121826, 0.8801758885383606, 0.9685667157173157, 0.6148887872695923, 0.998040497303009, 0.9469625353813171, 0.42824873328208923, 0.9973157048225403, 0.9722098708152771, 0.8723686337471008, 0.9810304641723633, 0.998957633972168, 0.4814673066139221, 0.9989941716194153, 0.9872167706489563, 0.954338014125824]","[1, 1, 1, 1, 1, 1, 1, 1, 1, 1, 1, 1, 1, 1, 1, 1, 1, 1, 1, 1, 1, 1, 1, 1, 1, 1, 1, 1, 1, 1, 1, 1, 1, 1, 1, 1, 1, 1, 1, 1, 1, 1, 1, 1, 1, 1, 1, 1, 1, 1, 1, 1, 1, 1, 1, 1, 1, 1, 1, 1, 0, 1, 1, 1]","[0.0909452885389328, 0.13912266492843628, 0.6384240984916687, 0.036483000963926315, 0.8671016097068787, 0.009375450201332569, 0.18874770402908325, 0.31488367915153503, 0.03129658102989197, 0.4492262601852417, 0.0026416426990181208, 0.005704251118004322, 1.4047245979309082, 0.15141001343727112, 0.01787003129720688, 0.005087309051305056, 0.5291671752929688, 0.5504587888717651, 0.37957876920700073, 0.08873137831687927, 1.2612148523330688, 0.005838225595653057, 1.2578543424606323, 0.018247617408633232, 0.0083863390609622, 0.13530968129634857, 0.025485830381512642, 0.4604329764842987, 0.2602292597293854, 0.030067600309848785, 0.27464812994003296, 0.009705591015517712, 0.39297887682914734, 0.011948622763156891, 0.07433872669935226, 0.1405564397573471, 0.28102603554725647, 0.48781320452690125, 0.8081877827644348, 0.09472506493330002, 0.5292119979858398, 0.06676513701677322, 0.05913001671433449, 0.013316357508301735, 0.15720124542713165, 0.012319291010499, 0.10073447972536087, 0.052549052983522415, 0.019980769604444504, 0.5380410552024841, 0.18253815174102783, 1.1047337055206299, 0.017384938895702362, 0.25281935930252075, 1.29923415184021, 0.022938761860132217, 0.17329145967960358, 0.5173965692520142, 0.12211725115776062, 0.009844640269875526, 0.9459930658340454, 0.009716707281768322, 0.08097364008426666, 0.2630099356174469]"
142,9088,9152,64,0.90625,0.3129187524318695,clean_mnist,0.0625,0.15625,0.046875,0.078125,0.171875,0.046875,0.125,0.03125,0.140625,0.140625,0.5686442852020264,0.16533924639225006,13.561826705932617,13.565824508666992,28.0,28.0,"[8, 3, 6, 4, 2, 8, 6, 6, 8, 1, 8, 8, 4, 0, 7, 1, 1, 2, 1, 3, 4, 4, 1, 5, 8, 6, 9, 7, 4, 8, 9, 9, 6, 1, 9, 6, 5, 8, 6, 9, 9, 9, 1, 0, 9, 1, 8, 2, 1, 4, 5, 4, 3, 3, 0, 1, 6, 4, 3, 4, 4, 4, 9, 0]","[8, 3, 6, 4, 2, 5, 6, 6, 5, 7, 2, 8, 4, 0, 7, 1, 2, 2, 1, 3, 4, 4, 1, 5, 8, 6, 9, 7, 4, 8, 9, 9, 6, 1, 9, 6, 5, 8, 6, 9, 9, 9, 1, 0, 9, 1, 8, 2, 1, 4, 5, 4, 3, 3, 0, 7, 6, 4, 3, 4, 4, 4, 9, 0]","[0.9963880777359009, 0.8059118986129761, 0.9703529477119446, 0.877051591873169, 0.8779948949813843, 0.6428536772727966, 0.9612783193588257, 0.9569127559661865, 0.6335461735725403, 0.8523808121681213, 0.45660415291786194, 0.9945933222770691, 0.9969934225082397, 0.9981605410575867, 0.9833364486694336, 0.9978020787239075, 0.942625880241394, 0.9827734231948853, 0.9995344877243042, 0.615776538848877, 0.8080164194107056, 0.9976492524147034, 0.9994891881942749, 0.8894200325012207, 0.9965606331825256, 0.9347788095474243, 0.5625656843185425, 0.9717352986335754, 0.9950022101402283, 0.9900680780410767, 0.761953592300415, 0.8090946078300476, 0.9498183131217957, 0.9995943903923035, 0.8690401911735535, 0.982316792011261, 0.810435950756073, 0.9984972476959229, 0.6994312405586243, 0.8920613527297974, 0.9787636995315552, 0.982055127620697, 0.9952783584594727, 0.9992063641548157, 0.8401742577552795, 0.9965090155601501, 0.99908447265625, 0.7275395393371582, 0.9993546605110168, 0.9858776330947876, 0.9132987856864929, 0.9593753218650818, 0.9946473240852356, 0.748201847076416, 0.9996161460876465, 0.841109573841095, 0.929395854473114, 0.9357554912567139, 0.9697846174240112, 0.9514583945274353, 0.982878565788269, 0.9665383100509644, 0.9789719581604004, 0.9979356527328491]","[1, 1, 1, 1, 1, 0, 1, 1, 0, 0, 0, 1, 1, 1, 1, 1, 0, 1, 1, 1, 1, 1, 1, 1, 1, 1, 1, 1, 1, 1, 1, 1, 1, 1, 1, 1, 1, 1, 1, 1, 1, 1, 1, 1, 1, 1, 1, 1, 1, 1, 1, 1, 1, 1, 1, 0, 1, 1, 1, 1, 1, 1, 1, 1]","[0.03092048689723015, 0.6032337546348572, 0.15501238405704498, 0.5006686449050903, 0.4599664807319641, 0.8136003017425537, 0.19695352017879486, 0.21351179480552673, 0.9566175937652588, 0.5249654054641724, 1.5408130884170532, 0.04085370525717735, 0.02445727214217186, 0.016300370916724205, 0.10449206084012985, 0.019681688398122787, 0.24558459222316742, 0.11834321916103363, 0.004879234824329615, 0.9087237119674683, 0.6822711229324341, 0.019054710865020752, 0.005291885230690241, 0.3977693021297455, 0.028447473421692848, 0.32049474120140076, 0.9131807684898376, 0.1586971879005432, 0.03582654893398285, 0.06488002836704254, 0.8133509755134583, 0.6484348773956299, 0.25422191619873047, 0.004296309780329466, 0.5110300779342651, 0.10206472873687744, 0.7963643670082092, 0.013086614198982716, 0.8494905829429626, 0.3979257345199585, 0.13439762592315674, 0.11269058287143707, 0.035800088196992874, 0.007914429530501366, 0.6624101996421814, 0.02810036391019821, 0.00886695459485054, 0.9278634786605835, 0.006531966850161552, 0.08863934129476547, 0.39696553349494934, 0.21102602779865265, 0.04051036387681961, 0.7858288884162903, 0.0038737922441214323, 0.5891831517219543, 0.329164057970047, 0.3155325949192047, 0.17608299851417542, 0.22345121204853058, 0.11348376423120499, 0.18835467100143433, 0.12569545209407806, 0.018673647195100784]"
143,9152,9216,64,0.984375,0.32902097702026367,clean_mnist,0.140625,0.078125,0.109375,0.09375,0.046875,0.109375,0.125,0.09375,0.15625,0.046875,0.5743252038955688,0.17023369669914246,13.56646728515625,13.580079078674316,28.0,28.0,"[8, 3, 8, 8, 6, 7, 0, 5, 5, 1, 7, 5, 8, 8, 0, 9, 3, 2, 5, 5, 4, 1, 6, 1, 9, 6, 8, 2, 8, 1, 3, 3, 3, 8, 2, 6, 7, 4, 4, 9, 3, 2, 0, 0, 0, 0, 7, 1, 7, 6, 6, 2, 0, 5, 6, 5, 8, 0, 6, 2, 2, 8, 7, 0]","[8, 3, 8, 8, 6, 7, 0, 5, 5, 1, 7, 5, 8, 8, 0, 9, 3, 2, 5, 5, 4, 1, 6, 1, 9, 6, 8, 2, 3, 1, 3, 3, 3, 8, 2, 6, 7, 4, 4, 9, 3, 2, 0, 0, 0, 0, 7, 1, 7, 6, 6, 2, 0, 5, 6, 5, 8, 0, 6, 2, 2, 8, 7, 0]","[0.9732060432434082, 0.9220522046089172, 0.9373601078987122, 0.9952313303947449, 0.9791282415390015, 0.8874844908714294, 0.982707679271698, 0.8032580614089966, 0.8572322130203247, 0.9989332556724548, 0.9017144441604614, 0.4991024136543274, 0.9628475308418274, 0.9998030066490173, 0.9993933439254761, 0.9934946894645691, 0.7005685567855835, 0.9566688537597656, 0.9668624401092529, 0.8238851428031921, 0.9958769083023071, 0.9996442794799805, 0.8645600080490112, 0.9994342923164368, 0.8640978336334229, 0.9836020469665527, 0.9941807389259338, 0.9610793590545654, 0.7785967588424683, 0.9989677667617798, 0.9737871885299683, 0.8980028033256531, 0.6183505058288574, 0.9945809245109558, 0.5242297649383545, 0.9542383551597595, 0.7223666310310364, 0.996527373790741, 0.9612486362457275, 0.9963666200637817, 0.5514257550239563, 0.5752456784248352, 0.9998087286949158, 0.9992191791534424, 0.9978756904602051, 0.9927470088005066, 0.9571288228034973, 0.9988638162612915, 0.9813492894172668, 0.7543392181396484, 0.9370141625404358, 0.962493896484375, 0.999278724193573, 0.6335484981536865, 0.978173553943634, 0.5031924247741699, 0.9973641037940979, 0.9995964169502258, 0.9919341802597046, 0.5219806432723999, 0.8389579653739929, 0.997468113899231, 0.9949725866317749, 0.9987339377403259]","[1, 1, 1, 1, 1, 1, 1, 1, 1, 1, 1, 1, 1, 1, 1, 1, 1, 1, 1, 1, 1, 1, 1, 1, 1, 1, 1, 1, 0, 1, 1, 1, 1, 1, 1, 1, 1, 1, 1, 1, 1, 1, 1, 1, 1, 1, 1, 1, 1, 1, 1, 1, 1, 1, 1, 1, 1, 1, 1, 1, 1, 1, 1, 1]","[0.1448826640844345, 0.3400729298591614, 0.3129466474056244, 0.03794187679886818, 0.11493445187807083, 0.4632854759693146, 0.11991531401872635, 0.5874135494232178, 0.5449063181877136, 0.010198988951742649, 0.45704585313796997, 0.9037657976150513, 0.20023055374622345, 0.0021571337711066008, 0.006061512045562267, 0.04815065860748291, 0.7243161797523499, 0.2550334930419922, 0.17533046007156372, 0.6096847057342529, 0.03191983699798584, 0.003844063263386488, 0.4914095103740692, 0.005787706933915615, 0.6092557907104492, 0.09166780859231949, 0.04552873969078064, 0.20114217698574066, 0.7089347243309021, 0.009778499603271484, 0.1321856528520584, 0.5202666521072388, 1.3287814855575562, 0.042276185005903244, 1.1420146226882935, 0.23048146069049835, 0.8183629512786865, 0.02714666537940502, 0.21358722448349, 0.028239743784070015, 1.320013165473938, 1.1647440195083618, 0.0020765368826687336, 0.0077334740199148655, 0.018610576167702675, 0.05089652165770531, 0.23726396262645721, 0.010925826616585255, 0.1225716695189476, 0.8401968479156494, 0.2855834662914276, 0.21909236907958984, 0.0071843997575342655, 0.9766228199005127, 0.1291235238313675, 0.9245786070823669, 0.021947717294096947, 0.004238713067024946, 0.05241607502102852, 1.3015092611312866, 0.546623945236206, 0.021562477573752403, 0.03894408047199249, 0.011996956542134285]"
144,9216,9280,64,0.890625,0.4591253101825714,clean_mnist,0.078125,0.15625,0.140625,0.109375,0.015625,0.0625,0.09375,0.140625,0.109375,0.09375,0.5647085309028625,0.16052129864692688,13.564310073852539,13.562799453735352,28.0,28.0,"[1, 6, 2, 8, 0, 1, 0, 7, 7, 9, 8, 1, 5, 9, 3, 2, 5, 6, 8, 1, 8, 6, 9, 6, 1, 8, 2, 7, 6, 4, 2, 9, 2, 2, 8, 1, 2, 3, 0, 3, 1, 0, 2, 5, 1, 5, 6, 7, 1, 9, 8, 7, 3, 0, 7, 2, 3, 7, 7, 9, 7, 1, 3, 3]","[4, 6, 2, 8, 8, 1, 0, 7, 7, 9, 3, 1, 5, 9, 3, 2, 5, 6, 8, 7, 5, 6, 9, 6, 1, 8, 2, 7, 6, 4, 2, 9, 2, 2, 8, 1, 2, 3, 6, 3, 1, 0, 2, 5, 1, 5, 6, 7, 1, 9, 2, 7, 3, 0, 7, 2, 3, 7, 7, 9, 7, 1, 3, 3]","[0.7093710899353027, 0.9750960469245911, 0.7368671298027039, 0.9444060325622559, 0.4510488212108612, 0.9969967603683472, 0.9966103434562683, 0.8694692254066467, 0.9644501209259033, 0.9944396018981934, 0.4904339611530304, 0.9998101592063904, 0.5705655217170715, 0.9871138334274292, 0.9303359985351562, 0.9889281988143921, 0.639644980430603, 0.775864839553833, 0.9955958724021912, 0.8921070098876953, 0.7907037138938904, 0.9826450347900391, 0.9766819477081299, 0.9619176983833313, 0.9989163875579834, 0.9761818647384644, 0.6956785917282104, 0.8357137441635132, 0.811100423336029, 0.982328474521637, 0.9478539824485779, 0.9775145053863525, 0.8617624044418335, 0.7984887361526489, 0.9978126287460327, 0.9992688298225403, 0.9002259373664856, 0.8216696381568909, 0.5235188007354736, 0.8361740112304688, 0.8533909916877747, 0.9979681372642517, 0.7463493943214417, 0.6814436912536621, 0.9993487000465393, 0.7054684162139893, 0.9446998834609985, 0.8910741806030273, 0.9997121691703796, 0.9869062304496765, 0.4923751950263977, 0.7568792700767517, 0.8599442839622498, 0.9948667287826538, 0.784104585647583, 0.7900667786598206, 0.7871866226196289, 0.8926742672920227, 0.9657313227653503, 0.9876345992088318, 0.8284592628479004, 0.9995157718658447, 0.8989289402961731, 0.38064801692962646]","[0, 1, 1, 1, 0, 1, 1, 1, 1, 1, 0, 1, 1, 1, 1, 1, 1, 1, 1, 0, 0, 1, 1, 1, 1, 1, 1, 1, 1, 1, 1, 1, 1, 1, 1, 1, 1, 1, 0, 1, 1, 1, 1, 1, 1, 1, 1, 1, 1, 1, 0, 1, 1, 1, 1, 1, 1, 1, 1, 1, 1, 1, 1, 1]","[0.7389332056045532, 0.14759580790996552, 0.9025036692619324, 0.2652495205402374, 1.3071346282958984, 0.024450333788990974, 0.028210684657096863, 0.480760395526886, 0.20853278040885925, 0.041166603565216064, 1.0874640941619873, 0.002153620822355151, 1.1307764053344727, 0.08319976925849915, 0.340020090341568, 0.06759198009967804, 1.0587522983551025, 0.7944180369377136, 0.034078147262334824, 0.43513715267181396, 0.6797260642051697, 0.108760766685009, 0.1338442713022232, 0.1992102861404419, 0.010286109521985054, 0.1390061229467392, 1.121253252029419, 0.6670300960540771, 0.5142378211021423, 0.10301762819290161, 0.2537553310394287, 0.1383485198020935, 0.5038396120071411, 0.8350808024406433, 0.01852998323738575, 0.007014571689069271, 0.44341516494750977, 0.5354337692260742, 0.7381555438041687, 0.6008162498474121, 0.6713365912437439, 0.018229544162750244, 0.8665763139724731, 0.8692953586578369, 0.006462022662162781, 0.7564606070518494, 0.244554802775383, 0.40410327911376953, 0.00311884842813015, 0.08715479075908661, 1.3887758255004883, 0.7152597904205322, 0.618833065032959, 0.03974899649620056, 0.8900008201599121, 0.7628733515739441, 0.7516945600509644, 0.44734853506088257, 0.18263836205005646, 0.08537223190069199, 0.7286076545715332, 0.005042276810854673, 0.4244568943977356, 1.487182855606079]"
145,9280,9344,64,0.9375,0.3736700415611267,clean_mnist,0.140625,0.140625,0.078125,0.109375,0.046875,0.109375,0.125,0.078125,0.09375,0.078125,0.5784796476364136,0.17374423146247864,13.566189765930176,13.573877334594727,28.0,28.0,"[6, 6, 4, 7, 2, 8, 7, 0, 1, 3, 9, 5, 1, 3, 8, 6, 0, 0, 1, 1, 3, 2, 8, 3, 9, 6, 9, 7, 9, 8, 0, 9, 1, 0, 8, 1, 6, 2, 2, 3, 5, 4, 0, 5, 3, 6, 5, 7, 5, 0, 1, 1, 1, 2, 8, 3, 5, 4, 6, 5, 0, 6, 0, 7]","[6, 6, 4, 7, 2, 8, 7, 0, 1, 3, 9, 5, 1, 3, 3, 6, 0, 0, 1, 1, 3, 2, 3, 3, 9, 6, 9, 7, 9, 8, 0, 9, 1, 0, 8, 1, 6, 2, 2, 3, 5, 4, 0, 5, 3, 6, 5, 7, 5, 0, 5, 1, 1, 2, 8, 3, 5, 4, 6, 5, 5, 6, 0, 7]","[0.9942169189453125, 0.9807218313217163, 0.9744296073913574, 0.5743915438652039, 0.9241577982902527, 0.9977941513061523, 0.6501665711402893, 0.9973356127738953, 0.999169111251831, 0.5588050484657288, 0.7359792590141296, 0.6974522471427917, 0.9991884827613831, 0.528628408908844, 0.5924850106239319, 0.9530561566352844, 0.9996185302734375, 0.9932695031166077, 0.9967345595359802, 0.9938655495643616, 0.9816642999649048, 0.9661806225776672, 0.368014931678772, 0.9591013193130493, 0.8923784494400024, 0.8672354221343994, 0.9770409464836121, 0.9230126142501831, 0.9971388578414917, 0.8818441033363342, 0.9985944628715515, 0.9305120706558228, 0.999083399772644, 0.9828097820281982, 0.9723432064056396, 0.998955488204956, 0.9459354877471924, 0.9346052408218384, 0.8456204533576965, 0.9790068864822388, 0.5550090074539185, 0.9985734224319458, 0.9811884760856628, 0.9316117763519287, 0.8775030374526978, 0.9831337928771973, 0.7763078808784485, 0.9854875802993774, 0.5391451716423035, 0.9791275858879089, 0.5455359220504761, 0.9952964186668396, 0.9893339276313782, 0.9744696617126465, 0.9997746348381042, 0.9823907613754272, 0.9016435742378235, 0.9847774505615234, 0.802973210811615, 0.6630628108978271, 0.7168170213699341, 0.9503874182701111, 0.9987806677818298, 0.9416031837463379]","[1, 1, 1, 1, 1, 1, 1, 1, 1, 1, 1, 1, 1, 1, 0, 1, 1, 1, 1, 1, 1, 1, 0, 1, 1, 1, 1, 1, 1, 1, 1, 1, 1, 1, 1, 1, 1, 1, 1, 1, 1, 1, 1, 1, 1, 1, 1, 1, 1, 1, 0, 1, 1, 1, 1, 1, 1, 1, 1, 1, 0, 1, 1, 1]","[0.043701350688934326, 0.11668608337640762, 0.1449236124753952, 0.9103599786758423, 0.3593493700027466, 0.019124913960695267, 0.841637134552002, 0.022551314905285835, 0.008089453913271427, 0.8478358387947083, 1.0615588426589966, 1.0274927616119385, 0.00806361623108387, 0.8437965512275696, 0.9093890190124512, 0.24143563210964203, 0.004105994012206793, 0.05308882147073746, 0.027752773836255074, 0.04835909605026245, 0.11853647232055664, 0.1980145275592804, 1.5132547616958618, 0.2043071836233139, 0.4888782501220703, 0.47781866788864136, 0.137080579996109, 0.41600126028060913, 0.023490123450756073, 0.5373921394348145, 0.012413447722792625, 0.30501601099967957, 0.008889548480510712, 0.11318070441484451, 0.14502941071987152, 0.010089166462421417, 0.26354432106018066, 0.34307849407196045, 0.6377875208854675, 0.13039669394493103, 1.325309157371521, 0.012761279009282589, 0.11946284025907516, 0.32279282808303833, 0.5104111433029175, 0.1136658787727356, 0.8956654667854309, 0.09123755991458893, 1.0366629362106323, 0.12505409121513367, 1.2308281660079956, 0.037195004522800446, 0.07653810828924179, 0.1593063324689865, 0.002508965553715825, 0.12128622084856033, 0.48349568247795105, 0.09697280079126358, 0.7819004654884338, 1.0659116506576538, 1.0910398960113525, 0.26046478748321533, 0.011433091014623642, 0.3194756507873535]"
146,9344,9408,64,0.890625,0.4739750623703003,clean_mnist,0.03125,0.125,0.078125,0.109375,0.125,0.09375,0.046875,0.078125,0.203125,0.109375,0.5808950662612915,0.1767301857471466,13.570700645446777,13.570231437683105,28.0,28.0,"[8, 8, 9, 9, 4, 8, 1, 7, 5, 4, 1, 3, 7, 9, 8, 8, 2, 8, 4, 3, 8, 1, 5, 5, 5, 8, 1, 2, 9, 7, 2, 4, 8, 2, 1, 6, 3, 8, 7, 8, 8, 4, 3, 5, 4, 6, 9, 4, 4, 1, 9, 7, 8, 5, 2, 1, 3, 3, 0, 3, 1, 6, 0, 9]","[5, 8, 9, 9, 4, 8, 1, 7, 5, 4, 1, 3, 7, 9, 8, 8, 2, 8, 4, 3, 8, 1, 5, 5, 5, 8, 4, 2, 9, 7, 2, 4, 5, 2, 1, 6, 3, 5, 7, 2, 5, 4, 3, 5, 4, 6, 9, 4, 4, 1, 9, 7, 2, 5, 2, 1, 3, 3, 0, 3, 1, 6, 0, 9]","[0.6277559399604797, 0.9998005032539368, 0.9474141001701355, 0.9146785736083984, 0.8292121887207031, 0.9986717700958252, 0.9990137815475464, 0.972644567489624, 0.7141514420509338, 0.9947766065597534, 0.9993051290512085, 0.9755271673202515, 0.9872745275497437, 0.9253100156784058, 0.9980934262275696, 0.9960232973098755, 0.9545687437057495, 0.9980531930923462, 0.7405325174331665, 0.8502107858657837, 0.9943671822547913, 0.9942623972892761, 0.7737196683883667, 0.7389189600944519, 0.7503624558448792, 0.9606703519821167, 0.5034294128417969, 0.6812235116958618, 0.8227269649505615, 0.9528305530548096, 0.5413820147514343, 0.9990571141242981, 0.8006944060325623, 0.8340463638305664, 0.9752057790756226, 0.9563245177268982, 0.3015100061893463, 0.6328138709068298, 0.9575101137161255, 0.48701244592666626, 0.38716670870780945, 0.9821015000343323, 0.6692398190498352, 0.7133528590202332, 0.9788625240325928, 0.9593681693077087, 0.7993663549423218, 0.9938913583755493, 0.6121322512626648, 0.9967460632324219, 0.9938551783561707, 0.7847609519958496, 0.4224482476711273, 0.4721324145793915, 0.6926198601722717, 0.9923674464225769, 0.925724983215332, 0.7746697068214417, 0.9985682964324951, 0.9352533221244812, 0.9983354210853577, 0.9655852913856506, 0.9989142417907715, 0.9386486411094666]","[0, 1, 1, 1, 1, 1, 1, 1, 1, 1, 1, 1, 1, 1, 1, 1, 1, 1, 1, 1, 1, 1, 1, 1, 1, 1, 0, 1, 1, 1, 1, 1, 0, 1, 1, 1, 1, 0, 1, 0, 0, 1, 1, 1, 1, 1, 1, 1, 1, 1, 1, 1, 0, 1, 1, 1, 1, 1, 1, 1, 1, 1, 1, 1]","[0.9937693476676941, 0.0022489940747618675, 0.2848980724811554, 0.33490219712257385, 0.6957290768623352, 0.012464931234717369, 0.009519951418042183, 0.14926472306251526, 0.8488593101501465, 0.03873539716005325, 0.007011345122009516, 0.14599305391311646, 0.08710101246833801, 0.38265538215637207, 0.016592513769865036, 0.03389576077461243, 0.2632775902748108, 0.01689009740948677, 0.9109407067298889, 0.6083565354347229, 0.04332892224192619, 0.04627244174480438, 0.6415356397628784, 0.8055493235588074, 0.8396117091178894, 0.19233012199401855, 1.0111643075942993, 1.1624107360839844, 0.6122985482215881, 0.24075224995613098, 0.8341901302337646, 0.008321047760546207, 0.8160676956176758, 0.7254023551940918, 0.14106929302215576, 0.21054589748382568, 1.7403743267059326, 0.9207313656806946, 0.2416096329689026, 1.1754666566848755, 1.4571584463119507, 0.11195917427539825, 1.1236801147460938, 0.9364572763442993, 0.13030079007148743, 0.2201220691204071, 0.7581035494804382, 0.04474224895238876, 0.9790619611740112, 0.027424674481153488, 0.04547465965151787, 0.7395979166030884, 1.320305585861206, 1.1763787269592285, 0.9871324896812439, 0.0589766651391983, 0.3330475389957428, 0.8060662150382996, 0.01335675735026598, 0.3050086796283722, 0.015154121443629265, 0.18528927862644196, 0.01025696936994791, 0.2972102761268616]"
147,9408,9472,64,0.9375,0.3861055076122284,clean_mnist,0.203125,0.078125,0.015625,0.15625,0.109375,0.046875,0.109375,0.15625,0.03125,0.09375,0.5808917880058289,0.17692267894744873,13.5820894241333,13.574776649475098,28.0,28.0,"[8, 6, 4, 3, 3, 3, 5, 1, 7, 6, 3, 3, 3, 6, 0, 1, 3, 9, 7, 3, 9, 7, 1, 4, 7, 4, 7, 0, 4, 9, 6, 0, 0, 0, 4, 3, 7, 7, 6, 9, 9, 2, 0, 0, 0, 1, 7, 0, 0, 1, 0, 0, 6, 4, 5, 0, 5, 4, 3, 7, 6, 9, 7, 8]","[8, 6, 4, 3, 3, 3, 5, 1, 7, 6, 3, 5, 3, 6, 0, 1, 3, 9, 7, 3, 9, 7, 1, 4, 7, 7, 7, 0, 4, 9, 6, 0, 0, 0, 4, 3, 7, 7, 6, 9, 9, 2, 5, 0, 0, 1, 7, 0, 0, 1, 0, 0, 6, 4, 5, 0, 5, 4, 3, 7, 6, 9, 7, 2]","[0.927353024482727, 0.9380263090133667, 0.9777923822402954, 0.9496676325798035, 0.9817295670509338, 0.9859392642974854, 0.7334486246109009, 0.998619556427002, 0.9982089996337891, 0.9378547668457031, 0.9613960981369019, 0.6286287307739258, 0.4671613574028015, 0.9885988235473633, 0.9996138215065002, 0.9936268329620361, 0.9548876881599426, 0.8344155550003052, 0.8910654783248901, 0.5967183709144592, 0.8006136417388916, 0.8475954532623291, 0.9988170862197876, 0.8420318365097046, 0.8020975589752197, 0.7165493965148926, 0.9599918127059937, 0.9514439105987549, 0.8603151440620422, 0.8560094833374023, 0.9745655655860901, 0.9496985077857971, 0.9996137022972107, 0.987748384475708, 0.44317421317100525, 0.9058186411857605, 0.9867970943450928, 0.9672561287879944, 0.9854623079299927, 0.8756091594696045, 0.7260420322418213, 0.6507288217544556, 0.7720668911933899, 0.99562668800354, 0.9991342425346375, 0.9892010688781738, 0.9789701104164124, 0.955185055732727, 0.9981916546821594, 0.9977884292602539, 0.9994637370109558, 0.9994422793388367, 0.9740064144134521, 0.9879234433174133, 0.767392635345459, 0.9982178807258606, 0.668942928314209, 0.9817509055137634, 0.8942148685455322, 0.9596830606460571, 0.9740647077560425, 0.8594874739646912, 0.7301204800605774, 0.4675513505935669]","[1, 1, 1, 1, 1, 1, 1, 1, 1, 1, 1, 0, 1, 1, 1, 1, 1, 1, 1, 1, 1, 1, 1, 1, 1, 0, 1, 1, 1, 1, 1, 1, 1, 1, 1, 1, 1, 1, 1, 1, 1, 1, 0, 1, 1, 1, 1, 1, 1, 1, 1, 1, 1, 1, 1, 1, 1, 1, 1, 1, 1, 1, 1, 0]","[0.32944658398628235, 0.28386691212654114, 0.1128697395324707, 0.272490531206131, 0.10861698538064957, 0.09754181653261185, 1.05512273311615, 0.012843691743910313, 0.015439373441040516, 0.29745641350746155, 0.1929008513689041, 1.066835880279541, 1.3488669395446777, 0.08061393350362778, 0.004014729522168636, 0.04656486213207245, 0.25329601764678955, 0.53670734167099, 0.46104365587234497, 0.8153663277626038, 0.6482482552528381, 0.6313250064849854, 0.011225670576095581, 0.5929787158966064, 0.5303981900215149, 0.9366981983184814, 0.20336554944515228, 0.25030991435050964, 0.5429814457893372, 0.5729752779006958, 0.14578966796398163, 0.2749459743499756, 0.004032877739518881, 0.08522332459688187, 1.495657205581665, 0.47381338477134705, 0.09373892098665237, 0.19830124080181122, 0.08613837510347366, 0.41914743185043335, 1.0375232696533203, 1.3251192569732666, 0.8700291514396667, 0.03491842746734619, 0.008097706362605095, 0.077824167907238, 0.1307535171508789, 0.24989280104637146, 0.01539925392717123, 0.019828591495752335, 0.005423446651548147, 0.005632747896015644, 0.1646696776151657, 0.08004355430603027, 0.6746419668197632, 0.016423650085926056, 1.2348049879074097, 0.11221513897180557, 0.47435563802719116, 0.2369648516178131, 0.1334773749113083, 0.44238144159317017, 0.6467474699020386, 1.124386191368103]"
148,9472,9536,64,0.96875,0.3636835217475891,clean_mnist,0.140625,0.109375,0.140625,0.09375,0.0625,0.0625,0.125,0.125,0.0625,0.078125,0.5849189162254333,0.17982108891010284,13.5724515914917,13.583578109741211,28.0,28.0,"[4, 0, 1, 6, 0, 2, 0, 2, 1, 9, 3, 9, 2, 0, 6, 1, 2, 2, 8, 3, 1, 4, 7, 5, 4, 6, 7, 7, 6, 8, 7, 9, 9, 0, 0, 1, 2, 2, 7, 3, 6, 4, 5, 5, 3, 6, 2, 7, 3, 8, 7, 0, 0, 1, 6, 2, 8, 3, 0, 5, 9, 6, 1, 7]","[2, 0, 1, 6, 0, 2, 0, 2, 1, 9, 3, 9, 2, 0, 6, 1, 2, 2, 8, 3, 1, 4, 7, 5, 4, 6, 7, 7, 6, 8, 7, 9, 9, 0, 0, 1, 2, 2, 7, 3, 6, 4, 5, 5, 3, 6, 2, 7, 3, 8, 7, 0, 0, 1, 6, 2, 8, 3, 0, 5, 9, 6, 6, 7]","[0.681718111038208, 0.9985653758049011, 0.9995487332344055, 0.9647687077522278, 0.9990047812461853, 0.9712021350860596, 0.9989190101623535, 0.647956371307373, 0.9998492002487183, 0.5687853693962097, 0.968308687210083, 0.9485494494438171, 0.8782229423522949, 0.999244213104248, 0.9887714982032776, 0.9950268864631653, 0.9285715818405151, 0.6109114289283752, 0.9663097262382507, 0.4935790002346039, 0.9938997030258179, 0.9813680052757263, 0.9894949793815613, 0.7511218786239624, 0.8308569192886353, 0.9244492650032043, 0.9466336965560913, 0.9812108278274536, 0.8703035712242126, 0.9958922863006592, 0.9927317500114441, 0.976757824420929, 0.5656620264053345, 0.9768921136856079, 0.995701014995575, 0.9963670969009399, 0.8252294659614563, 0.7991862297058105, 0.9649946689605713, 0.9273378252983093, 0.9637570381164551, 0.9644209742546082, 0.7478430271148682, 0.5431524515151978, 0.634114682674408, 0.9333654642105103, 0.9389305114746094, 0.9652969241142273, 0.9443503022193909, 0.9907783269882202, 0.990349531173706, 0.9989842772483826, 0.999599277973175, 0.9973461627960205, 0.8364871144294739, 0.5900737643241882, 0.8956117630004883, 0.9714250564575195, 0.999222993850708, 0.6423937082290649, 0.9802419543266296, 0.8668415546417236, 0.8429854512214661, 0.9771713018417358]","[0, 1, 1, 1, 1, 1, 1, 1, 1, 1, 1, 1, 1, 1, 1, 1, 1, 1, 1, 1, 1, 1, 1, 1, 1, 1, 1, 1, 1, 1, 1, 1, 1, 1, 1, 1, 1, 1, 1, 1, 1, 1, 1, 1, 1, 1, 1, 1, 1, 1, 1, 1, 1, 1, 1, 1, 1, 1, 1, 1, 1, 1, 0, 1]","[1.0246682167053223, 0.013163702562451363, 0.004740120843052864, 0.19268934428691864, 0.009172888472676277, 0.175519198179245, 0.010539279319345951, 1.2299458980560303, 0.0017460593953728676, 0.8717666864395142, 0.1623196303844452, 0.2509337365627289, 0.5499697923660278, 0.0075285122729837894, 0.07128357887268066, 0.0386817529797554, 0.3371521234512329, 1.3389883041381836, 0.20984646677970886, 1.1978012323379517, 0.04573548585176468, 0.11382842808961868, 0.07426746189594269, 0.7627382278442383, 0.6822726726531982, 0.32850944995880127, 0.22618386149406433, 0.11264084279537201, 0.5691676735877991, 0.03367443382740021, 0.05204441398382187, 0.13614521920681, 1.3859061002731323, 0.13765834271907806, 0.035752519965171814, 0.02769772708415985, 0.6635449528694153, 0.8530606627464294, 0.20521433651447296, 0.3536025881767273, 0.17950886487960815, 0.19188708066940308, 0.8097244501113892, 0.8414023518562317, 0.9020846486091614, 0.2930353879928589, 0.2768845558166504, 0.1896931231021881, 0.2720310389995575, 0.06577064096927643, 0.07062803953886032, 0.009588491171598434, 0.004291042685508728, 0.021755659952759743, 0.6578500270843506, 1.1705248355865479, 0.4081769585609436, 0.15715765953063965, 0.007641664240509272, 1.014298677444458, 0.1154794991016388, 0.4562504291534424, 0.5265045166015625, 0.13547447323799133]"
149,9536,9600,64,0.953125,0.33224576711654663,clean_mnist,0.03125,0.171875,0.078125,0.046875,0.15625,0.09375,0.109375,0.140625,0.15625,0.015625,0.570042610168457,0.1675206869840622,13.561756134033203,13.563998222351074,28.0,28.0,"[4, 8, 7, 5, 1, 4, 1, 8, 0, 7, 2, 4, 7, 7, 1, 7, 0, 3, 8, 9, 6, 8, 4, 8, 1, 3, 1, 1, 8, 5, 4, 8, 5, 2, 1, 7, 2, 4, 6, 2, 6, 6, 8, 1, 6, 5, 7, 2, 1, 4, 4, 5, 7, 5, 1, 8, 3, 6, 8, 4, 6, 4, 7, 1]","[4, 8, 7, 5, 1, 4, 2, 8, 0, 7, 2, 4, 7, 7, 1, 7, 0, 3, 8, 9, 6, 8, 4, 8, 7, 3, 1, 1, 8, 5, 4, 8, 5, 2, 1, 7, 2, 4, 6, 2, 6, 6, 5, 1, 6, 5, 7, 2, 1, 4, 4, 5, 7, 5, 1, 8, 3, 6, 8, 4, 6, 4, 7, 1]","[0.9982576966285706, 0.9854898452758789, 0.948483407497406, 0.9574886560440063, 0.9979898929595947, 0.9576054215431213, 0.7487860321998596, 0.9839628338813782, 0.9973129630088806, 0.887563169002533, 0.9673680067062378, 0.8695347905158997, 0.9423254132270813, 0.9937153458595276, 0.9873380661010742, 0.9553622603416443, 0.9133390188217163, 0.93980473279953, 0.9782298803329468, 0.9400992393493652, 0.9702597856521606, 0.9760993123054504, 0.9690201878547668, 0.9696734547615051, 0.5089966058731079, 0.9187173843383789, 0.9993627667427063, 0.9985668063163757, 0.9987010955810547, 0.944930911064148, 0.9947766065597534, 0.9671097993850708, 0.353623628616333, 0.6601049900054932, 0.9991795420646667, 0.9705928564071655, 0.8093580007553101, 0.9868223667144775, 0.9415410161018372, 0.706205427646637, 0.9932825565338135, 0.9581766128540039, 0.802111804485321, 0.9995684027671814, 0.7562964558601379, 0.8275395631790161, 0.8951385021209717, 0.890070915222168, 0.9985369443893433, 0.9668679237365723, 0.9992665648460388, 0.8450809121131897, 0.4279375374317169, 0.6827033758163452, 0.9996141195297241, 0.9758601188659668, 0.8795960545539856, 0.9387885332107544, 0.9988771080970764, 0.8983777761459351, 0.9446585178375244, 0.9907916784286499, 0.7868472933769226, 0.9993976354598999]","[1, 1, 1, 1, 1, 1, 0, 1, 1, 1, 1, 1, 1, 1, 1, 1, 1, 1, 1, 1, 1, 1, 1, 1, 0, 1, 1, 1, 1, 1, 1, 1, 1, 1, 1, 1, 1, 1, 1, 1, 1, 1, 0, 1, 1, 1, 1, 1, 1, 1, 1, 1, 1, 1, 1, 1, 1, 1, 1, 1, 1, 1, 1, 1]","[0.01541868131607771, 0.09929530322551727, 0.2816283106803894, 0.24097390472888947, 0.017647232860326767, 0.1924782246351242, 0.7545225620269775, 0.10865479707717896, 0.02333667501807213, 0.4167933762073517, 0.1991904079914093, 0.48281851410865784, 0.2711089551448822, 0.04412784054875374, 0.09126605838537216, 0.23988528549671173, 0.4032495319843292, 0.3207131028175354, 0.1445012241601944, 0.2928965389728546, 0.17398601770401, 0.1438330113887787, 0.16178937256336212, 0.17043809592723846, 1.11306631565094, 0.35303613543510437, 0.006243633106350899, 0.013186600059270859, 0.011940274387598038, 0.2831481099128723, 0.04082020744681358, 0.18697777390480042, 1.7243571281433105, 1.1560235023498535, 0.00815932359546423, 0.16314227879047394, 0.7478624582290649, 0.07927680015563965, 0.2582496702671051, 1.0368582010269165, 0.04961110278964043, 0.21561399102210999, 0.7248891592025757, 0.0045286002568900585, 0.8472923040390015, 0.5996768474578857, 0.36495012044906616, 0.5540091395378113, 0.013067062012851238, 0.17892464995384216, 0.007100915070623159, 0.605061411857605, 1.3718531131744385, 0.8093311786651611, 0.004095098935067654, 0.15361937880516052, 0.502455472946167, 0.275104284286499, 0.010316058993339539, 0.4035114347934723, 0.2842944264411926, 0.06079168990254402, 0.7446765899658203, 0.006052242126315832]"
150,9600,9664,64,0.9375,0.39467498660087585,clean_mnist,0.0,0.125,0.078125,0.171875,0.046875,0.0625,0.125,0.09375,0.171875,0.125,0.5749177932739258,0.17230667173862457,13.570295333862305,13.568723678588867,28.0,28.0,"[2, 8, 8, 7, 2, 6, 7, 5, 8, 1, 3, 8, 3, 9, 9, 1, 1, 3, 1, 6, 3, 3, 1, 3, 8, 2, 4, 2, 1, 6, 9, 9, 4, 9, 4, 6, 3, 3, 3, 3, 8, 8, 9, 1, 7, 6, 5, 5, 8, 6, 8, 8, 5, 1, 9, 9, 7, 7, 2, 6, 7, 8, 6, 3]","[2, 8, 3, 7, 2, 5, 7, 5, 8, 1, 3, 8, 3, 9, 9, 1, 1, 3, 1, 6, 3, 3, 1, 3, 3, 2, 4, 2, 1, 6, 9, 9, 4, 9, 4, 6, 3, 3, 3, 3, 8, 8, 9, 1, 7, 6, 5, 5, 3, 6, 8, 8, 5, 1, 9, 9, 7, 7, 2, 6, 7, 8, 6, 3]","[0.9125708937644958, 0.9873732924461365, 0.6651340126991272, 0.9870650768280029, 0.8893563151359558, 0.6459795832633972, 0.9638286828994751, 0.6931815147399902, 0.9828556180000305, 0.9980485439300537, 0.9510585069656372, 0.8851784467697144, 0.9139703512191772, 0.9942861199378967, 0.9568495154380798, 0.9994887113571167, 0.9984812140464783, 0.9390008449554443, 0.999606192111969, 0.9155100584030151, 0.8845271468162537, 0.9269437193870544, 0.9964248538017273, 0.8853864669799805, 0.7917299270629883, 0.43078282475471497, 0.9987207055091858, 0.6867599487304688, 0.9952776432037354, 0.9869877099990845, 0.8264663815498352, 0.9727712273597717, 0.6467795372009277, 0.8863702416419983, 0.7365787029266357, 0.9816484451293945, 0.909891664981842, 0.9745688438415527, 0.9722427725791931, 0.8874760270118713, 0.6710172295570374, 0.7509017586708069, 0.9829447865486145, 0.9988700747489929, 0.9726783037185669, 0.9378525614738464, 0.7323992848396301, 0.9582604169845581, 0.4679301977157593, 0.9640243053436279, 0.9958689212799072, 0.9742931127548218, 0.7560074925422668, 0.9993990659713745, 0.9760896563529968, 0.9818575382232666, 0.5476844906806946, 0.9749241471290588, 0.9240986704826355, 0.9767563343048096, 0.9931921362876892, 0.7260180711746216, 0.8846832513809204, 0.8465743660926819]","[1, 1, 0, 1, 1, 0, 1, 1, 1, 1, 1, 1, 1, 1, 1, 1, 1, 1, 1, 1, 1, 1, 1, 1, 0, 1, 1, 1, 1, 1, 1, 1, 1, 1, 1, 1, 1, 1, 1, 1, 1, 1, 1, 1, 1, 1, 1, 1, 0, 1, 1, 1, 1, 1, 1, 1, 1, 1, 1, 1, 1, 1, 1, 1]","[0.39334118366241455, 0.08932452648878098, 1.1066501140594482, 0.08365166187286377, 0.5007166862487793, 1.051831841468811, 0.1868552267551422, 0.9579349756240845, 0.11405812203884125, 0.016839642077684402, 0.2771493196487427, 0.4742652475833893, 0.394989550113678, 0.042287636548280716, 0.2045155018568039, 0.005225791595876217, 0.014050205238163471, 0.3076959252357483, 0.004125434905290604, 0.4015754759311676, 0.5111932754516602, 0.34810978174209595, 0.029374998062849045, 0.48770782351493835, 0.8604275584220886, 1.4656857252120972, 0.011152632534503937, 1.15684974193573, 0.03484222665429115, 0.08550036698579788, 0.6371402144432068, 0.1506163477897644, 0.9775362014770508, 0.4564078450202942, 0.6491973400115967, 0.10749644786119461, 0.361925333738327, 0.1478865146636963, 0.1754247397184372, 0.44169339537620544, 0.7558280825614929, 0.8720535039901733, 0.10564103722572327, 0.01042671874165535, 0.17471760511398315, 0.27534064650535583, 0.8438535332679749, 0.22445303201675415, 1.314148187637329, 0.2004060000181198, 0.03407195955514908, 0.16651533544063568, 0.8237402439117432, 0.005970613565295935, 0.14882461726665497, 0.10932739824056625, 0.8324035406112671, 0.1474718153476715, 0.34181642532348633, 0.13045264780521393, 0.051736876368522644, 0.9984433650970459, 0.42414095997810364, 0.5441611409187317]"
151,9664,9728,64,0.984375,0.28333356976509094,clean_mnist,0.234375,0.078125,0.15625,0.109375,0.09375,0.015625,0.09375,0.109375,0.046875,0.0625,0.5821177959442139,0.17744164168834686,13.587148666381836,13.571941375732422,28.0,28.0,"[3, 7, 0, 4, 2, 7, 3, 0, 2, 9, 1, 0, 7, 0, 1, 3, 3, 7, 2, 9, 5, 3, 8, 0, 0, 2, 6, 0, 6, 1, 8, 0, 3, 1, 0, 0, 6, 4, 6, 0, 4, 1, 3, 0, 9, 4, 0, 7, 2, 9, 4, 2, 7, 0, 4, 6, 0, 2, 2, 6, 7, 2, 8, 2]","[3, 7, 0, 4, 2, 7, 3, 0, 2, 9, 1, 0, 7, 0, 1, 3, 3, 7, 2, 9, 5, 3, 8, 0, 0, 2, 5, 0, 6, 1, 8, 0, 3, 1, 0, 0, 6, 4, 6, 0, 4, 1, 3, 0, 9, 4, 0, 7, 2, 9, 4, 2, 7, 0, 4, 6, 0, 2, 2, 6, 7, 2, 8, 2]","[0.8553435206413269, 0.954258382320404, 0.9990209341049194, 0.9781434535980225, 0.9611409902572632, 0.9916623830795288, 0.5376920700073242, 0.9926228523254395, 0.9577766060829163, 0.9789045453071594, 0.9888142943382263, 0.9985450506210327, 0.9811599850654602, 0.9667055010795593, 0.9995525479316711, 0.9885164499282837, 0.5910219550132751, 0.9280514717102051, 0.9294018149375916, 0.9866222739219666, 0.47460198402404785, 0.9826449751853943, 0.9887529611587524, 0.903626024723053, 0.9994899034500122, 0.8671483993530273, 0.8496721982955933, 0.994143545627594, 0.9711595177650452, 0.996179461479187, 0.9994908571243286, 0.9982611536979675, 0.9189414978027344, 0.9968923926353455, 0.9980725049972534, 0.9974634647369385, 0.9718515872955322, 0.9951276779174805, 0.95793217420578, 0.992228090763092, 0.9857529997825623, 0.9997304081916809, 0.9654093384742737, 0.9951056241989136, 0.8447030782699585, 0.9894250631332397, 0.9997913241386414, 0.9877635836601257, 0.8964695334434509, 0.9157938957214355, 0.9946027398109436, 0.6817299127578735, 0.8141974806785583, 0.9769168496131897, 0.9747198820114136, 0.9443691968917847, 0.9988125562667847, 0.7297903299331665, 0.7621456980705261, 0.9655580520629883, 0.9924253225326538, 0.5691295862197876, 0.9998797178268433, 0.36596301198005676]","[1, 1, 1, 1, 1, 1, 1, 1, 1, 1, 1, 1, 1, 1, 1, 1, 1, 1, 1, 1, 1, 1, 1, 1, 1, 1, 0, 1, 1, 1, 1, 1, 1, 1, 1, 1, 1, 1, 1, 1, 1, 1, 1, 1, 1, 1, 1, 1, 1, 1, 1, 1, 1, 1, 1, 1, 1, 1, 1, 1, 1, 1, 1, 1]","[0.6506799459457397, 0.2419261336326599, 0.009585222229361534, 0.11932845413684845, 0.17945285141468048, 0.05624806135892868, 0.9528579115867615, 0.05623051896691322, 0.19702114164829254, 0.1199636161327362, 0.08102094382047653, 0.013112518936395645, 0.12337393313646317, 0.18824589252471924, 0.004690542351454496, 0.07704365253448486, 1.0277118682861328, 0.34415265917778015, 0.3346736431121826, 0.0875568762421608, 1.0503672361373901, 0.10704817622900009, 0.07915651798248291, 0.4950733184814453, 0.0049990396946668625, 0.6285747289657593, 0.5849443078041077, 0.04413769021630287, 0.17360523343086243, 0.02948061190545559, 0.005054728593677282, 0.01606622524559498, 0.39275768399238586, 0.02527882531285286, 0.016211794689297676, 0.020781544968485832, 0.16077135503292084, 0.03590424358844757, 0.2165665328502655, 0.05788363143801689, 0.08256684988737106, 0.002963538747280836, 0.19776323437690735, 0.03974458575248718, 0.6303967833518982, 0.0679074302315712, 0.0023336601443588734, 0.07947313785552979, 0.49132877588272095, 0.3699670135974884, 0.040265098214149475, 1.2359740734100342, 0.598037838935852, 0.15111374855041504, 0.14461743831634521, 0.2726028263568878, 0.00996342021971941, 0.9627237915992737, 0.5896919965744019, 0.2006751447916031, 0.05607106536626816, 1.37179696559906, 0.0014018162619322538, 1.5244289636611938]"
152,9728,9792,64,0.9375,0.36532384157180786,clean_mnist,0.109375,0.09375,0.125,0.109375,0.0625,0.046875,0.0625,0.09375,0.140625,0.15625,0.5800094604492188,0.17632082104682922,13.572284698486328,13.57575798034668,28.0,28.0,"[9, 9, 3, 9, 8, 0, 1, 1, 2, 2, 8, 3, 7, 4, 0, 5, 0, 6, 4, 7, 1, 8, 0, 9, 9, 0, 9, 1, 2, 2, 9, 3, 6, 4, 8, 5, 8, 6, 3, 7, 7, 8, 8, 9, 2, 0, 1, 1, 2, 2, 3, 3, 2, 4, 8, 5, 9, 6, 3, 7, 7, 8, 0, 9]","[9, 9, 3, 9, 8, 0, 1, 1, 2, 2, 5, 3, 7, 4, 0, 5, 0, 6, 4, 7, 2, 8, 0, 9, 9, 0, 9, 1, 2, 2, 9, 3, 6, 4, 8, 5, 8, 6, 3, 7, 7, 8, 5, 9, 2, 0, 7, 1, 2, 2, 3, 3, 2, 4, 8, 5, 9, 6, 3, 7, 7, 8, 0, 9]","[0.8837379813194275, 0.9737667441368103, 0.920601487159729, 0.931290864944458, 0.9913676381111145, 0.9974892139434814, 0.9997902512550354, 0.9977630376815796, 0.47102227807044983, 0.9461130499839783, 0.7117693424224854, 0.9837316274642944, 0.4812977612018585, 0.9975416660308838, 0.9997954964637756, 0.9551586508750916, 0.9994251728057861, 0.8696111440658569, 0.9818680286407471, 0.9361042380332947, 0.608334481716156, 0.9948524832725525, 0.9983788728713989, 0.5675889849662781, 0.9922841191291809, 0.9879481196403503, 0.8158413171768188, 0.9976189732551575, 0.6979905366897583, 0.6989710927009583, 0.7101142406463623, 0.9756318926811218, 0.7836316227912903, 0.9996163845062256, 0.9457725286483765, 0.7808173298835754, 0.9864787459373474, 0.932003378868103, 0.8383561968803406, 0.9699546098709106, 0.9858497381210327, 0.9845423698425293, 0.48192980885505676, 0.9828245639801025, 0.8929255604743958, 0.9936087131500244, 0.8148095607757568, 0.9925544857978821, 0.8832919001579285, 0.9428418278694153, 0.6936485767364502, 0.991901695728302, 0.9907162189483643, 0.9985914826393127, 0.9681481719017029, 0.9212681651115417, 0.8363310098648071, 0.9392304420471191, 0.9542644023895264, 0.9539412260055542, 0.5203368663787842, 0.9821609258651733, 0.9873257875442505, 0.8524032831192017]","[1, 1, 1, 1, 1, 1, 1, 1, 1, 1, 0, 1, 1, 1, 1, 1, 1, 1, 1, 1, 0, 1, 1, 1, 1, 1, 1, 1, 1, 1, 1, 1, 1, 1, 1, 1, 1, 1, 1, 1, 1, 1, 0, 1, 1, 1, 0, 1, 1, 1, 1, 1, 1, 1, 1, 1, 1, 1, 1, 1, 1, 1, 1, 1]","[0.45849865674972534, 0.16202116012573242, 0.3866400122642517, 0.32007014751434326, 0.05717700347304344, 0.02201753668487072, 0.0023493452463299036, 0.019835636019706726, 1.0455420017242432, 0.2627872824668884, 0.7964092493057251, 0.10710664093494415, 1.4757719039916992, 0.020025089383125305, 0.0022715141531080008, 0.2451476901769638, 0.005873252172023058, 0.4539582431316376, 0.10466454923152924, 0.31718337535858154, 0.9780902862548828, 0.04130919277667999, 0.015035461634397507, 0.7409418821334839, 0.052284032106399536, 0.08544599264860153, 0.5830731391906738, 0.020915403962135315, 0.7927399277687073, 1.0137509107589722, 0.8959422707557678, 0.15033066272735596, 0.6756711006164551, 0.003943024203181267, 0.28465476632118225, 0.8349733948707581, 0.08669561892747879, 0.3173231780529022, 0.6348800659179688, 0.18777388334274292, 0.08752276748418808, 0.10663516819477081, 1.3308957815170288, 0.1048416718840599, 0.40977123379707336, 0.050445690751075745, 0.712287425994873, 0.05752677842974663, 0.5342175960540771, 0.3084662854671478, 1.0390348434448242, 0.05837097018957138, 0.06777147948741913, 0.012303630821406841, 0.20309793949127197, 0.3606624901294708, 0.5195531249046326, 0.2866615951061249, 0.2273474931716919, 0.2649029493331909, 1.3077244758605957, 0.12004055082798004, 0.09004867076873779, 0.4594728350639343]"
153,9792,9856,64,0.96875,0.2472764253616333,clean_mnist,0.09375,0.09375,0.140625,0.078125,0.03125,0.078125,0.125,0.078125,0.171875,0.109375,0.5762136578559875,0.1725478172302246,13.568018913269043,13.566335678100586,28.0,28.0,"[8, 7, 8, 4, 1, 3, 6, 8, 5, 5, 6, 1, 1, 8, 0, 5, 6, 2, 9, 8, 3, 6, 6, 1, 6, 9, 6, 2, 0, 4, 0, 0, 8, 9, 2, 9, 6, 3, 2, 7, 8, 7, 0, 9, 2, 1, 9, 8, 0, 2, 1, 7, 8, 5, 9, 8, 3, 5, 2, 3, 8, 2, 7, 2]","[8, 7, 8, 4, 1, 3, 6, 8, 5, 5, 6, 1, 1, 8, 0, 5, 6, 2, 9, 8, 3, 6, 5, 1, 6, 9, 6, 2, 0, 4, 0, 0, 5, 9, 2, 9, 6, 3, 2, 7, 8, 7, 0, 9, 2, 1, 9, 8, 0, 2, 1, 7, 8, 5, 9, 8, 3, 5, 2, 3, 8, 2, 7, 2]","[0.9925845265388489, 0.9890056252479553, 0.9988958835601807, 0.9875013828277588, 0.9970105886459351, 0.9854254126548767, 0.9844571948051453, 0.9956362843513489, 0.8731643557548523, 0.9512045383453369, 0.9746209979057312, 0.9994045495986938, 0.9522974491119385, 0.9976266026496887, 0.9995693564414978, 0.9020041823387146, 0.9534240365028381, 0.964547872543335, 0.9537709355354309, 0.9993472695350647, 0.9098947644233704, 0.985823392868042, 0.7550078630447388, 0.9989718198776245, 0.8740968704223633, 0.7926977872848511, 0.9872243404388428, 0.9928501844406128, 0.9962136149406433, 0.9986729621887207, 0.9986425042152405, 0.9949148893356323, 0.5610812902450562, 0.8191863894462585, 0.7703890800476074, 0.9224323630332947, 0.955024003982544, 0.9909098744392395, 0.6581013202667236, 0.96259605884552, 0.9998106360435486, 0.9459522366523743, 0.9987571239471436, 0.838834285736084, 0.9636726975440979, 0.9963862895965576, 0.9686700701713562, 0.9993171691894531, 0.997873067855835, 0.9799039363861084, 0.9980795383453369, 0.9497232437133789, 0.9987068176269531, 0.9144983887672424, 0.9712561368942261, 0.996174156665802, 0.6579355001449585, 0.8671348690986633, 0.9865173101425171, 0.9558377265930176, 0.8736046552658081, 0.9558789134025574, 0.9530684351921082, 0.7671119570732117]","[1, 1, 1, 1, 1, 1, 1, 1, 1, 1, 1, 1, 1, 1, 1, 1, 1, 1, 1, 1, 1, 1, 0, 1, 1, 1, 1, 1, 1, 1, 1, 1, 0, 1, 1, 1, 1, 1, 1, 1, 1, 1, 1, 1, 1, 1, 1, 1, 1, 1, 1, 1, 1, 1, 1, 1, 1, 1, 1, 1, 1, 1, 1, 1]","[0.05537893995642662, 0.07452584058046341, 0.010279580950737, 0.08181346952915192, 0.02520444616675377, 0.09585550427436829, 0.10343979299068451, 0.03403590992093086, 0.5989143252372742, 0.26718464493751526, 0.14512260258197784, 0.006116986274719238, 0.2649398744106293, 0.020142724737524986, 0.003981004469096661, 0.46368637681007385, 0.21587970852851868, 0.21377457678318024, 0.22692079842090607, 0.006367053370922804, 0.3749006688594818, 0.09474889189004898, 0.836070716381073, 0.00984949991106987, 0.5383625626564026, 0.5835455656051636, 0.07425260543823242, 0.05450969934463501, 0.02988547459244728, 0.011887028813362122, 0.012508734129369259, 0.03947817161679268, 0.8841273784637451, 0.5248590707778931, 0.8165349960327148, 0.3096565902233124, 0.23596251010894775, 0.05915568768978119, 1.1426887512207031, 0.21734941005706787, 0.0021283957175910473, 0.2831089198589325, 0.011765554547309875, 0.4752214252948761, 0.19030022621154785, 0.02946048229932785, 0.18914054334163666, 0.0066974954679608345, 0.017800360918045044, 0.12362589687108994, 0.016609294340014458, 0.27958470582962036, 0.011465775780379772, 0.40590980648994446, 0.16980679333209991, 0.030608223751187325, 1.023531436920166, 0.5836603045463562, 0.09524957835674286, 0.24853231012821198, 0.4872819185256958, 0.24786785244941711, 0.2525659203529358, 0.8798700571060181]"
154,9856,9920,64,1.0,0.2612866163253784,clean_mnist,0.125,0.140625,0.078125,0.125,0.0625,0.078125,0.09375,0.140625,0.078125,0.078125,0.5760764479637146,0.1723315417766571,13.566302299499512,13.557547569274902,28.0,28.0,"[1, 0, 5, 5, 6, 8, 2, 6, 3, 0, 8, 4, 3, 0, 9, 3, 6, 8, 0, 1, 9, 0, 7, 3, 4, 0, 7, 4, 1, 7, 7, 4, 7, 9, 0, 2, 6, 9, 2, 1, 9, 2, 5, 5, 8, 7, 1, 1, 3, 7, 1, 1, 7, 6, 1, 7, 2, 3, 0, 3, 3, 6, 8, 5]","[1, 0, 5, 5, 6, 8, 2, 6, 3, 0, 8, 4, 3, 0, 9, 3, 6, 8, 0, 1, 9, 0, 7, 3, 4, 0, 7, 4, 1, 7, 7, 4, 7, 9, 0, 2, 6, 9, 2, 1, 9, 2, 5, 5, 8, 7, 1, 1, 3, 7, 1, 1, 7, 6, 1, 7, 2, 3, 0, 3, 3, 6, 8, 5]","[0.996286153793335, 0.9929895401000977, 0.8773741126060486, 0.7649332880973816, 0.5689970254898071, 0.9962031245231628, 0.8071891069412231, 0.9333680272102356, 0.9324597120285034, 0.9980960488319397, 0.9994658827781677, 0.9858922362327576, 0.9626504182815552, 0.998566210269928, 0.7884927988052368, 0.8757331967353821, 0.6725706458091736, 0.9983205199241638, 0.9994474053382874, 0.9971070885658264, 0.9824718832969666, 0.9869539141654968, 0.6233247518539429, 0.9639805555343628, 0.9413846731185913, 0.9898103475570679, 0.9857526421546936, 0.9995142221450806, 0.9997275471687317, 0.9205871224403381, 0.975680947303772, 0.9995254278182983, 0.9600070714950562, 0.9689487814903259, 0.9987466335296631, 0.9837406277656555, 0.9724025726318359, 0.9806421399116516, 0.911202609539032, 0.9989257454872131, 0.9944186210632324, 0.9372366070747375, 0.4142610728740692, 0.954753577709198, 0.9954839944839478, 0.9290791153907776, 0.9986312985420227, 0.9990216493606567, 0.9427858591079712, 0.9860490560531616, 0.9989587068557739, 0.9989759922027588, 0.9675031304359436, 0.9723923206329346, 0.9994891881942749, 0.9216678738594055, 0.8089183568954468, 0.8699271082878113, 0.9995808005332947, 0.9750596880912781, 0.9163500070571899, 0.9834548234939575, 0.9107949137687683, 0.834465742111206]","[1, 1, 1, 1, 1, 1, 1, 1, 1, 1, 1, 1, 1, 1, 1, 1, 1, 1, 1, 1, 1, 1, 1, 1, 1, 1, 1, 1, 1, 1, 1, 1, 1, 1, 1, 1, 1, 1, 1, 1, 1, 1, 1, 1, 1, 1, 1, 1, 1, 1, 1, 1, 1, 1, 1, 1, 1, 1, 1, 1, 1, 1, 1, 1]","[0.03055012784898281, 0.05316818505525589, 0.49517130851745605, 0.812745988368988, 1.1203196048736572, 0.03041399084031582, 0.7285156846046448, 0.30927395820617676, 0.3710867464542389, 0.017111213877797127, 0.0054941121488809586, 0.08701582252979279, 0.23003873229026794, 0.013476838357746601, 0.8336807489395142, 0.5154186487197876, 0.9090855121612549, 0.015663711354136467, 0.005622682627290487, 0.02466927096247673, 0.10423210263252258, 0.09231068193912506, 1.2576894760131836, 0.19363045692443848, 0.24901308119297028, 0.07245619595050812, 0.09697602689266205, 0.004699649289250374, 0.0030068212654441595, 0.3998582363128662, 0.14712673425674438, 0.004641658626496792, 0.18870775401592255, 0.1506633460521698, 0.011507711373269558, 0.11162362992763519, 0.14651937782764435, 0.10726504772901535, 0.4332069158554077, 0.010396014899015427, 0.040573105216026306, 0.3029269278049469, 1.1316168308258057, 0.24716001749038696, 0.03344392031431198, 0.3735745847225189, 0.012437533587217331, 0.00956184696406126, 0.2928396761417389, 0.09818077087402344, 0.009773973375558853, 0.009868970140814781, 0.1989428848028183, 0.15994572639465332, 0.005173025652766228, 0.39943864941596985, 0.723778486251831, 0.5105574131011963, 0.004306540824472904, 0.14782001078128815, 0.3655009865760803, 0.10942740738391876, 0.4243789315223694, 0.7170599102973938]"
155,9920,9984,64,0.984375,0.29111576080322266,clean_mnist,0.140625,0.09375,0.09375,0.0625,0.09375,0.0625,0.125,0.046875,0.171875,0.109375,0.5749596357345581,0.170956552028656,13.56525993347168,13.5590181350708,28.0,28.0,"[4, 6, 0, 2, 8, 8, 6, 7, 6, 6, 1, 4, 3, 9, 0, 8, 8, 8, 9, 2, 4, 9, 1, 6, 8, 5, 6, 5, 8, 9, 9, 5, 8, 3, 7, 7, 8, 4, 5, 3, 1, 6, 2, 0, 2, 0, 0, 6, 9, 9, 8, 0, 2, 1, 0, 1, 4, 3, 0, 2, 4, 1, 8, 0]","[4, 6, 0, 2, 8, 8, 6, 7, 6, 6, 1, 4, 3, 9, 0, 8, 8, 8, 9, 2, 4, 9, 1, 6, 8, 5, 6, 5, 8, 9, 9, 5, 8, 3, 7, 7, 8, 4, 5, 3, 1, 6, 2, 0, 2, 0, 0, 6, 9, 9, 8, 0, 2, 1, 3, 1, 4, 3, 0, 2, 4, 1, 8, 0]","[0.9995607733726501, 0.9066333770751953, 0.9896329641342163, 0.9551210999488831, 0.43749168515205383, 0.9995518326759338, 0.9522895216941833, 0.6399446129798889, 0.9881978631019592, 0.9391254782676697, 0.999523401260376, 0.9982393980026245, 0.9533865451812744, 0.6742039918899536, 0.9996358156204224, 0.9987847208976746, 0.9969384670257568, 0.9980680346488953, 0.883394181728363, 0.8982000946998596, 0.8377633094787598, 0.9807016253471375, 0.9995263814926147, 0.9862291812896729, 0.9987988471984863, 0.9822255373001099, 0.9826892614364624, 0.9297645092010498, 0.9570575952529907, 0.867916464805603, 0.9629335403442383, 0.7519392371177673, 0.8219092488288879, 0.9887036681175232, 0.9786479473114014, 0.9669898748397827, 0.9767442941665649, 0.9968624114990234, 0.8554741144180298, 0.964146614074707, 0.9993340373039246, 0.9665838479995728, 0.545152485370636, 0.9965740442276001, 0.9112412333488464, 0.9965488314628601, 0.9826212525367737, 0.9649837017059326, 0.9936584830284119, 0.9393302202224731, 0.9989942908287048, 0.9920141100883484, 0.8379309773445129, 0.996755063533783, 0.5671364068984985, 0.9965560436248779, 0.6726931929588318, 0.9713634252548218, 0.9685901999473572, 0.5579533576965332, 0.9943578839302063, 0.9912406802177429, 0.9985443353652954, 0.9799847602844238]","[1, 1, 1, 1, 1, 1, 1, 1, 1, 1, 1, 1, 1, 1, 1, 1, 1, 1, 1, 1, 1, 1, 1, 1, 1, 1, 1, 1, 1, 1, 1, 1, 1, 1, 1, 1, 1, 1, 1, 1, 1, 1, 1, 1, 1, 1, 1, 1, 1, 1, 1, 1, 1, 1, 0, 1, 1, 1, 1, 1, 1, 1, 1, 1]","[0.004322429187595844, 0.4256839156150818, 0.07617995142936707, 0.25745368003845215, 1.5692527294158936, 0.004481516778469086, 0.25813984870910645, 1.203332543373108, 0.07935823500156403, 0.33264994621276855, 0.004992022644728422, 0.015281589701771736, 0.24288766086101532, 0.688895046710968, 0.0037200835067778826, 0.01100266445428133, 0.024912815541028976, 0.016812764108181, 0.5188259482383728, 0.49072134494781494, 0.5578162670135498, 0.10280019789934158, 0.004875681828707457, 0.0877775102853775, 0.01069600973278284, 0.11708720773458481, 0.10770204663276672, 0.36676397919654846, 0.24633830785751343, 0.4531203806400299, 0.19290471076965332, 0.8310577869415283, 0.7262293100357056, 0.0768323466181755, 0.12429974228143692, 0.20605404675006866, 0.153392031788826, 0.026070285588502884, 0.6461845636367798, 0.19574980437755585, 0.006709834560751915, 0.1904563307762146, 0.8531844615936279, 0.029491620138287544, 0.41286730766296387, 0.029332758858799934, 0.11846848577260971, 0.1974787563085556, 0.04384011775255203, 0.25464993715286255, 0.0092489467933774, 0.06099233031272888, 0.6673905849456787, 0.027245275676250458, 1.3021107912063599, 0.028243744745850563, 1.03909170627594, 0.1624584197998047, 0.17835094034671783, 1.3076202869415283, 0.03915850445628166, 0.06489399820566177, 0.012973503209650517, 0.13249137997627258]"
156,9984,10000,16,1.0,0.3293185830116272,clean_mnist,0.1875,0.0625,0.0625,0.0625,0.125,0.0625,0.0625,0.25,0.0625,0.0625,0.5783156752586365,0.174973726272583,13.567394256591797,13.578547477722168,28.0,28.0,"[4, 0, 0, 1, 7, 2, 7, 3, 7, 4, 0, 5, 8, 6, 9, 7]","[4, 0, 0, 1, 7, 2, 7, 3, 7, 4, 0, 5, 8, 6, 9, 7]","[0.9628174901008606, 0.9430146813392639, 0.9967537522315979, 0.999213457107544, 0.9838804602622986, 0.8796109557151794, 0.8040318489074707, 0.8311890959739685, 0.9679112434387207, 0.9814685583114624, 0.9942004680633545, 0.9151813387870789, 0.9998457431793213, 0.7490168809890747, 0.9617273211479187, 0.7676410675048828]","[1, 1, 1, 1, 1, 1, 1, 1, 1, 1, 1, 1, 1, 1, 1, 1]","[0.17159384489059448, 0.3103843033313751, 0.0270861703902483, 0.007793479133397341, 0.09892138838768005, 0.471143513917923, 0.723209023475647, 0.753959596157074, 0.18605095148086548, 0.11288486421108246, 0.03918317332863808, 0.43354126811027527, 0.0017791008576750755, 0.8046353459358215, 0.19094063341617584, 0.9359901547431946]"
