window_index,start_index,end_index_exclusive,num_samples,window_accuracy,window_entropy,matched_context_placeholder,output_dist_0,output_dist_1,output_dist_2,output_dist_3,output_dist_4,output_dist_5,output_dist_6,output_dist_7,output_dist_8,output_dist_9,input_feat_0,input_feat_1,input_feat_2,input_feat_3,input_feat_4,input_feat_5,predicted_labels_json,true_labels_json,max_probabilities_json,correctness_flags_json,entropies_json
0,0,64,64,0.921875,0.49429208040237427,clean_mnist,0.078125,0.125,0.046875,0.15625,0.109375,0.078125,0.078125,0.078125,0.078125,0.171875,0.12649661302566528,0.21902504563331604,12.120601654052734,13.910743713378906,18.8125,21.140625,"[5, 0, 4, 1, 9, 2, 1, 3, 1, 4, 3, 5, 3, 6, 1, 7, 2, 8, 5, 9, 4, 3, 9, 1, 1, 3, 9, 3, 2, 7, 3, 8, 6, 9, 0, 5, 6, 0, 7, 6, 1, 8, 7, 9, 3, 9, 8, 5, 9, 3, 3, 0, 7, 4, 9, 8, 0, 9, 4, 1, 4, 4, 6, 9]","[5, 0, 4, 1, 9, 2, 1, 3, 1, 4, 3, 5, 3, 6, 1, 7, 2, 8, 6, 9, 4, 0, 9, 1, 1, 2, 4, 3, 2, 7, 3, 8, 6, 9, 0, 5, 6, 0, 7, 6, 1, 8, 7, 9, 3, 9, 8, 5, 9, 3, 3, 0, 7, 4, 9, 8, 0, 9, 4, 1, 4, 4, 6, 0]","[0.6447747349739075, 0.9992296695709229, 0.8698877692222595, 0.4106779396533966, 0.8496248722076416, 0.9974457025527954, 0.6682595014572144, 0.9998667240142822, 0.9930413961410522, 0.9429636001586914, 0.9956521391868591, 0.999294638633728, 0.9999511241912842, 0.9185453653335571, 0.48689010739326477, 0.9835658669471741, 0.907467246055603, 0.9369907975196838, 0.7525777816772461, 0.9590145945549011, 0.9823344945907593, 0.5762592554092407, 0.7434190511703491, 0.5591863393783569, 0.8992817401885986, 0.9702755212783813, 0.44584113359451294, 0.9999992847442627, 0.8304122090339661, 0.3593706488609314, 0.6962121725082397, 0.9976108074188232, 0.9895849823951721, 0.9380417466163635, 0.923777163028717, 0.9899014234542847, 0.9924249649047852, 0.9981966614723206, 0.8902544975280762, 0.8087573647499084, 0.9040959477424622, 0.9845273494720459, 0.7406342625617981, 0.9976772665977478, 0.9894468784332275, 0.9984424710273743, 0.9254096150398254, 0.9998538494110107, 0.4858884811401367, 0.9989758729934692, 0.991905927658081, 0.9825504422187805, 0.998155415058136, 0.37256160378456116, 0.7699075937271118, 0.9549550414085388, 0.914397656917572, 0.9982665777206421, 0.8289045691490173, 0.9995377063751221, 0.5983689427375793, 0.7596765756607056, 0.6583967208862305, 0.32648393511772156]","[1, 1, 1, 1, 1, 1, 1, 1, 1, 1, 1, 1, 1, 1, 1, 1, 1, 1, 0, 1, 1, 0, 1, 1, 1, 0, 0, 1, 1, 1, 1, 1, 1, 1, 1, 1, 1, 1, 1, 1, 1, 1, 1, 1, 1, 1, 1, 1, 1, 1, 1, 1, 1, 1, 1, 1, 1, 1, 1, 1, 1, 1, 1, 0]","[0.6777095198631287, 0.00773109495639801, 0.5712176561355591, 1.8211911916732788, 0.627956748008728, 0.019639670848846436, 0.9893496036529541, 0.0015578672755509615, 0.054631419479846954, 0.31834232807159424, 0.03151753172278404, 0.006775827147066593, 0.0005917010712437332, 0.40946829319000244, 1.6452854871749878, 0.1070728600025177, 0.35830581188201904, 0.335455983877182, 0.9050767421722412, 0.22650572657585144, 0.110640749335289, 1.2232176065444946, 0.9913777112960815, 1.5903863906860352, 0.4379153847694397, 0.1452666074037552, 1.0488793849945068, 1.1396413356123958e-05, 0.5045077800750732, 1.8326865434646606, 0.9135147929191589, 0.020138723775744438, 0.06653061509132385, 0.3180364966392517, 0.3906637728214264, 0.0714123472571373, 0.051707733422517776, 0.01546203438192606, 0.4104941487312317, 0.8015466332435608, 0.502661406993866, 0.09857558459043503, 0.9878830909729004, 0.018574774265289307, 0.06082439795136452, 0.01383080892264843, 0.35073989629745483, 0.001452176133170724, 1.5025068521499634, 0.008224254474043846, 0.04942706599831581, 0.12141925096511841, 0.015998825430870056, 1.6399253606796265, 0.6758987307548523, 0.22242462635040283, 0.35551074147224426, 0.015341505408287048, 0.521453857421875, 0.004822335671633482, 1.1372146606445312, 0.9814668893814087, 0.8215942978858948, 1.4671412706375122]"
1,64,128,64,0.90625,0.5103892087936401,clean_mnist,0.15625,0.171875,0.09375,0.109375,0.078125,0.078125,0.09375,0.125,0.046875,0.046875,0.1277824491262436,0.22143146395683289,12.080352783203125,13.951171875,18.59375,21.0,"[4, 5, 6, 1, 0, 0, 2, 7, 1, 6, 3, 0, 2, 1, 1, 7, 5, 0, 2, 6, 7, 8, 3, 9, 0, 4, 6, 7, 4, 6, 8, 0, 7, 8, 3, 1, 5, 7, 1, 7, 1, 1, 6, 3, 0, 2, 9, 3, 1, 1, 0, 4, 9, 3, 0, 3, 2, 0, 2, 7, 1, 5, 5, 4]","[4, 5, 6, 1, 0, 0, 1, 7, 1, 6, 3, 0, 2, 1, 1, 7, 9, 0, 2, 6, 7, 8, 3, 9, 0, 4, 6, 7, 4, 6, 8, 0, 7, 8, 3, 1, 5, 7, 1, 7, 1, 1, 6, 3, 0, 2, 9, 3, 1, 1, 0, 4, 9, 2, 0, 0, 2, 0, 2, 7, 1, 8, 6, 4]","[0.3584434688091278, 0.9998685121536255, 0.5220786333084106, 0.5318858027458191, 0.6693618893623352, 0.9810299873352051, 0.533659815788269, 0.9957261085510254, 0.7372603416442871, 0.9711185097694397, 0.9990999698638916, 0.8135880827903748, 0.8546127676963806, 0.9439808130264282, 0.9600452184677124, 0.9736950993537903, 0.6068636178970337, 0.8174595236778259, 0.9922592043876648, 0.8263617753982544, 0.9624608755111694, 0.4867435693740845, 0.987552285194397, 0.9841142892837524, 0.9959062337875366, 0.948660671710968, 0.9970048069953918, 0.9592486023902893, 0.8693211078643799, 0.9835149049758911, 0.9952765703201294, 0.9950178265571594, 0.981101393699646, 0.9726415276527405, 0.9932284951210022, 0.9210728406906128, 0.9635538458824158, 0.9653922319412231, 0.587818443775177, 0.9938682913780212, 0.3656521737575531, 0.7724008560180664, 0.5543460845947266, 0.999909520149231, 0.4257259964942932, 0.9936251640319824, 0.9982373714447021, 0.9991279244422913, 0.7967802286148071, 0.9617083668708801, 0.9236130118370056, 0.9485055804252625, 0.9985652565956116, 0.6570181250572205, 0.7565557360649109, 0.6030429005622864, 0.9686856865882874, 0.7679659724235535, 0.9944911003112793, 0.9997251629829407, 0.5613055229187012, 0.5841363072395325, 0.4935588538646698, 0.8492371439933777]","[1, 1, 1, 1, 1, 1, 0, 1, 1, 1, 1, 1, 1, 1, 1, 1, 0, 1, 1, 1, 1, 1, 1, 1, 1, 1, 1, 1, 1, 1, 1, 1, 1, 1, 1, 1, 1, 1, 1, 1, 1, 1, 1, 1, 1, 1, 1, 1, 1, 1, 1, 1, 1, 0, 1, 0, 1, 1, 1, 1, 1, 0, 0, 1]","[1.7541356086730957, 0.0014575152890756726, 0.9986943602561951, 1.5955744981765747, 1.0351581573486328, 0.11986136436462402, 1.324036717414856, 0.029559114947915077, 1.108162522315979, 0.169551819562912, 0.00814751535654068, 0.7793023586273193, 0.4977840185165405, 0.31942659616470337, 0.24246996641159058, 0.13204973936080933, 1.0805672407150269, 0.8191795349121094, 0.046668026596307755, 0.5893122553825378, 0.19303208589553833, 0.8895182609558105, 0.08601336926221848, 0.08978898078203201, 0.031521935015916824, 0.20671886205673218, 0.023816149681806564, 0.2354101985692978, 0.5768894553184509, 0.10412144660949707, 0.03491402044892311, 0.03826284408569336, 0.11233744025230408, 0.15259258449077606, 0.04535707086324692, 0.4303346872329712, 0.1865304410457611, 0.21282462775707245, 1.5028899908065796, 0.0420425683259964, 1.79539954662323, 0.9445620179176331, 0.9899950623512268, 0.0010743081802502275, 1.2140599489212036, 0.046643711626529694, 0.014807237312197685, 0.008074747398495674, 0.9251013398170471, 0.2378423810005188, 0.366587370634079, 0.20981553196907043, 0.012246275320649147, 0.6852453947067261, 1.0304423570632935, 1.206433892250061, 0.15609338879585266, 0.8999089598655701, 0.03639243170619011, 0.002825077623128891, 1.6154204607009888, 0.8114109039306641, 0.8999409079551697, 0.7085658311843872]"
2,128,192,64,0.953125,0.39693403244018555,clean_mnist,0.03125,0.078125,0.15625,0.109375,0.109375,0.109375,0.09375,0.09375,0.09375,0.125,0.12421108782291412,0.22257794439792633,12.111310958862305,13.925397872924805,18.90625,20.796875,"[1, 6, 3, 4, 5, 9, 8, 3, 3, 8, 5, 4, 7, 7, 4, 2, 8, 5, 8, 6, 2, 3, 4, 6, 1, 9, 9, 6, 0, 3, 7, 2, 8, 2, 9, 4, 4, 6, 4, 9, 7, 0, 9, 2, 7, 5, 1, 5, 9, 1, 2, 3, 2, 3, 5, 9, 1, 7, 6, 2, 8, 2, 2, 5]","[1, 6, 3, 4, 5, 9, 1, 3, 3, 8, 5, 4, 7, 7, 4, 2, 8, 5, 8, 6, 7, 3, 4, 6, 1, 9, 9, 6, 0, 3, 7, 2, 8, 2, 9, 4, 4, 6, 4, 9, 7, 0, 9, 2, 9, 5, 1, 5, 9, 1, 2, 3, 2, 3, 5, 9, 1, 7, 6, 2, 8, 2, 2, 5]","[0.7938557863235474, 0.9515079259872437, 0.9999617338180542, 0.9893146753311157, 0.4515385031700134, 0.979520857334137, 0.719773530960083, 0.9999905824661255, 0.9997480511665344, 0.883899450302124, 0.958343505859375, 0.9992139339447021, 0.5546530485153198, 0.9919323325157166, 0.978456974029541, 0.9996681213378906, 0.9527326226234436, 0.985045850276947, 0.9103759527206421, 0.9891285300254822, 0.3448253273963928, 0.9999980926513672, 0.9873757362365723, 0.9920172691345215, 0.6320344805717468, 0.8208689093589783, 0.8473154902458191, 0.9995916485786438, 0.9983803033828735, 0.999985933303833, 0.9402110576629639, 0.9995273351669312, 0.980042576789856, 0.960910439491272, 0.983924388885498, 0.6774817705154419, 0.9307885766029358, 0.9971585273742676, 0.9314324259757996, 0.9997437596321106, 0.6567758321762085, 0.7026482820510864, 0.954858124256134, 0.8358502388000488, 0.9060501456260681, 0.9994533658027649, 0.5644102096557617, 0.9938540458679199, 0.9478424191474915, 0.9984384179115295, 0.34745922684669495, 0.9999991655349731, 0.42081761360168457, 0.9990135431289673, 0.9835885763168335, 0.9695873260498047, 0.5850862264633179, 0.9995717406272888, 0.9881277680397034, 0.7950921058654785, 0.9393710494041443, 0.9087167382240295, 0.7504592537879944, 0.9984057545661926]","[1, 1, 1, 1, 1, 1, 0, 1, 1, 1, 1, 1, 1, 1, 1, 1, 1, 1, 1, 1, 0, 1, 1, 1, 1, 1, 1, 1, 1, 1, 1, 1, 1, 1, 1, 1, 1, 1, 1, 1, 1, 1, 1, 1, 0, 1, 1, 1, 1, 1, 1, 1, 1, 1, 1, 1, 1, 1, 1, 1, 1, 1, 1, 1]","[0.8085090517997742, 0.25564420223236084, 0.00046014558756724, 0.0737481638789177, 1.4689356088638306, 0.13104265928268433, 0.8880495429039001, 0.00013010836846660823, 0.002740580588579178, 0.4745779037475586, 0.20527565479278564, 0.00757874408736825, 1.1159560680389404, 0.05332452803850174, 0.14253294467926025, 0.0033838683739304543, 0.23321150243282318, 0.09944286197423935, 0.4218903183937073, 0.07537508755922318, 1.7401094436645508, 2.919341750384774e-05, 0.08146075904369354, 0.05364585295319557, 1.4042900800704956, 0.731320858001709, 0.5684579610824585, 0.0037126000970602036, 0.014520347118377686, 0.00019357947167009115, 0.30930840969085693, 0.00449367193505168, 0.1371145248413086, 0.16869978606700897, 0.09799449890851974, 1.085568904876709, 0.2664928734302521, 0.021245958283543587, 0.33392274379730225, 0.0027495459653437138, 0.9718953967094421, 1.0498648881912231, 0.24772697687149048, 0.529841959476471, 0.48762011528015137, 0.004948953166604042, 1.525478720664978, 0.042879100888967514, 0.2684224545955658, 0.014179076999425888, 1.5546066761016846, 1.4177696357364766e-05, 1.3115087747573853, 0.009210024029016495, 0.091407909989357, 0.17232845723628998, 1.3801467418670654, 0.0039525157772004604, 0.07744073122739792, 0.5874888896942139, 0.3119916021823883, 0.4132882058620453, 0.8474223613739014, 0.012973090633749962]"
3,192,256,64,0.90625,0.43296030163764954,clean_mnist,0.109375,0.125,0.09375,0.203125,0.046875,0.09375,0.078125,0.109375,0.0625,0.078125,0.13334639370441437,0.22732320427894592,12.171077728271484,13.935967445373535,19.640625,21.171875,"[0, 7, 4, 9, 7, 8, 3, 2, 1, 1, 5, 3, 6, 1, 3, 3, 1, 0, 0, 1, 7, 2, 7, 3, 0, 4, 6, 5, 2, 6, 9, 7, 3, 8, 9, 9, 3, 0, 7, 1, 0, 2, 5, 3, 5, 4, 6, 5, 8, 6, 3, 7, 5, 8, 3, 9, 1, 0, 3, 1, 2, 2, 3, 3]","[0, 7, 4, 9, 7, 8, 3, 2, 1, 1, 8, 3, 6, 1, 0, 3, 1, 0, 0, 1, 7, 2, 7, 3, 0, 4, 6, 5, 2, 6, 4, 7, 1, 8, 9, 9, 3, 0, 7, 1, 0, 2, 0, 3, 5, 4, 6, 5, 8, 6, 3, 7, 5, 8, 0, 9, 1, 0, 3, 1, 2, 2, 3, 3]","[0.9994946718215942, 0.8916353583335876, 0.9004635810852051, 0.9955533146858215, 0.9993494153022766, 0.9862660765647888, 0.9698494672775269, 0.7660295963287354, 0.5295734405517578, 0.8218778371810913, 0.5004375576972961, 0.9999572038650513, 0.9950272440910339, 0.605287492275238, 0.6331591606140137, 0.999782145023346, 0.9657543301582336, 0.37592965364456177, 0.3493129312992096, 0.9841476678848267, 0.39093148708343506, 0.9974761605262756, 0.9964172840118408, 0.9999983310699463, 0.7732348442077637, 0.8522618412971497, 0.9727839827537537, 0.9999208450317383, 0.9852948188781738, 0.9990257024765015, 0.6708193421363831, 0.9985296726226807, 0.8976489305496216, 0.9968923926353455, 0.9859007000923157, 0.860707700252533, 0.6353746652603149, 0.9775587916374207, 0.9982295632362366, 0.9231032133102417, 0.9636484384536743, 0.9905251860618591, 0.49729254841804504, 0.9997201561927795, 0.9991771578788757, 0.9388411045074463, 0.9010685086250305, 0.9998509883880615, 0.49239665269851685, 0.9656074047088623, 0.9999977350234985, 0.9636934995651245, 0.9859802722930908, 0.9909769296646118, 0.8186584115028381, 0.9673829674720764, 0.6801935434341431, 0.615075409412384, 0.5530074238777161, 0.9751796126365662, 0.9996585845947266, 0.9959734082221985, 0.9979755282402039, 0.999525785446167]","[1, 1, 1, 1, 1, 1, 1, 1, 1, 1, 0, 1, 1, 1, 0, 1, 1, 1, 1, 1, 1, 1, 1, 1, 1, 1, 1, 1, 1, 1, 0, 1, 0, 1, 1, 1, 1, 1, 1, 1, 1, 1, 0, 1, 1, 1, 1, 1, 1, 1, 1, 1, 1, 1, 0, 1, 1, 1, 1, 1, 1, 1, 1, 1]","[0.00508082564920187, 0.5155280828475952, 0.36207717657089233, 0.03247673436999321, 0.006178734824061394, 0.09466210752725601, 0.1736084669828415, 0.6561572551727295, 1.3993182182312012, 0.8238145112991333, 1.1225402355194092, 0.0005146980984136462, 0.03984781354665756, 1.5072377920150757, 1.109953761100769, 0.00224078306928277, 0.2074870765209198, 1.411893367767334, 1.8237428665161133, 0.1059248223900795, 1.6845338344573975, 0.020787987858057022, 0.02692306414246559, 2.652859802765306e-05, 0.8909266591072083, 0.6335864067077637, 0.14406220614910126, 0.0008865760173648596, 0.07916989177465439, 0.008392445743083954, 0.6603337526321411, 0.012680412270128727, 0.45679953694343567, 0.024112654849886894, 0.0913952961564064, 0.45185714960098267, 1.335391879081726, 0.1409122496843338, 0.015091241337358952, 0.3952220380306244, 0.21265652775764465, 0.06079547479748726, 1.404778242111206, 0.00273392116650939, 0.007188458926975727, 0.2722087800502777, 0.4185468554496765, 0.0015159118920564651, 1.604262351989746, 0.19930444657802582, 3.511149770929478e-05, 0.212228924036026, 0.08194635808467865, 0.0612901896238327, 0.8027891516685486, 0.17777879536151886, 1.0633801221847534, 1.2057936191558838, 1.2349309921264648, 0.1558021456003189, 0.0033974878024309874, 0.030690401792526245, 0.017605897039175034, 0.004423482809215784]"
4,256,320,64,0.96875,0.36840716004371643,clean_mnist,0.078125,0.109375,0.09375,0.078125,0.140625,0.109375,0.109375,0.109375,0.0625,0.109375,0.12177534401416779,0.2145579755306244,12.10103702545166,13.96770191192627,18.625,21.171875,"[6, 4, 7, 5, 0, 6, 2, 7, 9, 8, 5, 9, 2, 1, 1, 4, 4, 5, 6, 4, 1, 2, 5, 3, 9, 3, 9, 0, 5, 9, 6, 5, 7, 4, 1, 3, 4, 0, 4, 8, 0, 4, 3, 6, 8, 7, 6, 0, 7, 7, 5, 7, 2, 1, 1, 6, 8, 9, 4, 1, 3, 2, 2, 9]","[6, 4, 7, 5, 0, 6, 2, 7, 9, 8, 5, 9, 2, 1, 1, 4, 4, 5, 6, 4, 1, 2, 5, 3, 9, 3, 9, 0, 5, 9, 6, 5, 7, 4, 1, 3, 4, 0, 4, 8, 0, 4, 3, 6, 8, 7, 6, 0, 9, 7, 5, 7, 2, 1, 1, 6, 8, 9, 4, 1, 5, 2, 2, 9]","[0.883609414100647, 0.8595952987670898, 0.9847012758255005, 0.9992399215698242, 0.7411367893218994, 0.9933145642280579, 0.7416619062423706, 0.9998685121536255, 0.8922024369239807, 0.9925827980041504, 0.9803513884544373, 0.8409735560417175, 0.8421987891197205, 0.8377252817153931, 0.34521573781967163, 0.8280213475227356, 0.7416892051696777, 0.9994847774505615, 0.5805372595787048, 0.9529495239257812, 0.9831480979919434, 0.988135576248169, 0.9774187207221985, 0.9999988079071045, 0.978477954864502, 0.9999947547912598, 0.5497082471847534, 0.940684974193573, 0.9971752166748047, 0.9141455292701721, 0.8398795127868652, 0.9982498288154602, 0.9986671209335327, 0.9295632243156433, 0.9462953209877014, 0.9997103810310364, 0.9276697039604187, 0.9990718364715576, 0.759789228439331, 0.9817665219306946, 0.9834445714950562, 0.950800895690918, 0.9981036186218262, 0.9173030257225037, 0.9062449336051941, 0.9939932227134705, 0.9964683055877686, 0.9736903309822083, 0.3332357704639435, 0.948091447353363, 0.960506796836853, 0.9848831295967102, 0.9982675313949585, 0.8040362000465393, 0.7445183396339417, 0.9576486945152283, 0.9991077780723572, 0.9734699726104736, 0.9113950729370117, 0.9373227953910828, 0.5954769253730774, 0.9991849064826965, 0.8652127385139465, 0.5522093176841736]","[1, 1, 1, 1, 1, 1, 1, 1, 1, 1, 1, 1, 1, 1, 1, 1, 1, 1, 1, 1, 1, 1, 1, 1, 1, 1, 1, 1, 1, 1, 1, 1, 1, 1, 1, 1, 1, 1, 1, 1, 1, 1, 1, 1, 1, 1, 1, 1, 0, 1, 1, 1, 1, 1, 1, 1, 1, 1, 1, 1, 0, 1, 1, 1]","[0.5258952379226685, 0.5817562341690063, 0.09264200180768967, 0.0065093315206468105, 0.7153984904289246, 0.04785381630063057, 0.7142820954322815, 0.001409874763339758, 0.38345807790756226, 0.05377526581287384, 0.11678166687488556, 0.5247211456298828, 0.5778264403343201, 0.769363522529602, 1.9904115200042725, 0.7640702128410339, 0.7645007967948914, 0.004643757361918688, 1.265220284461975, 0.2604479491710663, 0.11345035582780838, 0.07018721848726273, 0.11306603252887726, 1.880165837064851e-05, 0.11889071762561798, 7.583829574286938e-05, 1.0986366271972656, 0.30396318435668945, 0.019805436953902245, 0.35547101497650146, 0.5645178556442261, 0.013863418251276016, 0.011402267031371593, 0.35269269347190857, 0.28033190965652466, 0.0030689784325659275, 0.3919384181499481, 0.008776212111115456, 0.5632700324058533, 0.10627607256174088, 0.1171845868229866, 0.26723429560661316, 0.013909551315009594, 0.42751914262771606, 0.4696524143218994, 0.04451664537191391, 0.025040917098522186, 0.14566472172737122, 1.6239984035491943, 0.2867337763309479, 0.1885117143392563, 0.09760511666536331, 0.01449098251760006, 0.8866758942604065, 1.0687477588653564, 0.23801785707473755, 0.008349847979843616, 0.13545425236225128, 0.4354633390903473, 0.3539767861366272, 0.6989346146583557, 0.0072952876798808575, 0.5402036309242249, 0.8322054743766785]"
5,320,384,64,0.96875,0.30361706018447876,clean_mnist,0.046875,0.109375,0.125,0.109375,0.15625,0.0625,0.046875,0.125,0.09375,0.125,0.12558430433273315,0.22265678644180298,12.088844299316406,13.979194641113281,18.421875,21.328125,"[0, 3, 9, 6, 7, 2, 0, 3, 5, 4, 3, 6, 5, 8, 9, 5, 4, 7, 4, 2, 7, 3, 4, 8, 9, 1, 3, 2, 8, 7, 9, 1, 8, 7, 8, 1, 3, 1, 1, 0, 2, 3, 9, 4, 9, 2, 1, 6, 8, 4, 7, 7, 4, 4, 9, 2, 5, 7, 2, 4, 4, 2, 1, 9]","[0, 3, 9, 6, 7, 2, 0, 3, 5, 4, 3, 6, 5, 8, 9, 5, 4, 7, 4, 2, 7, 3, 4, 8, 9, 1, 9, 2, 8, 7, 9, 1, 8, 7, 4, 1, 3, 1, 1, 0, 2, 3, 9, 4, 9, 2, 1, 6, 8, 4, 7, 7, 4, 4, 9, 2, 5, 7, 2, 4, 4, 2, 1, 9]","[0.97939532995224, 0.9999607801437378, 0.9084344506263733, 0.9962193369865417, 0.9945713877677917, 0.9882926344871521, 0.9884983897209167, 0.9997701048851013, 0.9992790818214417, 0.9829246401786804, 0.9980632662773132, 0.8038046956062317, 0.9998326301574707, 0.9864304065704346, 0.9938516616821289, 0.9995369911193848, 0.8572492003440857, 0.9972954392433167, 0.9511491060256958, 0.9977788329124451, 0.5592705607414246, 0.9999990463256836, 0.6840936541557312, 0.9909433722496033, 0.9807069301605225, 0.7311468124389648, 0.5785226821899414, 0.9994353652000427, 0.9422183036804199, 0.9761236906051636, 0.8360835909843445, 0.9998807907104492, 0.998440682888031, 0.9980656504631042, 0.5985288619995117, 0.6507555842399597, 0.9941290616989136, 0.9902426600456238, 0.38264137506484985, 0.9944087862968445, 0.9982116222381592, 0.9999939203262329, 0.9365066885948181, 0.9085038900375366, 0.9319342970848083, 0.9590715169906616, 0.9881516098976135, 0.997480571269989, 0.42011868953704834, 0.9783838987350464, 0.8144369721412659, 0.998771607875824, 0.9621942639350891, 0.9608895182609558, 0.9788967967033386, 0.9986962676048279, 0.9715050458908081, 0.9715594053268433, 0.9998805522918701, 0.8904778957366943, 0.904853105545044, 0.998272180557251, 0.486530601978302, 0.9992140531539917]","[1, 1, 1, 1, 1, 1, 1, 1, 1, 1, 1, 1, 1, 1, 1, 1, 1, 1, 1, 1, 1, 1, 1, 1, 1, 1, 0, 1, 1, 1, 1, 1, 1, 1, 0, 1, 1, 1, 1, 1, 1, 1, 1, 1, 1, 1, 1, 1, 1, 1, 1, 1, 1, 1, 1, 1, 1, 1, 1, 1, 1, 1, 1, 1]","[0.14252133667469025, 0.0004969168221578002, 0.392694354057312, 0.030179904773831367, 0.036769136786460876, 0.0739249587059021, 0.08522667735815048, 0.0025344626046717167, 0.006428183056414127, 0.10923424363136292, 0.016003837808966637, 0.680372416973114, 0.0017740930197760463, 0.08095572143793106, 0.04774145781993866, 0.004448624327778816, 0.5171619057655334, 0.02021717093884945, 0.2530432939529419, 0.018535824492573738, 1.5163800716400146, 1.6628848243271932e-05, 1.157754898071289, 0.06439797580242157, 0.11217212677001953, 1.1308900117874146, 0.9021221399307251, 0.00523735536262393, 0.3185560703277588, 0.14210554957389832, 0.5696210861206055, 0.0013634837232530117, 0.013968056999146938, 0.01566043682396412, 1.0720237493515015, 1.373897910118103, 0.0448589064180851, 0.07313770055770874, 1.5672285556793213, 0.04127221927046776, 0.013602668419480324, 8.619282016297802e-05, 0.28266364336013794, 0.45705488324165344, 0.3638225793838501, 0.1873127669095993, 0.08279796689748764, 0.02119704894721508, 1.2901102304458618, 0.11784950643777847, 0.7734652757644653, 0.009859759360551834, 0.20604747533798218, 0.17916351556777954, 0.12727457284927368, 0.011177166365087032, 0.15378515422344208, 0.174430713057518, 0.0013342471793293953, 0.5050943493843079, 0.42673951387405396, 0.01512081641703844, 1.3816567659378052, 0.006913995835930109]"
6,384,448,64,0.9375,0.4079965651035309,clean_mnist,0.09375,0.109375,0.109375,0.078125,0.09375,0.125,0.078125,0.109375,0.078125,0.125,0.12182780355215073,0.21262431144714355,12.178775787353516,13.859034538269043,18.96875,21.046875,"[7, 2, 8, 7, 6, 9, 2, 2, 3, 8, 0, 6, 5, 1, 1, 0, 2, 6, 4, 5, 3, 3, 1, 5, 1, 9, 2, 7, 4, 4, 4, 8, 1, 5, 5, 9, 5, 6, 7, 9, 9, 3, 7, 0, 9, 0, 5, 6, 2, 3, 9, 0, 7, 5, 4, 8, 0, 9, 4, 1, 2, 8, 7, 1]","[7, 2, 8, 7, 6, 9, 2, 2, 3, 8, 1, 6, 5, 1, 1, 0, 2, 6, 4, 5, 8, 3, 1, 5, 1, 9, 2, 7, 4, 4, 4, 8, 1, 5, 8, 9, 5, 6, 7, 9, 9, 3, 7, 0, 9, 0, 6, 6, 2, 3, 9, 0, 7, 5, 4, 8, 0, 9, 4, 1, 2, 8, 7, 1]","[0.9524503946304321, 0.999658465385437, 0.7948468923568726, 0.9945308566093445, 0.805921196937561, 0.8889814019203186, 0.8327906727790833, 0.5592472553253174, 0.9999786615371704, 0.996645987033844, 0.3456054925918579, 0.9964140057563782, 0.9744009375572205, 0.9996142387390137, 0.9763097763061523, 0.9766771793365479, 0.9889910221099854, 0.9891930222511292, 0.8713653683662415, 0.9805856347084045, 0.5790300965309143, 0.9999980926513672, 0.8044710159301758, 0.999503493309021, 0.7531763911247253, 0.9596030712127686, 0.9992363452911377, 0.9995676875114441, 0.4561939835548401, 0.8767344355583191, 0.6537588238716125, 0.9526193737983704, 0.998715877532959, 0.9981392621994019, 0.30110228061676025, 0.8914682865142822, 0.9370542168617249, 0.944643497467041, 0.9764329791069031, 0.9963828325271606, 0.689251720905304, 0.9875630140304565, 0.9992448091506958, 0.7718480229377747, 0.9889332056045532, 0.9707638025283813, 0.8915714621543884, 0.9968559741973877, 0.996716320514679, 0.9999767541885376, 0.9559232592582703, 0.990994393825531, 0.7360864877700806, 0.999679684638977, 0.8943095803260803, 0.9913785457611084, 0.583228349685669, 0.7016853094100952, 0.5195623636245728, 0.913713812828064, 0.8125801086425781, 0.9938302636146545, 0.9876948595046997, 0.8231809139251709]","[1, 1, 1, 1, 1, 1, 1, 1, 1, 1, 0, 1, 1, 1, 1, 1, 1, 1, 1, 1, 0, 1, 1, 1, 1, 1, 1, 1, 1, 1, 1, 1, 1, 1, 0, 1, 1, 1, 1, 1, 1, 1, 1, 1, 1, 1, 0, 1, 1, 1, 1, 1, 1, 1, 1, 1, 1, 1, 1, 1, 1, 1, 1, 1]","[0.20974010229110718, 0.003460472682490945, 0.6563166975975037, 0.03942273557186127, 0.822651207447052, 0.4387771189212799, 0.6869316697120667, 1.4204548597335815, 0.00028058578027412295, 0.026173807680606842, 1.5998611450195312, 0.026503756642341614, 0.14321859180927277, 0.004053363110870123, 0.15579557418823242, 0.13320891559123993, 0.07617291063070297, 0.06554475426673889, 0.5970116853713989, 0.11906417459249496, 0.7148165702819824, 3.148375981254503e-05, 0.7424584031105042, 0.0046855369582772255, 1.0177452564239502, 0.20596149563789368, 0.0068531883880496025, 0.00406259810552001, 1.3939255475997925, 0.4809855818748474, 1.082517385482788, 0.2423708736896515, 0.011606075800955296, 0.014230303466320038, 2.084291696548462, 0.4243336021900177, 0.23693133890628815, 0.29816779494285583, 0.15151511132717133, 0.02730827033519745, 0.8622303009033203, 0.07281177490949631, 0.007241108454763889, 0.7049805521965027, 0.07585130631923676, 0.17571397125720978, 0.4490661323070526, 0.025661669671535492, 0.023612480610609055, 0.0003042295284103602, 0.254234254360199, 0.060149505734443665, 1.0352360010147095, 0.0030995372217148542, 0.35923007130622864, 0.06480099260807037, 1.393526315689087, 0.7895545363426208, 1.2339240312576294, 0.44153186678886414, 0.7636812925338745, 0.04739026352763176, 0.0840839147567749, 0.8144240975379944]"
7,448,512,64,0.921875,0.45140981674194336,clean_mnist,0.125,0.171875,0.09375,0.125,0.03125,0.125,0.078125,0.109375,0.046875,0.09375,0.12240450829267502,0.2145121991634369,12.038591384887695,13.751770973205566,19.953125,20.90625,"[2, 6, 1, 0, 3, 0, 1, 1, 5, 2, 0, 3, 9, 4, 0, 5, 0, 6, 1, 7, 7, 8, 0, 9, 2, 0, 5, 1, 2, 2, 7, 3, 5, 4, 9, 7, 1, 8, 3, 9, 6, 9, 3, 1, 1, 2, 0, 3, 5, 7, 6, 8, 3, 9, 5, 5, 5, 7, 6, 1, 1, 3, 1, 7]","[2, 6, 1, 0, 3, 0, 1, 1, 8, 2, 0, 3, 9, 4, 0, 5, 0, 6, 1, 7, 7, 8, 1, 9, 2, 0, 5, 1, 2, 2, 7, 3, 5, 4, 9, 7, 1, 8, 3, 9, 6, 0, 3, 1, 1, 2, 6, 3, 5, 7, 6, 8, 3, 9, 5, 8, 5, 7, 6, 1, 1, 3, 1, 7]","[0.994761049747467, 0.962524950504303, 0.46073606610298157, 0.94266277551651, 0.999840497970581, 0.9126386046409607, 0.9785693883895874, 0.6092618107795715, 0.8521085381507874, 0.8554287552833557, 0.9688432216644287, 0.9995613694190979, 0.9297838807106018, 0.9232994914054871, 0.7546062469482422, 0.9947668313980103, 0.9979013204574585, 0.9868609309196472, 0.9504944682121277, 0.9984671473503113, 0.9712665677070618, 0.9962742328643799, 0.4157129228115082, 0.9991273283958435, 0.8985506892204285, 0.7552871704101562, 0.9999595880508423, 0.9725214242935181, 0.9945646524429321, 0.9218180775642395, 0.9968270659446716, 0.9999289512634277, 0.9804428219795227, 0.738836407661438, 0.8106756210327148, 0.9866089224815369, 0.5319613218307495, 0.825116753578186, 0.9986943602561951, 0.9730173349380493, 0.7052008509635925, 0.8228596448898315, 0.9994472861289978, 0.9819319248199463, 0.4378117024898529, 0.7293584942817688, 0.8804346323013306, 0.9997139573097229, 0.9992110729217529, 0.9594327211380005, 0.913018524646759, 0.8980531096458435, 0.8573750257492065, 0.648733913898468, 0.9338515400886536, 0.6373856663703918, 0.999480664730072, 0.9513769149780273, 0.726128339767456, 0.8957751393318176, 0.43826067447662354, 0.9571048617362976, 0.40780937671661377, 0.9924611449241638]","[1, 1, 1, 1, 1, 1, 1, 1, 0, 1, 1, 1, 1, 1, 1, 1, 1, 1, 1, 1, 1, 1, 0, 1, 1, 1, 1, 1, 1, 1, 1, 1, 1, 1, 1, 1, 1, 1, 1, 1, 1, 0, 1, 1, 1, 1, 0, 1, 1, 1, 1, 1, 1, 1, 1, 0, 1, 1, 1, 1, 1, 1, 1, 1]","[0.038931526243686676, 0.21881987154483795, 1.7288823127746582, 0.26403507590293884, 0.0016387777868658304, 0.3973933160305023, 0.14755555987358093, 1.4796907901763916, 0.5013988614082336, 0.551561713218689, 0.19198665022850037, 0.004412754904478788, 0.3482016623020172, 0.34031835198402405, 0.7690257430076599, 0.03652342036366463, 0.01857624389231205, 0.08703750371932983, 0.2855139970779419, 0.012492001056671143, 0.16556601226329803, 0.030830465257167816, 1.7234631776809692, 0.00807342492043972, 0.40024498105049133, 0.921241044998169, 0.00045227937516756356, 0.17573024332523346, 0.03914377838373184, 0.33759942650794983, 0.02434106543660164, 0.0008150654612109065, 0.10052348673343658, 0.7643982768058777, 0.7220007181167603, 0.08503347635269165, 1.6489651203155518, 0.5572400093078613, 0.01017932128161192, 0.12787185609340668, 0.8393264412879944, 0.7045986652374268, 0.00481591559946537, 0.12069784849882126, 1.4582693576812744, 0.7140981554985046, 0.49381589889526367, 0.0028807506896555424, 0.007061904761940241, 0.21886992454528809, 0.37517887353897095, 0.3540945053100586, 0.5021232962608337, 0.989841103553772, 0.2991756498813629, 0.755342423915863, 0.004565720912069082, 0.25839218497276306, 1.0133490562438965, 0.5295501947402954, 1.8214333057403564, 0.21119023859500885, 1.889430284500122, 0.054416947066783905]"
8,512,576,64,0.90625,0.4184931218624115,clean_mnist,0.0625,0.125,0.125,0.125,0.078125,0.15625,0.03125,0.09375,0.109375,0.09375,0.12794703245162964,0.223148912191391,12.070409774780273,13.863931655883789,20.203125,20.9375,"[5, 5, 3, 2, 5, 8, 7, 0, 9, 7, 7, 5, 5, 9, 0, 0, 8, 9, 2, 4, 8, 1, 6, 1, 6, 5, 1, 8, 3, 4, 0, 5, 5, 8, 3, 4, 2, 3, 9, 3, 1, 1, 5, 2, 1, 3, 2, 5, 7, 3, 7, 2, 4, 9, 9, 7, 2, 4, 2, 8, 1, 1, 3, 8]","[5, 5, 5, 2, 5, 8, 7, 0, 9, 7, 7, 5, 0, 9, 0, 0, 8, 9, 2, 4, 8, 1, 6, 1, 6, 5, 1, 8, 3, 4, 0, 5, 5, 8, 3, 6, 2, 3, 9, 2, 1, 1, 5, 2, 1, 3, 2, 8, 7, 3, 7, 2, 4, 6, 9, 7, 2, 4, 2, 8, 1, 1, 3, 8]","[0.9999208450317383, 0.9878588318824768, 0.5429401397705078, 0.9847509860992432, 0.9984863996505737, 0.8795673251152039, 0.8690311908721924, 0.9999498128890991, 0.998889148235321, 0.9938264489173889, 0.9929144382476807, 0.964241087436676, 0.9503676295280457, 0.9992527365684509, 0.9988686442375183, 0.9042468667030334, 0.7325614094734192, 0.9647502899169922, 0.710186243057251, 0.556648313999176, 0.9780387282371521, 0.8222367167472839, 0.9622640609741211, 0.9992613196372986, 0.9726067781448364, 0.9977291226387024, 0.670372724533081, 0.9972620010375977, 0.5814332365989685, 0.9787181615829468, 0.9759045243263245, 0.9328478574752808, 0.9990525841712952, 0.9970493316650391, 0.9997230172157288, 0.5672574043273926, 0.9519246220588684, 0.9990611672401428, 0.9980870485305786, 0.5618447065353394, 0.5007161498069763, 0.9933866858482361, 0.7442857623100281, 0.7207981944084167, 0.7950677275657654, 0.9989142417907715, 0.9841549396514893, 0.5880202651023865, 0.6829250454902649, 0.9991445541381836, 0.9999126195907593, 0.8075146079063416, 0.6803439259529114, 0.5306402444839478, 0.9151415228843689, 0.9744627475738525, 0.8864142894744873, 0.8153301477432251, 0.8570838570594788, 0.9997324347496033, 0.452902227640152, 0.7933915853500366, 0.8375198245048523, 0.5730783939361572]","[1, 1, 0, 1, 1, 1, 1, 1, 1, 1, 1, 1, 0, 1, 1, 1, 1, 1, 1, 1, 1, 1, 1, 1, 1, 1, 1, 1, 1, 1, 1, 1, 1, 1, 1, 0, 1, 1, 1, 0, 1, 1, 1, 1, 1, 1, 1, 0, 1, 1, 1, 1, 1, 0, 1, 1, 1, 1, 1, 1, 1, 1, 1, 1]","[0.0009059846634045243, 0.08120056986808777, 0.8866467475891113, 0.08999590575695038, 0.01147642731666565, 0.37802690267562866, 0.4763711392879486, 0.0006300216191448271, 0.009943351149559021, 0.04215792566537857, 0.04663129150867462, 0.18093521893024445, 0.26051294803619385, 0.006843108218163252, 0.01079392060637474, 0.38498038053512573, 0.8620471954345703, 0.19173701107501984, 0.8882651329040527, 1.1407313346862793, 0.12347505241632462, 0.8088720440864563, 0.18845732510089874, 0.007214813958853483, 0.17229215800762177, 0.018258748576045036, 1.2417978048324585, 0.02335282601416111, 0.8936293125152588, 0.1202988550066948, 0.1389658898115158, 0.25854921340942383, 0.00827325414866209, 0.023806171491742134, 0.0026498029474169016, 1.2959444522857666, 0.20330297946929932, 0.008113863877952099, 0.01615975610911846, 0.8136835098266602, 1.1567243337631226, 0.048170335590839386, 0.6953750252723694, 0.8347873091697693, 0.7865602970123291, 0.009534069336950779, 0.09825874865055084, 0.975399911403656, 1.0156216621398926, 0.007479279767721891, 0.0009809847688302398, 0.5885414481163025, 0.7193225622177124, 1.4249067306518555, 0.39354559779167175, 0.14822380244731903, 0.4277888834476471, 0.7939838767051697, 0.4981527328491211, 0.0027560307644307613, 1.3710572719573975, 0.934942901134491, 0.6064167618751526, 0.9271021485328674]"
9,576,640,64,0.90625,0.569522500038147,clean_mnist,0.109375,0.09375,0.078125,0.0625,0.0625,0.109375,0.09375,0.140625,0.078125,0.171875,0.11870132386684418,0.2118585854768753,12.058594703674316,13.927205085754395,19.234375,20.875,"[9, 0, 6, 5, 9, 3, 0, 9, 2, 4, 7, 1, 2, 9, 4, 2, 6, 1, 8, 9, 0, 6, 6, 7, 9, 9, 3, 0, 1, 4, 4, 5, 7, 1, 5, 7, 0, 3, 5, 8, 9, 7, 1, 2, 5, 9, 5, 6, 7, 5, 9, 8, 8, 3, 6, 9, 7, 0, 7, 2, 7, 8, 1, 0]","[4, 0, 6, 5, 9, 3, 0, 9, 2, 4, 7, 1, 2, 9, 4, 2, 6, 1, 8, 9, 0, 6, 6, 7, 9, 9, 8, 0, 1, 4, 4, 6, 7, 1, 5, 7, 0, 3, 5, 8, 4, 7, 1, 2, 5, 9, 5, 6, 7, 5, 9, 8, 8, 3, 6, 9, 7, 0, 7, 5, 7, 1, 1, 0]","[0.410038024187088, 0.5528162121772766, 0.28285694122314453, 0.9988705515861511, 0.9661444425582886, 0.9922760128974915, 0.9487534761428833, 0.822830080986023, 0.9002805352210999, 0.9283930659294128, 0.675348699092865, 0.3366653323173523, 0.874616265296936, 0.9251540899276733, 0.9714519381523132, 0.9516491889953613, 0.9861660003662109, 0.9998730421066284, 0.9966011047363281, 0.9930667877197266, 0.9564012885093689, 0.6841605305671692, 0.9314608573913574, 0.994637668132782, 0.9525514245033264, 0.9874446392059326, 0.7656345963478088, 0.9625162482261658, 0.5299315452575684, 0.5498043298721313, 0.992882490158081, 0.4770265817642212, 0.9935977458953857, 0.4980708062648773, 0.9858443737030029, 0.9544972777366638, 0.9757617115974426, 0.6330845952033997, 0.9994285702705383, 0.9995167255401611, 0.5098638534545898, 0.9993288516998291, 0.402337908744812, 0.9206193685531616, 0.9969922304153442, 0.9929498434066772, 0.9138762354850769, 0.46914955973625183, 0.9030223488807678, 0.9891250133514404, 0.9974613189697266, 0.9981504082679749, 0.5025936365127563, 0.995394766330719, 0.6257588267326355, 0.9835692048072815, 0.9992509484291077, 0.4922572076320648, 0.9492031931877136, 0.5971719026565552, 0.889626145362854, 0.19899187982082367, 0.8505594730377197, 0.998636782169342]","[0, 1, 1, 1, 1, 1, 1, 1, 1, 1, 1, 1, 1, 1, 1, 1, 1, 1, 1, 1, 1, 1, 1, 1, 1, 1, 0, 1, 1, 1, 1, 0, 1, 1, 1, 1, 1, 1, 1, 1, 0, 1, 1, 1, 1, 1, 1, 1, 1, 1, 1, 1, 1, 1, 1, 1, 1, 1, 1, 0, 1, 0, 1, 1]","[1.7001842260360718, 1.4084125757217407, 1.7135250568389893, 0.009016619995236397, 0.18795746564865112, 0.04926959425210953, 0.28958365321159363, 0.7387669086456299, 0.504632294178009, 0.2816845178604126, 1.059159755706787, 1.990852952003479, 0.5163052678108215, 0.3327751159667969, 0.16411158442497253, 0.2430296540260315, 0.09000951796770096, 0.0014285078505054116, 0.028388775885105133, 0.051711246371269226, 0.23698878288269043, 1.1363389492034912, 0.30388009548187256, 0.0399637371301651, 0.2495807409286499, 0.07986162602901459, 0.73519366979599, 0.22706490755081177, 1.6894299983978271, 1.4185826778411865, 0.04978613555431366, 1.0850484371185303, 0.043874334543943405, 1.6953774690628052, 0.0754695013165474, 0.24363744258880615, 0.15844710171222687, 1.1330384016036987, 0.0049405465833842754, 0.004835154861211777, 0.8361567258834839, 0.0064246198162436485, 1.7983930110931396, 0.374489963054657, 0.022522708401083946, 0.05195159092545509, 0.2974185645580292, 1.5883725881576538, 0.38994720578193665, 0.06330238282680511, 0.0214249137789011, 0.015943150967359543, 1.2486515045166016, 0.030132323503494263, 1.2679015398025513, 0.09715178608894348, 0.006656733341515064, 1.4935128688812256, 0.27007773518562317, 1.3013818264007568, 0.5254572629928589, 2.0861215591430664, 0.6712279915809631, 0.012672767043113708]"
10,640,704,64,0.953125,0.3539288640022278,clean_mnist,0.125,0.09375,0.15625,0.09375,0.140625,0.09375,0.109375,0.109375,0.046875,0.03125,0.12935705482959747,0.22733570635318756,12.110845565795898,13.87816333770752,19.765625,21.0,"[7, 9, 2, 3, 7, 3, 2, 4, 1, 6, 2, 7, 5, 5, 7, 4, 0, 2, 6, 3, 6, 4, 0, 4, 2, 6, 0, 0, 0, 0, 5, 1, 6, 2, 2, 3, 1, 4, 1, 5, 4, 6, 4, 7, 2, 8, 7, 9, 2, 0, 5, 1, 4, 2, 8, 3, 3, 8, 1, 5, 4, 6, 0, 7]","[7, 9, 2, 3, 7, 3, 2, 4, 1, 6, 2, 7, 5, 5, 7, 4, 0, 2, 6, 3, 6, 4, 0, 4, 2, 6, 0, 0, 0, 0, 3, 1, 6, 2, 2, 3, 1, 4, 1, 5, 4, 6, 4, 7, 2, 8, 7, 9, 2, 0, 5, 1, 4, 2, 8, 3, 2, 4, 1, 5, 4, 6, 0, 7]","[0.9991090893745422, 0.9185344576835632, 0.9763575196266174, 0.9971453547477722, 0.6373266577720642, 0.9995379447937012, 0.4903092086315155, 0.6423484086990356, 0.7898939251899719, 0.9884327054023743, 0.9994187355041504, 0.962796151638031, 0.9970989227294922, 0.9510458707809448, 0.9993568062782288, 0.9997829794883728, 0.9995847344398499, 0.7637609243392944, 0.9868704676628113, 0.8901023268699646, 0.4941433370113373, 0.9866117238998413, 0.9498386979103088, 0.786543071269989, 0.904916524887085, 0.26730042695999146, 0.9438126683235168, 0.9874672293663025, 0.6255620718002319, 0.9223763346672058, 0.5653063058853149, 0.9193958044052124, 0.9974398612976074, 0.9992132186889648, 0.9050736427307129, 0.999275267124176, 0.49792245030403137, 0.9952259063720703, 0.992461621761322, 0.9965482354164124, 0.991883397102356, 0.9899611473083496, 0.7773389220237732, 0.9759970903396606, 0.9982331991195679, 0.9470091462135315, 0.9952961802482605, 0.9982196688652039, 0.9978240728378296, 0.9709860682487488, 0.9778302311897278, 0.9993225336074829, 0.9598660469055176, 0.9967883825302124, 0.9528053402900696, 0.9989803433418274, 0.5861071944236755, 0.9111078381538391, 0.6252568364143372, 0.9598474502563477, 0.7887390851974487, 0.9956657290458679, 0.8227725625038147, 0.9998753070831299]","[1, 1, 1, 1, 1, 1, 1, 1, 1, 1, 1, 1, 1, 1, 1, 1, 1, 1, 1, 1, 1, 1, 1, 1, 1, 1, 1, 1, 1, 1, 0, 1, 1, 1, 1, 1, 1, 1, 1, 1, 1, 1, 1, 1, 1, 1, 1, 1, 1, 1, 1, 1, 1, 1, 1, 1, 0, 0, 1, 1, 1, 1, 1, 1]","[0.008266087621450424, 0.4101986885070801, 0.13003912568092346, 0.02158346027135849, 1.0170835256576538, 0.004506934434175491, 0.8781441450119019, 0.9813525080680847, 0.9513217806816101, 0.07059698551893234, 0.005806760862469673, 0.20035314559936523, 0.023317135870456696, 0.2187214493751526, 0.006010840646922588, 0.002315111458301544, 0.0041132173500955105, 0.6068196296691895, 0.08472468703985214, 0.38562309741973877, 1.1356592178344727, 0.08594649285078049, 0.28852027654647827, 0.9067159295082092, 0.35057294368743896, 1.8636616468429565, 0.3253198266029358, 0.08968859165906906, 1.1997429132461548, 0.39985498785972595, 0.7138307094573975, 0.43644192814826965, 0.02084728144109249, 0.007395233027637005, 0.4332387149333954, 0.006317576859146357, 1.7034112215042114, 0.035360187292099, 0.058110252022743225, 0.024737481027841568, 0.05786700174212456, 0.07142727822065353, 0.7996794581413269, 0.13613584637641907, 0.013632402755320072, 0.2785522937774658, 0.03678293153643608, 0.014987645670771599, 0.018405918031930923, 0.17911048233509064, 0.13149051368236542, 0.006558423861861229, 0.18189266324043274, 0.024413108825683594, 0.2650238275527954, 0.008982224389910698, 0.9597883224487305, 0.3341684639453888, 1.2771824598312378, 0.1717984974384308, 0.8707693815231323, 0.02892330102622509, 0.6862663626670837, 0.0013357122661545873]"
11,704,768,64,0.90625,0.3868301212787628,clean_mnist,0.078125,0.078125,0.0625,0.09375,0.046875,0.09375,0.09375,0.109375,0.203125,0.140625,0.14103297889232635,0.23790289461612701,12.160521507263184,14.112699508666992,19.484375,21.53125,"[9, 8, 4, 9, 8, 0, 1, 1, 0, 2, 2, 3, 2, 4, 7, 5, 8, 6, 5, 7, 7, 8, 8, 9, 7, 8, 7, 3, 2, 0, 8, 6, 3, 6, 1, 6, 8, 9, 4, 0, 9, 0, 5, 1, 5, 8, 7, 5, 3, 7, 9, 9, 8, 5, 8, 6, 3, 8, 6, 9, 9, 1, 8, 3]","[9, 8, 4, 9, 8, 0, 1, 1, 0, 2, 2, 3, 2, 4, 4, 5, 8, 6, 5, 7, 7, 8, 8, 9, 7, 4, 7, 3, 2, 0, 8, 6, 8, 6, 1, 6, 8, 9, 4, 0, 9, 0, 4, 1, 5, 4, 7, 5, 3, 7, 4, 9, 8, 5, 8, 6, 3, 8, 6, 9, 9, 1, 8, 3]","[0.5692201256752014, 0.9998828172683716, 0.5942644476890564, 0.9980785846710205, 0.878259539604187, 0.982109785079956, 0.4299166202545166, 0.9996868371963501, 0.3816669285297394, 0.9949284791946411, 0.9668007493019104, 0.999701201915741, 0.9424130320549011, 0.982043445110321, 0.4195370376110077, 0.9999825954437256, 0.9346015453338623, 0.991877555847168, 0.9991952776908875, 0.9972943663597107, 0.999734103679657, 0.9995104074478149, 0.8931404948234558, 0.9489493370056152, 0.9608659744262695, 0.8321096301078796, 0.9819105267524719, 0.9994432330131531, 0.9995046854019165, 0.9999902248382568, 0.9971643090248108, 0.9966478943824768, 0.36149320006370544, 0.9917237162590027, 0.43113064765930176, 0.9929176568984985, 0.6267921924591064, 0.9988512992858887, 0.9868692755699158, 0.9226176738739014, 0.8834905028343201, 0.8636850118637085, 0.3684575855731964, 0.581160843372345, 0.9944167137145996, 0.8374410271644592, 0.943051278591156, 0.9948830604553223, 0.9990441203117371, 0.9986584186553955, 0.5817834138870239, 0.9995071887969971, 0.9855378270149231, 0.9499531388282776, 0.9999474287033081, 0.9172139763832092, 0.9954753518104553, 0.987650990486145, 0.9868016242980957, 0.9413565397262573, 0.9961431622505188, 0.8840224146842957, 0.9676300883293152, 0.9994634985923767]","[1, 1, 1, 1, 1, 1, 1, 1, 1, 1, 1, 1, 1, 1, 0, 1, 1, 1, 1, 1, 1, 1, 1, 1, 1, 0, 1, 1, 1, 1, 1, 1, 0, 1, 1, 1, 1, 1, 1, 1, 1, 1, 0, 1, 1, 0, 1, 1, 1, 1, 0, 1, 1, 1, 1, 1, 1, 1, 1, 1, 1, 1, 1, 1]","[1.3227273225784302, 0.0013147412100806832, 1.0725040435791016, 0.01646934077143669, 0.581701397895813, 0.09672372043132782, 1.5963056087493896, 0.003252600319683552, 1.7478805780410767, 0.03658295422792435, 0.17828130722045898, 0.0031958550680428743, 0.2865474224090576, 0.10462208837270737, 1.490248441696167, 0.00022180969244800508, 0.35824427008628845, 0.04993274062871933, 0.007298894226551056, 0.021253356710076332, 0.0026940270327031612, 0.004682798404246569, 0.44360700249671936, 0.24311235547065735, 0.2149873673915863, 0.49472686648368835, 0.10632196068763733, 0.00553649477660656, 0.004473470151424408, 0.00013735514949075878, 0.022618429735302925, 0.027702955529093742, 1.6728906631469727, 0.04975983500480652, 1.8723809719085693, 0.05329262465238571, 1.2925788164138794, 0.010319298133254051, 0.08967337757349014, 0.4224191904067993, 0.567730188369751, 0.6608542203903198, 1.730171799659729, 1.5819027423858643, 0.03819538652896881, 0.633542001247406, 0.2839921712875366, 0.032288871705532074, 0.008177020587027073, 0.012155316770076752, 1.1992865800857544, 0.004770323168486357, 0.1033625602722168, 0.2631356418132782, 0.0006368229514919221, 0.41488856077194214, 0.0347670279443264, 0.08385837078094482, 0.09327299892902374, 0.25486674904823303, 0.028972487896680832, 0.5408234000205994, 0.17150026559829712, 0.004752256441861391]"
12,768,832,64,0.953125,0.30414652824401855,clean_mnist,0.109375,0.078125,0.09375,0.046875,0.046875,0.109375,0.109375,0.140625,0.125,0.140625,0.1324632316827774,0.2299799621105194,12.061944961547852,14.121618270874023,19.5625,21.328125,"[5, 8, 6, 5, 9, 7, 2, 5, 0, 8, 7, 1, 1, 0, 9, 1, 8, 6, 7, 0, 0, 3, 0, 8, 5, 9, 6, 7, 8, 4, 7, 5, 9, 2, 6, 7, 4, 5, 9, 2, 3, 1, 6, 3, 9, 2, 2, 5, 6, 8, 0, 7, 7, 1, 9, 8, 7, 0, 9, 9, 4, 6, 2, 8]","[5, 8, 6, 5, 9, 7, 2, 5, 0, 8, 5, 1, 1, 0, 9, 1, 8, 6, 7, 0, 9, 3, 0, 8, 8, 9, 6, 7, 8, 4, 7, 5, 9, 2, 6, 7, 4, 5, 9, 2, 3, 1, 6, 3, 9, 2, 2, 5, 6, 8, 0, 7, 7, 1, 9, 8, 7, 0, 9, 9, 4, 6, 2, 8]","[0.9993463158607483, 0.8075040578842163, 0.7329613566398621, 0.9998356103897095, 0.9552212953567505, 0.9905257225036621, 0.9857504367828369, 0.9906947612762451, 0.9574200510978699, 0.9965994954109192, 0.36312422156333923, 0.9970124959945679, 0.6509702205657959, 0.9996092915534973, 0.9903959631919861, 0.8599520921707153, 0.9040960073471069, 0.998403012752533, 0.9282543063163757, 0.999636173248291, 0.7613295316696167, 0.999903678894043, 0.8787330389022827, 0.9999505281448364, 0.9929004907608032, 0.9984867572784424, 0.9895625710487366, 0.9979348182678223, 0.9787368774414062, 0.9964170455932617, 0.9931870698928833, 0.9954797029495239, 0.9755280017852783, 0.9807900190353394, 0.9844448566436768, 0.9397755861282349, 0.6501938104629517, 0.9919968247413635, 0.9890347719192505, 0.99793940782547, 0.6496497988700867, 0.8210211396217346, 0.9913978576660156, 0.9985055923461914, 0.9919652938842773, 0.4771921634674072, 0.9998722076416016, 0.9942485094070435, 0.9766974449157715, 0.9794874787330627, 0.7965799570083618, 0.997900128364563, 0.9879025816917419, 0.6461556553840637, 0.9594898819923401, 0.9794566035270691, 0.9905880689620972, 0.8004694581031799, 0.9968396425247192, 0.7663378119468689, 0.4249523878097534, 0.9958958625793457, 0.9971633553504944, 0.9986656904220581]","[1, 1, 1, 1, 1, 1, 1, 1, 1, 1, 0, 1, 1, 1, 1, 1, 1, 1, 1, 1, 0, 1, 1, 1, 0, 1, 1, 1, 1, 1, 1, 1, 1, 1, 1, 1, 1, 1, 1, 1, 1, 1, 1, 1, 1, 1, 1, 1, 1, 1, 1, 1, 1, 1, 1, 1, 1, 1, 1, 1, 1, 1, 1, 1]","[0.006005939096212387, 0.6176286935806274, 1.1109031438827515, 0.0016377874417230487, 0.22509941458702087, 0.06451559066772461, 0.08483133465051651, 0.0548115149140358, 0.2580454647541046, 0.024488303810358047, 1.701720952987671, 0.02515815757215023, 1.243470311164856, 0.004013001453131437, 0.06962300837039948, 0.6747323870658875, 0.47486865520477295, 0.012952837161719799, 0.34275978803634644, 0.0038991724140942097, 0.725344181060791, 0.001118666143156588, 0.5373823046684265, 0.0005949222831986845, 0.047207605093717575, 0.01287714671343565, 0.06868112832307816, 0.017344001680612564, 0.13905099034309387, 0.02686402015388012, 0.04729900136590004, 0.031472258269786835, 0.140004500746727, 0.10378484427928925, 0.10460458695888519, 0.28759700059890747, 0.8164092302322388, 0.05378462001681328, 0.06964211165904999, 0.017162229865789413, 1.1651769876480103, 0.8204894661903381, 0.05840153992176056, 0.013248708099126816, 0.048778679221868515, 1.1449003219604492, 0.0014340465422719717, 0.03652774170041084, 0.13566601276397705, 0.13340383768081665, 0.8360823392868042, 0.017588751390576363, 0.08417778462171555, 1.3633259534835815, 0.23502632975578308, 0.11466144770383835, 0.06329810619354248, 0.7480340003967285, 0.023969756439328194, 0.6793106198310852, 1.4253039360046387, 0.03284566104412079, 0.022570397704839706, 0.011763975955545902]"
13,832,896,64,0.984375,0.3100663423538208,clean_mnist,0.09375,0.09375,0.109375,0.171875,0.140625,0.09375,0.078125,0.109375,0.078125,0.03125,0.13493523001670837,0.23272603750228882,12.082258224487305,13.868705749511719,19.546875,21.40625,"[5, 1, 4, 1, 5, 5, 1, 7, 3, 6, 4, 3, 2, 5, 6, 4, 4, 0, 4, 8, 6, 7, 2, 4, 3, 3, 8, 0, 0, 3, 2, 2, 9, 8, 2, 3, 7, 0, 1, 1, 0, 2, 3, 3, 8, 4, 3, 5, 7, 6, 4, 7, 7, 8, 5, 9, 7, 0, 3, 1, 6, 2, 4, 3]","[5, 1, 4, 1, 5, 5, 1, 7, 3, 6, 4, 3, 2, 5, 6, 4, 4, 0, 4, 4, 6, 7, 2, 4, 3, 3, 8, 0, 0, 3, 2, 2, 9, 8, 2, 3, 7, 0, 1, 1, 0, 2, 3, 3, 8, 4, 3, 5, 7, 6, 4, 7, 7, 8, 5, 9, 7, 0, 3, 1, 6, 2, 4, 3]","[0.9800777435302734, 0.9998551607131958, 0.932468593120575, 0.9877053499221802, 0.9593460559844971, 0.9919906258583069, 0.8655181527137756, 0.9995469450950623, 0.9998884201049805, 0.9865422248840332, 0.5944742560386658, 0.9910579919815063, 0.974658191204071, 0.9972869157791138, 0.9148133397102356, 0.9954230189323425, 0.9629807472229004, 0.8589274287223816, 0.4662497043609619, 0.6192629933357239, 0.9580086469650269, 0.8944718837738037, 0.9194512367248535, 0.9534228444099426, 0.9967196583747864, 0.9999247789382935, 0.9731263518333435, 0.9951437711715698, 0.9951247572898865, 0.9987159967422485, 0.9534451961517334, 0.9982184767723083, 0.8153364658355713, 0.9091118574142456, 0.9647730588912964, 0.9997921586036682, 0.8820292353630066, 0.9566211700439453, 0.7644684910774231, 0.9849147796630859, 0.996168315410614, 0.9972819089889526, 0.9999953508377075, 0.9998524188995361, 0.9232788681983948, 0.9931108951568604, 0.9481608867645264, 0.9998563528060913, 0.9995730519294739, 0.9910537600517273, 0.7160115838050842, 0.9999492168426514, 0.44499924778938293, 0.9423985481262207, 0.9999147653579712, 0.9988045692443848, 0.6281266808509827, 0.5796820521354675, 0.9992448091506958, 0.8660024404525757, 0.31851932406425476, 0.5102327466011047, 0.9658642411231995, 0.955333411693573]","[1, 1, 1, 1, 1, 1, 1, 1, 1, 1, 1, 1, 1, 1, 1, 1, 1, 1, 1, 0, 1, 1, 1, 1, 1, 1, 1, 1, 1, 1, 1, 1, 1, 1, 1, 1, 1, 1, 1, 1, 1, 1, 1, 1, 1, 1, 1, 1, 1, 1, 1, 1, 1, 1, 1, 1, 1, 1, 1, 1, 1, 1, 1, 1]","[0.12025786191225052, 0.0016432220581918955, 0.34975919127464294, 0.08754903823137283, 0.2062263786792755, 0.04941869527101517, 0.6648775935173035, 0.0044745588675141335, 0.0012165179941803217, 0.08700854331254959, 1.2723411321640015, 0.06238075718283653, 0.1356792002916336, 0.020202629268169403, 0.3120708465576172, 0.03430866822600365, 0.1715569943189621, 0.6876442432403564, 0.9743857979774475, 0.8165775537490845, 0.2507176697254181, 0.4936258792877197, 0.3993412256240845, 0.2231055498123169, 0.026366565376520157, 0.000865558919031173, 0.16707850992679596, 0.03358390927314758, 0.03870487958192825, 0.010880104266107082, 0.23490679264068604, 0.014760577119886875, 0.7611105442047119, 0.4279962480068207, 0.18358755111694336, 0.0021060064900666475, 0.5271937847137451, 0.25745606422424316, 0.8099986910820007, 0.10762179642915726, 0.027650708332657814, 0.019505705684423447, 6.352621858241037e-05, 0.001628042897209525, 0.39322757720947266, 0.04551415145397186, 0.2767564654350281, 0.001498444122262299, 0.004312269389629364, 0.06578228622674942, 0.7320082783699036, 0.0005981220747344196, 1.221006155014038, 0.3222671449184418, 0.0008924644207581878, 0.010026169940829277, 1.1203608512878418, 1.1065183877944946, 0.0065708523616194725, 0.6364750266075134, 1.7281166315078735, 0.710433304309845, 0.19710810482501984, 0.18533773720264435]"
14,896,960,64,0.921875,0.38179484009742737,clean_mnist,0.078125,0.109375,0.0625,0.046875,0.109375,0.15625,0.09375,0.1875,0.046875,0.109375,0.13055254518985748,0.22816607356071472,12.075338363647461,13.924999237060547,20.109375,20.734375,"[4, 4, 7, 5, 9, 6, 9, 0, 7, 1, 4, 2, 7, 3, 6, 7, 5, 8, 4, 5, 5, 2, 7, 1, 1, 5, 6, 8, 5, 8, 4, 0, 7, 9, 9, 2, 9, 7, 7, 5, 1, 4, 2, 6, 9, 1, 7, 9, 6, 4, 3, 5, 7, 0, 7, 1, 0, 3, 7, 6, 5, 0, 5, 1]","[4, 4, 7, 5, 9, 6, 9, 0, 7, 1, 4, 2, 7, 3, 6, 7, 5, 8, 4, 5, 5, 2, 7, 1, 1, 5, 6, 8, 5, 8, 4, 0, 7, 9, 9, 2, 9, 7, 7, 8, 7, 4, 2, 6, 9, 1, 7, 0, 6, 4, 2, 5, 7, 0, 7, 1, 0, 3, 7, 6, 5, 0, 6, 1]","[0.9843263030052185, 0.9255762696266174, 0.9898858070373535, 0.9988753199577332, 0.5324334502220154, 0.9062198400497437, 0.572174608707428, 0.8407889008522034, 0.8911741375923157, 0.932589590549469, 0.8123201727867126, 0.9663649201393127, 0.9996762275695801, 0.9999969005584717, 0.7334986329078674, 0.8977124691009521, 0.9992830157279968, 0.9505168795585632, 0.9877838492393494, 0.9976187348365784, 0.9913171529769897, 0.9439990520477295, 0.8369876146316528, 0.999717652797699, 0.9925669431686401, 0.8843356370925903, 0.7455189824104309, 0.999194324016571, 0.9048477411270142, 0.9979281425476074, 0.9929619431495667, 0.9380636811256409, 0.9927119016647339, 0.9417291879653931, 0.9997072815895081, 0.8790351748466492, 0.9954366087913513, 0.9434710741043091, 0.994738757610321, 0.6007709503173828, 0.6070074439048767, 0.8746980428695679, 0.992122232913971, 0.9123294353485107, 0.992473840713501, 0.8603109121322632, 0.9943080544471741, 0.4132653474807739, 0.971278965473175, 0.9665483236312866, 0.5227678418159485, 0.9921920895576477, 0.9652237296104431, 0.954181969165802, 0.9928194880485535, 0.7672798037528992, 0.49891090393066406, 0.9968680739402771, 0.999605119228363, 0.6948922276496887, 0.9996939897537231, 0.7107558846473694, 0.9715131521224976, 0.9946792125701904]","[1, 1, 1, 1, 1, 1, 1, 1, 1, 1, 1, 1, 1, 1, 1, 1, 1, 1, 1, 1, 1, 1, 1, 1, 1, 1, 1, 1, 1, 1, 1, 1, 1, 1, 1, 1, 1, 1, 1, 0, 0, 1, 1, 1, 1, 1, 1, 0, 1, 1, 0, 1, 1, 1, 1, 1, 1, 1, 1, 1, 1, 1, 0, 1]","[0.0936296358704567, 0.3788273334503174, 0.06441034376621246, 0.008783753961324692, 1.5004017353057861, 0.4635767936706543, 1.4107283353805542, 0.6216860413551331, 0.46274128556251526, 0.37753623723983765, 0.6878339052200317, 0.16923490166664124, 0.0033701907377690077, 4.6603145165136084e-05, 0.7266348004341125, 0.4595348834991455, 0.006115542724728584, 0.22752472758293152, 0.07382046431303024, 0.0184322502464056, 0.06187189742922783, 0.24955309927463531, 0.5961207747459412, 0.003047667443752289, 0.05522046610713005, 0.4699186384677887, 0.9100635051727295, 0.007620067335665226, 0.31462767720222473, 0.017692415043711662, 0.04602741822600365, 0.32645177841186523, 0.04666701704263687, 0.23505592346191406, 0.0030846779700368643, 0.515165388584137, 0.03285186365246773, 0.2975820302963257, 0.03667178750038147, 1.3000316619873047, 0.8176365494728088, 0.5189316868782043, 0.0557674877345562, 0.44711071252822876, 0.057593803852796555, 0.6873674392700195, 0.04220026358962059, 1.58412766456604, 0.1727689653635025, 0.17190560698509216, 0.9512704610824585, 0.059164319187402725, 0.17131906747817993, 0.25353172421455383, 0.04855544492602348, 1.0265393257141113, 1.5478549003601074, 0.026442941278219223, 0.0038258072454482317, 1.1648975610733032, 0.0030343986582010984, 1.1414844989776611, 0.1586262434720993, 0.04271682724356651]"
15,960,1024,64,0.96875,0.5931004285812378,clean_mnist,0.09375,0.125,0.046875,0.109375,0.140625,0.078125,0.09375,0.171875,0.09375,0.046875,0.12272879481315613,0.21493390202522278,12.102323532104492,13.898420333862305,19.421875,21.21875,"[5, 1, 7, 8, 5, 0, 3, 4, 7, 7, 5, 7, 8, 6, 9, 3, 8, 6, 1, 0, 9, 7, 1, 3, 0, 5, 6, 4, 4, 2, 4, 4, 3, 1, 7, 4, 6, 0, 3, 6, 0, 7, 1, 1, 4, 9, 4, 3, 4, 8, 2, 2, 1, 8, 7, 5, 8, 1, 0, 7, 6, 3, 7, 7]","[5, 1, 7, 8, 5, 0, 3, 4, 7, 7, 5, 7, 8, 6, 9, 3, 8, 6, 1, 0, 9, 7, 1, 3, 0, 5, 6, 4, 4, 2, 4, 4, 3, 1, 7, 7, 6, 0, 3, 6, 0, 7, 1, 1, 4, 9, 4, 3, 4, 8, 2, 2, 1, 8, 7, 0, 8, 1, 0, 7, 6, 3, 7, 7]","[0.9998856782913208, 0.699074923992157, 0.999454915523529, 0.9487136006355286, 0.9965355396270752, 0.7238836884498596, 0.881515383720398, 0.9844606518745422, 0.4285132586956024, 0.9933494925498962, 0.9991649389266968, 0.9606517553329468, 0.9993734955787659, 0.9612360596656799, 0.6785861253738403, 0.9995761513710022, 0.9946144223213196, 0.750321626663208, 0.4995895326137543, 0.9957265853881836, 0.5328647494316101, 0.9593364000320435, 0.6062408089637756, 0.9999042749404907, 0.6875594854354858, 0.5532673597335815, 0.9998747110366821, 0.9953261613845825, 0.9017799496650696, 0.9955333471298218, 0.8988354206085205, 0.36212557554244995, 0.9985734224319458, 0.7457224130630493, 0.9999240636825562, 0.5790091156959534, 0.9343069791793823, 0.4221784472465515, 0.9303976893424988, 0.9526038765907288, 0.5104947090148926, 0.8596830368041992, 0.4820611774921417, 0.45764440298080444, 0.4399382472038269, 0.9977263808250427, 0.6820865869522095, 0.8413980603218079, 0.9242437481880188, 0.9947819113731384, 0.9608033895492554, 0.7733235359191895, 0.986724853515625, 0.8746515512466431, 0.9741316437721252, 0.37359899282455444, 0.7167708873748779, 0.7884128093719482, 0.9792927503585815, 0.7505601048469543, 0.8812306523323059, 0.9705089926719666, 0.857010543346405, 0.5505248308181763]","[1, 1, 1, 1, 1, 1, 1, 1, 1, 1, 1, 1, 1, 1, 1, 1, 1, 1, 1, 1, 1, 1, 1, 1, 1, 1, 1, 1, 1, 1, 1, 1, 1, 1, 1, 0, 1, 1, 1, 1, 1, 1, 1, 1, 1, 1, 1, 1, 1, 1, 1, 1, 1, 1, 1, 0, 1, 1, 1, 1, 1, 1, 1, 1]","[0.0012243641540408134, 1.2430164813995361, 0.005186882801353931, 0.2794443964958191, 0.027160223573446274, 1.1096150875091553, 0.3725113570690155, 0.09013736993074417, 1.3756450414657593, 0.042879369109869, 0.007315430790185928, 0.20724068582057953, 0.0062151807360351086, 0.22854353487491608, 0.973178505897522, 0.003874093759804964, 0.036563560366630554, 0.8802535533905029, 1.699550747871399, 0.03462203964591026, 0.9747629165649414, 0.222440704703331, 1.396235466003418, 0.0010700183920562267, 1.1311771869659424, 1.2119485139846802, 0.0014448611764237285, 0.03136901557445526, 0.47604531049728394, 0.031400665640830994, 0.3320239186286926, 1.6108973026275635, 0.011235704645514488, 1.0681273937225342, 0.0008951198542490602, 0.9785751104354858, 0.3218151926994324, 1.4123456478118896, 0.29887500405311584, 0.2537362575531006, 1.5253212451934814, 0.44876039028167725, 1.8018653392791748, 1.8557771444320679, 1.3322374820709229, 0.018960585817694664, 0.8347334265708923, 0.5637365579605103, 0.30003589391708374, 0.036175623536109924, 0.20384208858013153, 0.6827508211135864, 0.091313935816288, 0.5642858147621155, 0.15302683413028717, 1.5200086832046509, 0.7329638600349426, 0.942266047000885, 0.11415017396211624, 1.0492757558822632, 0.5093949437141418, 0.16255223751068115, 0.6010235548019409, 1.5233709812164307]"
16,1024,1088,64,0.9375,0.5751985311508179,clean_mnist,0.0625,0.171875,0.109375,0.109375,0.078125,0.09375,0.03125,0.109375,0.125,0.109375,0.11293439567089081,0.20583607256412506,12.100809097290039,14.108014106750488,19.078125,21.046875,"[5, 8, 8, 9, 0, 5, 4, 1, 3, 2, 2, 3, 9, 4, 9, 5, 3, 6, 7, 7, 1, 8, 3, 2, 2, 0, 4, 1, 1, 2, 7, 3, 9, 7, 2, 8, 1, 9, 5, 8, 8, 1, 9, 8, 3, 1, 6, 5, 7, 4, 2, 7, 0, 3, 0, 4, 1, 1, 7, 9, 1, 1, 8, 5]","[5, 8, 8, 9, 0, 0, 4, 1, 5, 2, 2, 3, 9, 4, 9, 5, 0, 6, 7, 7, 1, 8, 0, 2, 2, 0, 4, 1, 1, 2, 7, 3, 9, 7, 2, 8, 1, 9, 5, 8, 8, 1, 9, 8, 3, 1, 6, 5, 7, 4, 2, 7, 0, 3, 0, 4, 1, 1, 7, 9, 1, 1, 8, 5]","[0.447582870721817, 0.9241414070129395, 0.9934964179992676, 0.6220288872718811, 0.6044746041297913, 0.8049981594085693, 0.4311295747756958, 0.9788525700569153, 0.46196332573890686, 0.9091706871986389, 0.965206503868103, 0.9017996788024902, 0.8965310454368591, 0.5716372728347778, 0.9985307455062866, 0.9998769760131836, 0.4270957112312317, 0.9907604455947876, 0.9840092658996582, 0.9087880253791809, 0.879485011100769, 0.7874178290367126, 0.37732982635498047, 0.5044498443603516, 0.9926335215568542, 0.5136385560035706, 0.9021683931350708, 0.9695068001747131, 0.9427981972694397, 0.830133855342865, 0.9986730813980103, 0.8122196197509766, 0.9971760511398315, 0.9782931208610535, 0.9733965396881104, 0.9744713306427002, 0.7387321591377258, 0.9506540894508362, 0.8909139633178711, 0.9216532111167908, 0.8802306056022644, 0.3533668518066406, 0.9957666397094727, 0.9999023675918579, 0.9987291693687439, 0.9210302233695984, 0.6517757177352905, 0.9969869256019592, 0.9973335266113281, 0.6381841897964478, 0.989252507686615, 0.5220254063606262, 0.7797945737838745, 0.9699044823646545, 0.47706082463264465, 0.28672677278518677, 0.2173961102962494, 0.8610680103302002, 0.9988827109336853, 0.9472824931144714, 0.9545382261276245, 0.921575129032135, 0.9251185059547424, 0.9999828338623047]","[1, 1, 1, 1, 1, 0, 1, 1, 0, 1, 1, 1, 1, 1, 1, 1, 0, 1, 1, 1, 1, 1, 0, 1, 1, 1, 1, 1, 1, 1, 1, 1, 1, 1, 1, 1, 1, 1, 1, 1, 1, 1, 1, 1, 1, 1, 1, 1, 1, 1, 1, 1, 1, 1, 1, 1, 1, 1, 1, 1, 1, 1, 1, 1]","[1.1404186487197876, 0.39110153913497925, 0.04967546463012695, 1.1596128940582275, 1.2742990255355835, 0.7694826126098633, 1.4651039838790894, 0.13878396153450012, 1.3188557624816895, 0.4541485905647278, 0.18196409940719604, 0.4032672643661499, 0.38415026664733887, 0.8558651208877563, 0.013157354667782784, 0.0012714528711512685, 1.430330514907837, 0.06314541399478912, 0.0953073725104332, 0.4786401093006134, 0.6074813604354858, 0.6454039812088013, 1.861653447151184, 0.9478673338890076, 0.05149581655859947, 1.2273715734481812, 0.4450710713863373, 0.19669091701507568, 0.2928961515426636, 0.6347149610519409, 0.011705548502504826, 0.492217481136322, 0.02327299863100052, 0.13553102314472198, 0.15619692206382751, 0.13279224932193756, 1.0870537757873535, 0.24597778916358948, 0.371073454618454, 0.3557896018028259, 0.5474920868873596, 2.000124454498291, 0.030990609899163246, 0.0010392186231911182, 0.011562577448785305, 0.4307030439376831, 1.0143330097198486, 0.02230125665664673, 0.02151900716125965, 0.8294650316238403, 0.06682036817073822, 1.3255314826965332, 0.9262973666191101, 0.1448400616645813, 1.3158690929412842, 1.9357622861862183, 2.2208340167999268, 0.665362536907196, 0.009884501807391644, 0.28697896003723145, 0.23708884418010712, 0.40554407238960266, 0.37130311131477356, 0.00022071345301810652]"
17,1088,1152,64,0.875,0.5553774237632751,clean_mnist,0.0625,0.109375,0.09375,0.1875,0.09375,0.0625,0.140625,0.078125,0.078125,0.09375,0.11783377826213837,0.20941397547721863,12.102126121520996,13.942800521850586,19.015625,21.109375,"[9, 6, 0, 6, 6, 3, 4, 1, 2, 3, 4, 4, 6, 8, 3, 9, 5, 8, 2, 0, 3, 5, 4, 5, 8, 6, 7, 1, 9, 6, 1, 3, 8, 3, 9, 1, 2, 7, 7, 7, 0, 2, 3, 1, 1, 4, 3, 5, 6, 0, 7, 6, 2, 8, 9, 2, 3, 3, 6, 9, 1, 4, 3, 3]","[7, 5, 0, 6, 6, 0, 4, 1, 2, 3, 4, 4, 6, 8, 0, 9, 5, 8, 7, 0, 3, 5, 4, 5, 9, 6, 7, 1, 9, 6, 1, 3, 8, 3, 9, 1, 2, 7, 7, 7, 0, 2, 3, 1, 1, 4, 2, 5, 6, 0, 9, 6, 2, 8, 9, 2, 3, 3, 6, 9, 1, 4, 3, 3]","[0.5584917664527893, 0.6539004445075989, 0.7878640294075012, 0.9541892409324646, 0.9898380041122437, 0.31886473298072815, 0.8902586102485657, 0.6891610622406006, 0.9996384382247925, 0.9986525177955627, 0.8017654418945312, 0.7598833441734314, 0.9412141442298889, 0.9891562461853027, 0.5218782424926758, 0.9965020418167114, 0.9993892908096313, 0.999570906162262, 0.49883952736854553, 0.7334480881690979, 0.9991784691810608, 0.9998699426651001, 0.8165631294250488, 0.9525837898254395, 0.5625878572463989, 0.837744951248169, 0.9922904372215271, 0.9854521155357361, 0.9789642691612244, 0.7922611832618713, 0.7708906531333923, 0.9940815567970276, 0.4283210039138794, 0.9978773593902588, 0.9878752827644348, 0.9020096063613892, 0.8120953440666199, 0.9991869330406189, 0.9941962957382202, 0.9476287961006165, 0.6217800378799438, 0.9947602152824402, 0.9999920129776001, 0.3428436517715454, 0.8255438804626465, 0.7292752861976624, 0.7615466713905334, 0.8446470499038696, 0.8120945692062378, 0.7422211766242981, 0.7398328185081482, 0.5415745377540588, 0.9901885390281677, 0.9982391595840454, 0.9867232441902161, 0.5426010489463806, 0.9992750287055969, 0.9988276362419128, 0.9587812423706055, 0.9752296209335327, 0.48874175548553467, 0.5883218050003052, 0.9962427616119385, 0.8984867930412292]","[0, 0, 1, 1, 1, 0, 1, 1, 1, 1, 1, 1, 1, 1, 0, 1, 1, 1, 0, 1, 1, 1, 1, 1, 0, 1, 1, 1, 1, 1, 1, 1, 1, 1, 1, 1, 1, 1, 1, 1, 1, 1, 1, 1, 1, 1, 0, 1, 1, 1, 0, 1, 1, 1, 1, 1, 1, 1, 1, 1, 1, 1, 1, 1]","[1.3063522577285767, 0.9354075193405151, 0.8614313006401062, 0.2610760033130646, 0.06056167930364609, 1.7017813920974731, 0.446377158164978, 1.2676582336425781, 0.003707569558173418, 0.011673007160425186, 0.7896607518196106, 0.7892307639122009, 0.29410719871520996, 0.07377469539642334, 1.545442819595337, 0.02721429616212845, 0.0057935151271522045, 0.004272373393177986, 1.3270418643951416, 1.0059694051742554, 0.007123068906366825, 0.0013571532908827066, 0.6113141775131226, 0.2676806151866913, 0.7925496697425842, 0.7353706359863281, 0.056590139865875244, 0.10151907801628113, 0.13323892652988434, 0.7623700499534607, 1.0233160257339478, 0.03834252431988716, 1.473539113998413, 0.018150921911001205, 0.06948980689048767, 0.5077925324440002, 0.8664990067481995, 0.007518607657402754, 0.042603667825460434, 0.292978435754776, 1.2397949695587158, 0.03713439777493477, 0.00010983357060467824, 2.0710949897766113, 0.7732570171356201, 0.744056761264801, 0.6066861152648926, 0.5331946611404419, 0.6545376777648926, 0.8760054111480713, 1.0254052877426147, 0.9799495935440063, 0.06638309359550476, 0.015103409066796303, 0.08731570094823837, 1.4978041648864746, 0.006944742053747177, 0.010180920362472534, 0.18489398062229156, 0.1373414397239685, 1.73678719997406, 1.374312162399292, 0.02599264495074749, 0.3319891095161438]"
18,1152,1216,64,0.890625,0.39114898443222046,clean_mnist,0.078125,0.09375,0.109375,0.078125,0.171875,0.109375,0.0625,0.140625,0.046875,0.109375,0.137340247631073,0.23190736770629883,12.071211814880371,14.038139343261719,19.234375,21.296875,"[0, 7, 7, 5, 7, 7, 3, 6, 2, 9, 5, 4, 4, 2, 7, 9, 0, 9, 3, 4, 9, 9, 1, 2, 4, 9, 3, 0, 4, 1, 5, 2, 5, 3, 7, 4, 2, 6, 5, 7, 1, 8, 9, 0, 4, 1, 4, 2, 1, 3, 6, 4, 6, 7, 5, 8, 7, 0, 5, 1, 4, 2, 8, 4]","[0, 7, 7, 1, 7, 7, 3, 6, 4, 9, 5, 4, 4, 2, 7, 9, 0, 9, 8, 4, 4, 9, 1, 2, 4, 9, 3, 0, 4, 1, 6, 2, 6, 3, 7, 4, 2, 6, 6, 7, 1, 8, 9, 0, 4, 1, 4, 2, 1, 3, 6, 4, 6, 7, 5, 8, 7, 0, 5, 1, 4, 2, 8, 4]","[0.9960502982139587, 0.9940140843391418, 0.7783362865447998, 0.1628292053937912, 0.9985499978065491, 0.9562028646469116, 0.9998924732208252, 0.9094526767730713, 0.7850703001022339, 0.9945685863494873, 0.9927115440368652, 0.9929808378219604, 0.4135376811027527, 0.8228256702423096, 0.959240734577179, 0.9992163181304932, 0.749761164188385, 0.999492883682251, 0.6879988312721252, 0.9328882098197937, 0.5256185531616211, 0.9406832456588745, 0.9045843482017517, 0.7873843908309937, 0.9766420125961304, 0.9551810026168823, 0.9701448678970337, 0.7564495801925659, 0.9476227760314941, 0.994841992855072, 0.7972878217697144, 0.9985760450363159, 0.7027400732040405, 0.9947025179862976, 0.999153733253479, 0.9687249660491943, 0.9986585378646851, 0.9995502829551697, 0.49660125374794006, 0.9717292189598083, 0.9305136799812317, 0.9938346147537231, 0.9948194622993469, 0.9513282775878906, 0.9311140179634094, 0.9989677667617798, 0.9565021395683289, 0.8900913596153259, 0.8403156995773315, 0.9405073523521423, 0.9174586534500122, 0.8891860842704773, 0.9811464548110962, 0.9177396893501282, 0.9736856818199158, 0.9650835990905762, 0.997210681438446, 0.33715319633483887, 0.6639337539672852, 0.9354243874549866, 0.9427516460418701, 0.8880601525306702, 0.9981309771537781, 0.9998492002487183]","[1, 1, 1, 0, 1, 1, 1, 1, 0, 1, 1, 1, 1, 1, 1, 1, 1, 1, 0, 1, 0, 1, 1, 1, 1, 1, 1, 1, 1, 1, 0, 1, 0, 1, 1, 1, 1, 1, 0, 1, 1, 1, 1, 1, 1, 1, 1, 1, 1, 1, 1, 1, 1, 1, 1, 1, 1, 1, 1, 1, 1, 1, 1, 1]","[0.03268617391586304, 0.046744491904973984, 0.6983850002288818, 2.188610792160034, 0.012408574111759663, 0.2626555860042572, 0.001203014049679041, 0.4606302082538605, 0.6660296320915222, 0.04041391983628273, 0.04438639059662819, 0.053525641560554504, 1.6616569757461548, 0.7588293552398682, 0.20799386501312256, 0.007308730389922857, 1.0806667804718018, 0.004858730360865593, 0.9284952282905579, 0.31618013978004456, 0.7866018414497375, 0.30370044708251953, 0.4394553601741791, 0.715245246887207, 0.13567927479743958, 0.2356467992067337, 0.1817559152841568, 0.9757792949676514, 0.3056492805480957, 0.039386097341775894, 0.7809375524520874, 0.013147116638720036, 0.6406121850013733, 0.03933367133140564, 0.008194941096007824, 0.17803946137428284, 0.010655077174305916, 0.004595794714987278, 1.5465803146362305, 0.1724623739719391, 0.35109519958496094, 0.04534253850579262, 0.040201254189014435, 0.27382346987724304, 0.33339229226112366, 0.009670041501522064, 0.23030886054039001, 0.3919450342655182, 0.7501494884490967, 0.3006041646003723, 0.3733122944831848, 0.5159923434257507, 0.11994058638811111, 0.42011526226997375, 0.14790137112140656, 0.1926404982805252, 0.022031843662261963, 1.6622275114059448, 0.7341002821922302, 0.34536677598953247, 0.24512825906276703, 0.5236203074455261, 0.015774302184581757, 0.0017227763310074806]"
19,1216,1280,64,0.9375,0.4021797776222229,clean_mnist,0.015625,0.109375,0.09375,0.125,0.15625,0.078125,0.09375,0.09375,0.140625,0.09375,0.15715567767620087,0.25640296936035156,12.127052307128906,13.980840682983398,18.921875,21.390625,"[7, 7, 3, 8, 4, 9, 3, 8, 6, 7, 3, 4, 6, 7, 1, 7, 4, 3, 3, 8, 3, 8, 1, 8, 6, 3, 1, 1, 9, 5, 2, 8, 4, 2, 9, 7, 1, 4, 8, 2, 9, 6, 4, 1, 3, 4, 2, 5, 2, 5, 6, 8, 0, 6, 2, 4, 9, 4, 9, 4, 5, 1, 5, 8]","[7, 7, 3, 8, 4, 9, 5, 8, 6, 7, 3, 4, 6, 7, 1, 7, 4, 3, 3, 9, 8, 8, 1, 8, 6, 3, 1, 1, 3, 5, 2, 8, 4, 2, 9, 7, 1, 4, 8, 2, 9, 6, 4, 1, 3, 4, 2, 5, 2, 5, 6, 8, 0, 6, 2, 4, 9, 4, 9, 4, 5, 1, 5, 8]","[0.9517222046852112, 0.9883251190185547, 0.9981703758239746, 0.9721101522445679, 0.9792072176933289, 0.9593601822853088, 0.8450211882591248, 0.9956318140029907, 0.9902937412261963, 0.9527201056480408, 0.9999972581863403, 0.9249793291091919, 0.9767211675643921, 0.9791961312294006, 0.7203417420387268, 0.9939730763435364, 0.6336361169815063, 0.8449506163597107, 0.9923388957977295, 0.7613618969917297, 0.6003031134605408, 0.9965104460716248, 0.8588069081306458, 0.996253490447998, 0.735027551651001, 0.9983599781990051, 0.6579952239990234, 0.9742217063903809, 0.5601652264595032, 0.9995591044425964, 0.9992462396621704, 0.9582256078720093, 0.6103059649467468, 0.9996770620346069, 0.9520331621170044, 0.979935348033905, 0.7980815172195435, 0.9250292181968689, 0.5874443054199219, 0.9995660185813904, 0.7981021404266357, 0.995327353477478, 0.9314930438995361, 0.769539475440979, 0.9970321655273438, 0.9830573201179504, 0.944629430770874, 0.9971811771392822, 0.9991563558578491, 0.6765530109405518, 0.954053521156311, 0.9901543259620667, 0.9995429515838623, 0.7376559376716614, 0.5554578900337219, 0.4970948100090027, 0.9795805811882019, 0.8921144008636475, 0.907194972038269, 0.7802470326423645, 0.9444279074668884, 0.8006939888000488, 0.9171580076217651, 0.9961546063423157]","[1, 1, 1, 1, 1, 1, 0, 1, 1, 1, 1, 1, 1, 1, 1, 1, 1, 1, 1, 0, 0, 1, 1, 1, 1, 1, 1, 1, 0, 1, 1, 1, 1, 1, 1, 1, 1, 1, 1, 1, 1, 1, 1, 1, 1, 1, 1, 1, 1, 1, 1, 1, 1, 1, 1, 1, 1, 1, 1, 1, 1, 1, 1, 1]","[0.2743287682533264, 0.07725026458501816, 0.016089191660284996, 0.16017739474773407, 0.11463239789009094, 0.2059239149093628, 0.49517014622688293, 0.034566737711429596, 0.06817073374986649, 0.24971751868724823, 4.2457271774765104e-05, 0.36710426211357117, 0.13888628780841827, 0.1263834685087204, 1.0743318796157837, 0.04339475929737091, 1.2514622211456299, 0.5558360815048218, 0.052409734576940536, 0.7266315817832947, 0.8454078435897827, 0.028632067143917084, 0.6989472508430481, 0.028463009744882584, 1.0481773614883423, 0.01456707064062357, 1.3633379936218262, 0.14804939925670624, 1.252483606338501, 0.0042527965269982815, 0.006385818123817444, 0.20058758556842804, 1.4082716703414917, 0.0033847803715616465, 0.2279830127954483, 0.12416686117649078, 0.8682495355606079, 0.3138687014579773, 1.037374496459961, 0.0043168202973902225, 0.808726966381073, 0.034984149038791656, 0.30007845163345337, 0.8543314933776855, 0.024874646216630936, 0.10719692707061768, 0.27721431851387024, 0.022107545286417007, 0.007340408395975828, 0.7737790942192078, 0.21911084651947021, 0.0712953582406044, 0.004773047752678394, 0.9181673526763916, 1.2002507448196411, 1.3171199560165405, 0.1135321855545044, 0.48574015498161316, 0.4152648448944092, 0.6612446308135986, 0.2339935451745987, 0.8308603763580322, 0.3689208924770355, 0.029179105535149574]"
20,1280,1344,64,0.96875,0.3322969973087311,clean_mnist,0.015625,0.0625,0.0625,0.140625,0.03125,0.140625,0.109375,0.1875,0.09375,0.15625,0.14942431449890137,0.2515447735786438,12.004426956176758,13.929459571838379,19.53125,20.984375,"[4, 7, 9, 5, 9, 5, 9, 1, 5, 8, 3, 9, 9, 1, 8, 3, 8, 6, 9, 2, 7, 2, 7, 6, 3, 9, 7, 9, 4, 6, 0, 5, 3, 5, 7, 3, 9, 3, 6, 8, 3, 1, 7, 6, 5, 5, 7, 6, 5, 8, 2, 1, 7, 9, 2, 7, 3, 6, 7, 8, 5, 3, 7, 7]","[4, 7, 9, 5, 9, 5, 9, 1, 5, 8, 3, 9, 9, 1, 8, 3, 8, 6, 5, 2, 7, 2, 7, 6, 0, 9, 7, 9, 4, 6, 0, 5, 3, 5, 7, 3, 9, 3, 6, 8, 3, 1, 7, 6, 5, 5, 7, 6, 5, 8, 2, 1, 7, 9, 2, 7, 3, 6, 7, 8, 5, 3, 7, 7]","[0.8165006637573242, 0.7574048638343811, 0.368047833442688, 0.9979674220085144, 0.9629747867584229, 0.9994284510612488, 0.9914337396621704, 0.723385214805603, 0.9993388056755066, 0.9964824914932251, 0.9826304316520691, 0.9229944944381714, 0.9730249047279358, 0.7339754700660706, 0.5475663542747498, 0.9999916553497314, 0.9993322491645813, 0.9976605176925659, 0.5421159267425537, 0.9984326958656311, 0.9893158674240112, 0.99473637342453, 0.8379581570625305, 0.999360978603363, 0.8627166152000427, 0.9899716377258301, 0.9743767380714417, 0.9713003039360046, 0.7064793109893799, 0.8135905265808105, 0.9395147562026978, 0.6494405269622803, 0.9968776702880859, 0.9934511184692383, 0.9916383624076843, 0.9998143315315247, 0.6985398530960083, 0.999864935874939, 0.9475452899932861, 0.9916683435440063, 0.9990712404251099, 0.7948001623153687, 0.9982379674911499, 0.998166024684906, 0.9854487776756287, 0.9892269372940063, 0.976344108581543, 0.9868614077568054, 0.9684601426124573, 0.9807267785072327, 0.4313318729400635, 0.792884886264801, 0.9987857937812805, 0.8769146203994751, 0.996306300163269, 0.8915807604789734, 0.9996633529663086, 0.9824696779251099, 0.9070863127708435, 0.9428603649139404, 0.960335373878479, 0.4231491982936859, 0.8277401328086853, 0.9968773126602173]","[1, 1, 1, 1, 1, 1, 1, 1, 1, 1, 1, 1, 1, 1, 1, 1, 1, 1, 0, 1, 1, 1, 1, 1, 0, 1, 1, 1, 1, 1, 1, 1, 1, 1, 1, 1, 1, 1, 1, 1, 1, 1, 1, 1, 1, 1, 1, 1, 1, 1, 1, 1, 1, 1, 1, 1, 1, 1, 1, 1, 1, 1, 1, 1]","[0.6011202335357666, 0.7868821620941162, 1.500360131263733, 0.015403728932142258, 0.2141077220439911, 0.005087635945528746, 0.06141253560781479, 1.1384971141815186, 0.005896920803934336, 0.02853027544915676, 0.09011022001504898, 0.3416244089603424, 0.1448778659105301, 0.9987319707870483, 1.3990209102630615, 0.00011539016850292683, 0.006133764050900936, 0.019646864384412766, 0.7399775385856628, 0.013859446160495281, 0.06888052821159363, 0.03930226340889931, 0.5321626663208008, 0.006180481053888798, 0.6218832731246948, 0.06931938976049423, 0.15421615540981293, 0.1470516473054886, 0.6951537132263184, 0.7545715570449829, 0.3381964862346649, 0.9071788787841797, 0.022160040214657784, 0.04641248658299446, 0.0561811588704586, 0.0019988606218248606, 1.0860276222229004, 0.0014733944553881884, 0.260625422000885, 0.05719820037484169, 0.008545514196157455, 0.8114723563194275, 0.014741535298526287, 0.015028317458927631, 0.07874222099781036, 0.07630521804094315, 0.15263362228870392, 0.09172804653644562, 0.14850744605064392, 0.12635554373264313, 1.1781611442565918, 0.8389115929603577, 0.010536528192460537, 0.40766608715057373, 0.02821233682334423, 0.43917545676231384, 0.0034646564163267612, 0.10874494165182114, 0.4000227451324463, 0.31631898880004883, 0.19250303506851196, 1.2122533321380615, 0.6032118797302246, 0.026195237413048744]"
21,1344,1408,64,0.96875,0.4004777669906616,clean_mnist,0.1875,0.09375,0.140625,0.0625,0.046875,0.046875,0.09375,0.09375,0.078125,0.15625,0.1635895073413849,0.26606523990631104,12.074698448181152,14.087407112121582,19.203125,21.078125,"[8, 4, 0, 7, 3, 0, 6, 3, 9, 7, 1, 9, 9, 3, 6, 0, 9, 2, 8, 0, 9, 1, 6, 0, 0, 1, 9, 0, 0, 4, 2, 1, 7, 0, 3, 4, 2, 7, 5, 9, 8, 2, 0, 0, 8, 6, 2, 2, 7, 6, 1, 2, 9, 2, 6, 9, 7, 9, 5, 0, 8, 1, 5, 2]","[8, 4, 0, 7, 3, 0, 6, 3, 9, 7, 1, 9, 5, 3, 6, 0, 9, 2, 8, 0, 9, 1, 6, 0, 0, 1, 9, 0, 0, 4, 2, 1, 7, 0, 3, 4, 4, 7, 5, 9, 8, 2, 0, 0, 8, 6, 2, 2, 7, 6, 1, 2, 9, 2, 6, 9, 7, 9, 5, 0, 8, 1, 5, 2]","[0.9718213081359863, 0.9794003367424011, 0.7197669148445129, 0.9494698643684387, 0.9621648192405701, 0.9936051964759827, 0.8184713125228882, 0.9986993074417114, 0.9397986531257629, 0.973238468170166, 0.7508739233016968, 0.9950815439224243, 0.7123517394065857, 0.5503225922584534, 0.9856789708137512, 0.5913276076316833, 0.9756887555122375, 0.9596155881881714, 0.9980903267860413, 0.9980112314224243, 0.9066839218139648, 0.8354575634002686, 0.9976897239685059, 0.9846791625022888, 0.9469583630561829, 0.9231870174407959, 0.9988740086555481, 0.9026657342910767, 0.967994213104248, 0.9485899806022644, 0.8089208602905273, 0.4739733040332794, 0.9015794396400452, 0.6015963554382324, 0.9266888499259949, 0.9983972907066345, 0.3729656934738159, 0.9949386119842529, 0.9998607635498047, 0.9637372493743896, 0.9999549388885498, 0.9940739274024963, 0.961074948310852, 0.40004515647888184, 0.9965047836303711, 0.9638915061950684, 0.8713726997375488, 0.9997182488441467, 0.9955878257751465, 0.9952257871627808, 0.8259925246238708, 0.9996500015258789, 0.9817146062850952, 0.9996826648712158, 0.9800564646720886, 0.8865442276000977, 0.7769389152526855, 0.764110267162323, 0.9981980919837952, 0.5939467549324036, 0.49346959590911865, 0.7282487750053406, 0.9497398734092712, 0.9986989498138428]","[1, 1, 1, 1, 1, 1, 1, 1, 1, 1, 1, 1, 0, 1, 1, 1, 1, 1, 1, 1, 1, 1, 1, 1, 1, 1, 1, 1, 1, 1, 1, 1, 1, 1, 1, 1, 0, 1, 1, 1, 1, 1, 1, 1, 1, 1, 1, 1, 1, 1, 1, 1, 1, 1, 1, 1, 1, 1, 1, 1, 1, 1, 1, 1]","[0.15408925712108612, 0.13239820301532745, 0.97630774974823, 0.26403650641441345, 0.2165016531944275, 0.049008097499608994, 0.6727185249328613, 0.011188725009560585, 0.2677895724773407, 0.16177038848400116, 0.9965847730636597, 0.036662694066762924, 0.853187620639801, 1.1181974411010742, 0.08504978567361832, 1.3998769521713257, 0.15400567650794983, 0.20990046858787537, 0.014885817654430866, 0.017489410936832428, 0.37091752886772156, 0.710099458694458, 0.019401008263230324, 0.10415887832641602, 0.28382593393325806, 0.3758879005908966, 0.010237611830234528, 0.4819868803024292, 0.19654084742069244, 0.2713339030742645, 0.6995043158531189, 1.2469756603240967, 0.4125269055366516, 1.3820502758026123, 0.28880470991134644, 0.013673726469278336, 1.2053847312927246, 0.039748549461364746, 0.0015285558765754104, 0.18482063710689545, 0.0005155950784683228, 0.04283241555094719, 0.23111291229724884, 1.5493354797363281, 0.028643038123846054, 0.21290946006774902, 0.5412704944610596, 0.00294721988029778, 0.03106355108320713, 0.03813574090600014, 0.7559457421302795, 0.003470896976068616, 0.11153651773929596, 0.0032527914736419916, 0.11353009194135666, 0.4194708466529846, 0.7804505825042725, 0.8439838290214539, 0.015540987253189087, 1.2619247436523438, 1.2815154790878296, 1.011867642402649, 0.24715720117092133, 0.01110643707215786]"
22,1408,1472,64,0.984375,0.316215455532074,clean_mnist,0.0625,0.09375,0.0625,0.125,0.109375,0.109375,0.109375,0.09375,0.09375,0.140625,0.1269618719816208,0.22087323665618896,12.07537841796875,13.80376148223877,19.765625,20.671875,"[4, 3, 9, 4, 7, 5, 6, 6, 7, 7, 6, 8, 5, 9, 7, 0, 6, 1, 9, 2, 3, 3, 5, 4, 3, 5, 8, 6, 3, 7, 2, 8, 4, 9, 5, 0, 2, 1, 9, 2, 4, 3, 1, 7, 1, 8, 0, 9, 6, 8, 1, 9, 4, 4, 9, 1, 8, 9, 6, 5, 5, 3, 3, 0]","[4, 3, 9, 4, 7, 5, 6, 6, 7, 7, 6, 8, 5, 9, 7, 0, 6, 1, 9, 2, 3, 3, 5, 4, 3, 5, 8, 6, 3, 7, 2, 8, 4, 9, 5, 0, 2, 1, 4, 2, 4, 3, 1, 7, 1, 8, 0, 9, 6, 8, 1, 9, 4, 4, 9, 1, 8, 9, 6, 5, 5, 3, 3, 0]","[0.6933532953262329, 0.999992847442627, 0.9326054453849792, 0.9868130683898926, 0.7291428446769714, 0.9997721314430237, 0.6639039516448975, 0.9637600779533386, 0.986697256565094, 0.9927340745925903, 0.9945662021636963, 0.8345965147018433, 0.9837497472763062, 0.9786450862884521, 0.993158757686615, 0.9140263199806213, 0.9883913397789001, 0.5769542455673218, 0.9780969023704529, 0.9780900478363037, 0.999602735042572, 0.9997829794883728, 0.9993306398391724, 0.9985887408256531, 0.9996474981307983, 0.9999903440475464, 0.9954026937484741, 0.8211382627487183, 0.9943379759788513, 0.9992319345474243, 0.9896880984306335, 0.9973849654197693, 0.9779760241508484, 0.9200726747512817, 0.999143123626709, 0.9030998945236206, 0.9623140692710876, 0.6854204535484314, 0.822408139705658, 0.7679076790809631, 0.6741903424263, 0.9997130036354065, 0.7947834134101868, 0.9978232383728027, 0.42964527010917664, 0.9465179443359375, 0.7291389107704163, 0.9732915163040161, 0.9980161190032959, 0.9478565454483032, 0.7839503884315491, 0.9948970675468445, 0.9715652465820312, 0.8319916129112244, 0.9472819566726685, 0.9330285787582397, 0.9632102847099304, 0.8317164182662964, 0.9999741315841675, 0.9997310042381287, 0.9793745875358582, 0.9979721903800964, 0.999789297580719, 0.8808424472808838]","[1, 1, 1, 1, 1, 1, 1, 1, 1, 1, 1, 1, 1, 1, 1, 1, 1, 1, 1, 1, 1, 1, 1, 1, 1, 1, 1, 1, 1, 1, 1, 1, 1, 1, 1, 1, 1, 1, 0, 1, 1, 1, 1, 1, 1, 1, 1, 1, 1, 1, 1, 1, 1, 1, 1, 1, 1, 1, 1, 1, 1, 1, 1, 1]","[0.6672491431236267, 9.844767191680148e-05, 0.2948020398616791, 0.09298660606145859, 1.0401980876922607, 0.002276899991557002, 0.9119758009910583, 0.21678298711776733, 0.0905531570315361, 0.055262818932533264, 0.03822004050016403, 0.7429510354995728, 0.08346328884363174, 0.1258387416601181, 0.04890851303935051, 0.40924811363220215, 0.07860562205314636, 1.3608615398406982, 0.13416433334350586, 0.12502717971801758, 0.003993624821305275, 0.002247480908408761, 0.005794134922325611, 0.012548352591693401, 0.003567615058273077, 0.00012860640708822757, 0.0372873954474926, 0.5136799812316895, 0.042366355657577515, 0.007118011824786663, 0.06305094063282013, 0.021978264674544334, 0.13590382039546967, 0.3763663172721863, 0.008095385506749153, 0.48192325234413147, 0.17837943136692047, 1.2471859455108643, 0.5860528349876404, 0.8733538389205933, 0.8066502809524536, 0.0026793689467012882, 0.7621452808380127, 0.01776772178709507, 1.838416337966919, 0.2593052089214325, 0.9508694410324097, 0.14396724104881287, 0.016262687742710114, 0.27199116349220276, 0.9721966981887817, 0.03577548637986183, 0.15442854166030884, 0.7594439387321472, 0.2872161865234375, 0.3664877712726593, 0.21282988786697388, 0.5625163912773132, 0.00034486298682168126, 0.002511187456548214, 0.10113590210676193, 0.016007615253329277, 0.0021048348862677813, 0.5742372870445251]"
23,1472,1536,64,0.9375,0.4806476831436157,clean_mnist,0.125,0.140625,0.046875,0.09375,0.09375,0.140625,0.109375,0.09375,0.078125,0.078125,0.12398577481508255,0.21937917172908783,12.100733757019043,13.813192367553711,19.28125,20.9375,"[1, 4, 3, 8, 3, 4, 2, 0, 7, 5, 5, 1, 8, 5, 3, 4, 6, 0, 5, 7, 2, 6, 6, 0, 1, 1, 4, 7, 9, 0, 0, 6, 6, 8, 5, 9, 4, 5, 3, 4, 1, 7, 9, 6, 5, 0, 9, 8, 6, 1, 9, 7, 5, 7, 5, 1, 1, 3, 0, 2, 0, 3, 8, 1]","[1, 4, 3, 8, 3, 4, 2, 0, 7, 5, 5, 1, 8, 5, 3, 4, 6, 0, 5, 7, 2, 6, 6, 0, 1, 1, 4, 7, 9, 0, 0, 6, 6, 8, 6, 9, 4, 5, 2, 4, 0, 7, 5, 6, 5, 0, 9, 8, 6, 1, 9, 7, 5, 7, 5, 1, 1, 3, 0, 2, 0, 3, 8, 1]","[0.6397508978843689, 0.928747296333313, 0.999281108379364, 0.8531971573829651, 0.46371063590049744, 0.9576969146728516, 0.9974710941314697, 0.46104690432548523, 0.9948508143424988, 0.9992544054985046, 0.9922103881835938, 0.9460794925689697, 0.9690781831741333, 0.9998890161514282, 0.9964039325714111, 0.991374671459198, 0.9952730536460876, 0.4683024287223816, 0.9999476671218872, 0.6808347702026367, 0.9230023622512817, 0.9704035520553589, 0.9991017580032349, 0.4296226501464844, 0.5610578656196594, 0.9767326712608337, 0.7035987377166748, 0.8027833700180054, 0.9490299820899963, 0.9802876710891724, 0.9957600235939026, 0.8503955006599426, 0.9974526762962341, 0.9451860189437866, 0.41719546914100647, 0.9994695782661438, 0.9787013530731201, 0.9991728663444519, 0.4663154184818268, 0.9828969836235046, 0.3571086823940277, 0.9998090863227844, 0.6729151010513306, 0.9833959341049194, 0.9971373081207275, 0.9169455766677856, 0.35010480880737305, 0.4954149127006531, 0.9868746399879456, 0.892491340637207, 0.8347663283348083, 0.8500325083732605, 0.9990361928939819, 0.6964982151985168, 0.9997709393501282, 0.852969765663147, 0.9718379974365234, 0.9938066005706787, 0.5088217854499817, 0.9997051358222961, 0.47586169838905334, 0.99964439868927, 0.9493401646614075, 0.9949592351913452]","[1, 1, 1, 1, 1, 1, 1, 1, 1, 1, 1, 1, 1, 1, 1, 1, 1, 1, 1, 1, 1, 1, 1, 1, 1, 1, 1, 1, 1, 1, 1, 1, 1, 1, 0, 1, 1, 1, 0, 1, 0, 1, 0, 1, 1, 1, 1, 1, 1, 1, 1, 1, 1, 1, 1, 1, 1, 1, 1, 1, 1, 1, 1, 1]","[1.083849549293518, 0.3657201826572418, 0.006885472685098648, 0.6583991050720215, 1.6078026294708252, 0.21462053060531616, 0.01881735399365425, 1.4556602239608765, 0.03790184110403061, 0.007175021804869175, 0.05033683031797409, 0.3147895336151123, 0.1662084460258484, 0.0012077465653419495, 0.02907898649573326, 0.055136244744062424, 0.03479628637433052, 1.2799556255340576, 0.0006216244073584676, 1.2193615436553955, 0.36759012937545776, 0.18228879570960999, 0.00867406465113163, 1.4754165410995483, 1.5292961597442627, 0.15464606881141663, 0.7663807272911072, 0.7719445824623108, 0.27595818042755127, 0.12458084523677826, 0.030627863481640816, 0.6001850962638855, 0.020761484280228615, 0.26787903904914856, 1.1546564102172852, 0.005192252807319164, 0.10919667780399323, 0.0077934120781719685, 1.1424628496170044, 0.11278453469276428, 1.5211209058761597, 0.001888590632006526, 0.6346946358680725, 0.09646192193031311, 0.021175852045416832, 0.40751394629478455, 1.6210765838623047, 1.5195262432098389, 0.08662587404251099, 0.5591989755630493, 0.6524842977523804, 0.6576635241508484, 0.008730059489607811, 1.1506162881851196, 0.002345183165743947, 0.7265765070915222, 0.16456930339336395, 0.04273798689246178, 1.485302209854126, 0.0031766127794981003, 1.401815414428711, 0.003567364066839218, 0.23571035265922546, 0.040231820195913315]"
24,1536,1600,64,0.96875,0.4257523715496063,clean_mnist,0.046875,0.0625,0.15625,0.125,0.125,0.078125,0.125,0.078125,0.0625,0.140625,0.12479148805141449,0.22236087918281555,12.071541786193848,14.01608657836914,19.625,20.53125,"[6, 4, 6, 2, 6, 4, 8, 8, 1, 4, 4, 7, 1, 2, 2, 3, 9, 6, 4, 9, 5, 6, 2, 3, 9, 2, 6, 2, 7, 4, 3, 6, 9, 9, 7, 9, 2, 2, 9, 5, 4, 5, 0, 1, 4, 3, 6, 3, 2, 9, 7, 5, 3, 7, 0, 9, 5, 8, 3, 2, 0, 1, 8, 3]","[6, 4, 6, 2, 6, 4, 8, 8, 1, 4, 4, 7, 1, 2, 2, 3, 9, 6, 4, 9, 5, 6, 2, 3, 9, 2, 6, 2, 7, 4, 3, 6, 4, 9, 7, 0, 2, 2, 9, 5, 4, 5, 0, 1, 4, 3, 6, 3, 2, 9, 7, 5, 3, 7, 0, 9, 5, 8, 3, 2, 0, 1, 8, 3]","[0.8334180116653442, 0.9475350975990295, 0.7704027891159058, 0.9511132836341858, 0.9850119352340698, 0.9714779257774353, 0.9900392889976501, 0.9933062195777893, 0.5226106643676758, 0.9726833701133728, 0.9407588839530945, 0.9898380041122437, 0.5747696161270142, 0.8698248863220215, 0.9778599739074707, 0.9898574352264404, 0.7202755212783813, 0.9413276314735413, 0.5923433899879456, 0.9670871496200562, 0.9973773956298828, 0.7465170621871948, 0.9276725649833679, 0.930791437625885, 0.9952784776687622, 0.9846612811088562, 0.8171895146369934, 0.9899599552154541, 0.9897804260253906, 0.8831511735916138, 0.9999936819076538, 0.9944738745689392, 0.6372747421264648, 0.9993401169776917, 0.9980514049530029, 0.5148233771324158, 0.7655181884765625, 0.8645574450492859, 0.9762635231018066, 0.9998524188995361, 0.48637303709983826, 0.9987012147903442, 0.9248881340026855, 0.5539826154708862, 0.8977264165878296, 0.9999862909317017, 0.9850565791130066, 0.9999984502792358, 0.9945743680000305, 0.5260923504829407, 0.9613627195358276, 0.9913071990013123, 0.9999856948852539, 0.8029019236564636, 0.4362708330154419, 0.6840359568595886, 0.9997666478157043, 0.9964085221290588, 0.997511625289917, 0.9660255908966064, 0.8043489456176758, 0.9894810914993286, 0.6110574007034302, 0.9996945858001709]","[1, 1, 1, 1, 1, 1, 1, 1, 1, 1, 1, 1, 1, 1, 1, 1, 1, 1, 1, 1, 1, 1, 1, 1, 1, 1, 1, 1, 1, 1, 1, 1, 0, 1, 1, 0, 1, 1, 1, 1, 1, 1, 1, 1, 1, 1, 1, 1, 1, 1, 1, 1, 1, 1, 1, 1, 1, 1, 1, 1, 1, 1, 1, 1]","[0.6146059036254883, 0.28419122099876404, 0.7899722456932068, 0.23366832733154297, 0.10039063543081284, 0.1783677190542221, 0.0658981055021286, 0.051399704068899155, 1.4648720026016235, 0.1746823936700821, 0.23836658895015717, 0.060547828674316406, 1.3400702476501465, 0.541638970375061, 0.12012845277786255, 0.06181776896119118, 0.8749890923500061, 0.3122142255306244, 1.3702964782714844, 0.18335865437984467, 0.019499585032463074, 1.0344291925430298, 0.29880547523498535, 0.34563392400741577, 0.03683767467737198, 0.10647688806056976, 0.7674270272254944, 0.06493844836950302, 0.06298454850912094, 0.5717112421989441, 8.872737817000598e-05, 0.03878426179289818, 1.2384871244430542, 0.006076537072658539, 0.015463374555110931, 1.3658862113952637, 0.8639225363731384, 0.5276861190795898, 0.1364355832338333, 0.0014704291243106127, 1.2666409015655518, 0.011100553907454014, 0.3979146480560303, 1.6427829265594482, 0.4539823830127716, 0.00018647922843229026, 0.09268241375684738, 2.483615025994368e-05, 0.03942156583070755, 1.2023422718048096, 0.19792383909225464, 0.059834495186805725, 0.000188069578143768, 0.7344505786895752, 1.4902775287628174, 0.8811818361282349, 0.0023960897233337164, 0.028217734768986702, 0.019938677549362183, 0.20007814466953278, 0.778949499130249, 0.07786977291107178, 1.1020243167877197, 0.0032203267328441143]"
25,1600,1664,64,0.9375,0.3391384482383728,clean_mnist,0.09375,0.109375,0.140625,0.09375,0.109375,0.109375,0.03125,0.125,0.0625,0.125,0.12094846367835999,0.21476151049137115,12.052634239196777,14.151782989501953,19.109375,21.125,"[0, 1, 2, 3, 9, 0, 0, 1, 7, 2, 9, 3, 5, 4, 2, 5, 8, 6, 7, 7, 9, 8, 9, 9, 2, 0, 0, 1, 4, 2, 4, 3, 9, 4, 5, 5, 7, 6, 5, 7, 1, 8, 5, 9, 3, 0, 4, 1, 2, 2, 5, 3, 7, 4, 1, 7, 7, 8, 1, 9, 2, 3, 2, 4]","[0, 1, 2, 3, 4, 0, 0, 1, 7, 2, 9, 3, 9, 4, 2, 5, 8, 6, 7, 7, 9, 8, 9, 9, 2, 0, 0, 1, 4, 2, 4, 3, 9, 4, 3, 5, 7, 6, 5, 7, 1, 8, 6, 9, 3, 0, 4, 1, 2, 2, 5, 3, 7, 4, 1, 7, 7, 8, 1, 9, 2, 3, 2, 4]","[0.6315310597419739, 0.895973265171051, 0.9934722185134888, 0.9999823570251465, 0.9870651960372925, 0.9177456498146057, 0.8206314444541931, 0.9094030261039734, 0.9918319582939148, 0.9934746623039246, 0.9987836480140686, 0.9999915361404419, 0.450808584690094, 0.8787270784378052, 0.5513731241226196, 0.9996922016143799, 0.9621647000312805, 0.9703611135482788, 0.7686526775360107, 0.9427471160888672, 0.9662821888923645, 0.9977554678916931, 0.9472845196723938, 0.9821233153343201, 0.9590067863464355, 0.5438671708106995, 0.8984870910644531, 0.9343661069869995, 0.7656698226928711, 0.9998325109481812, 0.9255393147468567, 0.9998912811279297, 0.9874690771102905, 0.9354985356330872, 0.5422264337539673, 0.9994879961013794, 0.9948988556861877, 0.9785079956054688, 0.9994514584541321, 0.9969473481178284, 0.9838933944702148, 0.9915591478347778, 0.7703227400779724, 0.9951423406600952, 0.9999074935913086, 0.9777563810348511, 0.8922594785690308, 0.7877371311187744, 0.9691136479377747, 0.9999761581420898, 0.9984714388847351, 0.9998801946640015, 0.997947633266449, 0.8752010464668274, 0.4436059594154358, 0.9968045949935913, 0.6119707822799683, 0.9999438524246216, 0.8254467844963074, 0.9975627660751343, 0.9984227418899536, 0.9999532699584961, 0.9377825856208801, 0.554042637348175]","[1, 1, 1, 1, 0, 1, 1, 1, 1, 1, 1, 1, 0, 1, 1, 1, 1, 1, 1, 1, 1, 1, 1, 1, 1, 1, 1, 1, 1, 1, 1, 1, 1, 1, 0, 1, 1, 1, 1, 1, 1, 1, 0, 1, 1, 1, 1, 1, 1, 1, 1, 1, 1, 1, 1, 1, 1, 1, 1, 1, 1, 1, 1, 1]","[1.2599518299102783, 0.539555549621582, 0.04195738956332207, 0.00022671217448078096, 0.08471322059631348, 0.42390748858451843, 0.7718144059181213, 0.4883977174758911, 0.057640235871076584, 0.04234425351023674, 0.009989248588681221, 0.00011945527512580156, 1.2686965465545654, 0.5634146332740784, 1.2321555614471436, 0.003086612094193697, 0.1760881394147873, 0.16870160400867462, 0.8494453430175781, 0.3048402965068817, 0.19893893599510193, 0.018061691895127296, 0.26362577080726624, 0.11071431636810303, 0.19211435317993164, 1.4161875247955322, 0.48121339082717896, 0.37426504492759705, 0.5662135481834412, 0.001673762802965939, 0.3277930021286011, 0.0011152076767757535, 0.08202599734067917, 0.30564844608306885, 0.8288527131080627, 0.004472175147384405, 0.03854167461395264, 0.12514524161815643, 0.004687542095780373, 0.022690942510962486, 0.10715051740407944, 0.05570580065250397, 0.599804162979126, 0.03753480687737465, 0.0010532074375078082, 0.12660163640975952, 0.37259814143180847, 0.9524020552635193, 0.17374658584594727, 0.0002885241701733321, 0.01222491730004549, 0.0012251113075762987, 0.016979916021227837, 0.6079351305961609, 1.7814865112304688, 0.023353511467576027, 1.1938066482543945, 0.000697541399858892, 0.7811805009841919, 0.019922535866498947, 0.013529798947274685, 0.0005886658327654004, 0.3099461793899536, 0.8640708923339844]"
26,1664,1728,64,0.9375,0.407992959022522,clean_mnist,0.109375,0.1875,0.09375,0.125,0.109375,0.078125,0.125,0.046875,0.03125,0.09375,0.121402308344841,0.21249595284461975,12.061416625976562,13.922454833984375,18.265625,21.1875,"[0, 1, 8, 4, 3, 6, 5, 6, 4, 7, 3, 3, 1, 3, 9, 2, 1, 1, 9, 9, 9, 4, 6, 7, 0, 3, 5, 5, 4, 4, 6, 9, 1, 1, 3, 1, 1, 0, 5, 1, 4, 4, 6, 6, 6, 0, 1, 2, 0, 8, 2, 2, 1, 1, 3, 7, 9, 5, 3, 0, 2, 0, 6, 2]","[0, 1, 8, 4, 3, 6, 5, 6, 4, 7, 9, 3, 1, 3, 0, 2, 1, 1, 0, 9, 9, 4, 6, 7, 6, 3, 5, 5, 4, 4, 6, 9, 1, 1, 3, 1, 1, 0, 5, 1, 4, 4, 6, 6, 6, 0, 1, 2, 0, 8, 2, 2, 1, 1, 3, 7, 9, 5, 3, 0, 2, 0, 6, 2]","[0.8921603560447693, 0.4767618179321289, 0.9887818694114685, 0.8499358892440796, 0.9997338652610779, 0.9659073948860168, 0.9943252205848694, 0.9353955984115601, 0.9922303557395935, 0.9709356427192688, 0.9210007190704346, 0.9999860525131226, 0.8438937067985535, 0.9998059868812561, 0.30973222851753235, 0.9999744892120361, 0.9993771910667419, 0.9616380333900452, 0.49398916959762573, 0.9638898372650146, 0.994706928730011, 0.747356116771698, 0.8124048113822937, 0.9978162050247192, 0.5221489071846008, 0.9999192953109741, 0.9998658895492554, 0.9994133710861206, 0.9903438091278076, 0.9698119759559631, 0.9732312560081482, 0.9831140041351318, 0.7842302918434143, 0.5370982885360718, 0.9999902248382568, 0.4699382781982422, 0.7647441625595093, 0.5835277438163757, 0.9989114999771118, 0.5747087597846985, 0.9562547206878662, 0.9219854474067688, 0.9927170276641846, 0.9901139736175537, 0.9856703877449036, 0.9980946183204651, 0.958182692527771, 0.9932085871696472, 0.6397168040275574, 0.9962295889854431, 0.4710594117641449, 0.9999589920043945, 0.1853472739458084, 0.9968305230140686, 0.9993379712104797, 0.999721348285675, 0.9913562536239624, 0.9903748631477356, 0.9999760389328003, 0.8400278687477112, 0.987534761428833, 0.9963002800941467, 0.9823975563049316, 0.9986786246299744]","[1, 1, 1, 1, 1, 1, 1, 1, 1, 1, 0, 1, 1, 1, 0, 1, 1, 1, 0, 1, 1, 1, 1, 1, 0, 1, 1, 1, 1, 1, 1, 1, 1, 1, 1, 1, 1, 1, 1, 1, 1, 1, 1, 1, 1, 1, 1, 1, 1, 1, 1, 1, 1, 1, 1, 1, 1, 1, 1, 1, 1, 1, 1, 1]","[0.3997803330421448, 1.7943065166473389, 0.07557585090398788, 0.5945845246315002, 0.0027942718006670475, 0.18631576001644135, 0.039014142006635666, 0.3461762070655823, 0.057357288897037506, 0.15932276844978333, 0.3862990736961365, 0.0001865773811005056, 0.6229037046432495, 0.002186671830713749, 1.4651235342025757, 0.00031765372841618955, 0.0061928038485348225, 0.23400592803955078, 1.4909663200378418, 0.21393179893493652, 0.04109548032283783, 0.7016379237174988, 0.6865778565406799, 0.018513130024075508, 1.1450926065444946, 0.0009500962332822382, 0.0013398308074101806, 0.0053777676075696945, 0.05884300544857979, 0.15630106627941132, 0.15349486470222473, 0.1069362610578537, 0.8507432341575623, 1.5996061563491821, 0.00013685846352018416, 1.7869786024093628, 0.9818611145019531, 1.262092113494873, 0.00953288096934557, 1.5649462938308716, 0.2654775083065033, 0.3741590678691864, 0.05275008827447891, 0.06682687997817993, 0.08343815803527832, 0.016432732343673706, 0.24174025654792786, 0.04568430408835411, 1.2555692195892334, 0.029315194115042686, 1.1130917072296143, 0.0004922064254060388, 2.2454376220703125, 0.026825904846191406, 0.006084095686674118, 0.0029793570283800364, 0.057277895510196686, 0.05616151914000511, 0.0003037980059161782, 0.7265968918800354, 0.07737472653388977, 0.030727921053767204, 0.11606964468955994, 0.011332460679113865]"
27,1728,1792,64,0.875,0.32389235496520996,clean_mnist,0.0625,0.046875,0.046875,0.140625,0.078125,0.046875,0.125,0.109375,0.171875,0.171875,0.12445142865180969,0.2137182056903839,12.016624450683594,13.909045219421387,18.859375,21.21875,"[9, 3, 7, 6, 9, 9, 1, 2, 9, 3, 4, 7, 9, 6, 0, 9, 9, 8, 7, 7, 9, 8, 6, 9, 5, 2, 2, 3, 3, 9, 8, 8, 8, 6, 4, 4, 9, 4, 3, 4, 6, 0, 7, 0, 7, 8, 3, 0, 8, 8, 3, 6, 8, 6, 6, 8, 5, 5, 1, 1, 8, 7, 3, 3]","[9, 0, 7, 6, 9, 9, 1, 2, 9, 3, 4, 7, 9, 6, 0, 9, 4, 8, 7, 7, 9, 8, 6, 9, 5, 2, 2, 2, 3, 9, 8, 8, 8, 6, 4, 4, 4, 4, 2, 4, 6, 0, 7, 0, 7, 8, 2, 0, 8, 8, 3, 6, 8, 6, 6, 8, 6, 5, 1, 1, 8, 7, 8, 3]","[0.9805942177772522, 0.5884094834327698, 0.9762116074562073, 0.9946529865264893, 0.9106155633926392, 0.9884185194969177, 0.7371955513954163, 0.9920462369918823, 0.9804171323776245, 0.9997153878211975, 0.9578769207000732, 0.9850943088531494, 0.9925754070281982, 0.9884001016616821, 0.9977825284004211, 0.9894702434539795, 0.45530617237091064, 0.9320301413536072, 0.9974302649497986, 0.9842075705528259, 0.9597575068473816, 0.9990480542182922, 0.9168936014175415, 0.9938035011291504, 0.9746131896972656, 0.9984972476959229, 0.9926362037658691, 0.9050999283790588, 0.9999744892120361, 0.9895303249359131, 0.7427677512168884, 0.9808321595191956, 0.9938585162162781, 0.992774486541748, 0.9627537131309509, 0.964633584022522, 0.6403300166130066, 0.9392377734184265, 0.4985716640949249, 0.5760600566864014, 0.9891682863235474, 0.9392088651657104, 0.9262461066246033, 0.7614474296569824, 0.8454916477203369, 0.9640511274337769, 0.5245399475097656, 0.8272675275802612, 0.9975550770759583, 0.933600127696991, 0.9998793601989746, 0.7899584174156189, 0.9960527420043945, 0.9723276495933533, 0.8660292625427246, 0.9946224689483643, 0.9727256298065186, 0.99398273229599, 0.2402043640613556, 0.8725219368934631, 0.9321486353874207, 0.9928109049797058, 0.9391021728515625, 0.9997826218605042]","[1, 0, 1, 1, 1, 1, 1, 1, 1, 1, 1, 1, 1, 1, 1, 1, 0, 1, 1, 1, 1, 1, 1, 1, 1, 1, 1, 0, 1, 1, 1, 1, 1, 1, 1, 1, 0, 1, 0, 1, 1, 1, 1, 1, 1, 1, 0, 1, 1, 1, 1, 1, 1, 1, 1, 1, 0, 1, 1, 1, 1, 1, 0, 1]","[0.11983398348093033, 1.229494571685791, 0.1399155855178833, 0.04091617092490196, 0.4109552800655365, 0.07490582764148712, 1.0495061874389648, 0.05471184104681015, 0.11849597841501236, 0.003043672302737832, 0.20059990882873535, 0.10066095739603043, 0.05686063691973686, 0.08005427569150925, 0.01972569338977337, 0.07437087595462799, 1.1940195560455322, 0.36252182722091675, 0.02119673229753971, 0.09547006338834763, 0.2014310359954834, 0.008559700101613998, 0.38526228070259094, 0.045321885496377945, 0.14073671400547028, 0.01316782832145691, 0.0498695895075798, 0.3419484496116638, 0.0003005721082445234, 0.07298560440540314, 1.0223076343536377, 0.1155015230178833, 0.04285837709903717, 0.05353207886219025, 0.2257581204175949, 0.19664782285690308, 0.9740883111953735, 0.32788604497909546, 0.7172756791114807, 1.1028258800506592, 0.07047124952077866, 0.3319893777370453, 0.3476541042327881, 0.8653925657272339, 0.45654135942459106, 0.20387102663516998, 0.7398604154586792, 0.6600576639175415, 0.02004591003060341, 0.3422829508781433, 0.0013759006978943944, 0.7099868059158325, 0.027868857607245445, 0.15893100202083588, 0.6014119982719421, 0.03955839201807976, 0.1488863080739975, 0.04611460119485855, 2.1683216094970703, 0.6247705817222595, 0.3584299683570862, 0.04939955100417137, 0.26817217469215393, 0.0021919843275099993]"
28,1792,1856,64,0.953125,0.3198268711566925,clean_mnist,0.078125,0.109375,0.0625,0.125,0.125,0.125,0.109375,0.140625,0.03125,0.09375,0.12212150543928146,0.2189471572637558,12.11994457244873,14.096094131469727,18.71875,21.140625,"[6, 8, 9, 5, 3, 0, 0, 3, 2, 6, 6, 7, 3, 3, 5, 1, 4, 3, 5, 9, 4, 5, 4, 1, 1, 5, 4, 0, 9, 7, 1, 2, 5, 7, 9, 4, 0, 3, 6, 1, 7, 7, 5, 6, 3, 0, 1, 1, 4, 2, 4, 3, 6, 4, 7, 5, 7, 6, 9, 7, 2, 8, 7, 9]","[6, 8, 9, 5, 0, 0, 0, 3, 2, 6, 6, 7, 8, 3, 5, 1, 4, 3, 5, 9, 4, 5, 4, 1, 1, 5, 4, 0, 9, 7, 1, 2, 5, 7, 9, 4, 0, 3, 6, 1, 7, 7, 5, 6, 3, 0, 1, 1, 4, 2, 4, 3, 6, 4, 7, 5, 7, 6, 9, 7, 2, 8, 4, 9]","[0.96315598487854, 0.9951173067092896, 0.9981472492218018, 0.9969819188117981, 0.5094014406204224, 0.9979451298713684, 0.994636595249176, 0.9794476628303528, 0.9590997695922852, 0.9651484489440918, 0.9973669648170471, 0.9970224499702454, 0.936008870601654, 0.9958087205886841, 0.997706413269043, 0.7266263961791992, 0.9786003232002258, 0.9999996423721313, 0.9870991110801697, 0.9978251457214355, 0.6955711245536804, 0.9966347813606262, 0.5768383145332336, 0.28625720739364624, 0.9939478635787964, 0.9960759282112122, 0.99427729845047, 0.7357029318809509, 0.9921565055847168, 0.6692244410514832, 0.8642072081565857, 0.998072624206543, 0.9999018907546997, 0.9996222257614136, 0.5723482966423035, 0.8833906650543213, 0.9880460500717163, 0.9994128942489624, 0.9818239808082581, 0.751676619052887, 0.9035075902938843, 0.9626874327659607, 0.996076762676239, 0.9609153270721436, 0.9974931478500366, 0.8946990370750427, 0.8954797387123108, 0.8214028477668762, 0.7809312343597412, 0.920945405960083, 0.9681931138038635, 0.9981566071510315, 0.9835122227668762, 0.998689591884613, 0.974714994430542, 0.9991507530212402, 0.9992396831512451, 0.9964074492454529, 0.9662091732025146, 0.9905661940574646, 0.9434458017349243, 0.980328381061554, 0.3844621777534485, 0.9990181922912598]","[1, 1, 1, 1, 0, 1, 1, 1, 1, 1, 1, 1, 0, 1, 1, 1, 1, 1, 1, 1, 1, 1, 1, 1, 1, 1, 1, 1, 1, 1, 1, 1, 1, 1, 1, 1, 1, 1, 1, 1, 1, 1, 1, 1, 1, 1, 1, 1, 1, 1, 1, 1, 1, 1, 1, 1, 1, 1, 1, 1, 1, 1, 0, 1]","[0.18424835801124573, 0.03829285502433777, 0.015752293169498444, 0.023577043786644936, 1.2912020683288574, 0.018481533974409103, 0.0428537093102932, 0.1055176854133606, 0.18338507413864136, 0.19214506447315216, 0.02281220443546772, 0.022718578577041626, 0.29514867067337036, 0.029590008780360222, 0.01640491932630539, 1.1401523351669312, 0.13607117533683777, 4.2853280319832265e-06, 0.0862933099269867, 0.018724752590060234, 0.9735590219497681, 0.0256293173879385, 1.221629023551941, 1.9959511756896973, 0.04782076179981232, 0.027547141537070274, 0.04270799085497856, 0.9605554342269897, 0.05709365755319595, 1.0100057125091553, 0.6109069585800171, 0.015714487060904503, 0.0010658403625711799, 0.0036499914713203907, 1.4408401250839233, 0.5619713068008423, 0.07625794410705566, 0.005445009097456932, 0.10685017704963684, 1.0175617933273315, 0.4146783649921417, 0.19588777422904968, 0.02600596472620964, 0.21816544234752655, 0.02136400155723095, 0.5191757082939148, 0.5202111005783081, 0.7348649501800537, 0.6131803393363953, 0.36102044582366943, 0.16709484159946442, 0.013823818415403366, 0.09109640121459961, 0.011850067414343357, 0.1527869701385498, 0.006981080397963524, 0.007165164221078157, 0.028985828161239624, 0.18509718775749207, 0.055443692952394485, 0.28516528010368347, 0.11556025594472885, 1.648358702659607, 0.008818045258522034]"
29,1856,1920,64,0.9375,0.4266299903392792,clean_mnist,0.109375,0.09375,0.109375,0.109375,0.046875,0.109375,0.15625,0.078125,0.0625,0.125,0.13291028141975403,0.2314474880695343,12.048332214355469,14.004405975341797,18.609375,21.078125,"[8, 0, 7, 1, 1, 2, 3, 3, 5, 4, 6, 5, 0, 6, 3, 7, 3, 8, 2, 9, 0, 0, 9, 1, 2, 2, 9, 3, 9, 4, 6, 5, 2, 6, 6, 7, 6, 8, 2, 9, 2, 0, 6, 7, 3, 8, 5, 9, 0, 9, 6, 0, 3, 1, 1, 4, 9, 5, 5, 1, 5, 6, 6, 7]","[8, 0, 7, 1, 1, 2, 3, 3, 5, 4, 6, 5, 0, 6, 3, 7, 3, 8, 2, 9, 0, 0, 9, 1, 2, 2, 9, 3, 9, 4, 6, 5, 2, 6, 6, 7, 6, 8, 2, 9, 2, 0, 6, 7, 2, 8, 6, 9, 0, 9, 6, 0, 3, 1, 1, 4, 9, 5, 8, 1, 0, 6, 6, 7]","[0.9596151113510132, 0.8577643632888794, 0.9952932000160217, 0.9756246209144592, 0.43993479013442993, 0.9990830421447754, 0.9813663959503174, 0.9865372180938721, 0.9984713196754456, 0.916144847869873, 0.9757939577102661, 0.6975964903831482, 0.9981316924095154, 0.9940136075019836, 0.9020499587059021, 0.9965627789497375, 0.9700407981872559, 0.9865947961807251, 0.9867542386054993, 0.8711086511611938, 0.43891602754592896, 0.764554500579834, 0.8576539754867554, 0.8997912406921387, 0.9559603929519653, 0.9947298765182495, 0.9019355177879333, 0.999995231628418, 0.9958879351615906, 0.9149203300476074, 0.8823564648628235, 0.9093126058578491, 0.8545404076576233, 0.762381374835968, 0.8537343144416809, 0.999530553817749, 0.9955912828445435, 0.9835798144340515, 0.9981834292411804, 0.9621940851211548, 0.9841300249099731, 0.8692339062690735, 0.6023680567741394, 0.978578507900238, 0.5555123686790466, 0.9165679812431335, 0.5065110325813293, 0.9951633214950562, 0.8671172261238098, 0.9893057346343994, 0.40101149678230286, 0.8396109938621521, 0.9446802139282227, 0.7416649460792542, 0.7113072872161865, 0.9858330488204956, 0.9799153804779053, 0.9995957016944885, 0.799456775188446, 0.5217614769935608, 0.5163967609405518, 0.9672657251358032, 0.9694132208824158, 0.9981052875518799]","[1, 1, 1, 1, 1, 1, 1, 1, 1, 1, 1, 1, 1, 1, 1, 1, 1, 1, 1, 1, 1, 1, 1, 1, 1, 1, 1, 1, 1, 1, 1, 1, 1, 1, 1, 1, 1, 1, 1, 1, 1, 1, 1, 1, 0, 1, 0, 1, 1, 1, 1, 1, 1, 1, 1, 1, 1, 1, 0, 1, 0, 1, 1, 1]","[0.18448063731193542, 0.5350586175918579, 0.03464628383517265, 0.1485472470521927, 1.8217334747314453, 0.008572306483983994, 0.10287477821111679, 0.08231330662965775, 0.012849419377744198, 0.40574997663497925, 0.14433234930038452, 0.9445037841796875, 0.016332881525158882, 0.04459575563669205, 0.439333975315094, 0.024123074486851692, 0.16698414087295532, 0.09071758389472961, 0.08160144090652466, 0.5060253143310547, 1.4252543449401855, 0.9322103261947632, 0.5990319848060608, 0.5157862305641174, 0.2261456549167633, 0.03334450349211693, 0.38145583868026733, 7.028358231764287e-05, 0.03114703670144081, 0.40157416462898254, 0.5716955661773682, 0.3125341236591339, 0.5230332016944885, 0.585081160068512, 0.6384862065315247, 0.004687848035246134, 0.03287273272871971, 0.08869011700153351, 0.014455098658800125, 0.20798273384571075, 0.1020900085568428, 0.5953283905982971, 1.1426844596862793, 0.11829686909914017, 0.7571170926094055, 0.3842831254005432, 1.2399256229400635, 0.03697655349969864, 0.6093035340309143, 0.07219523936510086, 1.8373874425888062, 0.6973544359207153, 0.29091790318489075, 0.9799460172653198, 1.065830945968628, 0.08813822269439697, 0.11526064574718475, 0.0038546910509467125, 0.5234975218772888, 1.6005241870880127, 1.3941631317138672, 0.16102612018585205, 0.15149912238121033, 0.015803324058651924]"
30,1920,1984,64,0.96875,0.33855488896369934,clean_mnist,0.078125,0.078125,0.09375,0.125,0.109375,0.109375,0.0625,0.125,0.078125,0.140625,0.1428798884153366,0.2418583333492279,12.1190185546875,14.072026252746582,18.5,21.421875,"[2, 3, 4, 2, 3, 9, 0, 0, 1, 5, 5, 6, 4, 7, 4, 3, 1, 9, 3, 9, 9, 3, 1, 8, 7, 1, 7, 2, 8, 9, 9, 6, 2, 7, 2, 5, 0, 6, 7, 3, 9, 5, 9, 0, 8, 5, 8, 4, 9, 0, 5, 3, 2, 4, 8, 7, 4, 1, 5, 4, 6, 3, 7, 7]","[2, 3, 4, 2, 3, 9, 0, 0, 4, 5, 0, 6, 4, 7, 4, 3, 1, 9, 3, 9, 9, 3, 1, 8, 7, 1, 7, 2, 8, 9, 9, 6, 2, 7, 2, 5, 0, 6, 7, 3, 9, 5, 9, 0, 8, 5, 8, 4, 9, 0, 5, 3, 2, 4, 8, 7, 4, 1, 5, 4, 6, 3, 7, 7]","[0.9486510157585144, 0.9991083741188049, 0.8280912041664124, 0.9995396137237549, 0.9999920129776001, 0.989364504814148, 0.7628951072692871, 0.9650121927261353, 0.3950304388999939, 0.9991710186004639, 0.9827977418899536, 0.9236684441566467, 0.8453696370124817, 0.9987574815750122, 0.5662659406661987, 0.9996353387832642, 0.3662627339363098, 0.9867323040962219, 0.7384971380233765, 0.9877777695655823, 0.7113510370254517, 0.9998273253440857, 0.7906054854393005, 0.9944276809692383, 0.9825664758682251, 0.9598497748374939, 0.9242462515830994, 0.9770790934562683, 0.9104214906692505, 0.964974045753479, 0.9461743831634521, 0.9969525337219238, 0.9296581149101257, 0.9984762072563171, 0.9905365109443665, 0.979620635509491, 0.9995239973068237, 0.9707446098327637, 0.9976117610931396, 0.9998340606689453, 0.9982492923736572, 0.713877260684967, 0.9836261868476868, 0.5512241721153259, 0.9832667112350464, 0.999439537525177, 0.9684472680091858, 0.983910322189331, 0.6089501976966858, 0.4019796550273895, 0.9974886178970337, 0.9982484579086304, 0.9965715408325195, 0.841263473033905, 0.9929966330528259, 0.9021812081336975, 0.49601495265960693, 0.9675554633140564, 0.9030625820159912, 0.9993815422058105, 0.9837051033973694, 0.9765398502349854, 0.5885679125785828, 0.9972065091133118]","[1, 1, 1, 1, 1, 1, 1, 1, 0, 1, 0, 1, 1, 1, 1, 1, 1, 1, 1, 1, 1, 1, 1, 1, 1, 1, 1, 1, 1, 1, 1, 1, 1, 1, 1, 1, 1, 1, 1, 1, 1, 1, 1, 1, 1, 1, 1, 1, 1, 1, 1, 1, 1, 1, 1, 1, 1, 1, 1, 1, 1, 1, 1, 1]","[0.24973523616790771, 0.008406711742281914, 0.5042739510536194, 0.004644211381673813, 0.00011266212823102251, 0.05993816256523132, 0.8592447638511658, 0.21419759094715118, 1.4129453897476196, 0.007091333623975515, 0.1079307347536087, 0.34090855717658997, 0.5318858623504639, 0.009716356173157692, 0.8814135789871216, 0.0036107338964939117, 1.9584466218948364, 0.08502504974603653, 0.8360403180122375, 0.07743384689092636, 0.848667323589325, 0.0019142430974170566, 0.939373791217804, 0.04288773611187935, 0.09215357154607773, 0.24236132204532623, 0.34997615218162537, 0.13450437784194946, 0.45630887150764465, 0.18310388922691345, 0.27480411529541016, 0.025877071544528008, 0.2572079300880432, 0.01348558533936739, 0.058222610503435135, 0.1119927316904068, 0.004395773634314537, 0.1583016961812973, 0.019604459404945374, 0.0018680333159863949, 0.015082376077771187, 0.6740655303001404, 0.1097801923751831, 1.426820993423462, 0.10646183788776398, 0.005013961344957352, 0.16806474328041077, 0.09940405189990997, 1.0823084115982056, 1.5039942264556885, 0.01872328855097294, 0.01464757975190878, 0.02509496361017227, 0.5244075655937195, 0.04983128607273102, 0.4843730926513672, 0.7652004361152649, 0.20282113552093506, 0.36381685733795166, 0.005778486840426922, 0.1098351702094078, 0.13279883563518524, 1.3877983093261719, 0.02137414924800396]"
31,1984,2048,64,0.953125,0.31891486048698425,clean_mnist,0.015625,0.109375,0.125,0.09375,0.109375,0.125,0.125,0.078125,0.125,0.09375,0.1477382481098175,0.24971431493759155,12.119820594787598,13.91643238067627,18.109375,21.484375,"[9, 6, 6, 2, 2, 1, 6, 5, 4, 5, 3, 9, 5, 5, 2, 9, 5, 8, 8, 4, 2, 6, 9, 7, 1, 0, 2, 3, 1, 8, 7, 1, 8, 2, 7, 2, 6, 3, 2, 3, 7, 6, 8, 7, 5, 3, 8, 4, 4, 9, 4, 6, 4, 5, 5, 1, 8, 9, 3, 8, 6, 1, 4, 1]","[9, 6, 6, 2, 2, 1, 6, 5, 4, 5, 3, 0, 5, 5, 2, 0, 5, 8, 8, 4, 2, 6, 9, 7, 1, 0, 2, 3, 1, 8, 7, 1, 8, 2, 7, 2, 6, 3, 2, 3, 7, 6, 8, 7, 5, 3, 8, 4, 4, 9, 4, 6, 4, 5, 5, 1, 1, 9, 3, 8, 6, 1, 4, 1]","[0.9777451753616333, 0.9743790030479431, 0.9565097689628601, 0.991724967956543, 0.4615376889705658, 0.9977631568908691, 0.9223083257675171, 0.9989901185035706, 0.32898613810539246, 0.9689444899559021, 0.9998202919960022, 0.42998185753822327, 0.9890432357788086, 0.9973188042640686, 0.782008707523346, 0.5178859829902649, 0.9664301872253418, 0.921504020690918, 0.993989109992981, 0.81990647315979, 0.9923774003982544, 0.9920463562011719, 0.9938109517097473, 0.9781486988067627, 0.9704621434211731, 0.9938969016075134, 0.9802893996238708, 0.9942434430122375, 0.7676217555999756, 0.9708559513092041, 0.9689815640449524, 0.9712024927139282, 0.9568920135498047, 0.993281364440918, 0.8449416756629944, 0.972709059715271, 0.9934216141700745, 0.9995976090431213, 0.9514929056167603, 0.991876482963562, 0.9818317890167236, 0.9896056652069092, 0.7024872303009033, 0.9991891980171204, 0.9796035885810852, 0.9977267384529114, 0.9694827198982239, 0.969183087348938, 0.9514762163162231, 0.8396310210227966, 0.7156419157981873, 0.9995848536491394, 0.9851027727127075, 0.9822021126747131, 0.9999021291732788, 0.9285666346549988, 0.764482319355011, 0.9950066804885864, 0.953069269657135, 0.995795726776123, 0.5088458061218262, 0.726504385471344, 0.796779215335846, 0.9967949986457825]","[1, 1, 1, 1, 1, 1, 1, 1, 1, 1, 1, 0, 1, 1, 1, 0, 1, 1, 1, 1, 1, 1, 1, 1, 1, 1, 1, 1, 1, 1, 1, 1, 1, 1, 1, 1, 1, 1, 1, 1, 1, 1, 1, 1, 1, 1, 1, 1, 1, 1, 1, 1, 1, 1, 1, 1, 0, 1, 1, 1, 1, 1, 1, 1]","[0.12762796878814697, 0.15205247700214386, 0.20386143028736115, 0.058401670306921005, 1.5876555442810059, 0.019429033622145653, 0.37539196014404297, 0.008946908637881279, 1.6719589233398438, 0.13972419500350952, 0.0019950601272284985, 1.335033893585205, 0.07201029360294342, 0.018974989652633667, 0.7107429504394531, 1.3370494842529297, 0.16012567281723022, 0.2869136929512024, 0.04380258917808533, 0.5730811953544617, 0.05452622473239899, 0.057496555149555206, 0.044207584112882614, 0.12979036569595337, 0.18623773753643036, 0.04789164662361145, 0.11067737638950348, 0.04077110067009926, 1.0093474388122559, 0.17911748588085175, 0.1823577582836151, 0.1742372065782547, 0.22044378519058228, 0.04585994407534599, 0.5243180394172668, 0.1337076872587204, 0.044094718992710114, 0.0040223016403615475, 0.21199198067188263, 0.06036287918686867, 0.11402425915002823, 0.06718844175338745, 0.7493443489074707, 0.007198365870863199, 0.1021680012345314, 0.01893017441034317, 0.17315007746219635, 0.16982218623161316, 0.26056554913520813, 0.6027688980102539, 0.8402237892150879, 0.004238446243107319, 0.09685034304857254, 0.10367696732282639, 0.001062495750375092, 0.3805435299873352, 0.8991439938545227, 0.0389740951359272, 0.24551229178905487, 0.02976914495229721, 1.556972861289978, 1.031294345855713, 0.5436155200004578, 0.027274034917354584]"
32,2048,2112,64,0.9375,0.35293105244636536,clean_mnist,0.125,0.078125,0.125,0.140625,0.109375,0.09375,0.0625,0.109375,0.109375,0.046875,0.13758182525634766,0.2334994673728943,12.088895797729492,13.89938735961914,18.734375,21.4375,"[7, 5, 4, 0, 9, 2, 7, 7, 5, 8, 0, 6, 9, 6, 5, 8, 3, 2, 0, 8, 8, 4, 8, 4, 4, 2, 3, 2, 3, 8, 2, 0, 5, 0, 0, 1, 3, 2, 1, 3, 3, 4, 7, 5, 3, 6, 1, 7, 6, 8, 3, 9, 0, 0, 7, 1, 2, 2, 4, 3, 7, 4, 1, 5]","[7, 5, 4, 0, 4, 2, 7, 7, 5, 8, 0, 6, 9, 6, 6, 8, 7, 2, 0, 8, 8, 4, 8, 4, 4, 2, 3, 2, 3, 8, 2, 0, 5, 0, 0, 1, 0, 2, 1, 3, 3, 4, 7, 5, 3, 6, 1, 7, 6, 8, 3, 9, 0, 0, 7, 1, 2, 2, 4, 3, 7, 4, 1, 5]","[0.9921120405197144, 0.9940289258956909, 0.48734205961227417, 0.632820188999176, 0.8040116429328918, 0.9993515610694885, 0.8376068472862244, 0.9907763600349426, 0.9821653962135315, 0.9668644666671753, 0.35499855875968933, 0.9959312081336975, 0.980722188949585, 0.8892806172370911, 0.9117878675460815, 0.9974578022956848, 0.619438111782074, 0.9984618425369263, 0.5575613975524902, 0.9993222951889038, 0.8704410195350647, 0.9088636636734009, 0.7357940077781677, 0.98768150806427, 0.9052594900131226, 0.9588279128074646, 0.9713830947875977, 0.9888456463813782, 0.9912108182907104, 0.9910315275192261, 0.9397123456001282, 0.7300604581832886, 0.9964140057563782, 0.9780632853507996, 0.964827835559845, 0.9713943600654602, 0.7050706744194031, 0.9968962669372559, 0.4525253474712372, 0.9989858269691467, 0.9992619156837463, 0.9847053289413452, 0.9933978319168091, 0.9986557960510254, 0.9043388962745667, 0.9928051829338074, 0.44187626242637634, 0.9996010661125183, 0.9649481773376465, 0.9960529804229736, 0.9140672087669373, 0.993269145488739, 0.9943793416023254, 0.49554678797721863, 0.9597042798995972, 0.7762452960014343, 0.9907957911491394, 0.9986200332641602, 0.8504719734191895, 0.999945878982544, 0.9225926399230957, 0.9846345782279968, 0.9405992031097412, 0.9906122088432312]","[1, 1, 1, 1, 0, 1, 1, 1, 1, 1, 1, 1, 1, 1, 0, 1, 0, 1, 1, 1, 1, 1, 1, 1, 1, 1, 1, 1, 1, 1, 1, 1, 1, 1, 1, 1, 0, 1, 1, 1, 1, 1, 1, 1, 1, 1, 1, 1, 1, 1, 1, 1, 1, 1, 1, 1, 1, 1, 1, 1, 1, 1, 1, 1]","[0.05375685170292854, 0.045403897762298584, 1.0103353261947632, 0.9359782338142395, 0.5463096499443054, 0.005916001740843058, 0.6476571559906006, 0.06222008541226387, 0.08990528434515, 0.1518595963716507, 1.5210036039352417, 0.031097102910280228, 0.12076971679925919, 0.45992887020111084, 0.3434986472129822, 0.021339641883969307, 0.9975830912590027, 0.01273386925458908, 1.4437971115112305, 0.006581034976989031, 0.43872806429862976, 0.39270126819610596, 0.8167709708213806, 0.08006013929843903, 0.3927425146102905, 0.21791711449623108, 0.1536731868982315, 0.07486386597156525, 0.06613944470882416, 0.0647050142288208, 0.316351056098938, 0.9836321473121643, 0.02702517621219158, 0.14297771453857422, 0.20080295205116272, 0.17263081669807434, 0.92313152551651, 0.025111820548772812, 1.8609676361083984, 0.009195542894303799, 0.006839807145297527, 0.08346258103847504, 0.04745412617921829, 0.010304504074156284, 0.477433979511261, 0.050887126475572586, 1.5196187496185303, 0.004230586811900139, 0.1992509514093399, 0.031170545145869255, 0.3629177212715149, 0.04405343160033226, 0.044352900236845016, 1.2549229860305786, 0.17210298776626587, 0.9524065256118774, 0.058190081268548965, 0.011066821403801441, 0.5171998739242554, 0.0006594076403416693, 0.40221256017684937, 0.0879887118935585, 0.3267480731010437, 0.05430937558412552]"
33,2112,2176,64,0.953125,0.2765696942806244,clean_mnist,0.0625,0.140625,0.03125,0.140625,0.0625,0.078125,0.15625,0.109375,0.125,0.09375,0.1315271407365799,0.22807377576828003,12.09705924987793,14.044124603271484,18.3125,21.421875,"[0, 6, 3, 7, 9, 8, 4, 9, 5, 0, 1, 1, 8, 2, 6, 3, 3, 4, 3, 5, 3, 7, 1, 8, 1, 9, 6, 8, 9, 9, 7, 5, 0, 7, 3, 0, 6, 3, 8, 1, 6, 6, 1, 8, 6, 4, 6, 1, 3, 7, 1, 6, 4, 5, 1, 6, 7, 9, 8, 2, 5, 7, 3, 8]","[0, 6, 3, 7, 9, 8, 7, 9, 5, 0, 1, 1, 8, 2, 6, 3, 3, 4, 3, 5, 3, 7, 1, 8, 1, 9, 6, 8, 9, 9, 7, 5, 0, 7, 3, 0, 6, 3, 8, 1, 6, 6, 1, 8, 6, 4, 6, 1, 0, 7, 1, 6, 4, 5, 1, 6, 7, 4, 8, 2, 5, 7, 3, 8]","[0.8207637071609497, 0.9983312487602234, 0.9879172444343567, 0.9495042562484741, 0.9331498146057129, 0.9983745813369751, 0.49719956517219543, 0.9867933392524719, 0.9974320530891418, 0.9775251746177673, 0.7832181453704834, 0.9323326349258423, 0.9224807024002075, 0.9841514825820923, 0.9987892508506775, 0.9991436004638672, 0.9985883831977844, 0.9989290833473206, 0.9925893545150757, 0.9986240863800049, 0.987318217754364, 0.9999649524688721, 0.30099666118621826, 0.9765402674674988, 0.6832789182662964, 0.9930029511451721, 0.9120554327964783, 0.998891294002533, 0.9710421562194824, 0.8658890128135681, 0.9987249970436096, 0.9863278865814209, 0.9907405376434326, 0.9995230436325073, 0.9999586343765259, 0.9559521079063416, 0.5980146527290344, 0.998515784740448, 0.9905694723129272, 0.9233907461166382, 0.9896321296691895, 0.9993244409561157, 0.9862008690834045, 0.9991348385810852, 0.7697311639785767, 0.9500256776809692, 0.9232965707778931, 0.788943350315094, 0.8878767490386963, 0.9999134540557861, 0.990041196346283, 0.875609815120697, 0.9970424771308899, 0.9999606609344482, 0.8678460121154785, 0.9996731281280518, 0.48793354630470276, 0.7079635858535767, 0.9331575632095337, 0.8269622325897217, 0.9098442196846008, 0.9994346499443054, 0.9967902302742004, 0.9931133389472961]","[1, 1, 1, 1, 1, 1, 0, 1, 1, 1, 1, 1, 1, 1, 1, 1, 1, 1, 1, 1, 1, 1, 1, 1, 1, 1, 1, 1, 1, 1, 1, 1, 1, 1, 1, 1, 1, 1, 1, 1, 1, 1, 1, 1, 1, 1, 1, 1, 0, 1, 1, 1, 1, 1, 1, 1, 1, 0, 1, 1, 1, 1, 1, 1]","[0.7256838083267212, 0.013451727107167244, 0.08185579627752304, 0.26612165570259094, 0.3175394833087921, 0.01330625545233488, 0.8671444654464722, 0.07875248789787292, 0.018556728959083557, 0.13743892312049866, 0.949636697769165, 0.37138980627059937, 0.32579484581947327, 0.09682440757751465, 0.01110143680125475, 0.007302399724721909, 0.012882748618721962, 0.010115956887602806, 0.05486292392015457, 0.010485510341823101, 0.08739856630563736, 0.0004482890071813017, 1.9131700992584229, 0.12670239806175232, 1.24558424949646, 0.04966402426362038, 0.4048808217048645, 0.010331593453884125, 0.1599927544593811, 0.4484716057777405, 0.010682622902095318, 0.07659942656755447, 0.06564004719257355, 0.004591786302626133, 0.00048423814587295055, 0.1964326649904251, 1.0262707471847534, 0.012958144769072533, 0.06671992689371109, 0.40859997272491455, 0.06066741794347763, 0.006252385675907135, 0.09611108899116516, 0.007317340467125177, 0.6002940535545349, 0.22219014167785645, 0.35169917345046997, 0.870843768119812, 0.5494166612625122, 0.0009645443642511964, 0.07260613888502121, 0.3997454047203064, 0.024881726130843163, 0.0004758248687721789, 0.6579803228378296, 0.00340674864128232, 1.1222692728042603, 0.7018800377845764, 0.298735111951828, 0.5509907007217407, 0.339140385389328, 0.005225537810474634, 0.024993769824504852, 0.046502649784088135]"
34,2176,2240,64,0.9375,0.3903600573539734,clean_mnist,0.046875,0.09375,0.078125,0.171875,0.171875,0.078125,0.109375,0.078125,0.09375,0.078125,0.12687864899635315,0.21800820529460907,11.994743347167969,14.021048545837402,17.9375,21.53125,"[4, 1, 6, 3, 3, 4, 5, 3, 2, 4, 5, 7, 1, 2, 4, 0, 0, 5, 8, 0, 6, 1, 1, 9, 3, 2, 8, 3, 4, 2, 4, 3, 4, 5, 8, 5, 6, 7, 6, 8, 9, 4, 3, 9, 6, 9, 9, 7, 4, 1, 6, 1, 3, 7, 3, 8, 3, 3, 2, 4, 4, 8, 7, 6]","[4, 1, 6, 3, 3, 4, 5, 3, 2, 4, 5, 7, 1, 2, 4, 0, 0, 5, 8, 0, 6, 1, 1, 9, 3, 2, 1, 3, 4, 2, 4, 3, 4, 5, 8, 5, 6, 7, 6, 8, 9, 4, 0, 9, 4, 9, 4, 7, 4, 1, 6, 1, 3, 7, 3, 8, 3, 3, 2, 4, 4, 8, 7, 6]","[0.7138209939002991, 0.7667022943496704, 0.8522232174873352, 0.9982864260673523, 0.9999452829360962, 0.9729545712471008, 0.9998607635498047, 0.9989323019981384, 0.6128122806549072, 0.5910951495170593, 0.8827165365219116, 0.9949482679367065, 0.4942722022533417, 0.9981169700622559, 0.9493776559829712, 0.9920616149902344, 0.7995939254760742, 0.9914827346801758, 0.971284031867981, 0.9459112882614136, 0.9397402405738831, 0.8704320788383484, 0.5735844373703003, 0.8776997327804565, 0.9875717163085938, 0.9394704699516296, 0.9604767560958862, 0.9999524354934692, 0.8291398882865906, 0.986107587814331, 0.9767215251922607, 0.9995414018630981, 0.7392655611038208, 0.9998934268951416, 0.49936971068382263, 0.9997603297233582, 0.7575892210006714, 0.9984342455863953, 0.8853400945663452, 0.9941943287849426, 0.9790128469467163, 0.9939716458320618, 0.828491747379303, 0.9803383350372314, 0.48359447717666626, 0.9124800562858582, 0.7192707657814026, 0.9922493696212769, 0.9227864742279053, 0.6195523142814636, 0.9349225759506226, 0.8328009247779846, 0.9999723434448242, 0.9952410459518433, 0.9999562501907349, 0.9755774140357971, 0.9897825717926025, 0.9999879598617554, 0.9969388246536255, 0.9768672585487366, 0.45257386565208435, 0.9997103810310364, 0.8776083588600159, 0.9989162683486938]","[1, 1, 1, 1, 1, 1, 1, 1, 1, 1, 1, 1, 1, 1, 1, 1, 1, 1, 1, 1, 1, 1, 1, 1, 1, 1, 0, 1, 1, 1, 1, 1, 1, 1, 1, 1, 1, 1, 1, 1, 1, 1, 0, 1, 0, 1, 0, 1, 1, 1, 1, 1, 1, 1, 1, 1, 1, 1, 1, 1, 1, 1, 1, 1]","[0.7694591283798218, 1.007899284362793, 0.5566878318786621, 0.014833692461252213, 0.0006618162733502686, 0.14720803499221802, 0.001425332622602582, 0.009184972383081913, 1.0735892057418823, 0.8585550785064697, 0.38079869747161865, 0.03793660178780556, 1.7097604274749756, 0.01603299379348755, 0.21481694281101227, 0.05508982762694359, 0.8025092482566833, 0.05120633542537689, 0.16862046718597412, 0.29939836263656616, 0.2881317734718323, 0.61332106590271, 1.588086724281311, 0.4016464948654175, 0.06693220138549805, 0.2953353524208069, 0.1936555653810501, 0.0005791399744339287, 0.7062291502952576, 0.0758046954870224, 0.13160091638565063, 0.004648048896342516, 0.7262319922447205, 0.001094958744943142, 1.2549684047698975, 0.0023074212949723005, 0.7536865472793579, 0.014035430736839771, 0.49815964698791504, 0.04474639520049095, 0.13312497735023499, 0.042667143046855927, 0.712967574596405, 0.12904489040374756, 1.5590760707855225, 0.4120851159095764, 0.9764391779899597, 0.05291306599974632, 0.3710070848464966, 1.314750075340271, 0.33315232396125793, 0.7551460862159729, 0.0003491031238809228, 0.034156233072280884, 0.0005152388475835323, 0.1476452350616455, 0.07358354330062866, 0.00016242409765254706, 0.025572413578629494, 0.13253295421600342, 1.3812942504882812, 0.003025297075510025, 0.5448362827301025, 0.010120522230863571]"
35,2240,2304,64,0.9375,0.30582985281944275,clean_mnist,0.09375,0.046875,0.109375,0.078125,0.09375,0.171875,0.140625,0.078125,0.078125,0.109375,0.13865187764167786,0.23055648803710938,12.016098976135254,13.994340896606445,19.203125,21.171875,"[9, 3, 6, 8, 7, 0, 7, 9, 5, 6, 5, 2, 3, 0, 9, 1, 4, 0, 5, 6, 1, 2, 6, 3, 4, 8, 5, 9, 5, 0, 2, 7, 5, 2, 9, 3, 4, 4, 0, 5, 2, 5, 5, 2, 9, 8, 3, 5, 2, 4, 8, 6, 7, 6, 4, 6, 6, 7, 0, 9, 6, 1, 5, 8]","[4, 3, 6, 8, 7, 0, 7, 9, 5, 6, 5, 2, 3, 0, 4, 1, 4, 0, 5, 6, 1, 2, 6, 3, 4, 8, 5, 9, 5, 0, 2, 7, 5, 2, 9, 3, 4, 4, 0, 5, 2, 5, 5, 2, 9, 8, 3, 5, 2, 4, 4, 6, 7, 6, 4, 6, 6, 7, 0, 9, 6, 1, 8, 8]","[0.6723558902740479, 0.9999955892562866, 0.5773987770080566, 0.9819767475128174, 0.8911161422729492, 0.8837190866470337, 0.9872380495071411, 0.9950059056282043, 0.940041720867157, 0.8985539674758911, 0.9758778810501099, 0.9901455044746399, 0.9493376016616821, 0.9898712038993835, 0.4201537072658539, 0.6392341256141663, 0.9697965383529663, 0.9622440934181213, 0.9767143726348877, 0.990179181098938, 0.8631557822227478, 0.795490562915802, 0.9208658337593079, 0.9995675683021545, 0.992695689201355, 0.9924505352973938, 0.9987598657608032, 0.9973135590553284, 0.9418269991874695, 0.5446239113807678, 0.9953643083572388, 0.9977795481681824, 0.9535753130912781, 0.9998608827590942, 0.9774969220161438, 0.9999679327011108, 0.5906272530555725, 0.5375818014144897, 0.9462363123893738, 0.9995643496513367, 0.99213045835495, 0.9999955892562866, 0.9892402291297913, 0.9897103905677795, 0.9888312816619873, 0.9847162961959839, 0.7908791899681091, 0.9999594688415527, 0.9731384515762329, 0.9896519780158997, 0.37093570828437805, 0.9993976354598999, 0.9957634210586548, 0.9824258089065552, 0.6327203512191772, 0.9674432873725891, 0.9655688405036926, 0.9981769323348999, 0.9608064293861389, 0.9779233336448669, 0.9972367286682129, 0.9474717378616333, 0.8110771179199219, 0.9289219975471497]","[0, 1, 1, 1, 1, 1, 1, 1, 1, 1, 1, 1, 1, 1, 0, 1, 1, 1, 1, 1, 1, 1, 1, 1, 1, 1, 1, 1, 1, 1, 1, 1, 1, 1, 1, 1, 1, 1, 1, 1, 1, 1, 1, 1, 1, 1, 1, 1, 1, 1, 0, 1, 1, 1, 1, 1, 1, 1, 1, 1, 1, 1, 0, 1]","[0.6897541880607605, 6.410788773791865e-05, 0.9654293060302734, 0.09278690069913864, 0.45101940631866455, 0.5491089224815369, 0.07475902140140533, 0.037345051765441895, 0.29790979623794556, 0.357880562543869, 0.14584007859230042, 0.060561373829841614, 0.2439342886209488, 0.07367824018001556, 1.7025731801986694, 1.2045190334320068, 0.16322103142738342, 0.21914948523044586, 0.12596897780895233, 0.060430943965911865, 0.6495445966720581, 0.5960441827774048, 0.37520983815193176, 0.0043495893478393555, 0.04777912795543671, 0.050554972141981125, 0.010562010109424591, 0.0216817669570446, 0.24668613076210022, 1.2692497968673706, 0.033427126705646515, 0.017881160601973534, 0.196078822016716, 0.001477010315284133, 0.14010998606681824, 0.0003930542734451592, 1.0955201387405396, 1.1461025476455688, 0.2935176193714142, 0.004087678622454405, 0.05366317182779312, 6.227637641131878e-05, 0.06519417464733124, 0.06102641671895981, 0.07138386368751526, 0.09073363989591599, 0.8588622808456421, 0.00047187108430080116, 0.14244776964187622, 0.06344672292470932, 1.2900961637496948, 0.006011430639773607, 0.03324025124311447, 0.09694358706474304, 1.003332257270813, 0.1870717853307724, 0.18074262142181396, 0.015519699081778526, 0.23270069062709808, 0.13009819388389587, 0.02236344665288925, 0.30803126096725464, 0.6755886673927307, 0.26788651943206787]"
36,2304,2368,64,0.90625,0.4319796860218048,clean_mnist,0.09375,0.15625,0.171875,0.078125,0.09375,0.140625,0.0625,0.078125,0.046875,0.078125,0.12829187512397766,0.22156867384910583,12.030492782592773,14.008091926574707,19.140625,20.9375,"[5, 2, 1, 1, 5, 2, 2, 6, 9, 5, 2, 3, 1, 4, 1, 7, 5, 9, 2, 4, 6, 0, 1, 0, 5, 5, 5, 9, 2, 0, 4, 1, 1, 2, 4, 3, 3, 4, 2, 5, 7, 6, 2, 7, 7, 8, 3, 8, 0, 0, 2, 1, 0, 2, 8, 3, 9, 4, 1, 5, 9, 6, 1, 7]","[5, 2, 1, 1, 5, 2, 0, 6, 9, 5, 2, 3, 1, 4, 1, 7, 6, 9, 2, 4, 6, 0, 1, 0, 5, 5, 5, 9, 2, 0, 4, 1, 1, 2, 4, 3, 0, 4, 2, 5, 7, 6, 2, 7, 7, 8, 3, 9, 0, 0, 2, 1, 1, 2, 8, 3, 4, 4, 1, 5, 9, 6, 1, 7]","[0.9258332848548889, 0.9886642098426819, 0.34321725368499756, 0.7026045322418213, 0.9922463893890381, 0.9958802461624146, 0.3895963132381439, 0.9995614886283875, 0.8972726464271545, 0.9999656677246094, 0.9962623715400696, 0.9982150793075562, 0.4943826198577881, 0.9608035683631897, 0.5577206611633301, 0.9993295669555664, 0.9117431044578552, 0.9856808185577393, 0.9919924736022949, 0.8216404318809509, 0.6015239953994751, 0.9807373881340027, 0.4000013768672943, 0.9158099889755249, 0.998314380645752, 0.9995580315589905, 0.9953807592391968, 0.9967333078384399, 0.7684417963027954, 0.9941533207893372, 0.639055609703064, 0.9989736080169678, 0.7882888913154602, 0.9855820536613464, 0.6625102162361145, 0.9992953538894653, 0.634257435798645, 0.9999570846557617, 0.9144589304924011, 0.994487464427948, 0.9851083159446716, 0.9979817867279053, 0.9993917942047119, 0.9587329030036926, 0.9199079275131226, 0.5133026838302612, 0.9986909031867981, 0.9019360542297363, 0.9685059785842896, 0.999762237071991, 0.9997612833976746, 0.8800327777862549, 0.27937987446784973, 0.9977611303329468, 0.9909800887107849, 0.9975636005401611, 0.5232470035552979, 0.8967159986495972, 0.6187736988067627, 0.9998151659965515, 0.8538489937782288, 0.9819626212120056, 0.760287880897522, 0.9959563612937927]","[1, 1, 1, 1, 1, 1, 0, 1, 1, 1, 1, 1, 1, 1, 1, 1, 0, 1, 1, 1, 1, 1, 1, 1, 1, 1, 1, 1, 1, 1, 1, 1, 1, 1, 1, 1, 0, 1, 1, 1, 1, 1, 1, 1, 1, 1, 1, 0, 1, 1, 1, 1, 0, 1, 1, 1, 0, 1, 1, 1, 1, 1, 1, 1]","[0.348197877407074, 0.06332656741142273, 1.7931156158447266, 1.1753172874450684, 0.05361785367131233, 0.027908846735954285, 1.5829064846038818, 0.004296750295907259, 0.47934162616729736, 0.0004060087667312473, 0.02692231349647045, 0.016119133681058884, 1.5447661876678467, 0.19914789497852325, 1.484606146812439, 0.006279118359088898, 0.41011250019073486, 0.08332134038209915, 0.0549098402261734, 0.5432243347167969, 1.082145094871521, 0.12336146086454391, 1.4484848976135254, 0.3920725882053375, 0.013150460086762905, 0.0038869325071573257, 0.03256672993302345, 0.02488643303513527, 0.7158257961273193, 0.04433804750442505, 1.1892385482788086, 0.009862452745437622, 0.929718017578125, 0.08835350722074509, 0.7328437566757202, 0.006733248010277748, 1.1472256183624268, 0.0005191765958443284, 0.35229718685150146, 0.03815876692533493, 0.10179238766431808, 0.01667850650846958, 0.005494552664458752, 0.19343577325344086, 0.39873963594436646, 1.363844394683838, 0.010045187547802925, 0.3510449528694153, 0.18189354240894318, 0.0025727564934641123, 0.0023421659134328365, 0.5789745450019836, 1.8837287425994873, 0.01722521334886551, 0.06486919522285461, 0.018176203593611717, 0.7376119494438171, 0.4282183349132538, 1.187554121017456, 0.0018839396070688963, 0.6558235883712769, 0.11003728955984116, 1.031970500946045, 0.029230859130620956]"
37,2368,2432,64,0.96875,0.3141215443611145,clean_mnist,0.078125,0.109375,0.078125,0.0625,0.109375,0.109375,0.0625,0.15625,0.171875,0.0625,0.12655475735664368,0.22351446747779846,12.15149974822998,14.008355140686035,20.34375,21.0625,"[5, 8, 9, 9, 6, 0, 1, 1, 7, 2, 8, 3, 7, 7, 8, 8, 8, 9, 7, 6, 8, 2, 4, 7, 4, 1, 8, 5, 0, 6, 9, 2, 8, 5, 7, 0, 0, 5, 4, 4, 3, 2, 1, 0, 5, 8, 5, 1, 4, 7, 2, 1, 4, 8, 6, 3, 4, 8, 7, 7, 5, 1, 3, 7]","[5, 8, 9, 9, 6, 0, 1, 1, 7, 2, 8, 3, 7, 7, 8, 8, 8, 9, 7, 6, 8, 2, 4, 7, 4, 1, 8, 5, 0, 6, 9, 2, 8, 5, 2, 0, 0, 5, 4, 4, 3, 2, 1, 0, 5, 8, 5, 1, 4, 7, 2, 1, 4, 8, 6, 3, 4, 8, 1, 7, 5, 1, 3, 7]","[0.8894063830375671, 0.934097945690155, 0.9969921112060547, 0.9950705766677856, 0.7153972387313843, 0.531185507774353, 0.8625756502151489, 0.9470854997634888, 0.8435037136077881, 0.9898276329040527, 0.9604178071022034, 0.9993516802787781, 0.9967215657234192, 0.9951188564300537, 0.975662112236023, 0.9975554347038269, 0.9057959318161011, 0.4911065101623535, 0.9738165736198425, 0.9524332284927368, 0.999755322933197, 0.9977506995201111, 0.9151603579521179, 0.961012065410614, 0.9231971502304077, 0.9791733026504517, 0.9940401911735535, 0.9855393171310425, 0.939643919467926, 0.9962724447250366, 0.9516040086746216, 0.9990940093994141, 0.9995681643486023, 0.9922240972518921, 0.8851620554924011, 0.998235821723938, 0.8383687734603882, 0.9991434812545776, 0.7861183881759644, 0.76498943567276, 0.994261622428894, 0.9975772500038147, 0.7027304768562317, 0.8183308243751526, 0.9823692440986633, 0.9522163271903992, 0.9131993055343628, 0.9998632669448853, 0.7891933917999268, 0.9993078708648682, 0.9944021105766296, 0.9930939674377441, 0.9968319535255432, 0.8348561525344849, 0.9396979808807373, 0.8092975616455078, 0.7170668840408325, 0.6196081042289734, 0.6768986582756042, 0.9988420605659485, 0.9924450516700745, 0.9872782230377197, 0.9022632241249084, 0.9834116101264954]","[1, 1, 1, 1, 1, 1, 1, 1, 1, 1, 1, 1, 1, 1, 1, 1, 1, 1, 1, 1, 1, 1, 1, 1, 1, 1, 1, 1, 1, 1, 1, 1, 1, 1, 0, 1, 1, 1, 1, 1, 1, 1, 1, 1, 1, 1, 1, 1, 1, 1, 1, 1, 1, 1, 1, 1, 1, 1, 0, 1, 1, 1, 1, 1]","[0.4360910952091217, 0.3439519703388214, 0.02540202997624874, 0.03389401733875275, 0.7012869119644165, 1.3746633529663086, 0.620695948600769, 0.315170019865036, 0.5652261972427368, 0.06667472422122955, 0.17155736684799194, 0.0062030707485973835, 0.02663308009505272, 0.03343397378921509, 0.14519204199314117, 0.0195457823574543, 0.4671253561973572, 1.008198618888855, 0.16026395559310913, 0.2717529237270355, 0.002468493301421404, 0.019011832773685455, 0.3203308880329132, 0.19680939614772797, 0.3426898717880249, 0.14214171469211578, 0.04517468810081482, 0.0771157294511795, 0.3169887661933899, 0.02959541790187359, 0.25710436701774597, 0.008039059117436409, 0.004213356412947178, 0.0562061071395874, 0.49191683530807495, 0.015850070863962173, 0.6907148361206055, 0.007320758420974016, 0.8119531869888306, 0.8763794898986816, 0.040068306028842926, 0.018253058195114136, 0.8352200388908386, 0.7792688012123108, 0.09283152222633362, 0.25132641196250916, 0.3910260796546936, 0.001558240968734026, 0.5658378005027771, 0.006359873339533806, 0.0348689891397953, 0.05348917096853256, 0.026129987090826035, 0.6074633002281189, 0.2518066167831421, 0.7278233766555786, 1.0509734153747559, 1.1777405738830566, 1.106896162033081, 0.009992874227464199, 0.046670764684677124, 0.09037214517593384, 0.3259996473789215, 0.10681316256523132]"
38,2432,2496,64,0.96875,0.4128936231136322,clean_mnist,0.09375,0.078125,0.0625,0.109375,0.1875,0.046875,0.140625,0.109375,0.078125,0.09375,0.1285865157842636,0.22502125799655914,12.08422565460205,14.001533508300781,19.203125,21.453125,"[1, 7, 9, 0, 0, 1, 9, 4, 0, 4, 8, 4, 8, 5, 1, 7, 1, 4, 2, 4, 4, 9, 3, 7, 3, 2, 4, 6, 9, 5, 6, 3, 2, 9, 4, 4, 3, 3, 6, 9, 2, 0, 6, 8, 8, 7, 5, 6, 6, 3, 8, 0, 4, 4, 6, 6, 7, 3, 4, 7, 7, 0, 6, 1]","[1, 7, 9, 0, 0, 1, 9, 4, 0, 4, 8, 4, 8, 5, 1, 7, 1, 4, 2, 4, 4, 9, 2, 7, 3, 2, 4, 6, 9, 5, 1, 3, 2, 9, 4, 4, 3, 3, 6, 9, 2, 0, 6, 8, 8, 7, 5, 6, 6, 3, 8, 0, 4, 4, 6, 6, 7, 3, 4, 7, 7, 0, 6, 1]","[0.9953725934028625, 0.9953306913375854, 0.9544796943664551, 0.9353089332580566, 0.7366394996643066, 0.7610146403312683, 0.644775390625, 0.5890787243843079, 0.7681207060813904, 0.789225697517395, 0.8956837058067322, 0.8972775936126709, 0.8417140245437622, 0.9992393255233765, 0.5539490580558777, 0.9959062337875366, 0.9297323822975159, 0.3581407368183136, 0.9233535528182983, 0.7765330672264099, 0.8290093541145325, 0.974262535572052, 0.5391429662704468, 0.8574111461639404, 0.9997722506523132, 0.9898242354393005, 0.8673694133758545, 0.923953115940094, 0.9899082183837891, 0.9997350573539734, 0.2698459029197693, 0.9999929666519165, 0.8998659253120422, 0.9954603314399719, 0.9682068228721619, 0.6177344918251038, 0.9799939393997192, 0.9998646974563599, 0.9853169322013855, 0.5769823789596558, 0.9963526725769043, 0.9635146260261536, 0.990814745426178, 0.9934420585632324, 0.9381017088890076, 0.9594550728797913, 0.9985041618347168, 0.9991376399993896, 0.9101869463920593, 0.9999939203262329, 0.9996905326843262, 0.7142122387886047, 0.9972678422927856, 0.9981818199157715, 0.6061831712722778, 0.9995787739753723, 0.3855721950531006, 0.9999535083770752, 0.970702588558197, 0.9729315638542175, 0.9697659015655518, 0.9963558912277222, 0.9889450669288635, 0.8803996443748474]","[1, 1, 1, 1, 1, 1, 1, 1, 1, 1, 1, 1, 1, 1, 1, 1, 1, 1, 1, 1, 1, 1, 0, 1, 1, 1, 1, 1, 1, 1, 0, 1, 1, 1, 1, 1, 1, 1, 1, 1, 1, 1, 1, 1, 1, 1, 1, 1, 1, 1, 1, 1, 1, 1, 1, 1, 1, 1, 1, 1, 1, 1, 1, 1]","[0.03423314914107323, 0.035625167191028595, 0.23487815260887146, 0.3311860263347626, 1.0129503011703491, 0.9435858130455017, 1.3389253616333008, 1.1727237701416016, 0.9394782781600952, 0.6280933022499084, 0.5137039422988892, 0.3421644866466522, 0.7177865505218506, 0.006648230366408825, 1.6589463949203491, 0.0314469039440155, 0.3805181682109833, 1.508901596069336, 0.3562361001968384, 0.7110807299613953, 0.5624499320983887, 0.1410573571920395, 0.7912440896034241, 0.6127060651779175, 0.0024370462633669376, 0.06818117201328278, 0.49291345477104187, 0.38306358456611633, 0.06508608162403107, 0.0025061522610485554, 1.9859814643859863, 9.788209717953578e-05, 0.39190417528152466, 0.03165154531598091, 0.17070233821868896, 1.278336763381958, 0.10489204525947571, 0.0014657080173492432, 0.09543771296739578, 0.749023973941803, 0.028336210176348686, 0.21309716999530792, 0.06418611854314804, 0.04811392351984978, 0.3011934161186218, 0.18100598454475403, 0.012715647928416729, 0.0076921116560697556, 0.4041358530521393, 8.138651901390404e-05, 0.0033094114623963833, 1.0875459909439087, 0.021029241383075714, 0.014345554634928703, 0.7076295018196106, 0.004192041698843241, 1.2735521793365479, 0.0005260969628579915, 0.1737169623374939, 0.15355290472507477, 0.1793585866689682, 0.026231609284877777, 0.07453840225934982, 0.6148551106452942]"
39,2496,2560,64,0.90625,0.37187373638153076,clean_mnist,0.078125,0.078125,0.109375,0.171875,0.046875,0.109375,0.140625,0.09375,0.0625,0.109375,0.13593243062496185,0.2313769906759262,12.062661170959473,13.787437438964844,20.375,20.921875,"[6, 1, 6, 2, 0, 9, 7, 3, 6, 1, 3, 8, 2, 9, 2, 8, 7, 2, 9, 5, 6, 2, 2, 6, 4, 9, 7, 6, 3, 9, 5, 5, 0, 3, 1, 3, 0, 6, 3, 3, 3, 5, 3, 0, 7, 3, 8, 7, 5, 6, 4, 1, 4, 5, 2, 5, 1, 9, 3, 8, 6, 0, 7, 9]","[6, 1, 6, 2, 0, 9, 7, 3, 6, 1, 3, 8, 2, 9, 2, 8, 7, 2, 9, 5, 6, 2, 2, 6, 4, 9, 7, 6, 3, 0, 0, 5, 0, 3, 1, 3, 0, 6, 2, 3, 3, 5, 0, 0, 7, 3, 4, 7, 5, 6, 4, 1, 4, 5, 2, 5, 1, 9, 5, 8, 6, 0, 7, 9]","[0.8673248291015625, 0.7449682950973511, 0.9499652981758118, 0.9572065472602844, 0.9632322788238525, 0.9995850920677185, 0.9112758040428162, 0.9985577464103699, 0.8188068866729736, 0.6457630395889282, 0.9999932050704956, 0.9943167567253113, 0.9992125034332275, 0.9995146989822388, 0.9619462490081787, 0.999221920967102, 0.9951788187026978, 0.9897994995117188, 0.9261143803596497, 0.9972386360168457, 0.9517252445220947, 0.9488846659660339, 0.9973733425140381, 0.9626368284225464, 0.9718895554542542, 0.998380184173584, 0.8848568201065063, 0.9995517134666443, 0.9999977350234985, 0.5589264035224915, 0.6009074449539185, 0.9996472597122192, 0.9964309930801392, 0.9999268054962158, 0.2244579792022705, 0.9980254173278809, 0.9881179928779602, 0.9633224606513977, 0.49113941192626953, 0.9996482133865356, 0.9991260170936584, 0.9996296167373657, 0.32400476932525635, 0.958793580532074, 0.9899628758430481, 0.9999847412109375, 0.3807673156261444, 0.9987688660621643, 0.8419650197029114, 0.9989719390869141, 0.3598919212818146, 0.8145084381103516, 0.9784512519836426, 0.9986415505409241, 0.7454699873924255, 0.9922559261322021, 0.9958011507987976, 0.9918501377105713, 0.9708878397941589, 0.5559564232826233, 0.5574562549591064, 0.6938308477401733, 0.993296205997467, 0.7992783188819885]","[1, 1, 1, 1, 1, 1, 1, 1, 1, 1, 1, 1, 1, 1, 1, 1, 1, 1, 1, 1, 1, 1, 1, 1, 1, 1, 1, 1, 1, 0, 0, 1, 1, 1, 1, 1, 1, 1, 0, 1, 1, 1, 0, 1, 1, 1, 0, 1, 1, 1, 1, 1, 1, 1, 1, 1, 1, 1, 0, 1, 1, 1, 1, 1]","[0.47626054286956787, 1.0875654220581055, 0.27843645215034485, 0.20654326677322388, 0.173170804977417, 0.004089036025106907, 0.38496607542037964, 0.013254553079605103, 0.562619149684906, 1.3892768621444702, 9.055297414306551e-05, 0.04417036101222038, 0.007177158258855343, 0.004805987700819969, 0.1893751621246338, 0.006648195907473564, 0.03335009142756462, 0.06176865100860596, 0.3907648026943207, 0.019330555573105812, 0.24693922698497772, 0.23507767915725708, 0.021404854953289032, 0.2198372185230255, 0.1541217416524887, 0.013016561977565289, 0.4887189269065857, 0.00436348607763648, 3.498109435895458e-05, 0.8913110494613647, 1.077491283416748, 0.00358940870501101, 0.030938439071178436, 0.0008725733496248722, 2.0877726078033447, 0.017384035512804985, 0.08073706924915314, 0.2118857502937317, 0.7966653108596802, 0.0035097235813736916, 0.008112176321446896, 0.003428846597671509, 1.770995020866394, 0.2480381727218628, 0.06900206953287125, 0.0001991534954868257, 1.5825824737548828, 0.010392142459750175, 0.46171778440475464, 0.009371434338390827, 1.5124995708465576, 0.8229042291641235, 0.11057084798812866, 0.010801606811583042, 0.9129062294960022, 0.048543576151132584, 0.03254316747188568, 0.05146363005042076, 0.1331232339143753, 1.2154752016067505, 1.3661073446273804, 0.8698392510414124, 0.052875787019729614, 0.5770915150642395]"
40,2560,2624,64,0.953125,0.4407694935798645,clean_mnist,0.15625,0.140625,0.046875,0.078125,0.078125,0.078125,0.109375,0.109375,0.078125,0.125,0.1321154236793518,0.22867700457572937,12.060232162475586,14.192447662353516,18.671875,21.59375,"[4, 0, 9, 1, 3, 2, 5, 3, 3, 4, 6, 9, 1, 6, 7, 7, 7, 8, 4, 9, 9, 0, 0, 1, 0, 2, 0, 3, 6, 4, 6, 7, 5, 8, 1, 9, 4, 0, 8, 1, 9, 2, 6, 3, 1, 5, 0, 6, 9, 7, 8, 8, 7, 9, 6, 0, 1, 0, 7, 1, 5, 0, 5, 1]","[4, 0, 9, 1, 3, 2, 5, 3, 3, 4, 6, 5, 1, 6, 7, 7, 7, 8, 4, 9, 3, 0, 0, 1, 0, 2, 0, 3, 6, 4, 6, 7, 5, 8, 1, 9, 4, 0, 8, 1, 9, 2, 6, 3, 1, 5, 0, 6, 4, 7, 8, 8, 7, 9, 6, 0, 1, 0, 7, 1, 5, 0, 5, 1]","[0.8992201685905457, 0.9883819222450256, 0.9959017634391785, 0.9407446980476379, 0.9803652763366699, 0.9995735287666321, 0.8350549340248108, 0.9991280436515808, 0.9987760186195374, 0.9801785349845886, 0.9896648526191711, 0.429463654756546, 0.902214765548706, 0.9986472725868225, 0.8002803921699524, 0.9997896552085876, 0.9817075133323669, 0.8841177225112915, 0.5268173217773438, 0.9981990456581116, 0.6188555955886841, 0.7469668984413147, 0.9372897148132324, 0.7280317544937134, 0.9812901616096497, 0.9328640103340149, 0.8246640563011169, 0.9997703433036804, 0.9484635591506958, 0.9995365142822266, 0.6210511922836304, 0.9995039701461792, 0.9963414072990417, 0.9702658653259277, 0.8723058104515076, 0.8447554111480713, 0.6599369645118713, 0.9875501990318298, 0.9743036031723022, 0.8216810822486877, 0.5503810048103333, 0.9651620984077454, 0.9896115064620972, 0.9998183846473694, 0.3585522174835205, 0.9997813105583191, 0.2907308340072632, 0.9937161803245544, 0.856380045413971, 0.9970031380653381, 0.5043290257453918, 0.9998133778572083, 0.998394787311554, 0.9684610366821289, 0.9015370011329651, 0.9159615635871887, 0.5837731957435608, 0.78279048204422, 0.8691073656082153, 0.9993784427642822, 0.8228466510772705, 0.9985820055007935, 0.4961045980453491, 0.8030491471290588]","[1, 1, 1, 1, 1, 1, 1, 1, 1, 1, 1, 0, 1, 1, 1, 1, 1, 1, 1, 1, 0, 1, 1, 1, 1, 1, 1, 1, 1, 1, 1, 1, 1, 1, 1, 1, 1, 1, 1, 1, 1, 1, 1, 1, 1, 1, 1, 1, 0, 1, 1, 1, 1, 1, 1, 1, 1, 1, 1, 1, 1, 1, 1, 1]","[0.38199788331985474, 0.08496028184890747, 0.032679300755262375, 0.3389239013195038, 0.12021610885858536, 0.004353805910795927, 0.49973195791244507, 0.008357887156307697, 0.010044139809906483, 0.12465647608041763, 0.07088898867368698, 1.0223444700241089, 0.506292998790741, 0.011820444837212563, 0.6181859374046326, 0.0022760508581995964, 0.10432017594575882, 0.378338098526001, 1.3056724071502686, 0.014914192259311676, 0.8773156404495239, 0.957965075969696, 0.3056015074253082, 1.1308541297912598, 0.10077062249183655, 0.27281880378723145, 0.7642843127250671, 0.0024175248108804226, 0.2693729102611542, 0.004397797863930464, 1.072090744972229, 0.004869474563747644, 0.026774916797876358, 0.1744336038827896, 0.6378534436225891, 0.5165838003158569, 1.31422758102417, 0.08754053711891174, 0.14289356768131256, 0.7702122330665588, 1.1424163579940796, 0.19026699662208557, 0.07015722990036011, 0.002009461633861065, 1.879961609840393, 0.0020839751232415438, 1.6556434631347656, 0.047675229609012604, 0.45083993673324585, 0.024907929822802544, 1.532610297203064, 0.002079577650874853, 0.014341607689857483, 0.17225775122642517, 0.37616151571273804, 0.4568353295326233, 1.4626442193984985, 0.9178323149681091, 0.4819360375404358, 0.006132947746664286, 0.5980207324028015, 0.012814655900001526, 0.7727904319763184, 0.8625725507736206]"
41,2624,2688,64,0.9375,0.29507920145988464,clean_mnist,0.046875,0.09375,0.09375,0.125,0.046875,0.09375,0.140625,0.125,0.15625,0.078125,0.1392575204372406,0.23607617616653442,12.154672622680664,14.118982315063477,19.640625,21.25,"[0, 2, 2, 3, 8, 0, 1, 6, 3, 9, 7, 6, 3, 6, 6, 5, 9, 2, 0, 9, 6, 1, 5, 4, 7, 9, 7, 5, 5, 7, 1, 5, 6, 6, 7, 7, 3, 3, 6, 1, 2, 4, 7, 1, 8, 3, 2, 3, 8, 7, 5, 3, 1, 9, 8, 8, 6, 8, 8, 8, 2, 8, 4, 8]","[0, 2, 2, 3, 8, 0, 1, 6, 3, 9, 7, 6, 8, 6, 6, 5, 9, 2, 0, 9, 6, 1, 5, 4, 2, 9, 7, 5, 3, 7, 1, 5, 6, 6, 7, 7, 3, 3, 6, 1, 2, 4, 7, 1, 8, 3, 2, 3, 8, 7, 5, 3, 7, 9, 8, 8, 6, 8, 8, 8, 2, 8, 4, 8]","[0.909138560295105, 0.9997486472129822, 0.7946603894233704, 0.9999303817749023, 0.9925428628921509, 0.7896758913993835, 0.8459370732307434, 0.9850019812583923, 0.9985395669937134, 0.9972203969955444, 0.980434238910675, 0.9745311141014099, 0.6139812469482422, 0.616051197052002, 0.9075788855552673, 0.8697495460510254, 0.991702139377594, 0.9992690682411194, 0.7759771347045898, 0.999708354473114, 0.9313115477561951, 0.6323058605194092, 0.9969602227210999, 0.9554243087768555, 0.6537216901779175, 0.9865828156471252, 0.9998674392700195, 0.9991114735603333, 0.5772795677185059, 0.9944800138473511, 0.4349146783351898, 0.9999527931213379, 0.9859909415245056, 0.9918308854103088, 0.9732202887535095, 0.9983966946601868, 0.9998095631599426, 0.999548614025116, 0.7788907289505005, 0.7562836408615112, 0.9999431371688843, 0.9915163516998291, 0.9897862672805786, 0.9910821914672852, 0.8629144430160522, 0.9995502829551697, 0.979856014251709, 0.9994795918464661, 0.7658088207244873, 0.9936943650245667, 0.991419792175293, 0.9999916553497314, 0.5981907844543457, 0.7963168025016785, 0.9996562004089355, 0.9986016154289246, 0.6518174409866333, 0.997139573097229, 0.967940628528595, 0.9983124732971191, 0.9848396182060242, 0.9994699358940125, 0.9801488518714905, 0.9998427629470825]","[1, 1, 1, 1, 1, 1, 1, 1, 1, 1, 1, 1, 0, 1, 1, 1, 1, 1, 1, 1, 1, 1, 1, 1, 0, 1, 1, 1, 0, 1, 1, 1, 1, 1, 1, 1, 1, 1, 1, 1, 1, 1, 1, 1, 1, 1, 1, 1, 1, 1, 1, 1, 0, 1, 1, 1, 1, 1, 1, 1, 1, 1, 1, 1]","[0.46115776896476746, 0.0025222599506378174, 0.6754278540611267, 0.0008177442941814661, 0.0565892718732357, 0.8252180218696594, 0.7304990887641907, 0.09008824825286865, 0.013309523463249207, 0.02269231714308262, 0.11250640451908112, 0.15429803729057312, 1.0728870630264282, 0.876491904258728, 0.3566254675388336, 0.5958557724952698, 0.05857764184474945, 0.0068307314068078995, 0.9163925051689148, 0.0030694312881678343, 0.3254832923412323, 1.2574266195297241, 0.02203679084777832, 0.24025477468967438, 0.9178301095962524, 0.07988180220127106, 0.001410765340551734, 0.007222915533930063, 0.6819489598274231, 0.03921208158135414, 1.3982141017913818, 0.0005693543935194612, 0.0838562622666359, 0.056156303733587265, 0.12968264520168304, 0.013870890252292156, 0.001898709568195045, 0.004617007449269295, 0.7057914137840271, 0.9757267236709595, 0.0006407134933397174, 0.05731503292918205, 0.07028940320014954, 0.06699712574481964, 0.6189913749694824, 0.0045544905588030815, 0.11943194270133972, 0.005237205419689417, 0.6247844099998474, 0.042262688279151917, 0.05701376125216484, 0.0001213427894981578, 1.096505880355835, 0.5832244753837585, 0.003355007618665695, 0.012571176514029503, 1.1243257522583008, 0.02198503538966179, 0.17848238348960876, 0.014100614935159683, 0.09000223875045776, 0.005038057453930378, 0.11131780594587326, 0.001572469249367714]"
42,2688,2752,64,0.90625,0.4286807179450989,clean_mnist,0.046875,0.171875,0.125,0.109375,0.09375,0.125,0.046875,0.140625,0.015625,0.125,0.1249466985464096,0.21953773498535156,12.05347728729248,14.1220703125,18.796875,21.140625,"[1, 4, 5, 7, 1, 2, 2, 1, 9, 9, 5, 8, 2, 7, 9, 9, 7, 3, 7, 3, 1, 0, 6, 7, 9, 5, 7, 4, 1, 1, 0, 1, 7, 2, 9, 6, 4, 1, 3, 5, 9, 9, 1, 1, 4, 2, 5, 3, 0, 4, 2, 5, 3, 6, 4, 7, 5, 5, 3, 1, 2, 2, 7, 3]","[1, 4, 5, 7, 1, 2, 2, 1, 9, 9, 5, 8, 2, 7, 9, 9, 7, 3, 7, 3, 1, 0, 6, 7, 9, 5, 2, 4, 1, 1, 0, 1, 3, 2, 9, 6, 4, 1, 3, 5, 9, 0, 1, 1, 4, 2, 3, 3, 0, 4, 2, 5, 3, 6, 4, 7, 5, 0, 0, 1, 2, 2, 7, 3]","[0.36754804849624634, 0.9039611220359802, 0.4550879895687103, 0.9994520545005798, 0.9911147356033325, 0.992330014705658, 0.9526913166046143, 0.7025617957115173, 0.9687110781669617, 0.998337984085083, 0.9122583866119385, 0.995698094367981, 0.9936331510543823, 0.9995977282524109, 0.9981749057769775, 0.8862433433532715, 0.9813496470451355, 0.9999794960021973, 0.9232453107833862, 0.9997629523277283, 0.8665040135383606, 0.8838391900062561, 0.9327227473258972, 0.9993218183517456, 0.9830563068389893, 0.9994170665740967, 0.7524322271347046, 0.6232537031173706, 0.6516363024711609, 0.8441219329833984, 0.8407675623893738, 0.9998334646224976, 0.9179645776748657, 0.9995235204696655, 0.9556905031204224, 0.9982743263244629, 0.9085670709609985, 0.5618258714675903, 0.9999979734420776, 0.9798188209533691, 0.9557629227638245, 0.5540153384208679, 0.37076783180236816, 0.5334836840629578, 0.9790336489677429, 0.9889238476753235, 0.521635890007019, 0.9994879961013794, 0.9464151263237, 0.9623955488204956, 0.9903883337974548, 0.9995695948600769, 0.99613356590271, 0.9994837045669556, 0.7617464065551758, 0.9999556541442871, 0.9033612608909607, 0.4018544852733612, 0.7725901007652283, 0.5155066251754761, 0.7618749141693115, 0.9929850697517395, 0.9978783130645752, 0.9864637851715088]","[1, 1, 1, 1, 1, 1, 1, 1, 1, 1, 1, 1, 1, 1, 1, 1, 1, 1, 1, 1, 1, 1, 1, 1, 1, 1, 0, 1, 1, 1, 1, 1, 0, 1, 1, 1, 1, 1, 1, 1, 1, 0, 1, 1, 1, 1, 0, 1, 1, 1, 1, 1, 1, 1, 1, 1, 1, 0, 0, 1, 1, 1, 1, 1]","[1.868239402770996, 0.3909817934036255, 1.073672890663147, 0.0054263463243842125, 0.06094163656234741, 0.05109917372465134, 0.26021066308021545, 1.2061917781829834, 0.1950664520263672, 0.014077839441597462, 0.35652977228164673, 0.03286965191364288, 0.0470009408891201, 0.0039948164485394955, 0.014818391762673855, 0.5037742853164673, 0.11734949052333832, 0.00026855518808588386, 0.30875593423843384, 0.0024363361299037933, 0.6580800414085388, 0.533347487449646, 0.32720112800598145, 0.0062527428381145, 0.10359762609004974, 0.005340264178812504, 0.7042516469955444, 1.103621482849121, 1.3007190227508545, 0.7551208734512329, 0.5785728096961975, 0.001891638501547277, 0.3837951123714447, 0.004519417881965637, 0.2333284467458725, 0.015173365361988544, 0.48611879348754883, 1.5724478960037231, 3.0598141165683046e-05, 0.11131182312965393, 0.24225611984729767, 1.2973172664642334, 1.7874305248260498, 1.3185677528381348, 0.1254967898130417, 0.06573527306318283, 1.0358020067214966, 0.005208700429648161, 0.2658264935016632, 0.19854965806007385, 0.06068820878863335, 0.0040792012587189674, 0.03055700659751892, 0.00505799101665616, 0.6256840229034424, 0.0005577008123509586, 0.3659563660621643, 1.4031747579574585, 0.8679014444351196, 1.5685616731643677, 0.6297363042831421, 0.04279421642422676, 0.018104329705238342, 0.07209574431180954]"
43,2752,2816,64,0.90625,0.40805909037590027,clean_mnist,0.03125,0.125,0.109375,0.125,0.109375,0.09375,0.078125,0.109375,0.046875,0.171875,0.13175137341022491,0.2268511950969696,12.080951690673828,13.910552978515625,19.296875,21.109375,"[7, 4, 7, 5, 6, 6, 5, 7, 3, 8, 1, 9, 7, 5, 7, 1, 5, 2, 0, 3, 4, 4, 3, 5, 1, 6, 7, 9, 5, 3, 9, 2, 1, 6, 3, 9, 3, 6, 2, 1, 2, 9, 1, 9, 3, 9, 9, 4, 4, 9, 2, 3, 9, 8, 0, 1, 4, 4, 8, 1, 2, 2, 7, 9]","[7, 4, 7, 5, 6, 6, 5, 7, 3, 8, 1, 9, 9, 0, 7, 1, 8, 2, 0, 3, 4, 4, 3, 5, 1, 6, 7, 9, 5, 8, 0, 2, 1, 6, 3, 9, 3, 6, 2, 1, 2, 9, 1, 9, 3, 9, 9, 4, 4, 4, 2, 3, 9, 8, 0, 1, 4, 4, 8, 1, 2, 2, 7, 9]","[0.9874510765075684, 0.9388446807861328, 0.9996730089187622, 0.9973399043083191, 0.8546764850616455, 0.987102210521698, 0.9810463190078735, 0.9982194304466248, 0.9011445045471191, 0.8847878575325012, 0.8134654760360718, 0.9877225160598755, 0.3473750352859497, 0.7625156044960022, 0.9638074636459351, 0.6511456370353699, 0.41513627767562866, 0.9815776944160461, 0.9874827861785889, 0.9999836683273315, 0.9756577610969543, 0.9491844177246094, 0.9996473789215088, 0.9980390667915344, 0.5645101070404053, 0.8275992274284363, 0.9694008231163025, 0.5543380975723267, 0.9218172430992126, 0.8983170986175537, 0.4759931266307831, 0.61318439245224, 0.9851285219192505, 0.9978594183921814, 0.9992535710334778, 0.9868712425231934, 0.9997876286506653, 0.9954351782798767, 0.8203346133232117, 0.7329543232917786, 0.6632096767425537, 0.9944162368774414, 0.8626433610916138, 0.8752437829971313, 0.9999576807022095, 0.9975113868713379, 0.9780013561248779, 0.8842134475708008, 0.34912195801734924, 0.5228754281997681, 0.7131297588348389, 0.9699188470840454, 0.9988401532173157, 0.9930214285850525, 0.997890293598175, 0.8045653104782104, 0.8458325862884521, 0.972542941570282, 0.987625777721405, 0.9802384376525879, 0.9910491704940796, 0.9975265860557556, 0.9994220733642578, 0.9316974878311157]","[1, 1, 1, 1, 1, 1, 1, 1, 1, 1, 1, 1, 0, 0, 1, 1, 0, 1, 1, 1, 1, 1, 1, 1, 1, 1, 1, 1, 1, 0, 0, 1, 1, 1, 1, 1, 1, 1, 1, 1, 1, 1, 1, 1, 1, 1, 1, 1, 1, 0, 1, 1, 1, 1, 1, 1, 1, 1, 1, 1, 1, 1, 1, 1]","[0.08386479318141937, 0.2787719964981079, 0.0034195214975625277, 0.018925972282886505, 0.6054909825325012, 0.08414869755506516, 0.11501371115446091, 0.015468369238078594, 0.32960641384124756, 0.49206677079200745, 0.8284991979598999, 0.07627677917480469, 1.4784868955612183, 0.833452582359314, 0.21377825736999512, 1.1301300525665283, 1.6352248191833496, 0.11254385113716125, 0.09216386824846268, 0.00020727665105368942, 0.14934250712394714, 0.2822273373603821, 0.0034482418559491634, 0.016207216307520866, 1.5831505060195923, 0.4802773594856262, 0.17847491800785065, 1.1345915794372559, 0.361181378364563, 0.3850923776626587, 1.294747233390808, 0.7206732630729675, 0.0951685905456543, 0.018178492784500122, 0.007328846491873264, 0.08178727328777313, 0.0020213250536471605, 0.03438630327582359, 0.8083324432373047, 1.135789394378662, 0.7771742343902588, 0.03964401036500931, 0.6471158862113953, 0.4884689152240753, 0.0004918821505270898, 0.019770944491028786, 0.14321571588516235, 0.41908717155456543, 1.6153494119644165, 1.3985562324523926, 0.9125566482543945, 0.1672237068414688, 0.010571721941232681, 0.04782118648290634, 0.017293108627200127, 0.9016329050064087, 0.5773987770080566, 0.13737620413303375, 0.08000978827476501, 0.13430385291576385, 0.06282555311918259, 0.01878986321389675, 0.00562457088381052, 0.29353201389312744]"
44,2816,2880,64,0.921875,0.38706380128860474,clean_mnist,0.09375,0.140625,0.171875,0.09375,0.09375,0.0625,0.109375,0.109375,0.078125,0.046875,0.13918404281139374,0.24109306931495667,12.019271850585938,14.111080169677734,19.546875,21.046875,"[3, 9, 3, 4, 3, 9, 6, 1, 2, 7, 0, 4, 6, 4, 0, 1, 4, 8, 3, 7, 6, 6, 2, 0, 2, 8, 8, 1, 7, 3, 2, 2, 7, 6, 6, 2, 7, 1, 0, 2, 8, 5, 1, 4, 9, 5, 8, 6, 0, 7, 2, 7, 5, 5, 1, 3, 1, 0, 4, 2, 1, 2, 1, 2]","[3, 0, 3, 4, 3, 9, 6, 1, 2, 7, 0, 4, 6, 4, 1, 1, 4, 8, 3, 7, 6, 6, 2, 0, 2, 8, 8, 1, 7, 8, 2, 2, 7, 6, 6, 2, 7, 1, 0, 2, 4, 5, 1, 4, 9, 5, 6, 6, 0, 7, 2, 7, 5, 5, 1, 3, 1, 0, 4, 2, 1, 2, 1, 2]","[0.9999995231628418, 0.5752936005592346, 0.9761556386947632, 0.9853796362876892, 0.9999185800552368, 0.9785565137863159, 0.993475615978241, 0.9808188080787659, 0.9390830397605896, 0.9975268244743347, 0.8699151277542114, 0.8763300180435181, 0.9941127896308899, 0.7243960499763489, 0.28186243772506714, 0.9948233366012573, 0.9636881947517395, 0.9709857702255249, 0.9969973564147949, 0.9961088299751282, 0.9962577819824219, 0.7268348336219788, 0.9381052851676941, 0.35918036103248596, 0.9874854683876038, 0.8337596654891968, 0.6101859211921692, 0.8114818334579468, 0.9107154011726379, 0.6131627559661865, 0.9576424360275269, 0.6835814714431763, 0.999782145023346, 0.9983546137809753, 0.9700661301612854, 0.9968184232711792, 0.950414776802063, 0.8428971171379089, 0.5498019456863403, 0.9873833060264587, 0.7952125668525696, 0.9995518326759338, 0.5146462917327881, 0.8937219977378845, 0.8246960639953613, 0.9958190321922302, 0.6027945280075073, 0.9759312272071838, 0.9867119789123535, 0.9993608593940735, 0.9996210336685181, 0.9998041987419128, 0.9999195337295532, 0.9994398951530457, 0.9995236396789551, 0.9999837875366211, 0.8862380385398865, 0.9975984692573547, 0.5705652832984924, 0.9626537561416626, 0.9766836762428284, 0.9751566052436829, 0.622029185295105, 0.9899277091026306]","[1, 0, 1, 1, 1, 1, 1, 1, 1, 1, 1, 1, 1, 1, 0, 1, 1, 1, 1, 1, 1, 1, 1, 1, 1, 1, 1, 1, 1, 0, 1, 1, 1, 1, 1, 1, 1, 1, 1, 1, 0, 1, 1, 1, 1, 1, 0, 1, 1, 1, 1, 1, 1, 1, 1, 1, 1, 1, 1, 1, 1, 1, 1, 1]","[9.105771823669784e-06, 1.270337462425232, 0.13281117379665375, 0.0870724692940712, 0.0009246717090718448, 0.12438283115625381, 0.04918212443590164, 0.13337041437625885, 0.2641761004924774, 0.019815858453512192, 0.6071760058403015, 0.49350857734680176, 0.042520731687545776, 0.6724211573600769, 1.7225275039672852, 0.04212715104222298, 0.1913815140724182, 0.15701907873153687, 0.02561006136238575, 0.029569845646619797, 0.02893012762069702, 0.7355003952980042, 0.30532947182655334, 1.6472647190093994, 0.08679080754518509, 0.5524008870124817, 0.9448642730712891, 0.8348953127861023, 0.4298460781574249, 0.9866743087768555, 0.2074066400527954, 0.7891284823417664, 0.002383202314376831, 0.013510963879525661, 0.17876769602298737, 0.023725725710392, 0.24712267518043518, 0.6999725103378296, 1.4242684841156006, 0.0711275115609169, 0.7935795783996582, 0.0042573814280331135, 1.4118095636367798, 0.5327881574630737, 0.7602943778038025, 0.028213609009981155, 0.9979072213172913, 0.15210187435150146, 0.09305493533611298, 0.005796490702778101, 0.0038685949984937906, 0.0020905272103846073, 0.0009232521406374872, 0.004975285846740007, 0.004791898652911186, 0.0002091999922413379, 0.5061030387878418, 0.021052870899438858, 1.267401933670044, 0.18780119717121124, 0.13883739709854126, 0.12150013446807861, 1.3910032510757446, 0.06586738675832748]"
45,2880,2944,64,0.9375,0.4252035617828369,clean_mnist,0.125,0.140625,0.078125,0.140625,0.09375,0.15625,0.109375,0.0625,0.03125,0.0625,0.1328049898147583,0.22734346985816956,12.087940216064453,13.983705520629883,19.21875,21.1875,"[6, 7, 0, 3, 6, 5, 3, 2, 4, 1, 0, 4, 2, 4, 1, 3, 4, 0, 6, 0, 5, 5, 4, 7, 0, 3, 1, 1, 2, 7, 5, 9, 5, 6, 0, 3, 5, 3, 1, 0, 1, 5, 9, 6, 9, 6, 3, 8, 5, 7, 6, 3, 1, 5, 9, 0, 2, 1, 1, 2, 8, 3, 5, 4]","[6, 7, 0, 3, 6, 5, 3, 2, 4, 1, 0, 4, 2, 4, 1, 3, 4, 0, 6, 0, 5, 8, 4, 7, 0, 3, 1, 1, 2, 7, 6, 9, 5, 6, 0, 3, 5, 3, 1, 0, 1, 5, 4, 6, 9, 6, 3, 8, 5, 7, 6, 3, 1, 5, 9, 0, 2, 1, 1, 2, 8, 3, 8, 4]","[0.9972144961357117, 0.9999009370803833, 0.8558446764945984, 0.9997970461845398, 0.49755051732063293, 0.9028375148773193, 0.9999991655349731, 0.9848644137382507, 0.4182652533054352, 0.99437415599823, 0.9629591703414917, 0.998488187789917, 0.9902600646018982, 0.8523219227790833, 0.6144778728485107, 0.9996222257614136, 0.6570739150047302, 0.5466839671134949, 0.9401472806930542, 0.9486744999885559, 0.993346095085144, 0.9218443036079407, 0.3415704667568207, 0.8793656826019287, 0.7655807733535767, 0.9994082450866699, 0.977371335029602, 0.9997575879096985, 0.998971700668335, 0.893340528011322, 0.6772237420082092, 0.999708354473114, 0.9994409680366516, 0.998943030834198, 0.939566969871521, 0.9999397993087769, 0.9979066848754883, 0.9991523027420044, 0.32029807567596436, 0.9939951300621033, 0.2736760377883911, 0.9765974879264832, 0.6491690278053284, 0.9224534630775452, 0.974415123462677, 0.8631950616836548, 0.9993333220481873, 0.8785172700881958, 0.9275305867195129, 0.9963634610176086, 0.9760329723358154, 0.607699990272522, 0.8457033038139343, 0.7786540985107422, 0.5380069613456726, 0.6279429793357849, 0.9988546371459961, 0.9483098983764648, 0.9438139200210571, 0.9911696910858154, 0.9889111518859863, 0.9996962547302246, 0.6047685742378235, 0.9999033212661743]","[1, 1, 1, 1, 1, 1, 1, 1, 1, 1, 1, 1, 1, 1, 1, 1, 1, 1, 1, 1, 1, 0, 1, 1, 1, 1, 1, 1, 1, 1, 0, 1, 1, 1, 1, 1, 1, 1, 1, 1, 1, 1, 0, 1, 1, 1, 1, 1, 1, 1, 1, 1, 1, 1, 1, 1, 1, 1, 1, 1, 1, 1, 0, 1]","[0.022955574095249176, 0.0011673858389258385, 0.6541268229484558, 0.0021850077901035547, 1.2712957859039307, 0.39892974495887756, 1.2378269275359344e-05, 0.08104878664016724, 1.6959724426269531, 0.04405670613050461, 0.22100411355495453, 0.01387274544686079, 0.06352844089269638, 0.536913275718689, 1.4103742837905884, 0.0038487566635012627, 0.9261965751647949, 1.3122502565383911, 0.329630583524704, 0.28448396921157837, 0.04353171959519386, 0.32656052708625793, 1.7705280780792236, 0.4937177300453186, 0.8580279350280762, 0.005767653696238995, 0.15022186934947968, 0.0026298267766833305, 0.009481800720095634, 0.4318467080593109, 0.7933838367462158, 0.003080367110669613, 0.004762659315019846, 0.009629982523620129, 0.317426860332489, 0.0006973943673074245, 0.015534007921814919, 0.008076364174485207, 1.8839763402938843, 0.04793036729097366, 1.731953501701355, 0.11249008029699326, 0.7692570686340332, 0.3578743040561676, 0.12497424334287643, 0.4652087092399597, 0.006012868136167526, 0.4466872215270996, 0.32157158851623535, 0.028037920594215393, 0.15594016015529633, 0.6771352291107178, 0.7242058515548706, 0.7027408480644226, 0.971560001373291, 1.2725157737731934, 0.009790847077965736, 0.2987775206565857, 0.3199104964733124, 0.05905194580554962, 0.06867911666631699, 0.002930480521172285, 1.1340076923370361, 0.0010486813262104988]"
46,2944,3008,64,0.984375,0.3870258927345276,clean_mnist,0.109375,0.09375,0.0625,0.078125,0.0625,0.140625,0.078125,0.140625,0.140625,0.09375,0.11709113419055939,0.2105715572834015,12.095579147338867,14.043861389160156,18.25,21.09375,"[0, 5, 5, 6, 5, 7, 7, 8, 0, 9, 6, 0, 9, 1, 8, 2, 3, 3, 4, 4, 3, 5, 5, 6, 5, 7, 1, 8, 8, 9, 0, 0, 2, 1, 6, 2, 7, 3, 7, 4, 7, 7, 7, 8, 1, 9, 4, 8, 6, 5, 1, 7, 0, 9, 8, 5, 9, 0, 8, 8, 1, 3, 2, 5]","[0, 5, 5, 6, 5, 7, 7, 8, 0, 9, 6, 0, 9, 1, 8, 2, 3, 3, 4, 4, 3, 5, 5, 6, 5, 7, 1, 8, 8, 9, 0, 0, 2, 1, 6, 2, 7, 3, 7, 4, 7, 7, 7, 8, 1, 9, 4, 8, 6, 5, 1, 7, 0, 9, 1, 5, 9, 0, 8, 8, 1, 3, 2, 5]","[0.999975323677063, 0.9997559189796448, 0.7893654704093933, 0.9730646014213562, 0.9225026369094849, 0.9992382526397705, 0.9269487261772156, 0.9977976083755493, 0.5157217979431152, 0.9974063038825989, 0.555689811706543, 0.9720762968063354, 0.6428981423377991, 0.48525309562683105, 0.5411932468414307, 0.9615654945373535, 0.998450756072998, 0.9998944997787476, 0.973553478717804, 0.961384654045105, 0.9996640682220459, 0.9991490840911865, 0.976771354675293, 0.9381218552589417, 0.9993615746498108, 0.999504804611206, 0.6455786228179932, 0.9945017099380493, 0.9112834930419922, 0.9959865212440491, 0.750758171081543, 0.9987333416938782, 0.9997631907463074, 0.9993283748626709, 0.6982151865959167, 0.9850649237632751, 0.4425394535064697, 0.9999892711639404, 0.9362761974334717, 0.9992239475250244, 0.9896217584609985, 0.9982206225395203, 0.9805177450180054, 0.9894800186157227, 0.7995624542236328, 0.9526378512382507, 0.989557683467865, 0.90418541431427, 0.9722966551780701, 0.9998427629470825, 0.4961070120334625, 0.9895434379577637, 0.7859132885932922, 0.7738059759140015, 0.31107351183891296, 0.9986390471458435, 0.9849845170974731, 0.39632242918014526, 0.4666768014431, 0.9893574118614197, 0.8692233562469482, 0.9994673132896423, 0.9856495261192322, 0.9927258491516113]","[1, 1, 1, 1, 1, 1, 1, 1, 1, 1, 1, 1, 1, 1, 1, 1, 1, 1, 1, 1, 1, 1, 1, 1, 1, 1, 1, 1, 1, 1, 1, 1, 1, 1, 1, 1, 1, 1, 1, 1, 1, 1, 1, 1, 1, 1, 1, 1, 1, 1, 1, 1, 1, 1, 0, 1, 1, 1, 1, 1, 1, 1, 1, 1]","[0.00032011212897486985, 0.002507828176021576, 0.6416214108467102, 0.16382595896720886, 0.3209606409072876, 0.0066200545988976955, 0.293337345123291, 0.01801239512860775, 1.0462087392807007, 0.02111346647143364, 1.2573845386505127, 0.14521370828151703, 1.0826369524002075, 1.7527549266815186, 0.87813401222229, 0.20270447432994843, 0.014083225280046463, 0.001115955412387848, 0.1328689604997635, 0.21563994884490967, 0.003169672330841422, 0.006879743654280901, 0.11923535913228989, 0.24813692271709442, 0.005763555411249399, 0.004847023636102676, 1.345200777053833, 0.03903478384017944, 0.3318977653980255, 0.031160902231931686, 0.9489094018936157, 0.012053013779222965, 0.002389682922512293, 0.006733329501003027, 0.8115907907485962, 0.09174823760986328, 1.4616705179214478, 0.00014732473937328905, 0.3078234791755676, 0.007304870989173651, 0.07304076105356216, 0.014814267866313457, 0.11566342413425446, 0.07590644061565399, 0.7359234690666199, 0.2569923996925354, 0.06845524907112122, 0.4673713147640228, 0.14895489811897278, 0.0016749869100749493, 1.7590301036834717, 0.06727062165737152, 0.6797671914100647, 0.702156662940979, 1.742771029472351, 0.011572122573852539, 0.10698943585157394, 1.663076400756836, 1.2895125150680542, 0.07188857346773148, 0.595750093460083, 0.004884307738393545, 0.07891538739204407, 0.05451687425374985]"
47,3008,3072,64,0.96875,0.4622098505496979,clean_mnist,0.125,0.0625,0.078125,0.109375,0.125,0.046875,0.09375,0.078125,0.15625,0.125,0.1278284788131714,0.2177005112171173,12.067424774169922,13.820730209350586,19.65625,21.109375,"[7, 4, 7, 8, 0, 3, 8, 0, 0, 2, 4, 1, 9, 0, 9, 2, 0, 5, 8, 8, 8, 8, 9, 5, 8, 3, 3, 0, 6, 4, 9, 4, 8, 1, 2, 6, 9, 1, 6, 3, 3, 0, 6, 3, 4, 6, 2, 9, 4, 3, 6, 7, 7, 4, 5, 9, 2, 7, 8, 0, 1, 9, 8, 4]","[7, 4, 7, 8, 0, 3, 8, 0, 0, 2, 4, 1, 9, 0, 9, 2, 0, 5, 8, 8, 8, 8, 9, 5, 8, 3, 3, 0, 6, 4, 4, 4, 8, 1, 2, 6, 9, 1, 6, 3, 3, 0, 6, 3, 4, 6, 2, 9, 4, 3, 6, 7, 7, 4, 5, 9, 2, 7, 8, 0, 1, 9, 1, 4]","[0.9961789846420288, 0.8788241147994995, 0.6947085857391357, 0.9800558686256409, 0.46463099122047424, 0.999243974685669, 0.9983288645744324, 0.9999591112136841, 0.8896486163139343, 0.9932284951210022, 0.7445138096809387, 0.5525310635566711, 0.9162006974220276, 0.44560563564300537, 0.9988818764686584, 0.9726028442382812, 0.9042038917541504, 0.9996927976608276, 0.972413957118988, 0.9619880318641663, 0.5037357807159424, 0.9920215010643005, 0.7748233675956726, 0.9990822076797485, 0.9708724617958069, 0.9999892711639404, 0.9176570773124695, 0.9203694462776184, 0.9340471029281616, 0.8095711469650269, 0.4246167838573456, 0.9744464755058289, 0.973081111907959, 0.42372626066207886, 0.9893559813499451, 0.999204695224762, 0.6834290027618408, 0.42131125926971436, 0.5128720998764038, 0.9998757839202881, 0.9960579872131348, 0.8698949217796326, 0.9192469120025635, 0.9983230233192444, 0.6707777380943298, 0.9571043252944946, 0.9163233637809753, 0.9401054382324219, 0.904153048992157, 0.9997090697288513, 0.9944334626197815, 0.9994004964828491, 0.7450267672538757, 0.9979077577590942, 0.5810124278068542, 0.7341614365577698, 0.9987865090370178, 0.9765611886978149, 0.9810892939567566, 0.5534284114837646, 0.6491194367408752, 0.9954797029495239, 0.7792572379112244, 0.9986149072647095]","[1, 1, 1, 1, 1, 1, 1, 1, 1, 1, 1, 1, 1, 1, 1, 1, 1, 1, 1, 1, 1, 1, 1, 1, 1, 1, 1, 1, 1, 1, 0, 1, 1, 1, 1, 1, 1, 1, 1, 1, 1, 1, 1, 1, 1, 1, 1, 1, 1, 1, 1, 1, 1, 1, 1, 1, 1, 1, 1, 1, 1, 1, 0, 1]","[0.02970484457910061, 0.5818585157394409, 0.9592528343200684, 0.1250317245721817, 1.3876019716262817, 0.006273243576288223, 0.013831174932420254, 0.0005073366919532418, 0.44210588932037354, 0.043523773550987244, 0.8548270463943481, 1.6447618007659912, 0.4113340377807617, 1.5652596950531006, 0.010390542447566986, 0.15786954760551453, 0.4836905300617218, 0.0028069603722542524, 0.1391482800245285, 0.20896078646183014, 1.0223758220672607, 0.050623174756765366, 0.8428266644477844, 0.008237225003540516, 0.18069840967655182, 0.00014520352124236524, 0.30122241377830505, 0.39145997166633606, 0.3480460047721863, 0.7632574439048767, 1.1914013624191284, 0.13856647908687592, 0.12505711615085602, 1.9288179874420166, 0.07337453216314316, 0.007739660330116749, 1.0143016576766968, 1.9271526336669922, 1.113533854484558, 0.0013489809352904558, 0.0313136912882328, 0.5907028913497925, 0.37764543294906616, 0.014598462730646133, 0.8572472929954529, 0.2388737052679062, 0.34309712052345276, 0.2980579435825348, 0.45500054955482483, 0.003107283730059862, 0.03969531133770943, 0.005414178594946861, 0.6573666930198669, 0.016726240515708923, 0.8953005075454712, 0.592728316783905, 0.01028357818722725, 0.14989271759986877, 0.10699471831321716, 1.2006633281707764, 1.3162680864334106, 0.03170070797204971, 0.8374818563461304, 0.012341868132352829]"
48,3072,3136,64,0.921875,0.4963415861129761,clean_mnist,0.078125,0.125,0.109375,0.046875,0.109375,0.078125,0.125,0.0625,0.109375,0.15625,0.11902417987585068,0.20764417946338654,12.079307556152344,13.974706649780273,18.609375,21.3125,"[9, 8, 4, 3, 9, 2, 2, 7, 1, 7, 8, 9, 9, 5, 5, 7, 9, 6, 9, 4, 4, 8, 8, 9, 6, 6, 6, 8, 9, 4, 2, 1, 9, 2, 0, 0, 3, 6, 4, 1, 2, 1, 8, 6, 7, 4, 5, 8, 1, 9, 1, 6, 3, 4, 5, 6, 0, 5, 1, 0, 1, 2, 2, 0]","[4, 8, 4, 3, 9, 2, 2, 7, 1, 7, 8, 9, 9, 5, 8, 7, 4, 6, 9, 4, 4, 8, 8, 9, 6, 6, 6, 9, 4, 4, 2, 1, 9, 2, 0, 0, 3, 6, 4, 1, 2, 1, 8, 6, 7, 4, 5, 8, 1, 9, 1, 6, 3, 4, 5, 6, 0, 5, 1, 0, 1, 2, 2, 0]","[0.30440375208854675, 0.9917362332344055, 0.9773551821708679, 0.9997647404670715, 0.999256432056427, 0.9886780381202698, 0.8586810231208801, 0.9967844486236572, 0.8636372685432434, 0.99970942735672, 0.9975467324256897, 0.9995051622390747, 0.9812918901443481, 0.9998064637184143, 0.7212282419204712, 0.9912306070327759, 0.7345249056816101, 0.8939897418022156, 0.9953321814537048, 0.9990565180778503, 0.7295801639556885, 0.9854560494422913, 0.8989047408103943, 0.9792391657829285, 0.7770686149597168, 0.7021868228912354, 0.486723929643631, 0.4836679995059967, 0.6242400407791138, 0.8635374903678894, 0.9776191711425781, 0.2918858230113983, 0.8720335960388184, 0.9628855586051941, 0.8051559925079346, 0.8206047415733337, 0.9999494552612305, 0.9973117113113403, 0.8443962335586548, 0.9998390674591064, 0.9983577132225037, 0.6976963877677917, 0.8443381786346436, 0.4458436369895935, 0.9476797580718994, 0.9968760013580322, 0.9952070116996765, 0.7517729997634888, 0.8352126479148865, 0.9982033967971802, 0.6839308142662048, 0.7956043481826782, 0.9995991587638855, 0.9567310214042664, 0.9992634654045105, 0.7807621955871582, 0.8835902810096741, 0.9999308586120605, 0.2270752191543579, 0.9179483652114868, 0.5909813642501831, 0.9962576627731323, 0.9631528854370117, 0.24240367114543915]","[0, 1, 1, 1, 1, 1, 1, 1, 1, 1, 1, 1, 1, 1, 0, 1, 0, 1, 1, 1, 1, 1, 1, 1, 1, 1, 1, 0, 0, 1, 1, 1, 1, 1, 1, 1, 1, 1, 1, 1, 1, 1, 1, 1, 1, 1, 1, 1, 1, 1, 1, 1, 1, 1, 1, 1, 1, 1, 1, 1, 1, 1, 1, 1]","[1.7033178806304932, 0.05659761279821396, 0.12267789244651794, 0.0024339838419109583, 0.006782937329262495, 0.07519292831420898, 0.5319379568099976, 0.026033060625195503, 0.5988500714302063, 0.0029831717256456614, 0.0213468000292778, 0.0045872097834944725, 0.11981672048568726, 0.0018682727823033929, 0.7926075458526611, 0.057859115302562714, 0.7957864999771118, 0.47337475419044495, 0.03409740328788757, 0.008774321526288986, 0.6186327934265137, 0.09839969873428345, 0.4620584547519684, 0.11197037994861603, 0.7827154994010925, 1.0594192743301392, 1.204909324645996, 0.8808628916740417, 0.9143321514129639, 0.5599105358123779, 0.1261722892522812, 2.079991102218628, 0.5210840106010437, 0.1661025434732437, 0.7110722661018372, 0.7902747392654419, 0.0006032678647898138, 0.02076384238898754, 0.5168978571891785, 0.0017700549215078354, 0.014738745987415314, 1.2356758117675781, 0.712405264377594, 1.3797361850738525, 0.2505340278148651, 0.023947328329086304, 0.03446479141712189, 0.9386159181594849, 0.7787123918533325, 0.015622798353433609, 1.164989709854126, 0.5505104660987854, 0.003744262969121337, 0.21418273448944092, 0.006367233581840992, 0.9064207077026367, 0.5267054438591003, 0.0007352105458267033, 1.9529829025268555, 0.3904185891151428, 1.5486805438995361, 0.028159935027360916, 0.2041936218738556, 1.8184473514556885]"
49,3136,3200,64,0.984375,0.38150280714035034,clean_mnist,0.078125,0.078125,0.140625,0.109375,0.09375,0.109375,0.046875,0.078125,0.15625,0.109375,0.11971992254257202,0.21085813641548157,12.03709602355957,13.926786422729492,18.765625,21.0625,"[5, 5, 4, 6, 7, 5, 2, 0, 8, 1, 9, 2, 8, 1, 3, 7, 8, 8, 8, 1, 2, 4, 8, 3, 0, 2, 7, 8, 9, 2, 2, 7, 8, 9, 5, 3, 6, 9, 3, 0, 2, 1, 3, 2, 5, 3, 4, 4, 4, 5, 9, 6, 5, 7, 9, 8, 3, 9, 4, 0, 8, 1, 0, 2]","[6, 5, 4, 6, 7, 5, 2, 0, 8, 1, 9, 2, 8, 1, 3, 7, 8, 8, 8, 1, 2, 4, 8, 3, 0, 2, 7, 8, 9, 2, 2, 7, 8, 9, 5, 3, 6, 9, 3, 0, 2, 1, 3, 2, 5, 3, 4, 4, 4, 5, 9, 6, 5, 7, 9, 8, 3, 9, 4, 0, 8, 1, 0, 2]","[0.6882581114768982, 0.9948504567146301, 0.9968974590301514, 0.9833464622497559, 0.7687463164329529, 0.999164342880249, 0.9976884126663208, 0.9291369318962097, 0.9995712637901306, 0.8542314171791077, 0.400818407535553, 0.996631920337677, 0.9376839995384216, 0.8931173086166382, 0.3585101068019867, 0.9997794032096863, 0.7848256230354309, 0.9983065128326416, 0.9961729645729065, 0.9542706608772278, 0.8896748423576355, 0.9912022352218628, 0.9994327425956726, 0.9999954700469971, 0.8535054326057434, 0.8992088437080383, 0.8666351437568665, 0.9362990260124207, 0.7106804251670837, 0.7676621079444885, 0.79166579246521, 0.9994363188743591, 0.9647579789161682, 0.9270017743110657, 0.9908877611160278, 0.6289137005805969, 0.9769638180732727, 0.9933393597602844, 0.999747097492218, 0.6725818514823914, 0.9996483325958252, 0.7364450097084045, 0.999702513217926, 0.9981195330619812, 0.9977104663848877, 0.999932050704956, 0.6527981758117676, 0.7855740785598755, 0.4503125250339508, 0.9997033476829529, 0.9902668595314026, 0.6843869090080261, 0.9947064518928528, 0.9970569610595703, 0.9601296782493591, 0.9705826640129089, 0.9756848812103271, 0.8620687127113342, 0.9351111054420471, 0.4190068244934082, 0.9876319766044617, 0.9900991320610046, 0.9961318969726562, 0.9307166934013367]","[0, 1, 1, 1, 1, 1, 1, 1, 1, 1, 1, 1, 1, 1, 1, 1, 1, 1, 1, 1, 1, 1, 1, 1, 1, 1, 1, 1, 1, 1, 1, 1, 1, 1, 1, 1, 1, 1, 1, 1, 1, 1, 1, 1, 1, 1, 1, 1, 1, 1, 1, 1, 1, 1, 1, 1, 1, 1, 1, 1, 1, 1, 1, 1]","[1.1379644870758057, 0.03346073254942894, 0.022890163585543633, 0.11450549215078354, 0.7067054510116577, 0.007712389808148146, 0.018930619582533836, 0.3811442255973816, 0.004183412995189428, 0.7104825377464294, 1.430974006652832, 0.024764157831668854, 0.29562100768089294, 0.4950537383556366, 1.6888538599014282, 0.002307737246155739, 0.6847254037857056, 0.013990559615194798, 0.03135869652032852, 0.2690768241882324, 0.41591396927833557, 0.0610748790204525, 0.0056485384702682495, 6.791223131585866e-05, 0.6524803042411804, 0.4348682761192322, 0.6018446683883667, 0.3094272017478943, 0.8706234097480774, 0.6621403694152832, 0.8839749693870544, 0.005431369412690401, 0.18239542841911316, 0.33163848519325256, 0.052561886608600616, 0.6841484904289246, 0.13670766353607178, 0.04697131738066673, 0.0027428525499999523, 1.2260756492614746, 0.0034440220333635807, 1.1236478090286255, 0.0031662252731621265, 0.015510179102420807, 0.017608581110835075, 0.00081656314432621, 0.8855047821998596, 0.8027132749557495, 1.0975168943405151, 0.0030651818960905075, 0.06800827383995056, 1.179203748703003, 0.037166304886341095, 0.022353485226631165, 0.23219774663448334, 0.18430550396442413, 0.1229349821805954, 0.563560426235199, 0.321043998003006, 1.6176526546478271, 0.08250017464160919, 0.07200131565332413, 0.032330576330423355, 0.2864847481250763]"
50,3200,3264,64,0.96875,0.3603779077529907,clean_mnist,0.109375,0.078125,0.078125,0.078125,0.140625,0.078125,0.0625,0.203125,0.0625,0.109375,0.12066983431577682,0.2151552140712738,12.101005554199219,14.015673637390137,18.0,21.59375,"[2, 3, 9, 4, 5, 5, 7, 6, 2, 7, 7, 8, 1, 0, 7, 3, 5, 4, 4, 5, 3, 6, 4, 7, 2, 8, 1, 9, 7, 6, 1, 0, 9, 3, 1, 4, 7, 1, 9, 4, 4, 0, 2, 8, 2, 6, 7, 0, 0, 7, 7, 8, 7, 7, 3, 7, 9, 9, 5, 0, 4, 4, 0, 9]","[2, 3, 9, 4, 5, 5, 7, 6, 2, 7, 7, 8, 1, 0, 7, 3, 5, 4, 4, 5, 3, 6, 4, 7, 2, 8, 1, 9, 7, 6, 1, 0, 9, 3, 1, 4, 7, 1, 9, 4, 4, 0, 2, 8, 2, 6, 7, 0, 0, 7, 7, 8, 7, 7, 8, 7, 9, 9, 3, 0, 4, 4, 0, 9]","[0.943170428276062, 0.9999692440032959, 0.8820399045944214, 0.8032532930374146, 0.9638833999633789, 0.9839097857475281, 0.867301344871521, 0.9470521211624146, 0.8789275288581848, 0.9916588664054871, 0.7953137755393982, 0.9994470477104187, 0.40770208835601807, 0.949388325214386, 0.9968794584274292, 0.9999854564666748, 0.9749139547348022, 0.9986271858215332, 0.5061873197555542, 0.9923509955406189, 0.9940789937973022, 0.9875996112823486, 0.9105507135391235, 0.959974467754364, 0.9908836483955383, 0.9995307922363281, 0.9209917187690735, 0.978807806968689, 0.9973596930503845, 0.8585942387580872, 0.3743532598018646, 0.7680379748344421, 0.9699975848197937, 0.9999908208847046, 0.5916059017181396, 0.9417800307273865, 0.9975436329841614, 0.8800134658813477, 0.8133325576782227, 0.9893871545791626, 0.936196506023407, 0.9936284422874451, 0.9995974898338318, 0.5671223402023315, 0.9903692603111267, 0.7840613126754761, 0.9930908679962158, 0.9947901964187622, 0.9994007349014282, 0.9977700710296631, 0.9997654557228088, 0.9969761371612549, 0.721682071685791, 0.9990355968475342, 0.6475207209587097, 0.8398246765136719, 0.9592905044555664, 0.9781544804573059, 0.6356942057609558, 0.9791849851608276, 0.974852979183197, 0.9916123151779175, 0.8503339290618896, 0.9266534447669983]","[1, 1, 1, 1, 1, 1, 1, 1, 1, 1, 1, 1, 1, 1, 1, 1, 1, 1, 1, 1, 1, 1, 1, 1, 1, 1, 1, 1, 1, 1, 1, 1, 1, 1, 1, 1, 1, 1, 1, 1, 1, 1, 1, 1, 1, 1, 1, 1, 1, 1, 1, 1, 1, 1, 0, 1, 1, 1, 0, 1, 1, 1, 1, 1]","[0.2651304006576538, 0.00039511945215053856, 0.4965513348579407, 0.5473725199699402, 0.1604778915643692, 0.09349514544010162, 0.6035774946212769, 0.29422616958618164, 0.4104810357093811, 0.057252414524555206, 0.7659350037574768, 0.005261322017759085, 1.9432249069213867, 0.2773684561252594, 0.02339269407093525, 0.0001999936648644507, 0.12402813881635666, 0.011468859389424324, 1.6198917627334595, 0.04969753324985504, 0.04534435644745827, 0.07965093851089478, 0.3170115053653717, 0.20107164978981018, 0.06327298283576965, 0.004593527410179377, 0.41759011149406433, 0.11649012565612793, 0.02215382270514965, 0.6150575876235962, 2.009432077407837, 0.940081775188446, 0.1551119089126587, 0.0001247294421773404, 1.4733256101608276, 0.28071439266204834, 0.01956474967300892, 0.6142842769622803, 0.6238958239555359, 0.06386268138885498, 0.2525928318500519, 0.04759198799729347, 0.0038136737421154976, 1.0902060270309448, 0.06368601322174072, 0.8776739835739136, 0.047508370131254196, 0.037716157734394073, 0.005991057492792606, 0.018896842375397682, 0.002433992922306061, 0.02586759813129902, 1.03127920627594, 0.00894300639629364, 0.8295848369598389, 0.5819516777992249, 0.21300770342350006, 0.1168740913271904, 0.6903576850891113, 0.14033310115337372, 0.14833903312683105, 0.057022687047719955, 0.6635241508483887, 0.29692819714546204]"
51,3264,3328,64,0.953125,0.356596976518631,clean_mnist,0.046875,0.0625,0.109375,0.109375,0.078125,0.15625,0.078125,0.125,0.0625,0.171875,0.11757414042949677,0.21439695358276367,12.146207809448242,14.06815242767334,17.671875,21.546875,"[3, 9, 5, 7, 5, 0, 7, 5, 1, 5, 2, 5, 7, 9, 4, 8, 4, 8, 7, 7, 9, 5, 0, 6, 5, 5, 4, 3, 9, 8, 6, 1, 9, 6, 7, 8, 2, 5, 9, 9, 2, 2, 1, 2, 2, 0, 9, 9, 4, 2, 3, 4, 9, 7, 3, 3, 3, 1, 9, 3, 7, 6, 5, 6]","[3, 9, 5, 7, 6, 0, 7, 5, 1, 8, 2, 5, 7, 9, 4, 8, 4, 8, 7, 7, 9, 5, 0, 6, 6, 5, 4, 3, 9, 8, 6, 1, 9, 6, 7, 8, 2, 5, 9, 9, 2, 2, 1, 2, 2, 0, 9, 9, 4, 2, 3, 4, 9, 7, 3, 3, 3, 1, 9, 3, 7, 6, 5, 6]","[0.9999781847000122, 0.9841221570968628, 0.9936649799346924, 0.9780325889587402, 0.7410133481025696, 0.9536889791488647, 0.9488769173622131, 0.9962766766548157, 0.45777949690818787, 0.6156237125396729, 0.9991707801818848, 0.9167270660400391, 0.9704629778862, 0.946138322353363, 0.6724548935890198, 0.981869637966156, 0.9506822228431702, 0.482519268989563, 0.9949713945388794, 0.9993975162506104, 0.9074090123176575, 0.9951410293579102, 0.9790797233581543, 0.982134222984314, 0.8572155237197876, 0.9949629306793213, 0.3382551074028015, 0.9996832609176636, 0.7906664609909058, 0.9951109290122986, 0.9954004883766174, 0.956078052520752, 0.9237465262413025, 0.8340283632278442, 0.964663565158844, 0.9591230154037476, 0.9115986227989197, 0.9973402619361877, 0.9902840256690979, 0.9934357404708862, 0.9955204725265503, 0.9088391661643982, 0.3383760452270508, 0.992819607257843, 0.27657350897789, 0.9998455047607422, 0.844965934753418, 0.9738671183586121, 0.6696027517318726, 0.9231029748916626, 0.9974467754364014, 0.7070258259773254, 0.8524848818778992, 0.9976626634597778, 0.875998318195343, 0.9996649026870728, 0.9520029425621033, 0.9908717274665833, 0.9910393357276917, 0.9999644756317139, 0.9995431900024414, 0.8896269202232361, 0.9913524389266968, 0.9781413674354553]","[1, 1, 1, 1, 0, 1, 1, 1, 1, 0, 1, 1, 1, 1, 1, 1, 1, 1, 1, 1, 1, 1, 1, 1, 0, 1, 1, 1, 1, 1, 1, 1, 1, 1, 1, 1, 1, 1, 1, 1, 1, 1, 1, 1, 1, 1, 1, 1, 1, 1, 1, 1, 1, 1, 1, 1, 1, 1, 1, 1, 1, 1, 1, 1]","[0.000293541670544073, 0.10178167372941971, 0.039028216153383255, 0.12646366655826569, 0.839146077632904, 0.26157498359680176, 0.2493051141500473, 0.028600553050637245, 1.7997885942459106, 0.8710066676139832, 0.007682759314775467, 0.4336446225643158, 0.16905365884304047, 0.25156959891319275, 0.743607759475708, 0.11846134811639786, 0.23621249198913574, 0.9975916147232056, 0.03720903396606445, 0.005894721485674381, 0.47848445177078247, 0.03131396695971489, 0.11884934455156326, 0.11719253659248352, 0.5241091847419739, 0.03797221928834915, 1.762916088104248, 0.0032291733659803867, 0.680928647518158, 0.037677206099033356, 0.03163706511259079, 0.25698214769363403, 0.34212347865104675, 0.7553391456604004, 0.18950608372688293, 0.22113142907619476, 0.31174108386039734, 0.02022559382021427, 0.06801702082157135, 0.046624019742012024, 0.03378305211663246, 0.34089791774749756, 2.042322874069214, 0.05140569061040878, 2.0735912322998047, 0.0017450330778956413, 0.6336073279380798, 0.152741938829422, 0.8819035887718201, 0.3707895576953888, 0.021770361810922623, 0.7202381491661072, 0.5371518135070801, 0.01860855519771576, 0.6001846194267273, 0.003561495803296566, 0.27114027738571167, 0.06626687943935394, 0.06543530523777008, 0.00045769126154482365, 0.0044431257992982864, 0.37234652042388916, 0.06284383684396744, 0.1410513073205948]"
52,3328,3392,64,0.90625,0.411106675863266,clean_mnist,0.09375,0.109375,0.140625,0.109375,0.09375,0.140625,0.078125,0.0625,0.046875,0.125,0.12984567880630493,0.22324779629707336,12.165806770324707,13.862430572509766,18.9375,21.265625,"[0, 2, 6, 1, 3, 2, 4, 6, 3, 0, 8, 2, 5, 2, 2, 7, 1, 1, 9, 3, 9, 7, 4, 9, 4, 8, 5, 9, 5, 2, 3, 9, 4, 5, 2, 6, 6, 8, 5, 5, 7, 0, 4, 9, 7, 1, 3, 1, 0, 0, 5, 1, 1, 2, 9, 3, 5, 5, 3, 6, 4, 9, 2, 0]","[0, 2, 6, 1, 3, 2, 4, 6, 3, 0, 8, 2, 4, 2, 2, 7, 1, 1, 9, 3, 9, 7, 4, 4, 4, 8, 8, 9, 5, 2, 3, 9, 4, 5, 2, 6, 6, 8, 6, 0, 7, 0, 4, 9, 7, 1, 9, 1, 0, 0, 5, 1, 1, 2, 9, 3, 5, 5, 3, 6, 4, 9, 2, 0]","[0.9980521202087402, 0.9984471201896667, 0.9972392320632935, 0.9340400695800781, 0.9995777010917664, 0.9994545578956604, 0.8969574570655823, 0.8423165678977966, 0.8319987058639526, 0.9748805165290833, 0.9963787198066711, 0.6947736740112305, 0.31627902388572693, 0.9998906850814819, 0.9703763127326965, 0.9995238780975342, 0.8986427187919617, 0.8581948280334473, 0.7662061452865601, 0.9996845722198486, 0.943141520023346, 0.9974141120910645, 0.7405152916908264, 0.4556944668292999, 0.8626564145088196, 0.9935146570205688, 0.6240814924240112, 0.9306300282478333, 0.9967519044876099, 0.9919719696044922, 0.8134557604789734, 0.9564797878265381, 0.6530404090881348, 0.9969831109046936, 0.9566106796264648, 0.9461867809295654, 0.9121611714363098, 0.9340019822120667, 0.5011002421379089, 0.41786327958106995, 0.9685851335525513, 0.9813733696937561, 0.6026439666748047, 0.9939495325088501, 0.9936867356300354, 0.7690208554267883, 0.5905670523643494, 0.9597136974334717, 0.9993441700935364, 0.7682483792304993, 0.9998986721038818, 0.6664628982543945, 0.6814560294151306, 0.9916766881942749, 0.872384250164032, 0.9998914003372192, 0.9974958300590515, 0.9979660511016846, 0.9999920129776001, 0.9657731652259827, 0.7117676138877869, 0.9960507750511169, 0.996436357498169, 0.9546380639076233]","[1, 1, 1, 1, 1, 1, 1, 1, 1, 1, 1, 1, 0, 1, 1, 1, 1, 1, 1, 1, 1, 1, 1, 0, 1, 1, 0, 1, 1, 1, 1, 1, 1, 1, 1, 1, 1, 1, 0, 0, 1, 1, 1, 1, 1, 1, 0, 1, 1, 1, 1, 1, 1, 1, 1, 1, 1, 1, 1, 1, 1, 1, 1, 1]","[0.01754225417971611, 0.012284492142498493, 0.022882690653204918, 0.3704793453216553, 0.0037875110283493996, 0.005324211902916431, 0.5123036503791809, 0.6673981547355652, 0.5091298818588257, 0.16407941281795502, 0.026886699721217155, 0.6792704463005066, 1.8130532503128052, 0.0011823229724541306, 0.15939217805862427, 0.0046325200237333775, 0.5122839212417603, 0.6971933245658875, 0.778197169303894, 0.0033427767921239138, 0.2929888963699341, 0.01988203078508377, 1.0321546792984009, 1.1833311319351196, 0.4564577639102936, 0.04836409538984299, 1.0664931535720825, 0.32847777009010315, 0.022967934608459473, 0.05561758577823639, 0.7530776858329773, 0.22275210916996002, 0.9072512984275818, 0.021020976826548576, 0.24545389413833618, 0.2762871980667114, 0.432829350233078, 0.3465593159198761, 0.9994209408760071, 1.6240609884262085, 0.17747321724891663, 0.1277637630701065, 1.027181625366211, 0.04245845600962639, 0.044659171253442764, 1.035024881362915, 0.989096462726593, 0.24051831662654877, 0.006335658952593803, 0.7842390537261963, 0.0011121981078758836, 1.291678786277771, 1.2359052896499634, 0.05667586997151375, 0.5616546869277954, 0.0012060333974659443, 0.018517790362238884, 0.015195567160844803, 0.00010727972403401509, 0.18921688199043274, 0.9034560918807983, 0.03171662613749504, 0.026287436485290527, 0.20725110173225403]"
53,3392,3456,64,0.921875,0.3987940549850464,clean_mnist,0.09375,0.15625,0.046875,0.15625,0.078125,0.109375,0.09375,0.109375,0.078125,0.078125,0.1164855808019638,0.2083883434534073,12.070170402526855,14.04037857055664,18.578125,21.25,"[3, 1, 1, 2, 0, 3, 9, 4, 3, 5, 3, 6, 3, 7, 1, 8, 7, 5, 0, 1, 1, 2, 9, 3, 5, 4, 1, 5, 8, 6, 3, 7, 3, 8, 7, 1, 7, 0, 1, 1, 8, 5, 0, 3, 4, 9, 8, 9, 1, 0, 7, 0, 2, 6, 5, 9, 7, 6, 4, 6, 3, 5, 6, 4]","[6, 1, 1, 2, 0, 3, 9, 4, 3, 5, 3, 6, 3, 7, 1, 8, 7, 0, 0, 1, 1, 2, 9, 3, 5, 4, 1, 5, 8, 6, 3, 7, 3, 8, 7, 1, 7, 0, 1, 1, 8, 5, 0, 3, 4, 4, 8, 4, 1, 0, 7, 0, 2, 6, 8, 9, 7, 6, 4, 6, 3, 5, 6, 4]","[0.4867067039012909, 0.9539708495140076, 0.900596022605896, 0.9945042133331299, 0.9668309092521667, 0.9998695850372314, 0.9935629367828369, 0.42943906784057617, 0.9999618530273438, 0.9930160045623779, 0.9987797141075134, 0.9313040971755981, 0.9989659786224365, 0.9846699237823486, 0.818889319896698, 0.8359420299530029, 0.9290481209754944, 0.5015154480934143, 0.6456669569015503, 0.8516462445259094, 0.7820556163787842, 0.9893518090248108, 0.9944661259651184, 0.9914041757583618, 0.9899415373802185, 0.7078998684883118, 0.9033247828483582, 0.9977957010269165, 0.9950953722000122, 0.9950674772262573, 0.9973191618919373, 0.9997026324272156, 0.9997901320457458, 0.9331815838813782, 0.992555558681488, 0.8824809789657593, 0.9880185127258301, 0.8089010715484619, 0.4655502140522003, 0.9062463641166687, 0.972793698310852, 0.9961814880371094, 0.8986456394195557, 0.9999731779098511, 0.5814754366874695, 0.3984442949295044, 0.9376797676086426, 0.738176703453064, 0.38945314288139343, 0.8926926851272583, 0.9991955161094666, 0.7100255489349365, 0.9951175451278687, 0.9591472744941711, 0.4953341782093048, 0.9941430687904358, 0.9765986204147339, 0.964659571647644, 0.8354803919792175, 0.9868600964546204, 0.9999693632125854, 0.9971342086791992, 0.8870438933372498, 0.786328911781311]","[0, 1, 1, 1, 1, 1, 1, 1, 1, 1, 1, 1, 1, 1, 1, 1, 1, 0, 1, 1, 1, 1, 1, 1, 1, 1, 1, 1, 1, 1, 1, 1, 1, 1, 1, 1, 1, 1, 1, 1, 1, 1, 1, 1, 1, 0, 1, 0, 1, 1, 1, 1, 1, 1, 0, 1, 1, 1, 1, 1, 1, 1, 1, 1]","[1.22820246219635, 0.27167415618896484, 0.5067868828773499, 0.0419989749789238, 0.188882514834404, 0.0013856333680450916, 0.04625968262553215, 1.1093178987503052, 0.0004438658943399787, 0.04501352459192276, 0.009442501701414585, 0.3644757568836212, 0.008424212224781513, 0.09297440201044083, 0.7811070084571838, 0.524285614490509, 0.33588457107543945, 1.0773168802261353, 1.1165990829467773, 0.7085525989532471, 0.9396869540214539, 0.06331082433462143, 0.041127800941467285, 0.06259986013174057, 0.05778501555323601, 0.859166145324707, 0.5020089745521545, 0.01609191857278347, 0.03543330356478691, 0.034841783344745636, 0.02234206348657608, 0.002852552104741335, 0.0022858527954667807, 0.31225985288619995, 0.04740490764379501, 0.6039738059043884, 0.07520585507154465, 0.754672646522522, 1.587938666343689, 0.4841005504131317, 0.1739039421081543, 0.028461860492825508, 0.4892142415046692, 0.00034515507286414504, 0.99465012550354, 1.3137218952178955, 0.3296565115451813, 0.7367545962333679, 1.6159275770187378, 0.5291693806648254, 0.007405997719615698, 1.0293961763381958, 0.03510545194149017, 0.19221220910549164, 0.9346566796302795, 0.04169679805636406, 0.14380690455436707, 0.19413840770721436, 0.49632999300956726, 0.08245426416397095, 0.0003760645631700754, 0.021332481876015663, 0.46657201647758484, 0.7014124989509583]"
54,3456,3520,64,0.890625,0.4399048686027527,clean_mnist,0.078125,0.140625,0.03125,0.078125,0.109375,0.03125,0.03125,0.15625,0.21875,0.125,0.11751122772693634,0.21027058362960815,12.035269737243652,13.890190124511719,17.84375,21.546875,"[1, 4, 4, 4, 3, 2, 7, 7, 1, 9, 3, 5, 1, 7, 8, 3, 3, 1, 6, 4, 8, 4, 1, 0, 8, 9, 8, 9, 9, 6, 2, 1, 1, 8, 0, 3, 0, 8, 7, 8, 4, 8, 7, 8, 5, 8, 8, 4, 9, 7, 9, 7, 7, 1, 1, 9, 8, 8, 0, 7, 0, 8, 7, 9]","[1, 4, 4, 4, 3, 0, 3, 7, 1, 9, 3, 5, 1, 7, 2, 3, 3, 1, 6, 4, 8, 4, 1, 0, 8, 9, 8, 9, 4, 6, 2, 1, 1, 8, 0, 3, 0, 8, 7, 8, 4, 8, 7, 8, 5, 8, 8, 4, 4, 7, 9, 7, 9, 1, 9, 9, 8, 8, 0, 7, 0, 8, 7, 9]","[0.9189431071281433, 0.5771118402481079, 0.752183735370636, 0.9007875919342041, 0.99977046251297, 0.5584285855293274, 0.5817342400550842, 0.9923751950263977, 0.9805276393890381, 0.968122124671936, 0.9999682903289795, 0.9999469518661499, 0.922160267829895, 0.978410542011261, 0.42021673917770386, 0.9999809265136719, 0.9999779462814331, 0.39122241735458374, 0.842846691608429, 0.6344771981239319, 0.9945835471153259, 0.89937824010849, 0.973971962928772, 0.9985536932945251, 0.9958588480949402, 0.9056522250175476, 0.9862416982650757, 0.9882241487503052, 0.8111299872398376, 0.9780312180519104, 0.967664361000061, 0.9753742814064026, 0.36987414956092834, 0.9847031235694885, 0.5648834705352783, 0.9999417066574097, 0.8424109816551208, 0.7111032009124756, 0.6730462908744812, 0.8756162524223328, 0.9976198077201843, 0.9997639060020447, 0.9660984873771667, 0.9772884249687195, 0.9986072182655334, 0.9619665741920471, 0.9884555339813232, 0.9107392430305481, 0.609003484249115, 0.977027416229248, 0.9350830912590027, 0.9782559275627136, 0.6435332894325256, 0.8645055890083313, 0.7369514107704163, 0.9895027875900269, 0.4795004427433014, 0.9997437596321106, 0.902560830116272, 0.9990373849868774, 0.8155781626701355, 0.6602903008460999, 0.9541787505149841, 0.9953842759132385]","[1, 1, 1, 1, 1, 0, 0, 1, 1, 1, 1, 1, 1, 1, 0, 1, 1, 1, 1, 1, 1, 1, 1, 1, 1, 1, 1, 1, 0, 1, 1, 1, 1, 1, 1, 1, 1, 1, 1, 1, 1, 1, 1, 1, 1, 1, 1, 1, 0, 1, 1, 1, 0, 1, 0, 1, 1, 1, 1, 1, 1, 1, 1, 1]","[0.4020559787750244, 1.1408627033233643, 0.734229564666748, 0.39175647497177124, 0.0023882626555860043, 1.2491645812988281, 0.8032693862915039, 0.05177251622080803, 0.13305659592151642, 0.180836021900177, 0.0003895278787240386, 0.0006064268527552485, 0.42081475257873535, 0.12635980546474457, 1.236958384513855, 0.0002459006500430405, 0.0002866729919333011, 1.9783549308776855, 0.582010805606842, 0.9534404277801514, 0.03652480989694595, 0.4086318612098694, 0.14715802669525146, 0.01177210547029972, 0.030383514240384102, 0.373037725687027, 0.0778907984495163, 0.08148182928562164, 0.656034529209137, 0.1341363489627838, 0.18326830863952637, 0.16187816858291626, 2.014853000640869, 0.08787693828344345, 1.283867597579956, 0.0007187667652033269, 0.4802684187889099, 0.7132447361946106, 1.085807204246521, 0.522722601890564, 0.017991960048675537, 0.0025218422524631023, 0.18452851474285126, 0.13491596281528473, 0.011689719744026661, 0.22970885038375854, 0.07709141820669174, 0.374937504529953, 1.2098885774612427, 0.13154207170009613, 0.28465914726257324, 0.1314997524023056, 1.2227712869644165, 0.6610059142112732, 0.6758766770362854, 0.06509421765804291, 1.0959886312484741, 0.0028497830498963594, 0.4714004695415497, 0.008383055217564106, 0.7557373642921448, 1.284637212753296, 0.20438966155052185, 0.034386131912469864]"
55,3520,3584,64,0.90625,0.44201141595840454,clean_mnist,0.09375,0.109375,0.109375,0.140625,0.03125,0.140625,0.125,0.078125,0.078125,0.09375,0.12822628021240234,0.2220282256603241,12.019186019897461,14.093423843383789,19.90625,20.78125,"[6, 3, 7, 3, 6, 5, 8, 5, 9, 0, 5, 7, 7, 9, 0, 5, 3, 6, 3, 5, 1, 0, 3, 6, 9, 1, 1, 9, 4, 1, 3, 1, 3, 2, 8, 8, 7, 2, 5, 6, 6, 1, 0, 5, 2, 0, 9, 1, 0, 2, 8, 3, 6, 4, 2, 5, 3, 6, 2, 7, 5, 8, 2, 9]","[6, 3, 7, 3, 6, 5, 8, 5, 9, 0, 6, 7, 1, 9, 0, 5, 2, 6, 7, 5, 1, 0, 3, 6, 9, 1, 1, 4, 4, 1, 3, 1, 3, 2, 8, 8, 7, 2, 5, 6, 1, 1, 0, 5, 2, 0, 9, 1, 0, 2, 8, 3, 6, 4, 2, 5, 3, 6, 2, 7, 5, 8, 2, 9]","[0.5679939389228821, 0.9999600648880005, 0.9492926597595215, 0.9981421232223511, 0.48911774158477783, 0.9896817803382874, 0.998307466506958, 0.9986909031867981, 0.963336169719696, 0.440596342086792, 0.47876623272895813, 0.9998949766159058, 0.3587363064289093, 0.9973708391189575, 0.9722871780395508, 0.9489412307739258, 0.5886425375938416, 0.7376825213432312, 0.5645933151245117, 0.9989355206489563, 0.6998388171195984, 0.6954014897346497, 0.9997093081474304, 0.5123210549354553, 0.9436935186386108, 0.4913884401321411, 0.7648618817329407, 0.5980798602104187, 0.5432453751564026, 0.47622808814048767, 0.9990494847297668, 0.9434373378753662, 0.9987359642982483, 0.9890763759613037, 0.9976724982261658, 0.9660096168518066, 0.9809352159500122, 0.9603277444839478, 0.9964622855186462, 0.9796574711799622, 0.5165426135063171, 0.8020229339599609, 0.9796706438064575, 0.9969018697738647, 0.9924153685569763, 0.8361932039260864, 0.9966652989387512, 0.5083978176116943, 0.9862141013145447, 0.9994893074035645, 0.8419979214668274, 0.9999899864196777, 0.9581248164176941, 0.9697637557983398, 0.9691367149353027, 0.9825946688652039, 0.9994390606880188, 0.9957855343818665, 0.99868243932724, 0.9986795783042908, 0.9790118336677551, 0.9995332956314087, 0.6911165714263916, 0.9981251358985901]","[1, 1, 1, 1, 1, 1, 1, 1, 1, 1, 0, 1, 0, 1, 1, 1, 0, 1, 0, 1, 1, 1, 1, 1, 1, 1, 1, 0, 1, 1, 1, 1, 1, 1, 1, 1, 1, 1, 1, 1, 0, 1, 1, 1, 1, 1, 1, 1, 1, 1, 1, 1, 1, 1, 1, 1, 1, 1, 1, 1, 1, 1, 1, 1]","[0.9257577061653137, 0.0005056955269537866, 0.25682392716407776, 0.01632256619632244, 1.4514800310134888, 0.05973593145608902, 0.015065386891365051, 0.011402868665754795, 0.20159831643104553, 1.2976691722869873, 1.3509843349456787, 0.0012213995214551687, 1.4316785335540771, 0.02208840288221836, 0.17277002334594727, 0.26492026448249817, 0.9825941920280457, 0.7251589894294739, 0.893607497215271, 0.009289443492889404, 1.0819621086120605, 0.7370457053184509, 0.0030115139670670033, 0.9883925914764404, 0.3082025945186615, 1.7554081678390503, 1.0010530948638916, 0.9271736145019531, 0.973781406879425, 1.805346965789795, 0.008929443545639515, 0.3311460316181183, 0.011591185815632343, 0.07576142251491547, 0.01927168294787407, 0.1900184005498886, 0.11598563194274902, 0.1858101189136505, 0.02520906738936901, 0.1188242956995964, 1.289560079574585, 0.8849821090698242, 0.12774403393268585, 0.024704866111278534, 0.05317912623286247, 0.6560271978378296, 0.02724839374423027, 1.7302296161651611, 0.09517262130975723, 0.004884806927293539, 0.6988505721092224, 0.00013586043496616185, 0.2442965805530548, 0.14538653194904327, 0.17491966485977173, 0.10384414345026016, 0.00528195034712553, 0.03235457465052605, 0.010948802344501019, 0.011296633630990982, 0.12283105403184891, 0.0047285472974181175, 1.0690133571624756, 0.01651115156710148]"
56,3584,3648,64,0.921875,0.391406387090683,clean_mnist,0.09375,0.109375,0.078125,0.125,0.078125,0.109375,0.109375,0.109375,0.078125,0.109375,0.13764061033725739,0.23107527196407318,12.073522567749023,14.010713577270508,19.828125,21.34375,"[8, 0, 6, 1, 9, 2, 0, 3, 1, 1, 9, 5, 3, 6, 9, 7, 3, 5, 1, 3, 1, 1, 3, 2, 4, 3, 0, 4, 0, 5, 3, 6, 8, 7, 7, 8, 7, 9, 0, 6, 9, 4, 3, 2, 6, 6, 8, 4, 0, 7, 5, 5, 9, 5, 5, 4, 7, 7, 2, 8, 1, 9, 6, 2]","[8, 0, 6, 1, 9, 2, 0, 3, 1, 1, 9, 5, 3, 6, 9, 7, 8, 8, 1, 0, 1, 1, 3, 2, 4, 3, 0, 4, 0, 5, 3, 6, 8, 7, 7, 8, 7, 9, 0, 6, 4, 4, 3, 2, 1, 6, 8, 4, 0, 7, 5, 5, 9, 5, 5, 4, 7, 7, 2, 8, 1, 9, 6, 2]","[0.7836341261863708, 0.32120293378829956, 0.9697698354721069, 0.6543039679527283, 0.9523111581802368, 0.9994292855262756, 0.9855161309242249, 0.9998451471328735, 0.7192729711532593, 0.6401745676994324, 0.7303571701049805, 0.9937811493873596, 0.9998466968536377, 0.9989062547683716, 0.7902155518531799, 0.9988225102424622, 0.6090360283851624, 0.9410080909729004, 0.9399484992027283, 0.45699363946914673, 0.8442738056182861, 0.6742532253265381, 0.9999997615814209, 0.9861781597137451, 0.99410480260849, 0.9999903440475464, 0.9192790389060974, 0.9754371047019958, 0.9963333606719971, 0.9996942281723022, 0.9999260902404785, 0.4686090052127838, 0.9999258518218994, 0.9946512579917908, 0.9982812404632568, 0.9318587183952332, 0.9996492862701416, 0.9207849502563477, 0.9563812017440796, 0.9978784322738647, 0.6002058982849121, 0.9879768490791321, 0.7095233798027039, 0.99647057056427, 0.7238755822181702, 0.9754844307899475, 0.9429647922515869, 0.9570766091346741, 0.9850822687149048, 0.9987686276435852, 0.842536211013794, 0.9993035793304443, 0.5346596837043762, 0.9999407529830933, 0.9900712966918945, 0.904398500919342, 0.9431024789810181, 0.9991900324821472, 0.9285842180252075, 0.7318533062934875, 0.6768025755882263, 0.9658267498016357, 0.7401255369186401, 0.9998445510864258]","[1, 1, 1, 1, 1, 1, 1, 1, 1, 1, 1, 1, 1, 1, 1, 1, 0, 0, 1, 0, 1, 1, 1, 1, 1, 1, 1, 1, 1, 1, 1, 1, 1, 1, 1, 1, 1, 1, 1, 1, 0, 1, 1, 1, 0, 1, 1, 1, 1, 1, 1, 1, 1, 1, 1, 1, 1, 1, 1, 1, 1, 1, 1, 1]","[0.7460601329803467, 1.5383756160736084, 0.1824558973312378, 1.3584134578704834, 0.2658052444458008, 0.005068034399300814, 0.10113418102264404, 0.0015791222685948014, 1.101307988166809, 1.3908668756484985, 0.8288098573684692, 0.044886909425258636, 0.001629842328839004, 0.009519809857010841, 0.7038914561271667, 0.011192155070602894, 0.9419300556182861, 0.24201084673404694, 0.33061841130256653, 1.4180644750595093, 0.7329410910606384, 1.08865225315094, 4.570289547700668e-06, 0.08797474205493927, 0.042973391711711884, 0.00012959637388121337, 0.3990207314491272, 0.12049099802970886, 0.027299674227833748, 0.0029302602633833885, 0.0008064490393735468, 0.9994416236877441, 0.0008511397172696888, 0.04037719592452049, 0.015432675369083881, 0.3027210533618927, 0.0036671808920800686, 0.3922644257545471, 0.2390698939561844, 0.017867742106318474, 0.6964559555053711, 0.07015261799097061, 0.9293550252914429, 0.025250399485230446, 0.8752425909042358, 0.14542213082313538, 0.3222309350967407, 0.23924192786216736, 0.10195395350456238, 0.011101212352514267, 0.5225048661231995, 0.0061302706599235535, 1.3610374927520752, 0.0006998571916483343, 0.056779488921165466, 0.34192389249801636, 0.2725778818130493, 0.0071661947295069695, 0.2854471802711487, 0.8201391100883484, 1.2029426097869873, 0.17287324368953705, 0.8432390689849854, 0.001603758311830461]"
57,3648,3712,64,0.921875,0.3391505479812622,clean_mnist,0.125,0.046875,0.09375,0.15625,0.125,0.125,0.078125,0.015625,0.125,0.109375,0.14608469605445862,0.23841708898544312,12.152363777160645,13.69354248046875,19.828125,21.3125,"[5, 9, 6, 3, 4, 9, 6, 3, 3, 8, 8, 2, 2, 0, 9, 9, 8, 8, 4, 0, 4, 5, 3, 6, 2, 0, 3, 1, 4, 0, 9, 2, 2, 5, 5, 3, 3, 5, 4, 3, 8, 8, 8, 0, 1, 0, 9, 5, 7, 4, 0, 3, 6, 4, 0, 1, 9, 5, 6, 3, 4, 5, 2, 8]","[5, 9, 6, 3, 4, 9, 6, 3, 3, 8, 8, 2, 2, 0, 9, 9, 8, 8, 4, 0, 4, 5, 3, 6, 2, 0, 3, 1, 2, 0, 9, 2, 2, 5, 5, 3, 3, 5, 4, 3, 8, 8, 8, 0, 7, 0, 4, 5, 9, 4, 0, 3, 6, 4, 0, 1, 9, 5, 6, 3, 4, 0, 2, 8]","[0.9992014765739441, 0.9873096346855164, 0.9928625226020813, 1.0, 0.8568793535232544, 0.9928261041641235, 0.9647607207298279, 0.9999421834945679, 0.9999765157699585, 0.9952157735824585, 0.9962989687919617, 0.9985199570655823, 0.9996441602706909, 0.42232203483581543, 0.33021193742752075, 0.9789482951164246, 0.874471127986908, 0.9993695616722107, 0.6801263689994812, 0.8807972073554993, 0.6964332461357117, 0.9999403953552246, 0.9995555281639099, 0.9748333692550659, 0.9873316884040833, 0.782228410243988, 0.9996600151062012, 0.6958296298980713, 0.877295196056366, 0.7888748049736023, 0.8736061453819275, 0.9631516933441162, 0.9992145299911499, 0.9909721612930298, 0.9868221282958984, 0.999998927116394, 0.8955944776535034, 0.9937759637832642, 0.9831550121307373, 0.9999425411224365, 0.9638304710388184, 0.7115228176116943, 0.9995311498641968, 0.5072229504585266, 0.4948314130306244, 0.9283246397972107, 0.52911376953125, 0.9999303817749023, 0.5231359601020813, 0.9002242088317871, 0.9860849380493164, 0.9999566078186035, 0.9868640303611755, 0.9961642026901245, 0.9836424589157104, 0.8535124659538269, 0.9715152978897095, 0.9999055862426758, 0.9995484948158264, 0.9999833106994629, 0.8076093196868896, 0.5149937868118286, 0.9963505268096924, 0.9435674548149109]","[1, 1, 1, 1, 1, 1, 1, 1, 1, 1, 1, 1, 1, 1, 1, 1, 1, 1, 1, 1, 1, 1, 1, 1, 1, 1, 1, 1, 0, 1, 1, 1, 1, 1, 1, 1, 1, 1, 1, 1, 1, 1, 1, 1, 0, 1, 0, 1, 0, 1, 1, 1, 1, 1, 1, 1, 1, 1, 1, 1, 1, 0, 1, 1]","[0.007289140485227108, 0.08683732151985168, 0.04695206135511398, 1.38295342821948e-06, 0.48874223232269287, 0.05182845517992973, 0.16279423236846924, 0.0006702571408823133, 0.00030816972139291465, 0.0326935276389122, 0.026203470304608345, 0.011783256195485592, 0.0036073022056370974, 1.3680393695831299, 2.014605760574341, 0.1187727153301239, 0.47334691882133484, 0.0058789378963410854, 0.6990422010421753, 0.5952211618423462, 0.8777048587799072, 0.0006423252634704113, 0.004363360349088907, 0.13840678334236145, 0.07981963455677032, 0.7737231254577637, 0.003540230914950371, 1.21737802028656, 0.5016769766807556, 0.7736237049102783, 0.501750111579895, 0.17022232711315155, 0.00739574059844017, 0.059319932013750076, 0.07643302530050278, 1.652977880439721e-05, 0.4337417781352997, 0.03836612403392792, 0.09407047927379608, 0.0007052519940771163, 0.18475739657878876, 0.6279803514480591, 0.004806978162378073, 1.4097602367401123, 0.941052258014679, 0.35210782289505005, 0.9792332649230957, 0.0007651500636711717, 1.5626206398010254, 0.3604002594947815, 0.0946422889828682, 0.0005326297832652926, 0.08727788925170898, 0.02981177344918251, 0.10289466381072998, 0.7084892988204956, 0.17638634145259857, 0.0010249840561300516, 0.004514386411756277, 0.0002252083068015054, 0.5916493535041809, 1.249792456626892, 0.027017030864953995, 0.26037585735321045]"
58,3712,3776,64,0.90625,0.44085150957107544,clean_mnist,0.046875,0.140625,0.09375,0.140625,0.09375,0.046875,0.125,0.125,0.078125,0.109375,0.12635758519172668,0.21699242293834686,12.104743003845215,13.978527069091797,19.484375,21.125,"[2, 3, 1, 0, 4, 6, 7, 2, 0, 7, 2, 1, 9, 1, 6, 8, 7, 1, 3, 7, 4, 1, 3, 3, 6, 3, 4, 4, 3, 2, 9, 0, 8, 9, 9, 7, 2, 6, 7, 7, 5, 4, 3, 1, 3, 6, 1, 8, 9, 4, 3, 1, 6, 2, 8, 6, 5, 7, 9, 1, 5, 9, 6, 8]","[2, 3, 1, 0, 4, 6, 7, 2, 0, 7, 2, 1, 4, 1, 6, 8, 7, 1, 8, 7, 4, 1, 0, 3, 6, 8, 4, 4, 3, 2, 9, 0, 8, 9, 9, 7, 2, 6, 7, 7, 5, 4, 3, 1, 3, 6, 1, 8, 9, 4, 8, 1, 6, 2, 8, 6, 5, 7, 9, 1, 6, 9, 6, 8]","[0.9090219140052795, 0.9999696016311646, 0.9236052632331848, 0.7695785164833069, 0.9888043999671936, 0.9874083995819092, 0.8417439460754395, 0.4515590965747833, 0.40469521284103394, 0.988713800907135, 0.9993069171905518, 0.9689939618110657, 0.5424872040748596, 0.6798834204673767, 0.9741935133934021, 0.8377410173416138, 0.9465524554252625, 0.5087340474128723, 0.5604248642921448, 0.9997398257255554, 0.8206716179847717, 0.809822678565979, 0.8001012802124023, 0.9999961853027344, 0.9965692758560181, 0.44827622175216675, 0.8919246792793274, 0.9648789167404175, 0.8334112763404846, 0.9931305050849915, 0.9586283564567566, 0.960225522518158, 0.992794930934906, 0.950153648853302, 0.9699869155883789, 0.9988105297088623, 0.9733197689056396, 0.7368794083595276, 0.9984745383262634, 0.9686174988746643, 0.9996663331985474, 0.9902763366699219, 0.9991695880889893, 0.8110893964767456, 0.950986921787262, 0.996697187423706, 0.8665351867675781, 0.9110098481178284, 0.9822052121162415, 0.9825316071510315, 0.7417969703674316, 0.7184852957725525, 0.7679349184036255, 0.48806002736091614, 0.9822601675987244, 0.6959611773490906, 0.8980896472930908, 0.968315839767456, 0.9047055244445801, 0.36579999327659607, 0.9848353862762451, 0.9981092214584351, 0.9829437136650085, 0.9329239726066589]","[1, 1, 1, 1, 1, 1, 1, 1, 1, 1, 1, 1, 0, 1, 1, 1, 1, 1, 0, 1, 1, 1, 0, 1, 1, 0, 1, 1, 1, 1, 1, 1, 1, 1, 1, 1, 1, 1, 1, 1, 1, 1, 1, 1, 1, 1, 1, 1, 1, 1, 0, 1, 1, 1, 1, 1, 1, 1, 1, 1, 0, 1, 1, 1]","[0.4192543625831604, 0.0003661618975456804, 0.4081050157546997, 0.8864375352859497, 0.07171660661697388, 0.08097387105226517, 0.6203954219818115, 1.1962497234344482, 1.554215908050537, 0.082591712474823, 0.006181488279253244, 0.1997646987438202, 0.7645211815834045, 1.2266583442687988, 0.1373085081577301, 0.4610324203968048, 0.2630617320537567, 1.7563097476959229, 0.799525797367096, 0.0025916544254869223, 0.7000500559806824, 0.8708726167678833, 0.78684002161026, 5.639971641357988e-05, 0.027219239622354507, 1.0989800691604614, 0.4114338159561157, 0.19879713654518127, 0.46202102303504944, 0.04324633628129959, 0.18021005392074585, 0.2359377145767212, 0.048084840178489685, 0.27842405438423157, 0.18647901713848114, 0.011028632521629333, 0.16321229934692383, 0.8703643679618835, 0.012994641438126564, 0.1769351214170456, 0.003173144767060876, 0.06598275154829025, 0.007784743793308735, 0.8778855800628662, 0.19699619710445404, 0.02602069266140461, 0.6064143776893616, 0.3608390688896179, 0.1103290244936943, 0.10858656466007233, 0.7811588048934937, 1.0280126333236694, 0.9234899878501892, 0.9798418879508972, 0.10875052958726883, 0.8454726934432983, 0.4060840606689453, 0.15370579063892365, 0.4301728308200836, 1.9987813234329224, 0.09753298759460449, 0.016133159399032593, 0.11313968151807785, 0.26775798201560974]"
59,3776,3840,64,0.921875,0.45022347569465637,clean_mnist,0.078125,0.078125,0.09375,0.140625,0.078125,0.0625,0.09375,0.140625,0.09375,0.140625,0.1264292448759079,0.21685467660427094,12.11479377746582,13.907267570495605,18.734375,21.59375,"[0, 0, 0, 6, 7, 9, 7, 4, 9, 9, 9, 9, 7, 6, 7, 3, 8, 3, 9, 7, 9, 1, 7, 2, 8, 5, 1, 3, 7, 7, 0, 8, 6, 3, 3, 1, 3, 2, 6, 3, 8, 4, 9, 5, 6, 6, 1, 7, 3, 8, 2, 8, 4, 0, 2, 1, 5, 2, 9, 3, 2, 4, 4, 5]","[0, 0, 0, 6, 7, 9, 7, 4, 9, 9, 9, 9, 7, 6, 7, 2, 8, 3, 6, 7, 9, 1, 7, 2, 1, 5, 1, 3, 7, 7, 0, 8, 6, 0, 3, 1, 3, 2, 6, 3, 8, 4, 9, 5, 6, 6, 1, 7, 3, 8, 2, 9, 4, 0, 2, 1, 5, 2, 9, 3, 2, 4, 4, 5]","[0.9809373021125793, 0.829522967338562, 0.9872153997421265, 0.9768357276916504, 0.9610235095024109, 0.9071863293647766, 0.8888548612594604, 0.9724030494689941, 0.9711064696311951, 0.9893708229064941, 0.9845235347747803, 0.9367141723632812, 0.9378891587257385, 0.9965923428535461, 0.911915123462677, 0.44603821635246277, 0.8442949652671814, 0.9991508722305298, 0.3992858827114105, 0.9984821677207947, 0.9986065030097961, 0.9811859130859375, 0.38881784677505493, 0.993826687335968, 0.4107714593410492, 0.9989615678787231, 0.49378207325935364, 0.9873419404029846, 0.9406867623329163, 0.9989625215530396, 0.36354318261146545, 0.977307915687561, 0.4671257734298706, 0.37986141443252563, 0.7863413691520691, 0.467676043510437, 0.9997822642326355, 0.9738035798072815, 0.41766852140426636, 0.9997043013572693, 0.9738465547561646, 0.9919193983078003, 0.9891315698623657, 0.9838354587554932, 0.9158179759979248, 0.9958990216255188, 0.6760233640670776, 0.9911008477210999, 0.9964817762374878, 0.9900012016296387, 0.9993865489959717, 0.6653506755828857, 0.7920214533805847, 0.6942465305328369, 0.9995531439781189, 0.9992984533309937, 0.6947906017303467, 0.9878915548324585, 0.9649573564529419, 0.9979678988456726, 0.9114241003990173, 0.9992142915725708, 0.6476451754570007, 0.9954866766929626]","[1, 1, 1, 1, 1, 1, 1, 1, 1, 1, 1, 1, 1, 1, 1, 0, 1, 1, 0, 1, 1, 1, 1, 1, 0, 1, 1, 1, 1, 1, 1, 1, 1, 0, 1, 1, 1, 1, 1, 1, 1, 1, 1, 1, 1, 1, 1, 1, 1, 1, 1, 0, 1, 1, 1, 1, 1, 1, 1, 1, 1, 1, 1, 1]","[0.11432013660669327, 0.7448422312736511, 0.08457042276859283, 0.11961793154478073, 0.21889297664165497, 0.38805437088012695, 0.38613930344581604, 0.12976831197738647, 0.15255668759346008, 0.0727287083864212, 0.09909871220588684, 0.31569817662239075, 0.33220160007476807, 0.026178864762187004, 0.4395489990711212, 1.276568055152893, 0.6520344614982605, 0.007960163056850433, 1.2689077854156494, 0.013442685827612877, 0.011008551344275475, 0.1300053596496582, 1.6281260251998901, 0.04504692927002907, 1.5768375396728516, 0.008982405997812748, 1.5679599046707153, 0.08459293097257614, 0.2906348705291748, 0.009522508829832077, 1.6429193019866943, 0.12969709932804108, 1.643642544746399, 1.4853157997131348, 0.8440337777137756, 1.6466621160507202, 0.0022968892008066177, 0.14638210833072662, 1.426328420639038, 0.002901677507907152, 0.16426585614681244, 0.056584954261779785, 0.06992010772228241, 0.08759286254644394, 0.44004976749420166, 0.029303476214408875, 1.2669357061386108, 0.06041065603494644, 0.028507675975561142, 0.07144036144018173, 0.005342737305909395, 0.9720513820648193, 0.748042106628418, 1.157179594039917, 0.004315002355724573, 0.00705007603392005, 0.7684946656227112, 0.08295892924070358, 0.19462276995182037, 0.015412982553243637, 0.3219815492630005, 0.006924080662429333, 1.0596967935562134, 0.029191117733716965]"
60,3840,3904,64,0.9375,0.29124540090560913,clean_mnist,0.078125,0.140625,0.140625,0.078125,0.0625,0.09375,0.09375,0.15625,0.09375,0.0625,0.12241624295711517,0.2161845862865448,12.088689804077148,13.95548152923584,18.5,21.328125,"[7, 6, 8, 7, 3, 8, 7, 9, 2, 0, 1, 1, 9, 2, 7, 3, 6, 4, 6, 5, 5, 6, 4, 7, 5, 8, 3, 9, 7, 6, 5, 2, 5, 6, 9, 5, 0, 4, 1, 2, 2, 0, 3, 8, 2, 1, 2, 7, 0, 1, 2, 8, 8, 3, 7, 7, 0, 1, 1, 7, 1, 1, 2, 4]","[7, 6, 8, 7, 3, 8, 7, 9, 2, 0, 1, 1, 9, 2, 7, 3, 6, 4, 6, 5, 5, 6, 4, 7, 5, 8, 8, 9, 7, 6, 5, 2, 8, 6, 9, 5, 0, 4, 1, 2, 2, 0, 0, 8, 0, 1, 2, 7, 0, 1, 2, 8, 8, 3, 7, 7, 0, 1, 1, 7, 1, 1, 2, 4]","[0.9116557836532593, 0.9994280934333801, 0.9665288329124451, 0.9928633570671082, 0.986543595790863, 0.9927608966827393, 0.9923532605171204, 0.9090386033058167, 0.9940600991249084, 0.8776611685752869, 0.996290922164917, 0.9994910955429077, 0.8101990222930908, 0.9992375373840332, 0.989113450050354, 0.9549160599708557, 0.9993731379508972, 0.9962761402130127, 0.9272302985191345, 0.9995468258857727, 0.9919660091400146, 0.9937689900398254, 0.7993494868278503, 0.9407274723052979, 0.9991685152053833, 0.8947655558586121, 0.5731035470962524, 0.9881943464279175, 0.8865998387336731, 0.9989721775054932, 0.997117280960083, 0.9879504442214966, 0.7975893616676331, 0.9961633682250977, 0.9741485118865967, 0.9767791032791138, 0.748104453086853, 0.9960232973098755, 0.8695117235183716, 0.9564177393913269, 0.9856869578361511, 0.9745224118232727, 0.36122626066207886, 0.9921457171440125, 0.6493856906890869, 0.9964379072189331, 0.7957460284233093, 0.9991594552993774, 0.9770212769508362, 0.7171853184700012, 0.9793294668197632, 0.8824765086174011, 0.986729621887207, 0.9993225336074829, 0.9994364380836487, 0.9815479516983032, 0.9478334784507751, 0.9576709866523743, 0.6485582590103149, 0.9702088236808777, 0.9290370345115662, 0.7390610575675964, 0.9986453652381897, 0.9710846543312073]","[1, 1, 1, 1, 1, 1, 1, 1, 1, 1, 1, 1, 1, 1, 1, 1, 1, 1, 1, 1, 1, 1, 1, 1, 1, 1, 0, 1, 1, 1, 1, 1, 0, 1, 1, 1, 1, 1, 1, 1, 1, 1, 0, 1, 0, 1, 1, 1, 1, 1, 1, 1, 1, 1, 1, 1, 1, 1, 1, 1, 1, 1, 1, 1]","[0.40966013073921204, 0.005442501045763493, 0.19243453443050385, 0.04892261326313019, 0.08678368479013443, 0.045491281896829605, 0.054701123386621475, 0.3796044886112213, 0.040311116725206375, 0.5855807662010193, 0.030357725918293, 0.005112593527883291, 0.7553820610046387, 0.00670272670686245, 0.07092730700969696, 0.23242449760437012, 0.005897108465433121, 0.029395930469036102, 0.3938734233379364, 0.00426542479544878, 0.050084665417671204, 0.04223616421222687, 0.7663466930389404, 0.31014901399612427, 0.007373117841780186, 0.525538980960846, 0.8242586851119995, 0.07724588364362717, 0.4177338480949402, 0.009152000769972801, 0.022235257551074028, 0.07931935042142868, 0.5456961989402771, 0.027918251231312752, 0.14883899688720703, 0.13852576911449432, 0.9030001759529114, 0.031422268599271774, 0.6264220476150513, 0.21661347150802612, 0.0869130790233612, 0.14651881158351898, 1.5430960655212402, 0.053751733154058456, 1.0947365760803223, 0.029148593544960022, 0.6827026009559631, 0.007694671396166086, 0.14335356652736664, 1.1898002624511719, 0.12185052037239075, 0.5225823521614075, 0.07401564717292786, 0.006420636083930731, 0.005343241151422262, 0.10800189524888992, 0.30126166343688965, 0.2480185329914093, 1.250505805015564, 0.17690116167068481, 0.378882497549057, 1.1236177682876587, 0.011959376744925976, 0.1792457103729248]"
61,3904,3968,64,0.953125,0.3162274658679962,clean_mnist,0.09375,0.109375,0.078125,0.078125,0.078125,0.09375,0.125,0.15625,0.09375,0.09375,0.1260913908481598,0.22219854593276978,12.076539039611816,14.184762954711914,18.53125,21.4375,"[9, 4, 0, 5, 6, 7, 6, 4, 9, 9, 7, 7, 7, 2, 8, 6, 3, 5, 5, 3, 2, 9, 1, 9, 8, 0, 2, 8, 5, 7, 2, 7, 6, 0, 3, 6, 7, 3, 7, 0, 5, 4, 4, 6, 7, 3, 6, 7, 6, 0, 1, 1, 1, 4, 8, 8, 5, 8, 1, 1, 0, 2, 1, 9]","[9, 4, 0, 5, 6, 7, 6, 4, 9, 9, 7, 7, 7, 2, 8, 6, 3, 5, 5, 3, 2, 9, 1, 9, 8, 0, 2, 8, 6, 7, 2, 9, 6, 0, 3, 6, 7, 3, 7, 0, 5, 4, 4, 6, 7, 3, 6, 7, 6, 0, 1, 1, 1, 4, 8, 8, 6, 8, 1, 1, 0, 2, 1, 9]","[0.9676957726478577, 0.9959685802459717, 0.785603404045105, 0.9912331700325012, 0.9716885685920715, 0.9969480633735657, 0.936489999294281, 0.9527169466018677, 0.725583016872406, 0.9989527463912964, 0.7020595073699951, 0.998633086681366, 0.9863157868385315, 0.9991505146026611, 0.9412131905555725, 0.9821546077728271, 0.9992719292640686, 0.9997361302375793, 0.997499406337738, 0.9999303817749023, 0.775806725025177, 0.9937445521354675, 0.8714627623558044, 0.9975975155830383, 0.9964622855186462, 0.9486569166183472, 0.850618839263916, 0.7807549238204956, 0.5112676620483398, 0.9731215834617615, 0.9997931122779846, 0.4761721193790436, 0.9988104104995728, 0.8269762396812439, 0.9921045303344727, 0.9946669340133667, 0.9514115452766418, 0.9896237254142761, 0.49395856261253357, 0.5213209986686707, 0.5736603140830994, 0.9385444521903992, 0.9757750034332275, 0.9409419894218445, 0.9743870496749878, 0.9995630383491516, 0.9627969264984131, 0.9996873140335083, 0.9606127142906189, 0.9652847051620483, 0.8884810209274292, 0.9585464596748352, 0.9987506866455078, 0.9992915391921997, 0.9956377148628235, 0.9834001660346985, 0.6929512619972229, 0.9150946140289307, 0.903638482093811, 0.9117779731750488, 0.909873902797699, 0.9973291158676147, 0.7151923179626465, 0.9961056113243103]","[1, 1, 1, 1, 1, 1, 1, 1, 1, 1, 1, 1, 1, 1, 1, 1, 1, 1, 1, 1, 1, 1, 1, 1, 1, 1, 1, 1, 0, 1, 1, 0, 1, 1, 1, 1, 1, 1, 1, 1, 1, 1, 1, 1, 1, 1, 1, 1, 1, 1, 1, 1, 1, 1, 1, 1, 0, 1, 1, 1, 1, 1, 1, 1]","[0.18754221498966217, 0.03266902640461922, 0.8462100625038147, 0.059033773839473724, 0.15109290182590485, 0.0238273274153471, 0.2946872413158417, 0.23057958483695984, 1.013481616973877, 0.009840362705290318, 1.0219892263412476, 0.012044880539178848, 0.08661111444234848, 0.0077818166464567184, 0.30563610792160034, 0.11198464035987854, 0.006753194611519575, 0.002709738677367568, 0.0198548324406147, 0.0008024024427868426, 0.5789271593093872, 0.0445367768406868, 0.6288935542106628, 0.018797248601913452, 0.027779676020145416, 0.2949667274951935, 0.5331541895866394, 0.7648669481277466, 1.1529653072357178, 0.14158082008361816, 0.0022303436417132616, 1.2795909643173218, 0.010642151348292828, 0.7504445314407349, 0.050479706376791, 0.03488659858703613, 0.26018840074539185, 0.06012327969074249, 1.0214179754257202, 1.1013764142990112, 0.9185982942581177, 0.33553776144981384, 0.12912161648273468, 0.27941688895225525, 0.13190454244613647, 0.004529037978500128, 0.17632506787776947, 0.003004148369655013, 0.21397894620895386, 0.18231593072414398, 0.5575976371765137, 0.2545005977153778, 0.011562569998204708, 0.006798440124839544, 0.03394193947315216, 0.09456229954957962, 0.7088404893875122, 0.3922440707683563, 0.47458845376968384, 0.4750431478023529, 0.43342122435569763, 0.020227454602718353, 1.1865051984786987, 0.031011871993541718]"
62,3968,4032,64,0.984375,0.42624473571777344,clean_mnist,0.0625,0.125,0.125,0.109375,0.0625,0.109375,0.09375,0.0625,0.109375,0.140625,0.12542438507080078,0.21933014690876007,12.07829475402832,14.098402976989746,18.015625,21.453125,"[8, 3, 9, 1, 5, 4, 5, 2, 8, 9, 4, 8, 2, 2, 9, 8, 4, 6, 8, 9, 5, 2, 4, 9, 7, 6, 6, 3, 1, 3, 9, 6, 7, 3, 0, 1, 5, 2, 8, 5, 0, 3, 1, 3, 1, 1, 1, 5, 2, 5, 6, 9, 7, 8, 3, 0, 7, 9, 9, 0, 2, 1, 6, 2]","[8, 3, 9, 1, 5, 4, 5, 2, 8, 9, 4, 8, 2, 2, 9, 8, 4, 6, 8, 9, 5, 2, 4, 9, 7, 6, 6, 3, 1, 3, 9, 6, 7, 3, 0, 1, 5, 2, 8, 5, 0, 0, 1, 3, 1, 1, 1, 5, 2, 5, 6, 9, 7, 8, 3, 0, 7, 9, 9, 0, 2, 1, 6, 2]","[0.9738353490829468, 0.9966597557067871, 0.9970683455467224, 0.5893617272377014, 0.531472384929657, 0.9895590543746948, 0.9974894523620605, 0.8549497723579407, 0.9942880272865295, 0.9462684392929077, 0.5409178137779236, 0.9993410706520081, 0.962215006351471, 0.9602203369140625, 0.9531689286231995, 0.741359293460846, 0.9634528756141663, 0.996817946434021, 0.9912512898445129, 0.5270311236381531, 0.94078129529953, 0.6751126050949097, 0.7035108804702759, 0.9417774081230164, 0.9962433576583862, 0.7848619222640991, 0.9760622382164001, 0.9999972581863403, 0.9650065302848816, 0.9996032118797302, 0.9847609996795654, 0.9521251320838928, 0.9983590245246887, 0.9998376369476318, 0.9966776371002197, 0.6326591372489929, 0.9349527955055237, 0.7165337204933167, 0.8736687898635864, 0.9988331198692322, 0.957355260848999, 0.45813313126564026, 0.3662966191768646, 0.9991870522499084, 0.9139957427978516, 0.2098449319601059, 0.39097335934638977, 0.9999537467956543, 0.9900004267692566, 0.9508575797080994, 0.9871177077293396, 0.8528172373771667, 0.9864829182624817, 0.832404613494873, 0.9999943971633911, 0.9832777380943298, 0.9000911116600037, 0.8713850975036621, 0.9849898815155029, 0.9966629147529602, 0.5425066947937012, 0.8798770904541016, 0.7216070294380188, 0.9321564435958862]","[1, 1, 1, 1, 1, 1, 1, 1, 1, 1, 1, 1, 1, 1, 1, 1, 1, 1, 1, 1, 1, 1, 1, 1, 1, 1, 1, 1, 1, 1, 1, 1, 1, 1, 1, 1, 1, 1, 1, 1, 1, 0, 1, 1, 1, 1, 1, 1, 1, 1, 1, 1, 1, 1, 1, 1, 1, 1, 1, 1, 1, 1, 1, 1]","[0.1532728523015976, 0.022762708365917206, 0.023167479783296585, 1.555618405342102, 1.1992427110671997, 0.07129635661840439, 0.018995530903339386, 0.48035216331481934, 0.044634681195020676, 0.27130126953125, 1.1233491897583008, 0.006472175475209951, 0.18591205775737762, 0.1760968714952469, 0.26188305020332336, 1.0288395881652832, 0.2017432153224945, 0.024883287027478218, 0.060632746666669846, 0.8557314872741699, 0.24755670130252838, 0.8913385272026062, 0.6969203948974609, 0.23851078748703003, 0.029422495514154434, 0.6504945755004883, 0.15014176070690155, 3.924810152966529e-05, 0.22107836604118347, 0.0037003036122769117, 0.09994316101074219, 0.256256103515625, 0.013040140271186829, 0.0016100781504064798, 0.02464601956307888, 1.4412705898284912, 0.30138906836509705, 0.9837777018547058, 0.6101933717727661, 0.009649835526943207, 0.24010224640369415, 1.389404058456421, 1.7747218608856201, 0.0066537270322442055, 0.40818846225738525, 2.0795178413391113, 1.3938592672348022, 0.0005378323257900774, 0.06315102428197861, 0.21234551072120667, 0.08064266294240952, 0.5993853807449341, 0.08471904695034027, 0.5798078775405884, 7.53835411160253e-05, 0.11206488311290741, 0.46089527010917664, 0.48472869396209717, 0.1019134670495987, 0.028605090454220772, 0.8709784746170044, 0.5776293873786926, 0.7911562919616699, 0.3014121353626251]"
63,4032,4096,64,0.96875,0.3774348199367523,clean_mnist,0.0625,0.09375,0.0625,0.09375,0.078125,0.078125,0.125,0.109375,0.125,0.171875,0.13589966297149658,0.23167243599891663,12.0768461227417,14.060303688049316,19.390625,21.15625,"[9, 3, 7, 4, 8, 5, 4, 6, 8, 7, 7, 8, 0, 9, 7, 0, 5, 1, 3, 2, 8, 3, 6, 4, 9, 5, 8, 6, 9, 7, 9, 8, 1, 9, 1, 0, 3, 1, 1, 2, 6, 3, 7, 4, 5, 5, 6, 6, 2, 7, 0, 8, 8, 9, 2, 6, 4, 1, 6, 9, 9, 9, 3, 9]","[9, 3, 7, 4, 8, 5, 4, 6, 8, 7, 7, 8, 0, 9, 7, 0, 5, 1, 9, 2, 8, 3, 6, 4, 9, 5, 8, 6, 9, 7, 5, 8, 1, 9, 1, 0, 3, 1, 1, 2, 6, 3, 7, 4, 5, 5, 6, 6, 2, 7, 0, 8, 8, 9, 2, 6, 4, 1, 6, 9, 9, 9, 3, 9]","[0.9965948462486267, 0.9898983836174011, 0.9942106008529663, 0.9869462847709656, 0.9910125136375427, 0.9994865655899048, 0.6390972137451172, 0.7968069314956665, 0.6446780562400818, 0.9954174757003784, 0.9099022150039673, 0.9920960664749146, 0.9893198013305664, 0.9638567566871643, 0.8388523459434509, 0.6922104954719543, 0.999920129776001, 0.9550235867500305, 0.5482057929039001, 0.9826238751411438, 0.8839840292930603, 0.9999531507492065, 0.9887014627456665, 0.9071180820465088, 0.9863157868385315, 0.997929573059082, 0.7867211103439331, 0.9963836669921875, 0.9727042317390442, 0.9607053399085999, 0.6764591932296753, 0.7521229982376099, 0.18772782385349274, 0.9627566933631897, 0.8719580769538879, 0.8874855041503906, 0.5856950283050537, 0.8222853541374207, 0.8800440430641174, 0.9994327425956726, 0.9825683832168579, 0.999488115310669, 0.8688654899597168, 0.8943625092506409, 0.9992877840995789, 0.9096660017967224, 0.8396754264831543, 0.9928531050682068, 0.9940608143806458, 0.9966920614242554, 0.9483801126480103, 0.9607176780700684, 0.9981030225753784, 0.868965744972229, 0.9841008186340332, 0.9725363254547119, 0.7738518714904785, 0.6855548620223999, 0.6075012683868408, 0.8576124310493469, 0.9837275743484497, 0.9972972273826599, 0.9978443384170532, 0.997843861579895]","[1, 1, 1, 1, 1, 1, 1, 1, 1, 1, 1, 1, 1, 1, 1, 1, 1, 1, 0, 1, 1, 1, 1, 1, 1, 1, 1, 1, 1, 1, 0, 1, 1, 1, 1, 1, 1, 1, 1, 1, 1, 1, 1, 1, 1, 1, 1, 1, 1, 1, 1, 1, 1, 1, 1, 1, 1, 1, 1, 1, 1, 1, 1, 1]","[0.028092455118894577, 0.05731411650776863, 0.03878657892346382, 0.07570622116327286, 0.06478139013051987, 0.004749513231217861, 1.1118413209915161, 0.6261119246482849, 0.8382914662361145, 0.033251453191041946, 0.38531357049942017, 0.05323005095124245, 0.07737067341804504, 0.1877269446849823, 0.5223175883293152, 1.179125189781189, 0.0009411415667273104, 0.26262548565864563, 1.3001049757003784, 0.10094991326332092, 0.41861778497695923, 0.0005536944372579455, 0.07457368820905685, 0.42484867572784424, 0.09202191233634949, 0.01759374886751175, 0.788530707359314, 0.0283576101064682, 0.17154067754745483, 0.2338569015264511, 0.9385108947753906, 0.887067973613739, 2.2517032623291016, 0.2124437540769577, 0.5413298606872559, 0.4913026988506317, 0.9680414795875549, 0.8345893621444702, 0.5969897508621216, 0.005023719277232885, 0.10221987962722778, 0.005144164897501469, 0.5641414523124695, 0.43787482380867004, 0.006180926691740751, 0.41014930605888367, 0.7129219174385071, 0.04980235546827316, 0.04329473152756691, 0.023824669420719147, 0.2816016376018524, 0.20134806632995605, 0.01489752996712923, 0.4696042835712433, 0.08919322490692139, 0.16842007637023926, 0.7346786260604858, 1.1237369775772095, 1.0989803075790405, 0.5257668495178223, 0.10619949549436569, 0.022490013390779495, 0.01895054616034031, 0.018278799951076508]"
64,4096,4160,64,0.890625,0.505158007144928,clean_mnist,0.109375,0.109375,0.046875,0.109375,0.140625,0.09375,0.0625,0.09375,0.109375,0.125,0.12572771310806274,0.22069865465164185,12.107379913330078,13.892878532409668,19.34375,20.984375,"[2, 4, 9, 4, 8, 3, 4, 8, 5, 1, 0, 4, 0, 1, 6, 7, 6, 5, 4, 0, 7, 9, 9, 5, 0, 3, 9, 0, 9, 4, 5, 9, 1, 7, 7, 7, 4, 4, 5, 4, 3, 1, 3, 8, 1, 7, 0, 6, 2, 3, 9, 8, 8, 1, 5, 8, 1, 8, 3, 6, 3, 2, 9, 0]","[2, 4, 9, 4, 8, 3, 4, 8, 5, 1, 0, 4, 0, 1, 6, 2, 6, 5, 4, 0, 7, 9, 9, 5, 1, 3, 9, 0, 9, 4, 5, 9, 1, 1, 7, 7, 4, 4, 5, 4, 3, 1, 3, 8, 1, 7, 0, 6, 2, 0, 4, 8, 8, 1, 6, 8, 1, 2, 3, 6, 3, 2, 9, 0]","[0.956153154373169, 0.9538970589637756, 0.9289438128471375, 0.9753824472427368, 0.9799771308898926, 0.9983532428741455, 0.9977269768714905, 0.8440239429473877, 0.9048841595649719, 0.8079389333724976, 0.9419751167297363, 0.958869218826294, 0.4099772572517395, 0.991269588470459, 0.7866078019142151, 0.6247621774673462, 0.9883242845535278, 0.9692456722259521, 0.9732138514518738, 0.9810463786125183, 0.9654898047447205, 0.9818907380104065, 0.9879070520401001, 0.9996234178543091, 0.3340190351009369, 0.9999758005142212, 0.7746754288673401, 0.9988982677459717, 0.9708722233772278, 0.5045022964477539, 0.9996060729026794, 0.9992801547050476, 0.7601134777069092, 0.5728743076324463, 0.9986262321472168, 0.9982811212539673, 0.9785237312316895, 0.8718713521957397, 0.9812089204788208, 0.8898650407791138, 0.9999083280563354, 0.3811090588569641, 0.9997687935829163, 0.3690928518772125, 0.8888658881187439, 0.9994863271713257, 0.4942452311515808, 0.8789259195327759, 0.8826584219932556, 0.3550269603729248, 0.3647806644439697, 0.9994726777076721, 0.8699346780776978, 0.7469903230667114, 0.5798549056053162, 0.7605092525482178, 0.2920641005039215, 0.33539703488349915, 0.9725669622421265, 0.9984110593795776, 0.679500162601471, 0.9592829346656799, 0.7693045735359192, 0.998866081237793]","[1, 1, 1, 1, 1, 1, 1, 1, 1, 1, 1, 1, 1, 1, 1, 0, 1, 1, 1, 1, 1, 1, 1, 1, 0, 1, 1, 1, 1, 1, 1, 1, 1, 0, 1, 1, 1, 1, 1, 1, 1, 1, 1, 1, 1, 1, 1, 1, 1, 0, 0, 1, 1, 1, 0, 1, 1, 0, 1, 1, 1, 1, 1, 1]","[0.21411876380443573, 0.22581851482391357, 0.3219897747039795, 0.13913927972316742, 0.12797223031520844, 0.012379100546240807, 0.01839151233434677, 0.5534710884094238, 0.363670289516449, 0.8096946477890015, 0.2934509813785553, 0.2238616645336151, 1.7440898418426514, 0.06538354605436325, 0.7939678430557251, 1.1564290523529053, 0.07741223275661469, 0.15012067556381226, 0.12911851704120636, 0.12820279598236084, 0.15724027156829834, 0.09638486057519913, 0.07872885465621948, 0.0036237044259905815, 1.4956133365631104, 0.00028961311909370124, 0.6771677732467651, 0.010382913053035736, 0.17375509440898895, 1.017359733581543, 0.003916518297046423, 0.006925574503839016, 0.7277977466583252, 1.1526576280593872, 0.012166254222393036, 0.014520244672894478, 0.12849292159080505, 0.5344110131263733, 0.11229317635297775, 0.42885029315948486, 0.0010760786244645715, 1.864753007888794, 0.002450620522722602, 1.324108362197876, 0.5589632391929626, 0.00513814901933074, 1.0365183353424072, 0.5383813977241516, 0.3955169916152954, 1.6720353364944458, 1.700657606124878, 0.00501976115629077, 0.4563020169734955, 1.0346144437789917, 1.0067404508590698, 0.7179282307624817, 2.0558035373687744, 1.6577434539794922, 0.16085073351860046, 0.012932113371789455, 0.7274423241615295, 0.1902015507221222, 0.813563883304596, 0.010113181546330452]"
65,4160,4224,64,0.953125,0.4279598295688629,clean_mnist,0.09375,0.125,0.125,0.078125,0.109375,0.109375,0.078125,0.125,0.046875,0.109375,0.1220286637544632,0.21679899096488953,12.039176940917969,13.960773468017578,19.21875,20.703125,"[1, 9, 1, 1, 7, 2, 1, 5, 5, 4, 6, 5, 4, 7, 4, 7, 8, 5, 9, 3, 4, 0, 2, 2, 9, 2, 1, 2, 6, 7, 1, 3, 5, 1, 5, 4, 3, 4, 6, 3, 7, 0, 1, 0, 2, 4, 9, 7, 2, 9, 5, 7, 2, 8, 6, 8, 0, 7, 0, 9, 0, 6, 9, 3]","[1, 9, 1, 1, 7, 2, 1, 5, 5, 4, 6, 5, 4, 7, 4, 7, 8, 5, 4, 3, 4, 0, 2, 2, 5, 2, 1, 2, 6, 7, 1, 3, 5, 1, 5, 4, 3, 4, 6, 3, 7, 0, 1, 0, 2, 4, 9, 7, 2, 9, 6, 7, 2, 8, 6, 8, 0, 7, 0, 9, 0, 6, 9, 3]","[0.9447965621948242, 0.9995399713516235, 0.6823272109031677, 0.8059965372085571, 0.6154327988624573, 0.965892493724823, 0.7772297263145447, 0.9987541437149048, 0.9998689889907837, 0.981586754322052, 0.8424668908119202, 0.999783456325531, 0.8458243608474731, 0.9998980760574341, 0.9405518770217896, 0.9961321353912354, 0.7603491544723511, 0.9999648332595825, 0.5242050290107727, 0.9999593496322632, 0.9574130177497864, 0.9894559979438782, 0.42852458357810974, 0.9998682737350464, 0.7392594814300537, 0.9970471262931824, 0.42123785614967346, 0.9937111139297485, 0.9696365594863892, 0.9981608986854553, 0.9344185590744019, 0.9999997615814209, 0.9823205471038818, 0.9863317012786865, 0.9955142140388489, 0.995271623134613, 0.9999222755432129, 0.9272227883338928, 0.867863655090332, 0.9999871253967285, 0.9048873782157898, 0.5138344168663025, 0.48875951766967773, 0.9614298343658447, 0.9567855000495911, 0.63062584400177, 0.8782762289047241, 0.9960982799530029, 0.9609441161155701, 0.40961915254592896, 0.9623424410820007, 0.9985926747322083, 0.9979215264320374, 0.8356903791427612, 0.953200101852417, 0.6230812072753906, 0.5828698873519897, 0.9458593130111694, 0.5952147245407104, 0.9133939146995544, 0.9678550958633423, 0.951151430606842, 0.9823891520500183, 0.9999866485595703]","[1, 1, 1, 1, 1, 1, 1, 1, 1, 1, 1, 1, 1, 1, 1, 1, 1, 1, 0, 1, 1, 1, 1, 1, 0, 1, 1, 1, 1, 1, 1, 1, 1, 1, 1, 1, 1, 1, 1, 1, 1, 1, 1, 1, 1, 1, 1, 1, 1, 1, 0, 1, 1, 1, 1, 1, 1, 1, 1, 1, 1, 1, 1, 1]","[0.2638482451438904, 0.004677098244428635, 1.2194279432296753, 0.8915655016899109, 0.7337536215782166, 0.18732024729251862, 0.9671820998191833, 0.010742190293967724, 0.001409981632605195, 0.09734399616718292, 0.7011358737945557, 0.0021945566404610872, 0.650907039642334, 0.0012139453319832683, 0.22946478426456451, 0.031204987317323685, 0.6491007208824158, 0.0004156912036705762, 1.1420618295669556, 0.00046204146929085255, 0.21166492998600006, 0.07523153722286224, 1.6198996305465698, 0.0014993773074820638, 0.8474091291427612, 0.025360198691487312, 1.8057326078414917, 0.0444464273750782, 0.14276286959648132, 0.01591380126774311, 0.36559969186782837, 2.9892667043895926e-06, 0.10467050969600677, 0.09825664758682251, 0.029182851314544678, 0.03307149559259415, 0.0009135152213275433, 0.34494611620903015, 0.43358495831489563, 0.00017508379823993891, 0.46239331364631653, 1.3768372535705566, 1.7348312139511108, 0.23052294552326202, 0.22150185704231262, 1.2058464288711548, 0.587790846824646, 0.029526591300964355, 0.20617693662643433, 1.481809377670288, 0.1793438345193863, 0.012232997454702854, 0.017038987949490547, 0.6246437430381775, 0.24716420471668243, 1.1918113231658936, 1.1563423871994019, 0.2867994010448456, 1.220845103263855, 0.3865946829319, 0.19538506865501404, 0.2337205410003662, 0.11433310806751251, 0.0001793902920326218]"
66,4224,4288,64,0.96875,0.3187462389469147,clean_mnist,0.09375,0.078125,0.0625,0.234375,0.109375,0.03125,0.09375,0.15625,0.078125,0.0625,0.13318397104740143,0.229119673371315,12.053443908691406,14.095412254333496,19.46875,21.109375,"[4, 1, 7, 7, 4, 9, 2, 6, 6, 3, 3, 3, 3, 1, 3, 0, 4, 2, 7, 6, 9, 0, 3, 5, 1, 6, 3, 6, 4, 7, 7, 7, 3, 3, 8, 5, 9, 8, 3, 3, 4, 0, 7, 1, 6, 2, 0, 3, 3, 7, 4, 8, 3, 9, 2, 0, 7, 3, 8, 4, 0, 7, 1, 8]","[4, 1, 7, 7, 4, 9, 2, 6, 6, 3, 3, 3, 3, 1, 3, 0, 4, 2, 7, 6, 9, 0, 3, 5, 1, 6, 3, 6, 4, 8, 7, 7, 3, 3, 8, 5, 9, 8, 3, 3, 4, 0, 7, 1, 6, 2, 0, 3, 8, 7, 4, 8, 3, 9, 2, 0, 7, 3, 8, 4, 0, 7, 1, 8]","[0.9496837854385376, 0.8359068036079407, 0.8861432671546936, 0.9888414740562439, 0.9721294641494751, 0.998930037021637, 0.9778001308441162, 0.9177053570747375, 0.9897570610046387, 0.9989480376243591, 0.9966177344322205, 0.9999988079071045, 0.9998550415039062, 0.998167872428894, 0.9999933242797852, 0.7785212993621826, 0.9909729957580566, 0.9990649819374084, 0.987949013710022, 0.85467529296875, 0.9945855736732483, 0.9662648439407349, 0.99400395154953, 0.9999037981033325, 0.8275793790817261, 0.9915870428085327, 0.9968144297599792, 0.9940395355224609, 0.6989314556121826, 0.5228790640830994, 0.9998995065689087, 0.9998095631599426, 0.9995854496955872, 0.9969479441642761, 0.7372130751609802, 0.9988189339637756, 0.9982214570045471, 0.9338797926902771, 0.9831387996673584, 0.9983019828796387, 0.5613882541656494, 0.951705276966095, 0.984587550163269, 0.6768763661384583, 0.9468725323677063, 0.9768015742301941, 0.8433621525764465, 0.9995918869972229, 0.7071166038513184, 0.959122359752655, 0.873073160648346, 0.8024381399154663, 0.5116097927093506, 0.9976194500923157, 0.5604289174079895, 0.921028733253479, 0.7848929762840271, 0.9923747181892395, 0.860984206199646, 0.9148269295692444, 0.4167821705341339, 0.9976007342338562, 0.9988414645195007, 0.9996625185012817]","[1, 1, 1, 1, 1, 1, 1, 1, 1, 1, 1, 1, 1, 1, 1, 1, 1, 1, 1, 1, 1, 1, 1, 1, 1, 1, 1, 1, 1, 0, 1, 1, 1, 1, 1, 1, 1, 1, 1, 1, 1, 1, 1, 1, 1, 1, 1, 1, 0, 1, 1, 1, 1, 1, 1, 1, 1, 1, 1, 1, 1, 1, 1, 1]","[0.27933740615844727, 0.7776028513908386, 0.434909850358963, 0.07773306220769882, 0.15005016326904297, 0.00953363161534071, 0.12778392434120178, 0.3845903277397156, 0.06815344095230103, 0.009704085066914558, 0.02316131442785263, 1.970191442524083e-05, 0.0014830115251243114, 0.015561509877443314, 9.179530752589926e-05, 0.6793277859687805, 0.061926160007715225, 0.008442983031272888, 0.08113592863082886, 0.48064514994621277, 0.03855590149760246, 0.20914067327976227, 0.045607127249240875, 0.0009983786148950458, 0.7417037487030029, 0.05690983310341835, 0.023631764575839043, 0.04430623725056648, 0.7201415300369263, 1.1316578388214111, 0.0011611172230914235, 0.0020893572364002466, 0.003918420989066362, 0.021345749497413635, 0.8974460959434509, 0.009970074519515038, 0.014726986177265644, 0.33922749757766724, 0.11320680379867554, 0.013072313740849495, 1.0109362602233887, 0.22820210456848145, 0.09436081349849701, 1.3248765468597412, 0.24823592603206635, 0.13399742543697357, 0.6305198073387146, 0.004247612319886684, 0.9854773283004761, 0.21125368773937225, 0.44457992911338806, 0.7716422080993652, 1.6064269542694092, 0.020264696329832077, 1.010381817817688, 0.3757888674736023, 0.9015187621116638, 0.050816189497709274, 0.45914003252983093, 0.36664527654647827, 1.3872318267822266, 0.01918443664908409, 0.010542262345552444, 0.0034786618780344725]"
67,4288,4352,64,0.90625,0.3972614109516144,clean_mnist,0.125,0.109375,0.046875,0.125,0.0625,0.09375,0.0625,0.125,0.0625,0.1875,0.12539109587669373,0.2193688154220581,12.103065490722656,14.114646911621094,19.484375,21.21875,"[0, 3, 9, 1, 9, 2, 1, 3, 7, 4, 7, 5, 1, 6, 5, 7, 5, 8, 9, 9, 8, 5, 0, 1, 5, 9, 6, 9, 3, 7, 4, 1, 9, 0, 2, 9, 8, 0, 7, 5, 3, 9, 7, 7, 3, 1, 9, 3, 4, 6, 7, 3, 0, 2, 3, 0, 0, 9, 4, 0, 8, 6, 9, 1]","[0, 0, 5, 1, 4, 2, 1, 3, 7, 4, 7, 5, 1, 6, 5, 7, 5, 8, 9, 9, 8, 5, 0, 1, 5, 9, 6, 9, 0, 7, 4, 1, 9, 0, 2, 9, 8, 0, 7, 5, 3, 9, 7, 7, 7, 1, 7, 3, 4, 6, 7, 3, 0, 2, 3, 0, 0, 9, 4, 0, 8, 6, 9, 1]","[0.9921953678131104, 0.5924091339111328, 0.7050845623016357, 0.9662377834320068, 0.6076082587242126, 0.9901873469352722, 0.7886003255844116, 0.986807644367218, 0.9659852385520935, 0.9510192275047302, 0.9959933757781982, 0.9997739195823669, 0.6563145518302917, 0.9267407655715942, 0.9961962699890137, 0.9264451861381531, 0.9638996124267578, 0.9950860142707825, 0.993285059928894, 0.9851679801940918, 0.998080849647522, 0.9928619265556335, 0.9951024055480957, 0.5087512135505676, 0.9577324390411377, 0.9974651336669922, 0.9660128355026245, 0.9389638304710388, 0.4140988290309906, 0.9683763980865479, 0.6852063536643982, 0.9793897271156311, 0.9161711931228638, 0.9561280012130737, 0.9401734471321106, 0.9975398778915405, 0.9631577730178833, 0.42014768719673157, 0.9933595061302185, 0.9987825751304626, 0.9996598958969116, 0.9371236562728882, 0.9983489513397217, 0.882688581943512, 0.5394673347473145, 0.5071981549263, 0.45319879055023193, 0.996369481086731, 0.7157631516456604, 0.9867029190063477, 0.9694128036499023, 0.9990255832672119, 0.9382887482643127, 0.9984514713287354, 0.9999228715896606, 0.8582718372344971, 0.9564993977546692, 0.8863786458969116, 0.9224739074707031, 0.9266676306724548, 0.4843832850456238, 0.9715015888214111, 0.9969850182533264, 0.5116274356842041]","[1, 0, 0, 1, 0, 1, 1, 1, 1, 1, 1, 1, 1, 1, 1, 1, 1, 1, 1, 1, 1, 1, 1, 1, 1, 1, 1, 1, 0, 1, 1, 1, 1, 1, 1, 1, 1, 1, 1, 1, 1, 1, 1, 1, 0, 1, 0, 1, 1, 1, 1, 1, 1, 1, 1, 1, 1, 1, 1, 1, 1, 1, 1, 1]","[0.05315063148736954, 1.2048553228378296, 0.6157233119010925, 0.20737777650356293, 0.8756276369094849, 0.06577236205339432, 0.8860982060432434, 0.08008699864149094, 0.15278056263923645, 0.2465888261795044, 0.029944581910967827, 0.0022862337063997984, 1.249474287033081, 0.37234246730804443, 0.027124574407935143, 0.2653302550315857, 0.20746302604675293, 0.038247883319854736, 0.04703792557120323, 0.09203799813985825, 0.016995901241898537, 0.050245773047208786, 0.03808958828449249, 1.5320302248001099, 0.19326575100421906, 0.021022969856858253, 0.19865134358406067, 0.30612197518348694, 1.303642988204956, 0.15744560956954956, 0.8766788244247437, 0.13638648390769958, 0.3880288004875183, 0.2672959864139557, 0.28841137886047363, 0.020854946225881577, 0.20163659751415253, 1.6388447284698486, 0.0483846552670002, 0.00981844775378704, 0.00323965260758996, 0.2691340446472168, 0.014809547923505306, 0.36987733840942383, 1.0583428144454956, 1.6847858428955078, 1.1546872854232788, 0.025929618626832962, 0.6527342200279236, 0.08107613027095795, 0.16733455657958984, 0.009408579207956791, 0.35176393389701843, 0.013465618714690208, 0.0008645253255963326, 0.679561972618103, 0.2536076605319977, 0.4609907269477844, 0.3341291844844818, 0.3750942647457123, 1.1082884073257446, 0.17907413840293884, 0.024935351684689522, 1.738391637802124]"
68,4352,4416,64,0.921875,0.44447198510169983,clean_mnist,0.078125,0.078125,0.078125,0.109375,0.09375,0.09375,0.109375,0.171875,0.109375,0.078125,0.11694717407226562,0.20867395401000977,11.966023445129395,14.077589988708496,19.640625,20.96875,"[3, 7, 7, 3, 0, 8, 7, 3, 6, 4, 0, 7, 6, 6, 7, 6, 9, 3, 8, 2, 7, 3, 0, 8, 5, 9, 9, 4, 2, 8, 9, 8, 8, 7, 4, 1, 5, 0, 1, 8, 6, 7, 7, 7, 7, 5, 2, 9, 3, 2, 6, 3, 5, 1, 4, 1, 6, 4, 4, 5, 1, 5, 2, 0]","[3, 7, 7, 2, 0, 8, 7, 3, 6, 4, 9, 7, 6, 6, 7, 6, 9, 3, 8, 2, 7, 3, 0, 8, 5, 9, 9, 4, 2, 8, 4, 8, 8, 7, 4, 1, 8, 0, 1, 8, 6, 7, 7, 7, 7, 5, 2, 9, 3, 2, 6, 3, 6, 1, 4, 1, 6, 4, 4, 5, 1, 5, 2, 0]","[0.9998570680618286, 0.9743295311927795, 0.9973205924034119, 0.8537716865539551, 0.949292778968811, 0.855031430721283, 0.9834254384040833, 0.999294638633728, 0.9762843251228333, 0.9979495406150818, 0.589911162853241, 0.9832356572151184, 0.9111985564231873, 0.4478692412376404, 0.8107206225395203, 0.9967142343521118, 0.9403370022773743, 0.9940280914306641, 0.9164798855781555, 0.9951795339584351, 0.9830483198165894, 0.9877521991729736, 0.365129292011261, 0.7840040922164917, 0.8854130506515503, 0.9943354725837708, 0.8975696563720703, 0.9922699928283691, 0.9067269563674927, 0.9526218771934509, 0.2882201671600342, 0.8225784301757812, 0.9965649247169495, 0.9997264742851257, 0.7242600321769714, 0.4361690878868103, 0.7061558365821838, 0.6143139600753784, 0.6067588329315186, 0.991169810295105, 0.9278073906898499, 0.98302161693573, 0.9860644340515137, 0.9879385828971863, 0.9973583817481995, 0.9887318015098572, 0.9900007247924805, 0.9990332126617432, 0.9998179078102112, 0.9934709072113037, 0.7503147125244141, 0.999946117401123, 0.8500918745994568, 0.8549867868423462, 0.9044688940048218, 0.6925074458122253, 0.858820915222168, 0.617866039276123, 0.9965142607688904, 0.9986163377761841, 0.5785486102104187, 0.9996609687805176, 0.9990506768226624, 0.9281038045883179]","[1, 1, 1, 0, 1, 1, 1, 1, 1, 1, 0, 1, 1, 1, 1, 1, 1, 1, 1, 1, 1, 1, 1, 1, 1, 1, 1, 1, 1, 1, 0, 1, 1, 1, 1, 1, 0, 1, 1, 1, 1, 1, 1, 1, 1, 1, 1, 1, 1, 1, 1, 1, 0, 1, 1, 1, 1, 1, 1, 1, 1, 1, 1, 1]","[0.0015717654023319483, 0.16200852394104004, 0.02234194613993168, 0.6136494874954224, 0.2993831932544708, 0.6377283930778503, 0.10813648998737335, 0.006778520531952381, 0.14529848098754883, 0.01679801009595394, 1.303139328956604, 0.10613524913787842, 0.4525904059410095, 1.6367512941360474, 0.8500117063522339, 0.02378610335290432, 0.32223957777023315, 0.043150950223207474, 0.4046478867530823, 0.035241514444351196, 0.10906511545181274, 0.08468259871006012, 1.765956997871399, 0.8312554359436035, 0.40527865290641785, 0.04292326793074608, 0.4356347620487213, 0.05630330368876457, 0.3736702501773834, 0.24487841129302979, 1.9935137033462524, 0.5668578147888184, 0.027825871482491493, 0.002748487750068307, 0.8928488492965698, 1.8988081216812134, 0.804771900177002, 1.3042198419570923, 1.4900448322296143, 0.05392565205693245, 0.3901728093624115, 0.10245610773563385, 0.09190145134925842, 0.08298435807228088, 0.020544100552797318, 0.07525515556335449, 0.06478632986545563, 0.008799712173640728, 0.0018668998964130878, 0.0477835051715374, 0.8276292085647583, 0.0006533275009132922, 0.5257884860038757, 0.6971538066864014, 0.4509347677230835, 1.2450263500213623, 0.5827354788780212, 0.8266847133636475, 0.0270328801125288, 0.011852452531456947, 1.3878713846206665, 0.00356503133662045, 0.009209851734340191, 0.386915922164917]"
69,4416,4480,64,0.921875,0.29095232486724854,clean_mnist,0.046875,0.09375,0.140625,0.09375,0.125,0.109375,0.078125,0.125,0.0625,0.125,0.12564416229724884,0.22060039639472961,12.09963321685791,14.043951988220215,19.71875,21.328125,"[5, 4, 3, 8, 1, 7, 7, 4, 5, 9, 6, 2, 2, 3, 6, 6, 7, 4, 5, 1, 4, 2, 9, 4, 8, 1, 2, 5, 0, 1, 2, 9, 8, 3, 5, 2, 7, 0, 4, 0, 9, 2, 7, 9, 9, 3, 5, 6, 4, 9, 9, 1, 8, 2, 1, 3, 7, 4, 2, 5, 3, 6, 7, 7]","[5, 4, 3, 8, 1, 7, 7, 4, 5, 9, 6, 2, 2, 3, 6, 6, 7, 4, 8, 1, 4, 2, 4, 4, 8, 1, 2, 5, 0, 1, 2, 9, 8, 3, 5, 2, 7, 0, 4, 0, 9, 2, 7, 9, 4, 3, 5, 6, 4, 0, 9, 1, 8, 2, 1, 3, 7, 4, 2, 5, 2, 6, 7, 7]","[0.9754287004470825, 0.9531638026237488, 0.9959565997123718, 0.9570889472961426, 0.9292818903923035, 0.9847055077552795, 0.9983412027359009, 0.9616241455078125, 0.9992896318435669, 0.8938656449317932, 0.7876108884811401, 0.9255245923995972, 0.9396032691001892, 0.9988970756530762, 0.9976779818534851, 0.919949471950531, 0.9991705417633057, 0.9958910942077637, 0.8194244503974915, 0.9994015693664551, 0.9502052664756775, 0.9978954792022705, 0.518752932548523, 0.9059559106826782, 0.9946998357772827, 0.9911001324653625, 0.999503493309021, 0.9986023306846619, 0.9738724231719971, 0.5784798860549927, 0.981931209564209, 0.9816431403160095, 0.9229732155799866, 0.9243540167808533, 0.8523082733154297, 0.9744915962219238, 0.8612589836120605, 0.8089814782142639, 0.5445305705070496, 0.7960284948348999, 0.9735440015792847, 0.9235273003578186, 0.8240428566932678, 0.8896989226341248, 0.6747873425483704, 0.9913232326507568, 0.9970871806144714, 0.9991443157196045, 0.738159716129303, 0.593838632106781, 0.9972414970397949, 0.9987753033638, 0.9982459545135498, 0.999256432056427, 0.9967678785324097, 0.9955671429634094, 0.9967896342277527, 0.999241828918457, 0.9873633980751038, 0.9052426815032959, 0.39895424246788025, 0.9998249411582947, 0.9978498220443726, 0.984031617641449]","[1, 1, 1, 1, 1, 1, 1, 1, 1, 1, 1, 1, 1, 1, 1, 1, 1, 1, 0, 1, 1, 1, 0, 1, 1, 1, 1, 1, 1, 1, 1, 1, 1, 1, 1, 1, 1, 1, 1, 1, 1, 1, 1, 1, 0, 1, 1, 1, 1, 0, 1, 1, 1, 1, 1, 1, 1, 1, 1, 1, 0, 1, 1, 1]","[0.13975968956947327, 0.22194650769233704, 0.03073989972472191, 0.23212763667106628, 0.3906390964984894, 0.08762314170598984, 0.01383549440652132, 0.19009070098400116, 0.006267470307648182, 0.4201850891113281, 0.7402904629707336, 0.31132110953330994, 0.3078147768974304, 0.00990879163146019, 0.019844911992549896, 0.38611453771591187, 0.007791911251842976, 0.030395397916436195, 0.6224713921546936, 0.005844498984515667, 0.23290732502937317, 0.01715225726366043, 0.9771894216537476, 0.38986530900001526, 0.03907126188278198, 0.06682789325714111, 0.005065123084932566, 0.011796842329204082, 0.166789248585701, 1.578247308731079, 0.11447028815746307, 0.11690264195203781, 0.37586259841918945, 0.3806895315647125, 0.5712798237800598, 0.15058013796806335, 0.5696814060211182, 0.7290168404579163, 1.0042105913162231, 0.8452346920967102, 0.15566731989383698, 0.34547221660614014, 0.5658578276634216, 0.48415446281433105, 0.6503525972366333, 0.06216999888420105, 0.02022297866642475, 0.008196428418159485, 0.6629744172096252, 0.9897047281265259, 0.021657004952430725, 0.011320159770548344, 0.01516957301646471, 0.00681554339826107, 0.02696395106613636, 0.03496778756380081, 0.026337595656514168, 0.007017352152615786, 0.0724412277340889, 0.32142373919487, 1.4912240505218506, 0.0018992610275745392, 0.017157521098852158, 0.10392802208662033]"
70,4480,4544,64,0.90625,0.34790176153182983,clean_mnist,0.09375,0.140625,0.078125,0.140625,0.078125,0.078125,0.109375,0.078125,0.09375,0.109375,0.1463145613670349,0.24266615509986877,12.110462188720703,13.939619064331055,19.140625,21.171875,"[5, 8, 8, 9, 1, 9, 1, 1, 0, 2, 3, 3, 1, 4, 4, 5, 0, 6, 4, 7, 9, 8, 1, 9, 1, 0, 3, 1, 3, 2, 3, 3, 3, 4, 3, 5, 7, 6, 2, 7, 6, 8, 9, 9, 1, 8, 6, 0, 7, 5, 7, 6, 0, 6, 1, 5, 6, 8, 4, 0, 9, 2, 2, 3]","[5, 8, 8, 9, 1, 0, 1, 1, 0, 2, 3, 3, 1, 4, 4, 5, 0, 6, 4, 7, 0, 8, 1, 9, 1, 0, 3, 1, 3, 2, 3, 3, 3, 4, 2, 5, 7, 6, 2, 7, 6, 8, 4, 9, 1, 8, 6, 0, 7, 5, 7, 6, 0, 6, 1, 0, 6, 8, 4, 0, 4, 2, 2, 3]","[0.9915438890457153, 0.9358494281768799, 0.9776501655578613, 0.9669989943504333, 0.9068560600280762, 0.9127100110054016, 0.714174747467041, 0.8942198157310486, 0.8185496926307678, 0.9543640613555908, 0.9998680353164673, 0.9990646243095398, 0.9690948128700256, 0.7736231684684753, 0.9628108739852905, 0.9939199686050415, 0.8528456091880798, 0.9994990825653076, 0.5238271355628967, 0.9935477375984192, 0.5608682036399841, 0.9960833787918091, 0.9140520691871643, 0.737177312374115, 0.49035391211509705, 0.9457457661628723, 0.9620252251625061, 0.8470839262008667, 0.9999560117721558, 0.9994975328445435, 0.934184730052948, 0.9994543194770813, 0.9999788999557495, 0.9928143620491028, 0.8983851075172424, 0.9999755620956421, 0.9944930076599121, 0.9993374943733215, 0.9310833811759949, 0.9999200105667114, 0.9280179738998413, 0.9941940903663635, 0.3451730012893677, 0.9480975866317749, 0.9756805896759033, 0.9809502959251404, 0.9870137572288513, 0.9658018350601196, 0.9993889331817627, 0.9999775886535645, 0.8382931351661682, 0.9981597065925598, 0.9938187003135681, 0.9958372116088867, 0.3477709889411926, 0.504000723361969, 0.9694874882698059, 0.9970517158508301, 0.3844393193721771, 0.9962956309318542, 0.7352254986763, 0.9734373688697815, 0.979390025138855, 0.9998488426208496]","[1, 1, 1, 1, 1, 0, 1, 1, 1, 1, 1, 1, 1, 1, 1, 1, 1, 1, 1, 1, 0, 1, 1, 1, 1, 1, 1, 1, 1, 1, 1, 1, 1, 1, 0, 1, 1, 1, 1, 1, 1, 1, 0, 1, 1, 1, 1, 1, 1, 1, 1, 1, 1, 1, 1, 0, 1, 1, 1, 1, 0, 1, 1, 1]","[0.05224760249257088, 0.2976813316345215, 0.12925225496292114, 0.15791064500808716, 0.4895142912864685, 0.3154032528400421, 0.886948823928833, 0.5198583602905273, 0.7024118304252625, 0.26898446679115295, 0.0015351010952144861, 0.0075743962079286575, 0.19045355916023254, 0.6698772311210632, 0.1933233141899109, 0.04148424044251442, 0.6352030634880066, 0.004986064974218607, 0.9454200863838196, 0.05030902475118637, 0.8533452153205872, 0.031717389822006226, 0.3726671636104584, 0.8402735590934753, 1.7339998483657837, 0.2752326726913452, 0.1740047186613083, 0.7352564930915833, 0.0005401818198151886, 0.004627257119864225, 0.32536789774894714, 0.004761310759931803, 0.000266177550656721, 0.048647984862327576, 0.3837392032146454, 0.0003056955465581268, 0.037480611354112625, 0.006499051116406918, 0.284384161233902, 0.0009700535447336733, 0.3809037506580353, 0.04508991166949272, 1.9487422704696655, 0.25916817784309387, 0.1555517613887787, 0.11668465286493301, 0.08198924362659454, 0.20552866160869598, 0.005661808419972658, 0.00027432371280156076, 0.5948007106781006, 0.016120465472340584, 0.04149049147963524, 0.030521541833877563, 1.807586431503296, 1.2167222499847412, 0.1740839183330536, 0.023115916177630424, 1.5487562417984009, 0.028633423149585724, 0.6560118198394775, 0.1509304642677307, 0.10138220340013504, 0.0014968026662245393]"
71,4544,4608,64,0.953125,0.34435606002807617,clean_mnist,0.09375,0.140625,0.0625,0.140625,0.0625,0.109375,0.078125,0.140625,0.0625,0.109375,0.13102827966213226,0.22495228052139282,12.0979585647583,13.802555084228516,18.5,21.5,"[9, 7, 6, 9, 7, 4, 2, 7, 3, 1, 1, 9, 0, 1, 5, 7, 5, 1, 5, 0, 4, 0, 1, 4, 9, 1, 3, 7, 6, 5, 2, 7, 3, 1, 8, 3, 8, 3, 8, 3, 3, 1, 6, 6, 0, 9, 3, 7, 7, 4, 9, 3, 5, 0, 8, 2, 5, 5, 1, 2, 7, 6, 9, 0]","[9, 7, 6, 9, 7, 4, 2, 7, 3, 1, 1, 9, 0, 1, 5, 7, 6, 1, 5, 0, 4, 0, 1, 4, 9, 1, 3, 7, 6, 5, 2, 7, 2, 1, 8, 3, 8, 3, 8, 3, 3, 1, 6, 6, 0, 9, 5, 7, 7, 4, 9, 3, 5, 0, 8, 2, 5, 5, 1, 2, 7, 6, 9, 0]","[0.8433741331100464, 0.9999634027481079, 0.9447025060653687, 0.9890424609184265, 0.7878782749176025, 0.9564642906188965, 0.8828015327453613, 0.9800311326980591, 0.9952195286750793, 0.41518956422805786, 0.7773879170417786, 0.8808742761611938, 0.9381977319717407, 0.750214695930481, 0.9963082075119019, 0.9505168795585632, 0.8377541899681091, 0.9745985865592957, 0.742335855960846, 0.9188864231109619, 0.875212550163269, 0.9948208332061768, 0.22377759218215942, 0.9854906797409058, 0.998360812664032, 0.9991161227226257, 0.9982408285140991, 0.9998037219047546, 0.9738228917121887, 0.9992961883544922, 0.9834342002868652, 0.997646152973175, 0.8191502690315247, 0.5505452752113342, 0.6564461588859558, 0.9997506737709045, 0.9914801120758057, 0.9999963045120239, 0.8242728114128113, 0.9999996423721313, 0.9999421834945679, 0.9925488233566284, 0.9876389503479004, 0.9886409044265747, 0.9934126734733582, 0.9363415241241455, 0.802949070930481, 0.9989408850669861, 0.9566410183906555, 0.9744267463684082, 0.9741913676261902, 0.9413915276527405, 0.9260416030883789, 0.8483714461326599, 0.9829765558242798, 0.9994505047798157, 0.9887004494667053, 0.9997316002845764, 0.5956907272338867, 0.9997387528419495, 0.7967830896377563, 0.9999438524246216, 0.9975706934928894, 0.6974368095397949]","[1, 1, 1, 1, 1, 1, 1, 1, 1, 1, 1, 1, 1, 1, 1, 1, 0, 1, 1, 1, 1, 1, 1, 1, 1, 1, 1, 1, 1, 1, 1, 1, 0, 1, 1, 1, 1, 1, 1, 1, 1, 1, 1, 1, 1, 1, 0, 1, 1, 1, 1, 1, 1, 1, 1, 1, 1, 1, 1, 1, 1, 1, 1, 1]","[0.5475266575813293, 0.0004575820348691195, 0.30128341913223267, 0.06455005705356598, 0.5981842875480652, 0.21457324922084808, 0.4718632996082306, 0.12639525532722473, 0.03816759213805199, 1.7975815534591675, 0.9840173721313477, 0.5030964612960815, 0.3156633973121643, 0.8757337927818298, 0.02757755108177662, 0.254832923412323, 0.5799933671951294, 0.1646653562784195, 0.8885177373886108, 0.4279561936855316, 0.5156794786453247, 0.04243670403957367, 2.112302303314209, 0.08773553371429443, 0.013928184285759926, 0.008570102043449879, 0.013060209341347218, 0.002050920622423291, 0.13041996955871582, 0.0059612528420984745, 0.09412583708763123, 0.019897501915693283, 0.5528936386108398, 1.3683165311813354, 1.3254857063293457, 0.002665373496711254, 0.06403930485248566, 5.221376341069117e-05, 0.5764129757881165, 5.176194008527091e-06, 0.0006881599547341466, 0.055769097059965134, 0.07408318668603897, 0.07356227189302444, 0.0512252002954483, 0.28499671816825867, 0.7395601272583008, 0.009202798828482628, 0.2504531443119049, 0.13889870047569275, 0.15171685814857483, 0.2258099764585495, 0.2680293023586273, 0.5289947390556335, 0.11328855901956558, 0.005501169711351395, 0.06300725042819977, 0.002611679257825017, 1.4104658365249634, 0.002763554686680436, 0.7951842546463013, 0.0006846553296782076, 0.021465452387928963, 0.6521492004394531]"
72,4608,4672,64,0.921875,0.3627255856990814,clean_mnist,0.09375,0.0625,0.125,0.109375,0.109375,0.140625,0.09375,0.078125,0.09375,0.09375,0.14272022247314453,0.24230030179023743,12.069536209106445,13.946782112121582,19.328125,21.296875,"[0, 8, 2, 9, 6, 4, 5, 3, 4, 5, 7, 4, 6, 8, 5, 1, 0, 5, 4, 9, 3, 0, 9, 6, 3, 4, 6, 6, 4, 8, 3, 1, 5, 4, 0, 7, 1, 5, 2, 7, 2, 2, 2, 2, 8, 0, 3, 0, 3, 1, 3, 7, 6, 7, 2, 9, 2, 5, 5, 9, 9, 8, 5, 8]","[0, 8, 2, 9, 6, 4, 5, 3, 4, 5, 7, 4, 6, 8, 5, 1, 0, 5, 4, 9, 3, 0, 9, 6, 3, 4, 8, 6, 4, 8, 3, 1, 6, 4, 0, 7, 1, 5, 2, 7, 2, 2, 2, 2, 8, 0, 1, 0, 0, 1, 3, 7, 6, 7, 2, 9, 2, 5, 5, 9, 9, 8, 5, 9]","[0.9881283640861511, 0.993821382522583, 0.9991492033004761, 0.9978244304656982, 0.9863278865814209, 0.9474201798439026, 0.5331669449806213, 0.9999089241027832, 0.9850050210952759, 0.9952875375747681, 0.8749366402626038, 0.9972363710403442, 0.5818313956260681, 0.9995796084403992, 0.9933428764343262, 0.8203670978546143, 0.34359729290008545, 0.9999855756759644, 0.8477880358695984, 0.9995249509811401, 0.9999899864196777, 0.9557755589485168, 0.7337758541107178, 0.9997578263282776, 0.38838502764701843, 0.998771607875824, 0.24020247161388397, 0.9997618794441223, 0.664607048034668, 0.9995042085647583, 0.44528597593307495, 0.9993295669555664, 0.9272096157073975, 0.9983170032501221, 0.8204808831214905, 0.992298424243927, 0.6734380125999451, 0.9886172413825989, 0.6231168508529663, 0.9939678907394409, 0.955265998840332, 0.8469420075416565, 0.9976828098297119, 0.9685654640197754, 0.9875661134719849, 0.967433512210846, 0.6263959407806396, 0.7354334592819214, 0.7514916062355042, 0.9630070328712463, 0.7887024283409119, 0.999751627445221, 0.8510966897010803, 0.9992893934249878, 0.995895504951477, 0.8165366053581238, 0.9909180402755737, 0.9973616003990173, 0.9978354573249817, 0.9966253042221069, 0.9866942167282104, 0.9901484251022339, 0.999502420425415, 0.9103773832321167]","[1, 1, 1, 1, 1, 1, 1, 1, 1, 1, 1, 1, 1, 1, 1, 1, 1, 1, 1, 1, 1, 1, 1, 1, 1, 1, 0, 1, 1, 1, 1, 1, 0, 1, 1, 1, 1, 1, 1, 1, 1, 1, 1, 1, 1, 1, 0, 1, 0, 1, 1, 1, 1, 1, 1, 1, 1, 1, 1, 1, 1, 1, 1, 0]","[0.08685626834630966, 0.046958036720752716, 0.007645688019692898, 0.018003642559051514, 0.0858626663684845, 0.2827339172363281, 0.8019458651542664, 0.001061377814039588, 0.09693682938814163, 0.03017605096101761, 0.4230356514453888, 0.023230301216244698, 1.5047242641448975, 0.00431963661685586, 0.04751282557845116, 0.8296094536781311, 1.6869142055511475, 0.00018817957607097924, 0.4464084208011627, 0.004686268046498299, 0.00013052196300122887, 0.19750016927719116, 0.9561724662780762, 0.0026049830485135317, 1.2613545656204224, 0.010597738437354565, 2.084639072418213, 0.0025554175954312086, 0.7444797158241272, 0.004819298163056374, 1.215827226638794, 0.006366247311234474, 0.3292697072029114, 0.014684580266475677, 0.7841370105743408, 0.053358882665634155, 1.200438380241394, 0.07050614058971405, 1.123602271080017, 0.04641425609588623, 0.2324702888727188, 0.46173274517059326, 0.018550269305706024, 0.15613707900047302, 0.08595025539398193, 0.19096435606479645, 1.0849380493164062, 0.9700159430503845, 0.9451568126678467, 0.21852286159992218, 0.5240467190742493, 0.002518654800951481, 0.5154045224189758, 0.006409305147826672, 0.028171615675091743, 0.6248903274536133, 0.06513122469186783, 0.020362885668873787, 0.01773947663605213, 0.024924518540501595, 0.09253953397274017, 0.06692811846733093, 0.004312590230256319, 0.3183521628379822]"
73,4672,4736,64,0.890625,0.3232264220714569,clean_mnist,0.0625,0.109375,0.15625,0.09375,0.046875,0.109375,0.125,0.09375,0.125,0.078125,0.15235665440559387,0.2492525428533554,12.11722183227539,13.684762001037598,19.71875,21.15625,"[7, 6, 3, 8, 1, 8, 9, 2, 7, 3, 0, 6, 3, 1, 0, 2, 3, 9, 8, 8, 5, 9, 5, 5, 1, 2, 8, 6, 8, 2, 6, 4, 5, 8, 2, 4, 1, 6, 1, 5, 6, 0, 2, 1, 2, 2, 0, 3, 9, 4, 2, 5, 6, 7, 7, 8, 5, 7, 9, 1, 6, 2, 7, 3]","[7, 6, 3, 8, 1, 8, 9, 2, 7, 3, 0, 6, 8, 1, 0, 2, 0, 9, 9, 8, 8, 9, 3, 5, 1, 2, 8, 6, 8, 2, 6, 4, 5, 8, 2, 4, 1, 6, 1, 5, 6, 0, 2, 1, 2, 2, 0, 3, 9, 4, 2, 5, 6, 7, 7, 8, 5, 0, 4, 1, 6, 2, 7, 3]","[0.9945521950721741, 0.9975495934486389, 0.9999639987945557, 0.9925987720489502, 0.8584595322608948, 0.9982284903526306, 0.9970355033874512, 0.9552837014198303, 0.9058863520622253, 0.9999889135360718, 0.9615326523780823, 0.9999703168869019, 0.9307911396026611, 0.8881447315216064, 0.8538743257522583, 0.997456967830658, 0.5761258006095886, 0.8233948349952698, 0.5334795117378235, 0.9988370537757874, 0.9443449974060059, 0.9416368007659912, 0.5004685521125793, 0.9998903274536133, 0.7823319435119629, 0.9998499155044556, 0.9840760827064514, 0.9976701140403748, 0.9331346750259399, 0.9977204203605652, 0.9289795160293579, 0.9120734930038452, 0.9733956456184387, 0.9793676137924194, 0.9947482943534851, 0.9914134740829468, 0.8916636109352112, 0.9997819066047668, 0.7624968886375427, 0.9982497096061707, 0.8417382836341858, 0.9982098340988159, 0.8685620427131653, 0.9210228323936462, 0.46769556403160095, 0.9882999658584595, 0.9659120440483093, 0.9999276399612427, 0.8910127282142639, 0.9961057305335999, 0.9133185744285583, 0.9956490397453308, 0.9930011034011841, 0.9860051274299622, 0.9906299710273743, 0.9964721202850342, 0.9916784763336182, 0.3772958219051361, 0.5649675130844116, 0.5384981632232666, 0.9572769403457642, 0.9998537302017212, 0.5770264863967896, 0.999972939491272]","[1, 1, 1, 1, 1, 1, 1, 1, 1, 1, 1, 1, 0, 1, 1, 1, 0, 1, 0, 1, 0, 1, 0, 1, 1, 1, 1, 1, 1, 1, 1, 1, 1, 1, 1, 1, 1, 1, 1, 1, 1, 1, 1, 1, 1, 1, 1, 1, 1, 1, 1, 1, 1, 1, 1, 1, 1, 0, 0, 1, 1, 1, 1, 1]","[0.03933659568428993, 0.020495371893048286, 0.0004345226043369621, 0.05459374189376831, 0.6802576780319214, 0.016001958400011063, 0.023992255330085754, 0.21415506303310394, 0.42636752128601074, 0.0001475013850722462, 0.19902443885803223, 0.0003840516437776387, 0.2756093740463257, 0.5448002219200134, 0.6489485502243042, 0.020837806165218353, 1.3442612886428833, 0.6471165418624878, 0.7968465089797974, 0.010632438585162163, 0.27173587679862976, 0.23151980340480804, 1.2174137830734253, 0.001177879748865962, 0.9332257509231567, 0.0016629414167255163, 0.09364932030439377, 0.01724855601787567, 0.31585484743118286, 0.018767720088362694, 0.33594998717308044, 0.3761166036128998, 0.15329836308956146, 0.13055551052093506, 0.04008106887340546, 0.05908294767141342, 0.5606087446212769, 0.002282442059367895, 0.818837583065033, 0.014222758822143078, 0.676339864730835, 0.014107387512922287, 0.4529358446598053, 0.3747856616973877, 1.0396337509155273, 0.07635888457298279, 0.19672434031963348, 0.0008498021634295583, 0.49429458379745483, 0.02895793318748474, 0.39431917667388916, 0.02946297638118267, 0.050649676471948624, 0.0786532312631607, 0.0638640969991684, 0.026648024097085, 0.04835730791091919, 1.6807955503463745, 0.7520380020141602, 1.2698087692260742, 0.23242396116256714, 0.0015837016981095076, 1.1450061798095703, 0.000356107804691419]"
74,4736,4800,64,0.921875,0.3514673411846161,clean_mnist,0.078125,0.109375,0.046875,0.125,0.203125,0.0625,0.0625,0.125,0.078125,0.109375,0.13399451971054077,0.22278153896331787,12.19125747680664,13.980030059814453,18.828125,21.328125,"[3, 4, 9, 5, 3, 6, 3, 7, 0, 8, 9, 9, 0, 7, 1, 1, 5, 2, 9, 3, 2, 4, 4, 7, 5, 8, 3, 8, 1, 6, 1, 8, 4, 9, 6, 9, 1, 0, 7, 1, 0, 2, 6, 4, 4, 4, 4, 3, 7, 7, 5, 4, 9, 4, 1, 4, 3, 0, 7, 3, 4, 8, 4, 7]","[3, 4, 0, 5, 3, 6, 3, 7, 0, 8, 4, 9, 0, 0, 1, 1, 5, 2, 9, 3, 0, 4, 4, 7, 5, 8, 3, 1, 1, 6, 1, 8, 4, 9, 6, 9, 1, 0, 7, 1, 0, 2, 6, 4, 4, 4, 4, 3, 7, 7, 5, 4, 9, 4, 1, 4, 3, 0, 7, 3, 4, 8, 4, 7]","[0.9996682405471802, 0.9327741861343384, 0.9425835609436035, 0.989575207233429, 0.9995062351226807, 0.9615038633346558, 0.9602089524269104, 0.994139552116394, 0.9876603484153748, 0.9801178574562073, 0.5968701839447021, 0.9536490440368652, 0.9895771741867065, 0.821087121963501, 0.6252085566520691, 0.6389561295509338, 0.7238624095916748, 0.9998893737792969, 0.9888454079627991, 0.9999241828918457, 0.4633495807647705, 0.9435496926307678, 0.8945239186286926, 0.9961833357810974, 0.9967824220657349, 0.981083333492279, 0.5213639140129089, 0.5687045454978943, 0.8874778151512146, 0.9903871417045593, 0.9758383631706238, 0.6526278853416443, 0.8322963714599609, 0.9966002106666565, 0.9996821880340576, 0.9917886853218079, 0.9854738712310791, 0.7367094159126282, 0.5824417471885681, 0.9970880150794983, 0.9626591801643372, 0.9990743398666382, 0.9589226245880127, 0.8648284077644348, 0.7484962940216064, 0.9989125728607178, 0.7019457817077637, 0.9998550415039062, 0.8410369753837585, 0.9947479367256165, 0.8069849610328674, 0.9958744645118713, 0.9663385152816772, 0.9991113543510437, 0.6470508575439453, 0.9791572093963623, 0.9448140263557434, 0.9894354343414307, 0.9830939769744873, 0.9981011748313904, 0.9505094289779663, 0.8143735527992249, 0.9041725397109985, 0.9947293400764465]","[1, 1, 0, 1, 1, 1, 1, 1, 1, 1, 0, 1, 1, 0, 1, 1, 1, 1, 1, 1, 0, 1, 1, 1, 1, 1, 1, 0, 1, 1, 1, 1, 1, 1, 1, 1, 1, 1, 1, 1, 1, 1, 1, 1, 1, 1, 1, 1, 1, 1, 1, 1, 1, 1, 1, 1, 1, 1, 1, 1, 1, 1, 1, 1]","[0.0034351542126387358, 0.2520786225795746, 0.29309946298599243, 0.06216062977910042, 0.004692448768764734, 0.1960090696811676, 0.23519012331962585, 0.042328618466854095, 0.08700424432754517, 0.10236412286758423, 1.2185702323913574, 0.20063534379005432, 0.07460108399391174, 0.7004862427711487, 1.436513066291809, 0.8795446157455444, 0.9643401503562927, 0.0012389817275106907, 0.08094550669193268, 0.0008850579615682364, 1.1565022468566895, 0.2788703441619873, 0.4127808213233948, 0.026606019586324692, 0.0221970584243536, 0.10395852476358414, 0.763992190361023, 0.8914821147918701, 0.5649092197418213, 0.06582622975111008, 0.15231263637542725, 0.9597073197364807, 0.7284076809883118, 0.02587221749126911, 0.003319668350741267, 0.05138841271400452, 0.10307189077138901, 0.800267219543457, 1.4676940441131592, 0.024123843759298325, 0.2152055948972702, 0.008321840316057205, 0.20256568491458893, 0.4866141676902771, 0.8074625730514526, 0.008957132697105408, 0.6713286638259888, 0.0016116031911224127, 0.6282325983047485, 0.038442760705947876, 0.7358324527740479, 0.027102334424853325, 0.1780223399400711, 0.007901675999164581, 1.0692559480667114, 0.10335257649421692, 0.2717673182487488, 0.06922423839569092, 0.11111259460449219, 0.015190489590168, 0.2793900966644287, 0.7383095026016235, 0.3447128236293793, 0.034581657499074936]"
75,4800,4864,64,0.984375,0.38861387968063354,clean_mnist,0.078125,0.09375,0.109375,0.0625,0.125,0.09375,0.109375,0.109375,0.125,0.09375,0.14053653180599213,0.23084303736686707,12.112516403198242,13.917165756225586,18.90625,21.4375,"[6, 5, 4, 8, 0, 2, 7, 1, 3, 7, 1, 9, 4, 1, 5, 1, 9, 6, 6, 2, 5, 1, 4, 3, 9, 8, 9, 6, 6, 4, 9, 9, 7, 4, 8, 2, 3, 4, 4, 4, 7, 6, 7, 2, 5, 5, 2, 5, 8, 0, 3, 2, 0, 8, 0, 0, 2, 6, 7, 8, 8, 1, 8, 7]","[6, 5, 4, 8, 0, 2, 7, 1, 3, 7, 1, 9, 4, 1, 8, 1, 9, 6, 6, 2, 5, 1, 4, 3, 9, 8, 9, 6, 6, 4, 9, 9, 7, 4, 8, 2, 3, 4, 4, 4, 7, 6, 7, 2, 5, 5, 2, 5, 8, 0, 3, 2, 0, 8, 0, 0, 2, 6, 7, 8, 8, 1, 8, 7]","[0.3522990643978119, 0.9987295269966125, 0.48956298828125, 0.9920052886009216, 0.3343452215194702, 0.9158371686935425, 0.8898205757141113, 0.9747378826141357, 0.999510645866394, 0.9462771415710449, 0.9874916076660156, 0.9915215969085693, 0.41876932978630066, 0.47899261116981506, 0.37287014722824097, 0.6014655828475952, 0.8311351537704468, 0.9935317635536194, 0.7308976650238037, 0.9974199533462524, 0.5528088808059692, 0.9811440706253052, 0.8994729518890381, 0.999885082244873, 0.7600155472755432, 0.935934841632843, 0.947055459022522, 0.8781123161315918, 0.8847131133079529, 0.9989522695541382, 0.9814487099647522, 0.9870166182518005, 0.9789412021636963, 0.9685531854629517, 0.5864701271057129, 0.9999942779541016, 0.9732522368431091, 0.9947609305381775, 0.7309026122093201, 0.9995495676994324, 0.9678249359130859, 0.99989914894104, 0.6620501279830933, 0.9827932119369507, 0.9942065477371216, 0.9950839877128601, 0.9469083547592163, 0.9550966620445251, 0.8249260783195496, 0.8790595531463623, 0.9983731508255005, 0.9666157960891724, 0.9305503368377686, 0.9923424124717712, 0.973443329334259, 0.7094138860702515, 0.9994977712631226, 0.99973064661026, 0.9954947233200073, 0.9927288889884949, 0.9625657200813293, 0.8610822558403015, 0.9869373440742493, 0.9949289560317993]","[1, 1, 1, 1, 1, 1, 1, 1, 1, 1, 1, 1, 1, 1, 0, 1, 1, 1, 1, 1, 1, 1, 1, 1, 1, 1, 1, 1, 1, 1, 1, 1, 1, 1, 1, 1, 1, 1, 1, 1, 1, 1, 1, 1, 1, 1, 1, 1, 1, 1, 1, 1, 1, 1, 1, 1, 1, 1, 1, 1, 1, 1, 1, 1]","[1.3304169178009033, 0.011182723566889763, 1.1516700983047485, 0.054005663841962814, 1.6944674253463745, 0.3499894142150879, 0.5385355353355408, 0.16091422736644745, 0.0046079084277153015, 0.3026531934738159, 0.07699105888605118, 0.0602937713265419, 1.4584859609603882, 1.3023924827575684, 1.2311283349990845, 1.4042340517044067, 0.6102368235588074, 0.04582999646663666, 1.018083930015564, 0.01922718435525894, 0.7457561492919922, 0.11366308480501175, 0.4373472034931183, 0.0013410720275714993, 0.713451087474823, 0.33788949251174927, 0.2838006913661957, 0.4451287090778351, 0.44217342138290405, 0.009206386283040047, 0.11920364946126938, 0.08871553093194962, 0.11750274896621704, 0.16667689383029938, 1.341597080230713, 8.16482279333286e-05, 0.1560889184474945, 0.0362088643014431, 0.6453408598899841, 0.004539316054433584, 0.1729741096496582, 0.001191074145026505, 0.9285117387771606, 0.10953904688358307, 0.04229700192809105, 0.03522907942533493, 0.26497578620910645, 0.20045128464698792, 0.7225378155708313, 0.5316045880317688, 0.013033900409936905, 0.1580706089735031, 0.3389839231967926, 0.05271323770284653, 0.17081083357334137, 1.0610133409500122, 0.004685128573328257, 0.00268810847774148, 0.03308403491973877, 0.049048855900764465, 0.22374044358730316, 0.6068111658096313, 0.08255443722009659, 0.03367781266570091]"
76,4864,4928,64,0.984375,0.3881671130657196,clean_mnist,0.109375,0.109375,0.046875,0.140625,0.078125,0.046875,0.140625,0.15625,0.0625,0.109375,0.1379161924123764,0.2304830700159073,12.044788360595703,13.952531814575195,18.8125,21.234375,"[3, 1, 3, 6, 3, 7, 0, 6, 1, 8, 4, 7, 7, 4, 3, 9, 2, 3, 6, 3, 1, 5, 6, 8, 7, 0, 4, 3, 0, 7, 9, 9, 4, 7, 3, 7, 1, 9, 9, 1, 7, 6, 0, 7, 5, 8, 6, 0, 9, 1, 2, 2, 9, 3, 0, 4, 1, 5, 6, 6, 6, 7, 0, 8]","[3, 1, 3, 6, 3, 7, 0, 6, 1, 8, 4, 7, 7, 4, 3, 9, 2, 3, 6, 3, 1, 5, 6, 8, 7, 0, 4, 3, 0, 7, 9, 9, 4, 7, 3, 7, 1, 9, 9, 1, 7, 6, 0, 7, 5, 8, 6, 0, 9, 1, 2, 2, 9, 3, 0, 4, 1, 5, 6, 6, 1, 7, 0, 8]","[0.9999278783798218, 0.9974300265312195, 0.9970476031303406, 0.9999547004699707, 0.9987932443618774, 0.992049515247345, 0.4196065366268158, 0.9993599057197571, 0.837239146232605, 0.762852668762207, 0.4944463074207306, 0.9943386912345886, 0.8779203295707703, 0.9954214692115784, 0.9845239520072937, 0.9833975434303284, 0.9911792874336243, 0.9999979734420776, 0.9821848273277283, 0.9996999502182007, 0.9093852639198303, 0.9955678582191467, 0.9646496772766113, 0.661217212677002, 0.9998997449874878, 0.926369845867157, 0.901195764541626, 0.9999849796295166, 0.9526271820068359, 0.9989001750946045, 0.4867875874042511, 0.9989712238311768, 0.9689933061599731, 0.9970393776893616, 0.9590151309967041, 0.9979331493377686, 0.20416565239429474, 0.9979148507118225, 0.9758163094520569, 0.8087088465690613, 0.7064056396484375, 0.9991052746772766, 0.6916197538375854, 0.9610210061073303, 0.9958683252334595, 0.48523107171058655, 0.9185591340065002, 0.6380487680435181, 0.9914235472679138, 0.9724336862564087, 0.9907358288764954, 0.8722442984580994, 0.9913286566734314, 0.9999967813491821, 0.3691246211528778, 0.9949849843978882, 0.28959041833877563, 0.9994298815727234, 0.9873039126396179, 0.999187171459198, 0.32655832171440125, 0.9497858285903931, 0.9147804379463196, 0.9113815426826477]","[1, 1, 1, 1, 1, 1, 1, 1, 1, 1, 1, 1, 1, 1, 1, 1, 1, 1, 1, 1, 1, 1, 1, 1, 1, 1, 1, 1, 1, 1, 1, 1, 1, 1, 1, 1, 1, 1, 1, 1, 1, 1, 1, 1, 1, 1, 1, 1, 1, 1, 1, 1, 1, 1, 1, 1, 1, 1, 1, 1, 0, 1, 1, 1]","[0.0007968198042362928, 0.021362824365496635, 0.020732920616865158, 0.000568591000046581, 0.01119387336075306, 0.05181961506605148, 1.5098717212677002, 0.006316075567156076, 0.6902515292167664, 0.761418879032135, 0.7540923357009888, 0.036626335233449936, 0.5284550786018372, 0.03105456382036209, 0.09168195724487305, 0.10994268953800201, 0.06151837483048439, 3.085120624746196e-05, 0.11165893077850342, 0.0030729323625564575, 0.447890967130661, 0.030430875718593597, 0.16773289442062378, 1.09431791305542, 0.00118065788410604, 0.3714507222175598, 0.4182559847831726, 0.0002032638731179759, 0.25869789719581604, 0.0093957195058465, 1.05235755443573, 0.009715991094708443, 0.17135624587535858, 0.024973087012767792, 0.22794705629348755, 0.016810409724712372, 2.2520222663879395, 0.018633119761943817, 0.15361130237579346, 0.8301607966423035, 0.9862737655639648, 0.007998347282409668, 1.0059393644332886, 0.20020921528339386, 0.031197629868984222, 1.2649368047714233, 0.36750686168670654, 1.0487258434295654, 0.05756920203566551, 0.17315298318862915, 0.058423563838005066, 0.5621094703674316, 0.06270001828670502, 4.724986865767278e-05, 1.8049002885818481, 0.03558050096035004, 2.135164737701416, 0.005296338815242052, 0.08306135982275009, 0.00729250255972147, 1.5138541460037231, 0.2720404267311096, 0.43593305349349976, 0.36317044496536255]"
77,4928,4992,64,0.921875,0.5097624063491821,clean_mnist,0.078125,0.1875,0.03125,0.09375,0.0625,0.125,0.078125,0.125,0.0625,0.15625,0.12098090350627899,0.21586765348911285,12.05687427520752,14.036919593811035,17.828125,21.140625,"[7, 9, 6, 0, 9, 1, 5, 9, 9, 3, 2, 4, 5, 5, 1, 6, 1, 7, 7, 8, 5, 9, 1, 0, 4, 1, 4, 9, 3, 3, 1, 4, 1, 5, 0, 6, 7, 7, 3, 8, 3, 5, 8, 1, 1, 9, 5, 9, 1, 7, 1, 1, 6, 0, 8, 9, 7, 0, 2, 5, 3, 9, 6, 7]","[7, 9, 6, 0, 9, 1, 6, 2, 9, 3, 2, 4, 5, 5, 1, 6, 1, 7, 7, 8, 5, 9, 1, 0, 4, 1, 4, 2, 3, 3, 1, 4, 1, 5, 0, 6, 7, 7, 3, 8, 9, 5, 1, 1, 1, 9, 5, 9, 1, 7, 1, 1, 6, 0, 8, 9, 7, 0, 2, 5, 3, 9, 6, 7]","[0.9751700758934021, 0.9914644360542297, 0.99346923828125, 0.4869588315486908, 0.786381185054779, 0.798340916633606, 0.9518407583236694, 0.45073187351226807, 0.9982016086578369, 0.9999983310699463, 0.8788921236991882, 0.7450031638145447, 0.9987055063247681, 0.9249216318130493, 0.42164817452430725, 0.9073382616043091, 0.9987875819206238, 0.6040711402893066, 0.8171114325523376, 0.9852828979492188, 0.9961262345314026, 0.9987257122993469, 0.658699095249176, 0.9513055086135864, 0.47573980689048767, 0.9889910221099854, 0.7529295086860657, 0.5480514168739319, 0.9999933242797852, 0.9999924898147583, 0.9073012471199036, 0.6985830664634705, 0.7176185846328735, 0.9344993233680725, 0.9084118008613586, 0.9540354013442993, 0.4156864881515503, 0.9995593428611755, 0.9998155236244202, 0.9845572710037231, 0.8000384569168091, 0.9998329877853394, 0.6876901388168335, 0.46445298194885254, 0.7110065817832947, 0.9969099164009094, 0.9926153421401978, 0.9576062560081482, 0.7750117778778076, 0.9893856048583984, 0.48770585656166077, 0.6086744070053101, 0.8887859582901001, 0.9793469309806824, 0.8160427808761597, 0.9093614816665649, 0.999947190284729, 0.48695409297943115, 0.6564773321151733, 0.9989334940910339, 0.9999051094055176, 0.9781460762023926, 0.9118959307670593, 0.9776221513748169]","[1, 1, 1, 1, 1, 1, 0, 0, 1, 1, 1, 1, 1, 1, 1, 1, 1, 1, 1, 1, 1, 1, 1, 1, 1, 1, 1, 0, 1, 1, 1, 1, 1, 1, 1, 1, 1, 1, 1, 1, 0, 1, 0, 1, 1, 1, 1, 1, 1, 1, 1, 1, 1, 1, 1, 1, 1, 1, 1, 1, 1, 1, 1, 1]","[0.1503068506717682, 0.05881761759519577, 0.04746491461992264, 1.463783860206604, 0.7461623549461365, 0.8591426610946655, 0.23229746520519257, 1.213745355606079, 0.015445476397871971, 2.682249396457337e-05, 0.4022144377231598, 0.7859376668930054, 0.011398106813430786, 0.33839932084083557, 1.877540946006775, 0.3554479777812958, 0.011608646251261234, 0.7006856799125671, 0.5636820793151855, 0.0933440774679184, 0.026608876883983612, 0.01134367473423481, 1.1698614358901978, 0.2792493999004364, 1.3702969551086426, 0.07943060994148254, 0.5924562811851501, 0.9222341775894165, 9.675903129391372e-05, 0.00010702960571506992, 0.4107656180858612, 0.9193642735481262, 1.1102159023284912, 0.3072883188724518, 0.44345009326934814, 0.20802587270736694, 1.4125114679336548, 0.003944864496588707, 0.002023509470745921, 0.10258399695158005, 0.6378380656242371, 0.001743519096635282, 1.0817110538482666, 1.619995355606079, 1.1445022821426392, 0.025554092600941658, 0.050401363521814346, 0.20879536867141724, 0.8549503087997437, 0.07564233243465424, 1.6751402616500854, 1.4827148914337158, 0.48707929253578186, 0.13975775241851807, 0.7739230990409851, 0.44867104291915894, 0.0006490841624327004, 1.2675718069076538, 0.6931894421577454, 0.009721045382320881, 0.0010554903419688344, 0.12294122576713562, 0.3817625343799591, 0.1401742845773697]"
78,4992,5056,64,0.828125,0.4970824718475342,clean_mnist,0.109375,0.109375,0.03125,0.140625,0.0625,0.046875,0.09375,0.109375,0.171875,0.125,0.1311609148979187,0.22313076257705688,12.039730072021484,13.853529930114746,18.21875,21.453125,"[8, 1, 3, 7, 3, 3, 1, 2, 7, 3, 9, 6, 1, 8, 1, 0, 9, 8, 0, 3, 1, 3, 7, 0, 2, 9, 6, 0, 8, 6, 7, 1, 9, 7, 6, 5, 9, 8, 8, 3, 4, 4, 8, 7, 3, 6, 9, 6, 5, 3, 0, 8, 9, 9, 4, 4, 0, 7, 8, 1, 5, 0, 8, 8]","[8, 1, 0, 7, 3, 2, 1, 2, 7, 3, 4, 6, 1, 8, 1, 0, 9, 8, 0, 3, 1, 2, 7, 0, 2, 9, 6, 0, 1, 6, 7, 1, 9, 7, 6, 5, 5, 8, 8, 3, 4, 4, 8, 7, 3, 6, 4, 6, 6, 3, 8, 8, 9, 9, 4, 4, 0, 7, 8, 1, 0, 0, 1, 8]","[0.9584870934486389, 0.9989864230155945, 0.8028182983398438, 0.994838297367096, 0.9999986886978149, 0.6406236290931702, 0.789678692817688, 0.9966302514076233, 0.8012136816978455, 0.9999426603317261, 0.8506024479866028, 0.9585517048835754, 0.6131982803344727, 0.9179694056510925, 0.7435205578804016, 0.9159833192825317, 0.908893883228302, 0.8126373887062073, 0.9778329730033875, 0.9999399185180664, 0.9463297128677368, 0.8788385391235352, 0.9972324967384338, 0.6484630107879639, 0.999491810798645, 0.9260197281837463, 0.9852504134178162, 0.736688494682312, 0.19775235652923584, 0.951008677482605, 0.7627201676368713, 0.6934931874275208, 0.8873726725578308, 0.9554027318954468, 0.9264289736747742, 0.9994046688079834, 0.7149260640144348, 0.9828177690505981, 0.48579832911491394, 0.999996542930603, 0.5601902604103088, 0.8318706750869751, 0.9850998520851135, 0.8327937126159668, 0.9998564720153809, 0.9741795063018799, 0.6375772953033447, 0.5520645976066589, 0.5491337776184082, 0.9999942779541016, 0.33646446466445923, 0.9986012578010559, 0.9368563294410706, 0.995991051197052, 0.7004132866859436, 0.9040892124176025, 0.6096164584159851, 0.9984246492385864, 0.9090262651443481, 0.9361819624900818, 0.4660310745239258, 0.9580182433128357, 0.5487949848175049, 0.9951750040054321]","[1, 1, 0, 1, 1, 0, 1, 1, 1, 1, 0, 1, 1, 1, 1, 1, 1, 1, 1, 1, 1, 0, 1, 1, 1, 1, 1, 1, 0, 1, 1, 1, 1, 1, 1, 1, 0, 1, 1, 1, 1, 1, 1, 1, 1, 1, 0, 1, 0, 1, 0, 1, 1, 1, 1, 1, 1, 1, 1, 1, 0, 1, 0, 1]","[0.24033963680267334, 0.009756309911608696, 0.838463306427002, 0.037936702370643616, 2.0456924175960012e-05, 0.73525071144104, 0.8560741543769836, 0.024851074442267418, 0.5887045860290527, 0.0006718380027450621, 0.4890482425689697, 0.23993214964866638, 1.4869005680084229, 0.35870063304901123, 0.9155383706092834, 0.43333935737609863, 0.3974047899246216, 0.5322182178497314, 0.1349576860666275, 0.0007233552169054747, 0.3036278486251831, 0.5017754435539246, 0.020333169028162956, 1.188481330871582, 0.004970593843609095, 0.378587543964386, 0.09774092584848404, 0.8913919925689697, 1.9648891687393188, 0.2778019309043884, 0.7794625759124756, 1.2341432571411133, 0.46333345770835876, 0.2472965568304062, 0.35356107354164124, 0.005170818418264389, 0.6484405994415283, 0.09516817331314087, 1.13591730594635, 5.2663595852209255e-05, 1.2569798231124878, 0.4812966585159302, 0.09913413226604462, 0.7177818417549133, 0.0015436391113325953, 0.14735296368598938, 0.8065991401672363, 0.8387261033058167, 0.7088170647621155, 8.291032281704247e-05, 1.5501917600631714, 0.01195020042359829, 0.2774437367916107, 0.03116573952138424, 0.8763862252235413, 0.44815927743911743, 1.3511234521865845, 0.012419914826750755, 0.4517231583595276, 0.3550836741924286, 1.1017422676086426, 0.25043052434921265, 1.0904045104980469, 0.03376297280192375]"
79,5056,5120,64,0.90625,0.41306352615356445,clean_mnist,0.109375,0.109375,0.0625,0.15625,0.15625,0.140625,0.0625,0.078125,0.0625,0.0625,0.1388402283191681,0.23612745106220245,12.05555534362793,14.06534194946289,19.78125,21.03125,"[5, 7, 1, 7, 5, 5, 9, 9, 4, 3, 5, 3, 7, 4, 6, 6, 0, 1, 0, 1, 2, 4, 5, 5, 3, 5, 0, 0, 5, 4, 3, 8, 3, 7, 1, 4, 3, 9, 2, 3, 0, 3, 6, 6, 7, 4, 3, 3, 2, 4, 9, 1, 0, 5, 1, 4, 8, 2, 1, 0, 8, 4, 4, 8]","[5, 7, 1, 7, 5, 5, 9, 9, 4, 2, 5, 3, 7, 4, 6, 6, 0, 1, 0, 1, 2, 4, 8, 5, 3, 5, 0, 0, 6, 4, 3, 8, 3, 7, 1, 4, 3, 9, 2, 2, 0, 3, 6, 6, 7, 4, 3, 2, 2, 4, 9, 1, 0, 5, 2, 4, 8, 2, 1, 0, 8, 4, 4, 8]","[0.9735046625137329, 0.8372865915298462, 0.5024018287658691, 0.9491241574287415, 0.9930633902549744, 0.9994470477104187, 0.7406954765319824, 0.9410215020179749, 0.9820649027824402, 0.7913512587547302, 0.9938165545463562, 0.9999762773513794, 0.7492397427558899, 0.9997708201408386, 0.9983049631118774, 0.998671293258667, 0.7399717569351196, 0.9983611702919006, 0.7793427109718323, 0.9999492168426514, 0.9244470596313477, 0.9986056685447693, 0.5545006394386292, 0.9971416592597961, 0.9997270703315735, 0.9970530271530151, 0.7642731070518494, 0.38812845945358276, 0.38930365443229675, 0.8870639204978943, 0.9999361038208008, 0.978082537651062, 0.9141928553581238, 0.9915083646774292, 0.9248037338256836, 0.9897710084915161, 0.9997181296348572, 0.9800810813903809, 0.9684375524520874, 0.9174874424934387, 0.6451692581176758, 0.9982616305351257, 0.4594549834728241, 0.9742985367774963, 0.9960973858833313, 0.777742862701416, 0.9999797344207764, 0.960133969783783, 0.8702217936515808, 0.4717611074447632, 0.9986227750778198, 0.9860077500343323, 0.9395158290863037, 0.9993919134140015, 0.39708977937698364, 0.9429543018341064, 0.8910171985626221, 0.9268386363983154, 0.8656498193740845, 0.8456846475601196, 0.9995995163917542, 0.9162207245826721, 0.5908929109573364, 0.99073725938797]","[1, 1, 1, 1, 1, 1, 1, 1, 1, 0, 1, 1, 1, 1, 1, 1, 1, 1, 1, 1, 1, 1, 0, 1, 1, 1, 1, 1, 0, 1, 1, 1, 1, 1, 1, 1, 1, 1, 1, 0, 1, 1, 1, 1, 1, 1, 1, 0, 1, 1, 1, 1, 1, 1, 0, 1, 1, 1, 1, 1, 1, 1, 1, 1]","[0.12451358884572983, 0.6890220642089844, 1.6705750226974487, 0.25508546829223633, 0.045336928218603134, 0.005342811346054077, 0.9501707553863525, 0.3111739754676819, 0.09510054439306259, 0.8167896866798401, 0.04091351479291916, 0.00030119152506813407, 1.0113413333892822, 0.00229418883100152, 0.014875639230012894, 0.011037858203053474, 0.7093231678009033, 0.01461141835898161, 0.890214204788208, 0.0006282354588620365, 0.28622910380363464, 0.011039037257432938, 0.8306167125701904, 0.021643027663230896, 0.0026312866248190403, 0.024005133658647537, 0.9245503544807434, 1.5806456804275513, 1.4660226106643677, 0.5574806332588196, 0.0007396168075501919, 0.11729128658771515, 0.3946616053581238, 0.0584743469953537, 0.37427055835723877, 0.06296732276678085, 0.0028312632348388433, 0.1188238263130188, 0.17922565340995789, 0.38774409890174866, 1.1667087078094482, 0.014889993704855442, 1.2920650243759155, 0.16007713973522186, 0.03146679699420929, 0.8086806535720825, 0.0002574642130639404, 0.20456749200820923, 0.5575080513954163, 1.244820237159729, 0.011645804159343243, 0.10010448843240738, 0.3191136419773102, 0.005572877358645201, 1.664162039756775, 0.3114636242389679, 0.5323119163513184, 0.3594815731048584, 0.6742621064186096, 0.5692486763000488, 0.004138672724366188, 0.4325077533721924, 0.8515305519104004, 0.0589350201189518]"
80,5120,5184,64,0.84375,0.4144936203956604,clean_mnist,0.078125,0.109375,0.078125,0.1875,0.078125,0.078125,0.09375,0.09375,0.0625,0.140625,0.13758721947669983,0.23239590227603912,12.07844352722168,13.889549255371094,19.859375,20.921875,"[0, 6, 9, 1, 6, 9, 5, 3, 1, 3, 9, 0, 1, 9, 9, 2, 3, 9, 4, 3, 8, 6, 9, 3, 3, 6, 7, 0, 3, 1, 4, 2, 3, 3, 0, 4, 2, 5, 5, 6, 3, 7, 3, 8, 5, 9, 2, 0, 1, 1, 8, 2, 9, 3, 7, 4, 1, 5, 7, 6, 4, 7, 7, 8]","[0, 6, 4, 1, 4, 9, 6, 3, 1, 2, 9, 0, 1, 0, 4, 2, 9, 9, 4, 3, 8, 6, 9, 3, 0, 6, 7, 0, 3, 1, 4, 2, 3, 3, 0, 4, 2, 5, 5, 6, 3, 7, 2, 8, 5, 9, 2, 0, 1, 1, 8, 2, 9, 3, 1, 4, 1, 5, 7, 6, 4, 7, 7, 8]","[0.8871972560882568, 0.9927287101745605, 0.7314214110374451, 0.46474066376686096, 0.3589581251144409, 0.9889329671859741, 0.9084498882293701, 0.9987316727638245, 0.9971357583999634, 0.9674822688102722, 0.9984757304191589, 0.9829020500183105, 0.38188880681991577, 0.695530116558075, 0.4839017987251282, 0.9968666434288025, 0.5598899126052856, 0.9472891092300415, 0.5884114503860474, 0.9999983310699463, 0.9142487645149231, 0.8977480530738831, 0.9976772665977478, 0.9983395338058472, 0.8327376246452332, 0.9947624802589417, 0.9936709403991699, 0.9891721606254578, 0.8506984114646912, 0.7502799034118652, 0.9876757860183716, 0.9846081137657166, 0.9991496801376343, 0.9999916553497314, 0.545555830001831, 0.9809446334838867, 0.991659939289093, 0.9957927465438843, 0.9807267785072327, 0.9994930028915405, 0.9997566342353821, 0.9996373653411865, 0.6080887317657471, 0.9994090795516968, 0.9919472336769104, 0.9898995757102966, 0.9934319853782654, 0.9653303623199463, 0.3155023157596588, 0.6930906176567078, 0.4203060567378998, 0.8599399328231812, 0.9902486205101013, 0.9965657591819763, 0.259805291891098, 0.9765310883522034, 0.9795454740524292, 0.9938443899154663, 0.9977591037750244, 0.9972453117370605, 0.5999945402145386, 0.8692270517349243, 0.9688445925712585, 0.9995494484901428]","[1, 1, 0, 1, 0, 1, 0, 1, 1, 0, 1, 1, 1, 0, 0, 1, 0, 1, 1, 1, 1, 1, 1, 1, 0, 1, 1, 1, 1, 1, 1, 1, 1, 1, 1, 1, 1, 1, 1, 1, 1, 1, 0, 1, 1, 1, 1, 1, 1, 1, 1, 1, 1, 1, 0, 1, 1, 1, 1, 1, 1, 1, 1, 1]","[0.5275111794471741, 0.0509520024061203, 0.7712940573692322, 1.835353136062622, 1.8592228889465332, 0.07410874962806702, 0.39772042632102966, 0.01069454476237297, 0.024692118167877197, 0.16195426881313324, 0.01319266576319933, 0.1057678833603859, 1.6092473268508911, 1.0054446458816528, 1.0884357690811157, 0.022863337770104408, 1.0196794271469116, 0.2927940785884857, 1.0785597562789917, 2.5273051505791955e-05, 0.3754219114780426, 0.3802264630794525, 0.019483759999275208, 0.013540727086365223, 0.7588775157928467, 0.03797011822462082, 0.0463976226747036, 0.07506639510393143, 0.5827434062957764, 1.0837984085083008, 0.07977339625358582, 0.09214181452989578, 0.007329299580305815, 0.00011818935308838263, 1.0238585472106934, 0.12308569252490997, 0.05626039206981659, 0.02933988720178604, 0.11194802820682526, 0.004917191807180643, 0.002568755066022277, 0.0036826857831329107, 0.6829882264137268, 0.005955678876489401, 0.05039801076054573, 0.06217047572135925, 0.05055873841047287, 0.19440513849258423, 1.6691869497299194, 1.2441699504852295, 1.319812536239624, 0.5344622731208801, 0.06739003211259842, 0.025973711162805557, 1.8899550437927246, 0.14024510979652405, 0.13130931556224823, 0.042378026992082596, 0.0187155120074749, 0.021251408383250237, 0.8003571629524231, 0.5342010259628296, 0.17945139110088348, 0.004193332511931658]"
81,5184,5248,64,0.96875,0.41521045565605164,clean_mnist,0.125,0.140625,0.09375,0.09375,0.046875,0.0625,0.09375,0.078125,0.125,0.140625,0.13594859838485718,0.2322501540184021,12.152063369750977,14.011964797973633,19.203125,21.265625,"[3, 9, 3, 0, 5, 1, 3, 2, 8, 3, 0, 4, 0, 7, 4, 8, 8, 9, 0, 0, 1, 8, 7, 3, 9, 9, 5, 5, 9, 6, 7, 8, 8, 4, 6, 9, 8, 1, 6, 7, 9, 1, 6, 2, 0, 9, 6, 6, 2, 9, 1, 1, 2, 1, 3, 1, 5, 2, 7, 8, 0, 1, 0, 2]","[3, 9, 3, 0, 5, 1, 3, 2, 0, 3, 0, 4, 0, 7, 4, 8, 8, 9, 0, 0, 1, 8, 7, 3, 9, 9, 5, 5, 9, 6, 7, 8, 2, 4, 6, 9, 8, 1, 6, 7, 9, 1, 6, 2, 0, 9, 6, 6, 2, 9, 1, 1, 2, 1, 3, 1, 5, 2, 7, 8, 0, 1, 0, 2]","[0.9998685121536255, 0.5894385576248169, 0.9994471669197083, 0.9711454510688782, 0.6791673898696899, 0.6609873175621033, 0.99988853931427, 0.9940027594566345, 0.6080663204193115, 0.9999974966049194, 0.38908159732818604, 0.9906506538391113, 0.3081609308719635, 0.9996106028556824, 0.9535012245178223, 0.9951560497283936, 0.7611641883850098, 0.9934828877449036, 0.9468792676925659, 0.7213867902755737, 0.616133451461792, 0.9949693083763123, 0.9887877106666565, 0.9995651841163635, 0.7635343074798584, 0.9952152967453003, 0.9990678429603577, 0.9225258827209473, 0.945321261882782, 0.9919929504394531, 0.9784935116767883, 0.9931095838546753, 0.8521872758865356, 0.9402368664741516, 0.5009718537330627, 0.902503252029419, 0.9351493716239929, 0.9956033229827881, 0.9987412095069885, 0.9990220069885254, 0.4408533275127411, 0.6086469292640686, 0.9706844091415405, 0.9747523069381714, 0.9657432436943054, 0.9998657703399658, 0.9833473563194275, 0.9994383454322815, 0.8317670822143555, 0.9973549842834473, 0.2765480577945709, 0.9766071438789368, 0.9738701581954956, 0.7728949189186096, 0.9964399933815002, 0.8153880834579468, 0.9969942569732666, 0.9988129138946533, 0.9760854244232178, 0.9943952560424805, 0.9967820644378662, 0.8335276246070862, 0.9323586821556091, 0.8868997097015381]","[1, 1, 1, 1, 1, 1, 1, 1, 0, 1, 1, 1, 1, 1, 1, 1, 1, 1, 1, 1, 1, 1, 1, 1, 1, 1, 1, 1, 1, 1, 1, 1, 0, 1, 1, 1, 1, 1, 1, 1, 1, 1, 1, 1, 1, 1, 1, 1, 1, 1, 1, 1, 1, 1, 1, 1, 1, 1, 1, 1, 1, 1, 1, 1]","[0.001535905059427023, 0.7104658484458923, 0.004849595483392477, 0.17904934287071228, 0.848243236541748, 1.3552839756011963, 0.0013137194328010082, 0.04230047017335892, 0.9431174397468567, 3.74919873138424e-05, 1.8543599843978882, 0.06609924882650375, 1.7894718647003174, 0.0038718723226338625, 0.2684193253517151, 0.03402235358953476, 0.9375717639923096, 0.04437914118170738, 0.30442386865615845, 1.004048466682434, 1.4314861297607422, 0.03452744707465172, 0.07927437871694565, 0.00426566181704402, 0.8843950629234314, 0.035071879625320435, 0.008187338709831238, 0.37096646428108215, 0.2810308635234833, 0.05827123299241066, 0.11344408988952637, 0.05088565871119499, 0.600676953792572, 0.2681780159473419, 0.8449015021324158, 0.37910476326942444, 0.3090156316757202, 0.03623388335108757, 0.011222714558243752, 0.0085980873554945, 1.539130687713623, 1.5105868577957153, 0.17030955851078033, 0.12571290135383606, 0.19370460510253906, 0.001524615683592856, 0.09914280474185944, 0.005088096018880606, 0.6572951674461365, 0.021471476182341576, 2.131988048553467, 0.15495039522647858, 0.14799071848392487, 0.9885783791542053, 0.026762180030345917, 0.7827129364013672, 0.02219361811876297, 0.010711354203522205, 0.13662876188755035, 0.0398297980427742, 0.02792462147772312, 0.7341792583465576, 0.35567620396614075, 0.48677316308021545]"
82,5248,5312,64,0.96875,0.325702965259552,clean_mnist,0.125,0.09375,0.109375,0.078125,0.078125,0.09375,0.125,0.15625,0.09375,0.046875,0.1330176591873169,0.2343805581331253,12.018380165100098,14.142777442932129,20.046875,20.5,"[8, 0, 2, 7, 3, 7, 5, 5, 1, 8, 2, 2, 5, 9, 1, 8, 7, 4, 0, 6, 0, 7, 3, 1, 0, 6, 6, 0, 9, 3, 4, 6, 7, 8, 9, 7, 3, 0, 0, 4, 3, 2, 6, 7, 5, 4, 6, 4, 8, 2, 0, 8, 7, 1, 7, 5, 1, 1, 2, 2, 7, 5, 6, 6]","[8, 0, 2, 7, 3, 7, 5, 5, 1, 8, 2, 2, 6, 9, 1, 8, 7, 4, 0, 6, 0, 7, 3, 1, 0, 6, 6, 0, 9, 3, 4, 6, 7, 8, 9, 7, 3, 0, 0, 4, 0, 2, 6, 7, 5, 4, 6, 4, 8, 2, 0, 8, 7, 1, 7, 5, 1, 1, 2, 2, 7, 5, 6, 6]","[0.9924349188804626, 0.9949706196784973, 0.903184711933136, 0.9996206760406494, 0.9952890872955322, 0.8104248046875, 0.9828421473503113, 0.9992393255233765, 0.6142920851707458, 0.9978411197662354, 0.9862622022628784, 0.9972641468048096, 0.869052529335022, 0.8716694116592407, 0.6708500981330872, 0.7700632214546204, 0.9684553146362305, 0.9893715381622314, 0.4603521525859833, 0.995317816734314, 0.9465874433517456, 0.8755713105201721, 0.9999667406082153, 0.9998121857643127, 0.8252101540565491, 0.9996708631515503, 0.9238757491111755, 0.945297122001648, 0.9582452178001404, 0.9998676776885986, 0.5333790183067322, 0.9986796975135803, 0.9282370209693909, 0.9977319240570068, 0.9922142624855042, 0.9941397905349731, 0.9979123473167419, 0.9566028118133545, 0.3840135335922241, 0.9771149158477783, 0.28098952770233154, 0.9789493083953857, 0.9925951361656189, 0.9881592988967896, 0.9932461977005005, 0.9910213351249695, 0.9915726184844971, 0.9172340631484985, 0.9782002568244934, 0.9920801520347595, 0.681850790977478, 0.9363223314285278, 0.9954667091369629, 0.9403596520423889, 0.9829765558242798, 0.9987087249755859, 0.7928505539894104, 0.9380261898040771, 0.8215500712394714, 0.9922378659248352, 0.9507156610488892, 0.9950017333030701, 0.5875941514968872, 0.9992585778236389]","[1, 1, 1, 1, 1, 1, 1, 1, 1, 1, 1, 1, 0, 1, 1, 1, 1, 1, 1, 1, 1, 1, 1, 1, 1, 1, 1, 1, 1, 1, 1, 1, 1, 1, 1, 1, 1, 1, 1, 1, 0, 1, 1, 1, 1, 1, 1, 1, 1, 1, 1, 1, 1, 1, 1, 1, 1, 1, 1, 1, 1, 1, 1, 1]","[0.05293373391032219, 0.040953628718853, 0.3730164170265198, 0.003672658232972026, 0.03331593796610832, 0.7729985117912292, 0.09720947593450546, 0.006562812253832817, 1.193627953529358, 0.018573712557554245, 0.08197006583213806, 0.020975632593035698, 0.4997399151325226, 0.41532665491104126, 0.9186691045761108, 0.7797259092330933, 0.1838936060667038, 0.06774857640266418, 1.3216476440429688, 0.03685441613197327, 0.25834888219833374, 0.5070657134056091, 0.0004196287482045591, 0.002071457915008068, 0.7268765568733215, 0.003141282359138131, 0.36319953203201294, 0.3114493191242218, 0.228272944688797, 0.0013977419584989548, 1.5005989074707031, 0.011762402951717377, 0.3799724876880646, 0.01791198179125786, 0.053699884563684464, 0.03925344720482826, 0.017859455198049545, 0.2562384009361267, 1.5782698392868042, 0.1371157020330429, 1.733720064163208, 0.10793495178222656, 0.053077880293130875, 0.07575171440839767, 0.04575299844145775, 0.06207876279950142, 0.060995135456323624, 0.310173362493515, 0.12932786345481873, 0.055714190006256104, 1.0324088335037231, 0.27685195207595825, 0.03401922062039375, 0.33826106786727905, 0.08888247609138489, 0.010697982273995876, 0.7275155186653137, 0.3508691191673279, 0.6346452236175537, 0.05509987473487854, 0.275071918964386, 0.03645428270101547, 1.0284041166305542, 0.006938805337995291]"
83,5312,5376,64,0.9375,0.3777987062931061,clean_mnist,0.15625,0.0625,0.046875,0.15625,0.109375,0.03125,0.078125,0.109375,0.140625,0.109375,0.14980383217334747,0.2460872232913971,12.036211967468262,14.146163940429688,19.96875,21.234375,"[7, 4, 3, 3, 9, 0, 2, 0, 9, 0, 4, 3, 4, 7, 7, 0, 3, 6, 3, 4, 8, 8, 6, 8, 1, 3, 8, 9, 0, 9, 0, 8, 0, 2, 8, 7, 8, 7, 9, 1, 7, 0, 3, 1, 4, 2, 3, 3, 5, 4, 9, 5, 6, 6, 4, 7, 0, 8, 3, 9, 8, 0, 6, 1]","[7, 4, 2, 3, 9, 0, 2, 0, 9, 0, 4, 3, 4, 7, 7, 0, 3, 6, 0, 4, 3, 8, 6, 8, 1, 3, 8, 9, 0, 9, 0, 8, 0, 2, 8, 7, 8, 7, 9, 1, 7, 0, 3, 1, 4, 2, 3, 3, 8, 4, 9, 5, 6, 6, 4, 7, 0, 8, 3, 9, 8, 0, 6, 1]","[0.9557735919952393, 0.9380292296409607, 0.6875823736190796, 0.9949107766151428, 0.861081600189209, 0.918075680732727, 0.9999035596847534, 0.7492418885231018, 0.9511899352073669, 0.9364062547683716, 0.9305108189582825, 0.9993405938148499, 0.6072046160697937, 0.8556461930274963, 0.9995046854019165, 0.9994157552719116, 0.9995249509811401, 0.9965192079544067, 0.5292550325393677, 0.8958929181098938, 0.8619905114173889, 0.9886355400085449, 0.9233996868133545, 0.9851055145263672, 0.3114020526409149, 0.9999630451202393, 0.7541155815124512, 0.996650755405426, 0.8676473498344421, 0.9988056421279907, 0.9835792183876038, 0.9890697598457336, 0.8995913863182068, 0.9990739822387695, 0.9759345054626465, 0.9992275238037109, 0.9945970773696899, 0.9013180732727051, 0.8954533338546753, 0.5638702511787415, 0.9934452772140503, 0.9772002100944519, 0.9948638081550598, 0.9946808218955994, 0.5326091051101685, 0.9886453151702881, 0.9999947547912598, 0.9999886751174927, 0.8399006128311157, 0.9573734998703003, 0.9700999855995178, 0.9835079908370972, 0.9277594685554504, 0.9995132684707642, 0.5802128911018372, 0.9998495578765869, 0.7304878234863281, 0.9992164373397827, 0.8707956671714783, 0.4288095235824585, 0.7460874319076538, 0.9980060458183289, 0.9987894892692566, 0.8129346370697021]","[1, 1, 0, 1, 1, 1, 1, 1, 1, 1, 1, 1, 1, 1, 1, 1, 1, 1, 0, 1, 0, 1, 1, 1, 1, 1, 1, 1, 1, 1, 1, 1, 1, 1, 1, 1, 1, 1, 1, 1, 1, 1, 1, 1, 1, 1, 1, 1, 0, 1, 1, 1, 1, 1, 1, 1, 1, 1, 1, 1, 1, 1, 1, 1]","[0.21067486703395844, 0.3359692096710205, 0.7132231593132019, 0.03750918060541153, 0.5172221064567566, 0.42338067293167114, 0.001076779793947935, 0.8440414071083069, 0.23274222016334534, 0.34781891107559204, 0.26676878333091736, 0.00582176074385643, 1.0004971027374268, 0.5489729642868042, 0.004666602239012718, 0.005860579665750265, 0.004646596498787403, 0.024731554090976715, 1.3426926136016846, 0.5130014419555664, 0.6017073392868042, 0.07225582003593445, 0.3557310402393341, 0.08596301078796387, 2.0030720233917236, 0.0004607463488355279, 0.8369457125663757, 0.024427983909845352, 0.5354510545730591, 0.0103074312210083, 0.10707323998212814, 0.07009456306695938, 0.4849039316177368, 0.008327868767082691, 0.15232890844345093, 0.007175734732300043, 0.04051811993122101, 0.4305446147918701, 0.48361727595329285, 1.6054953336715698, 0.04831375181674957, 0.142670676112175, 0.039212074130773544, 0.04075818881392479, 1.2380659580230713, 0.06541053205728531, 7.16361973900348e-05, 0.00015696247282903641, 0.6620997190475464, 0.1926470696926117, 0.1696227788925171, 0.08599899709224701, 0.33453238010406494, 0.004620181396603584, 1.0423953533172607, 0.001631924300454557, 0.8415907621383667, 0.007571494672447443, 0.5744797587394714, 1.5327202081680298, 0.9793493747711182, 0.017550652846693993, 0.010794002562761307, 0.8491320610046387]"
84,5376,5440,64,1.0,0.22285400331020355,clean_mnist,0.03125,0.078125,0.140625,0.15625,0.0625,0.125,0.078125,0.09375,0.125,0.109375,0.14701998233795166,0.24472597241401672,12.1527099609375,13.798101425170898,20.015625,21.359375,"[8, 2, 5, 3, 2, 4, 5, 5, 6, 6, 9, 7, 3, 8, 9, 9, 3, 0, 8, 1, 3, 2, 0, 3, 2, 4, 9, 5, 9, 6, 4, 7, 3, 8, 4, 9, 3, 6, 5, 2, 7, 5, 8, 6, 2, 2, 7, 5, 5, 1, 9, 7, 1, 1, 8, 8, 3, 3, 3, 8, 2, 7, 2, 1]","[8, 2, 5, 3, 2, 4, 5, 5, 6, 6, 9, 7, 3, 8, 9, 9, 3, 0, 8, 1, 3, 2, 0, 3, 2, 4, 9, 5, 9, 6, 4, 7, 3, 8, 4, 9, 3, 6, 5, 2, 7, 5, 8, 6, 2, 2, 7, 5, 5, 1, 9, 7, 1, 1, 8, 8, 3, 3, 3, 8, 2, 7, 2, 1]","[0.9972741007804871, 0.9982536435127258, 0.9988611936569214, 0.9999963045120239, 0.9998387098312378, 0.9687384963035583, 0.9974913597106934, 0.9999912977218628, 0.7556703090667725, 0.9995734095573425, 0.9806577563285828, 0.9969164133071899, 0.9989104270935059, 0.9724574685096741, 0.47175559401512146, 0.9980021119117737, 0.9967820644378662, 0.9988123178482056, 0.9560170769691467, 0.7871279120445251, 0.9824007749557495, 0.9941855072975159, 0.9897329211235046, 0.9999433755874634, 0.9681898355484009, 0.9956419467926025, 0.9747811555862427, 0.9955207109451294, 0.9057814478874207, 0.9988133907318115, 0.8360308408737183, 0.999890923500061, 0.9120687246322632, 0.9815332293510437, 0.9439793229103088, 0.9898345470428467, 0.9990160465240479, 0.9945719838142395, 0.9982534050941467, 0.9783595204353333, 0.9796258807182312, 0.9999074935913086, 0.9134663343429565, 0.9763321876525879, 0.865305483341217, 0.9028227925300598, 0.785762369632721, 0.9929497241973877, 0.9995513558387756, 0.9147471189498901, 0.9400830268859863, 0.9896364808082581, 0.7817240953445435, 0.9455751776695251, 0.5518370866775513, 0.9636162519454956, 0.9970877766609192, 0.9999754428863525, 0.9965897798538208, 0.9885702729225159, 0.9998925924301147, 0.9977855682373047, 0.9880203604698181, 0.7477545142173767]","[1, 1, 1, 1, 1, 1, 1, 1, 1, 1, 1, 1, 1, 1, 1, 1, 1, 1, 1, 1, 1, 1, 1, 1, 1, 1, 1, 1, 1, 1, 1, 1, 1, 1, 1, 1, 1, 1, 1, 1, 1, 1, 1, 1, 1, 1, 1, 1, 1, 1, 1, 1, 1, 1, 1, 1, 1, 1, 1, 1, 1, 1, 1, 1]","[0.019310951232910156, 0.015154549852013588, 0.009647811762988567, 5.580181459663436e-05, 0.0017327008536085486, 0.16198475658893585, 0.019407182931900024, 0.0001157196966232732, 0.8918997645378113, 0.0039239199832081795, 0.1110306978225708, 0.026124676689505577, 0.010097761638462543, 0.1649700254201889, 1.6299171447753906, 0.0162716843187809, 0.02363830804824829, 0.01092541590332985, 0.2601052224636078, 0.9484390020370483, 0.1136849969625473, 0.03991296887397766, 0.07788200676441193, 0.0006707599386572838, 0.17326730489730835, 0.035922709852457047, 0.15378889441490173, 0.03288472443819046, 0.47130143642425537, 0.010089957155287266, 0.5964303612709045, 0.0012289893347769976, 0.33677998185157776, 0.11405035853385925, 0.2707951068878174, 0.06510915607213974, 0.00883349496871233, 0.04213472455739975, 0.014670776203274727, 0.11557124555110931, 0.12800739705562592, 0.0010345142800360918, 0.2998138964176178, 0.14210543036460876, 0.4322097897529602, 0.4298658072948456, 0.8361552357673645, 0.04378573223948479, 0.0042565250769257545, 0.45139920711517334, 0.31454557180404663, 0.07040432840585709, 0.9808957576751709, 0.3200983703136444, 1.3584562540054321, 0.21906402707099915, 0.0239485502243042, 0.0003078130248468369, 0.023701639845967293, 0.07691588252782822, 0.0012222144287079573, 0.018750296905636787, 0.07524813711643219, 1.0107003450393677]"
85,5440,5504,64,0.9375,0.4386120140552521,clean_mnist,0.140625,0.109375,0.046875,0.15625,0.0625,0.109375,0.0625,0.125,0.0625,0.125,0.1464901566505432,0.24351957440376282,12.026026725769043,13.746931076049805,18.890625,21.5,"[5, 7, 3, 1, 4, 4, 7, 7, 7, 2, 9, 6, 5, 5, 9, 3, 5, 9, 3, 9, 8, 0, 0, 8, 0, 7, 5, 3, 3, 0, 0, 3, 7, 7, 8, 0, 8, 1, 9, 1, 2, 2, 4, 1, 1, 6, 6, 0, 0, 5, 4, 3, 9, 3, 1, 6, 7, 3, 0, 5, 1, 9, 3, 9]","[5, 7, 3, 1, 4, 4, 7, 7, 7, 2, 4, 6, 5, 5, 9, 3, 5, 9, 3, 9, 8, 0, 0, 8, 0, 7, 6, 3, 0, 0, 0, 3, 7, 7, 8, 0, 8, 1, 9, 1, 2, 2, 4, 1, 1, 6, 6, 0, 0, 5, 4, 3, 9, 3, 1, 6, 7, 3, 0, 5, 1, 9, 0, 9]","[0.7466486692428589, 0.9817299842834473, 0.9993269443511963, 0.887179434299469, 0.9619283676147461, 0.9476248025894165, 0.9785597920417786, 0.998561680316925, 0.9599080681800842, 0.9906486868858337, 0.39315927028656006, 0.9156201481819153, 0.999777615070343, 0.9971359968185425, 0.9837558269500732, 0.9999997615814209, 0.9997571110725403, 0.9388434886932373, 0.9999948740005493, 0.7538580298423767, 0.9992133378982544, 0.9999697208404541, 0.4331120550632477, 0.9993190765380859, 0.44729381799697876, 0.9976142644882202, 0.6286889314651489, 0.9999086856842041, 0.6857134103775024, 0.9099642038345337, 0.9779661297798157, 0.9999977350234985, 0.9983750581741333, 0.999554455280304, 0.6654911041259766, 0.9730936288833618, 0.9108859300613403, 0.4911612570285797, 0.9878740906715393, 0.5844470262527466, 0.9497705101966858, 0.9638801217079163, 0.6506130695343018, 0.865945041179657, 0.8232933282852173, 0.9883372187614441, 0.9979270696640015, 0.9845501780509949, 0.7562838196754456, 0.9998972415924072, 0.6897739171981812, 0.9998946189880371, 0.9367981553077698, 0.9997720122337341, 0.4564725160598755, 0.42011919617652893, 0.9892945289611816, 0.9971116781234741, 0.953332245349884, 0.999514102935791, 0.6248378753662109, 0.9393438100814819, 0.3316778242588043, 0.9948947429656982]","[1, 1, 1, 1, 1, 1, 1, 1, 1, 1, 0, 1, 1, 1, 1, 1, 1, 1, 1, 1, 1, 1, 1, 1, 1, 1, 0, 1, 0, 1, 1, 1, 1, 1, 1, 1, 1, 1, 1, 1, 1, 1, 1, 1, 1, 1, 1, 1, 1, 1, 1, 1, 1, 1, 1, 1, 1, 1, 1, 1, 1, 1, 0, 1]","[0.7245405316352844, 0.11412487924098969, 0.0056607285514473915, 0.5690211057662964, 0.1880842000246048, 0.26956841349601746, 0.12601043283939362, 0.012510414235293865, 0.19124308228492737, 0.060557495802640915, 1.7313601970672607, 0.2989281415939331, 0.002324033761397004, 0.01988597773015499, 0.10439201444387436, 3.438166004343657e-06, 0.0024691587314009666, 0.2716093063354492, 7.424876093864441e-05, 0.8108422160148621, 0.007011544890701771, 0.0003896487469319254, 1.5164576768875122, 0.0066500441171228886, 1.6073914766311646, 0.017937172204256058, 0.9865548014640808, 0.0009540800820104778, 1.1563581228256226, 0.4562220871448517, 0.14692461490631104, 3.367634417372756e-05, 0.013567681424319744, 0.004533955827355385, 0.9523541927337646, 0.17350323498249054, 0.4599825441837311, 1.4226080179214478, 0.08419733494520187, 1.5664854049682617, 0.22832894325256348, 0.17951658368110657, 1.1535890102386475, 0.6204864382743835, 0.8324474692344666, 0.07255524396896362, 0.017317121848464012, 0.10118338465690613, 0.9657941460609436, 0.0010569847654551268, 0.6685487031936646, 0.0012217325856909156, 0.3353983759880066, 0.00231344485655427, 1.6510759592056274, 1.3805699348449707, 0.07013024389743805, 0.02098616398870945, 0.2783567011356354, 0.00457516685128212, 1.4291940927505493, 0.29540348052978516, 1.6411062479019165, 0.036686334758996964]"
86,5504,5568,64,0.921875,0.3879581689834595,clean_mnist,0.078125,0.109375,0.078125,0.140625,0.046875,0.109375,0.09375,0.125,0.078125,0.140625,0.13845005631446838,0.2337421476840973,12.112964630126953,14.029619216918945,19.28125,21.171875,"[7, 0, 5, 1, 2, 2, 3, 3, 9, 4, 5, 5, 1, 6, 9, 7, 1, 8, 9, 9, 6, 0, 5, 1, 2, 2, 1, 3, 9, 4, 8, 7, 8, 8, 3, 9, 7, 0, 3, 1, 9, 2, 7, 3, 3, 4, 5, 5, 1, 6, 5, 7, 6, 8, 9, 9, 0, 6, 3, 0, 7, 7, 6, 3]","[7, 0, 5, 1, 2, 2, 3, 3, 0, 4, 0, 5, 1, 6, 9, 7, 1, 8, 9, 9, 6, 0, 5, 1, 2, 2, 1, 3, 9, 4, 8, 7, 8, 8, 9, 9, 7, 0, 3, 1, 9, 2, 7, 3, 8, 4, 5, 5, 1, 6, 6, 7, 6, 8, 9, 9, 0, 6, 3, 0, 7, 7, 6, 3]","[0.6571773290634155, 0.9278790354728699, 0.9737745523452759, 0.9344757199287415, 0.9474017024040222, 0.9994303584098816, 0.9430186152458191, 0.9999879598617554, 0.5424179434776306, 0.9797779321670532, 0.4642133414745331, 0.9794381856918335, 0.6974573135375977, 0.9503775238990784, 0.7928515672683716, 0.9968724846839905, 0.738785445690155, 0.944112241268158, 0.996177077293396, 0.9937566518783569, 0.9973217844963074, 0.8158718347549438, 0.8135793805122375, 0.9817535281181335, 0.5871562957763672, 0.9847317934036255, 0.8327355980873108, 0.9959611296653748, 0.9936593174934387, 0.9571859240531921, 0.9620587825775146, 0.9971154928207397, 0.4665577709674835, 0.9317181706428528, 0.3908033072948456, 0.9969819188117981, 0.9275760054588318, 0.870133101940155, 0.9616677761077881, 0.6818263530731201, 0.9705696105957031, 0.9817655086517334, 0.9833263754844666, 0.9982841610908508, 0.43336763978004456, 0.963883638381958, 0.9945051074028015, 0.9999270439147949, 0.6575412154197693, 0.9577906131744385, 0.7431097030639648, 0.9995642304420471, 0.8436686992645264, 0.9647684693336487, 0.5589343309402466, 0.8962751030921936, 0.9635608196258545, 0.9865857362747192, 0.983220100402832, 0.9740020036697388, 0.9655682444572449, 0.9993498921394348, 0.945643424987793, 0.9919443130493164]","[1, 1, 1, 1, 1, 1, 1, 1, 0, 1, 0, 1, 1, 1, 1, 1, 1, 1, 1, 1, 1, 1, 1, 1, 1, 1, 1, 1, 1, 1, 1, 1, 1, 1, 0, 1, 1, 1, 1, 1, 1, 1, 1, 1, 0, 1, 1, 1, 1, 1, 0, 1, 1, 1, 1, 1, 1, 1, 1, 1, 1, 1, 1, 1]","[0.9249405860900879, 0.3540298342704773, 0.14893366396427155, 0.3586828410625458, 0.21337446570396423, 0.005339714698493481, 0.2243286669254303, 0.00016513359150849283, 0.8224148154258728, 0.12303853034973145, 1.4463987350463867, 0.12422652542591095, 1.168487548828125, 0.2223556637763977, 0.875619113445282, 0.025228461250662804, 1.089099407196045, 0.2623102068901062, 0.03028925321996212, 0.04292140156030655, 0.022494463250041008, 0.7545578479766846, 0.6451146602630615, 0.12380525469779968, 0.701970636844635, 0.09015406668186188, 0.792360782623291, 0.032255660742521286, 0.04687390476465225, 0.23801639676094055, 0.18986624479293823, 0.024406153708696365, 1.080918788909912, 0.3221404552459717, 1.8433361053466797, 0.024068135768175125, 0.32121092081069946, 0.5948897004127502, 0.1705370545387268, 1.2734581232070923, 0.1819845736026764, 0.09947702288627625, 0.11074401438236237, 0.015388056635856628, 1.1257985830307007, 0.22240805625915527, 0.04028697311878204, 0.0008080565021373332, 1.1727681159973145, 0.22190122306346893, 0.7550633549690247, 0.004346221219748259, 0.46812704205513, 0.19549284875392914, 0.9552488327026367, 0.433810830116272, 0.2097933441400528, 0.09062779694795609, 0.08922285586595535, 0.1672954112291336, 0.20194293558597565, 0.006216178648173809, 0.2524069547653198, 0.0535416379570961]"
87,5568,5632,64,0.953125,0.3879624009132385,clean_mnist,0.125,0.09375,0.03125,0.109375,0.09375,0.140625,0.09375,0.109375,0.09375,0.109375,0.13640518486499786,0.2295188009738922,12.059484481811523,13.82033920288086,19.296875,21.515625,"[7, 7, 1, 1, 9, 3, 8, 7, 5, 9, 3, 7, 4, 4, 1, 0, 7, 0, 6, 6, 3, 9, 4, 5, 9, 6, 8, 9, 7, 8, 5, 5, 6, 1, 2, 5, 0, 3, 5, 9, 0, 8, 1, 3, 0, 4, 9, 0, 3, 5, 2, 6, 5, 3, 0, 4, 1, 8, 7, 0, 8, 6, 5, 4]","[7, 7, 1, 1, 9, 3, 8, 7, 6, 9, 3, 7, 4, 4, 1, 0, 7, 0, 6, 6, 3, 9, 4, 5, 9, 6, 8, 9, 7, 8, 5, 5, 6, 1, 2, 5, 0, 3, 5, 9, 0, 8, 1, 3, 0, 4, 9, 0, 3, 5, 2, 6, 5, 3, 0, 4, 2, 8, 7, 0, 8, 6, 1, 4]","[0.8471448421478271, 0.9926687479019165, 0.9334011673927307, 0.8433412909507751, 0.9985253214836121, 0.9999868869781494, 0.9756524562835693, 0.9689728021621704, 0.4324670732021332, 0.8626343011856079, 0.9908491373062134, 0.9877245426177979, 0.5619703531265259, 0.9984446167945862, 0.3831639587879181, 0.8875795006752014, 0.999681830406189, 0.9762319922447205, 0.949664831161499, 0.9943101406097412, 0.9999396800994873, 0.9761348366737366, 0.8522353768348694, 0.9987157583236694, 0.997397780418396, 0.9893820285797119, 0.9372880458831787, 0.9230310916900635, 0.9857144951820374, 0.8523040413856506, 0.9918341636657715, 0.9985860586166382, 0.8905976414680481, 0.9944698810577393, 0.4854184687137604, 0.9849534034729004, 0.9755553007125854, 0.990943968296051, 0.999942421913147, 0.7955781817436218, 0.9973044395446777, 0.40585365891456604, 0.9796121716499329, 0.9979096055030823, 0.5658467411994934, 0.6795771718025208, 0.9101251363754272, 0.8687847852706909, 0.5761651396751404, 0.9989444613456726, 0.9304096698760986, 0.9955957531929016, 0.9944317936897278, 0.99993896484375, 0.9342253804206848, 0.998936116695404, 0.5510534048080444, 0.9359256625175476, 0.9873664379119873, 0.9566096067428589, 0.7678844928741455, 0.9923201203346252, 0.4216863811016083, 0.7831615209579468]","[1, 1, 1, 1, 1, 1, 1, 1, 0, 1, 1, 1, 1, 1, 1, 1, 1, 1, 1, 1, 1, 1, 1, 1, 1, 1, 1, 1, 1, 1, 1, 1, 1, 1, 1, 1, 1, 1, 1, 1, 1, 1, 1, 1, 1, 1, 1, 1, 1, 1, 1, 1, 1, 1, 1, 1, 0, 1, 1, 1, 1, 1, 0, 1]","[0.6513057947158813, 0.05365874618291855, 0.36752262711524963, 0.7559979557991028, 0.01352250948548317, 0.00018246800755150616, 0.1401425004005432, 0.18535923957824707, 1.3684735298156738, 0.5349143147468567, 0.06661425530910492, 0.07460366189479828, 1.227211356163025, 0.013718076050281525, 1.9822677373886108, 0.5416784882545471, 0.0029988945461809635, 0.1294678896665573, 0.2096080482006073, 0.041559793055057526, 0.0007425671792589128, 0.12240537256002426, 0.48987695574760437, 0.009936535730957985, 0.02154545485973358, 0.07595118880271912, 0.30656716227531433, 0.3830954432487488, 0.07826730608940125, 0.6052295565605164, 0.05305603891611099, 0.01080319844186306, 0.47287172079086304, 0.044487353414297104, 0.9672523736953735, 0.08243300765752792, 0.16189588606357574, 0.05927851051092148, 0.0006687141722068191, 0.6518533825874329, 0.023962583392858505, 1.3696836233139038, 0.13396431505680084, 0.0164654403924942, 1.4455634355545044, 1.1377161741256714, 0.440207839012146, 0.5974956154823303, 1.1238651275634766, 0.008800758980214596, 0.27097439765930176, 0.0343904122710228, 0.037932224571704865, 0.000737385475076735, 0.35052841901779175, 0.009564077481627464, 1.1896103620529175, 0.33137547969818115, 0.07058720290660858, 0.2574778199195862, 0.9060340523719788, 0.05566578358411789, 1.1449428796768188, 0.9130215644836426]"
88,5632,5696,64,0.921875,0.38725709915161133,clean_mnist,0.109375,0.140625,0.0625,0.15625,0.0625,0.125,0.09375,0.09375,0.0625,0.09375,0.1323441118001938,0.22802789509296417,12.06912612915039,14.034794807434082,19.53125,20.875,"[5, 8, 6, 1, 4, 3, 2, 4, 3, 0, 3, 1, 1, 9, 0, 2, 1, 3, 7, 7, 7, 5, 6, 1, 2, 7, 9, 3, 3, 9, 0, 7, 9, 0, 5, 1, 5, 9, 8, 6, 9, 4, 0, 1, 7, 2, 5, 3, 8, 1, 6, 3, 6, 5, 5, 3, 5, 4, 3, 1, 0, 6, 0, 8]","[6, 8, 6, 1, 4, 3, 2, 4, 3, 0, 3, 1, 1, 9, 0, 2, 1, 3, 7, 7, 7, 5, 6, 1, 2, 7, 9, 2, 3, 8, 0, 7, 9, 0, 5, 1, 5, 9, 8, 6, 9, 4, 0, 1, 7, 2, 5, 3, 8, 1, 6, 3, 6, 5, 6, 3, 5, 4, 0, 1, 0, 6, 0, 8]","[0.6968204379081726, 0.5191878080368042, 0.9987773299217224, 0.8675971031188965, 0.8812301754951477, 0.9999089241027832, 0.6565853357315063, 0.9936953186988831, 0.9992271661758423, 0.990872859954834, 0.9543229937553406, 0.9777112603187561, 0.9015767574310303, 0.9966468214988708, 0.4072192907333374, 0.4822026789188385, 0.3426034450531006, 0.9970362186431885, 0.8929117918014526, 0.995556652545929, 0.9998558759689331, 0.9999217987060547, 0.854475736618042, 0.9712923169136047, 0.9793717265129089, 0.9973196387290955, 0.8810162544250488, 0.521355152130127, 0.9995935559272766, 0.6629239916801453, 0.9615013599395752, 0.9998717308044434, 0.9042511582374573, 0.926336407661438, 0.9907642602920532, 0.9992073178291321, 0.48596587777137756, 0.9777502417564392, 0.9897340536117554, 0.957405149936676, 0.9857059717178345, 0.9935751557350159, 0.9416202902793884, 0.9998056292533875, 0.5986547470092773, 0.9960676431655884, 0.9518730640411377, 0.9891787767410278, 0.8761132955551147, 0.5200504064559937, 0.8957101106643677, 0.9984562397003174, 0.7454901933670044, 0.9992358684539795, 0.9685171842575073, 0.9990436434745789, 0.9871318340301514, 0.9941309094429016, 0.45405542850494385, 0.7851840257644653, 0.8292036652565002, 0.9978356957435608, 0.9732823967933655, 0.9977359771728516]","[0, 1, 1, 1, 1, 1, 1, 1, 1, 1, 1, 1, 1, 1, 1, 1, 1, 1, 1, 1, 1, 1, 1, 1, 1, 1, 1, 0, 1, 0, 1, 1, 1, 1, 1, 1, 1, 1, 1, 1, 1, 1, 1, 1, 1, 1, 1, 1, 1, 1, 1, 1, 1, 1, 0, 1, 1, 1, 0, 1, 1, 1, 1, 1]","[0.6954925060272217, 1.0320621728897095, 0.011077117174863815, 0.640557587146759, 0.4488838315010071, 0.0010619668755680323, 0.9323879480361938, 0.04389343038201332, 0.0070640165358781815, 0.06964564323425293, 0.246140718460083, 0.14887796342372894, 0.5156192183494568, 0.026957524940371513, 1.631476879119873, 1.0629339218139648, 2.0334911346435547, 0.024287642911076546, 0.46786561608314514, 0.03461157903075218, 0.0015838725958019495, 0.0008521415875293314, 0.5541489124298096, 0.17724114656448364, 0.10873094946146011, 0.02266504243016243, 0.5268091559410095, 1.033576488494873, 0.004156702198088169, 0.7710632681846619, 0.2107304334640503, 0.0013817058643326163, 0.4338749647140503, 0.3873209059238434, 0.05786701664328575, 0.0076292213052511215, 1.0420119762420654, 0.13423609733581543, 0.06481871008872986, 0.18760941922664642, 0.09234976023435593, 0.04540920630097389, 0.28694966435432434, 0.002032775431871414, 1.1264994144439697, 0.03013104759156704, 0.2267637997865677, 0.07300598919391632, 0.4648630619049072, 1.6786203384399414, 0.46548277139663696, 0.013040276244282722, 0.8378538489341736, 0.0063488963060081005, 0.186203733086586, 0.008754594251513481, 0.08201971650123596, 0.04075568541884422, 1.5557202100753784, 0.9638493657112122, 0.6031935811042786, 0.018605349585413933, 0.15420810878276825, 0.01909611001610756]"
89,5696,5760,64,0.890625,0.4712735116481781,clean_mnist,0.09375,0.109375,0.125,0.109375,0.078125,0.140625,0.078125,0.0625,0.046875,0.15625,0.1369519680738449,0.23153355717658997,12.055585861206055,13.712888717651367,19.234375,21.296875,"[5, 0, 0, 8, 2, 9, 3, 4, 9, 9, 6, 2, 1, 6, 3, 0, 5, 1, 1, 2, 7, 3, 9, 5, 4, 6, 3, 9, 2, 8, 9, 9, 3, 0, 0, 1, 1, 2, 4, 4, 7, 5, 3, 6, 9, 7, 5, 8, 2, 9, 9, 0, 5, 1, 5, 2, 5, 3, 7, 4, 1, 5, 2, 6]","[8, 0, 0, 8, 2, 9, 3, 4, 9, 9, 2, 2, 1, 6, 3, 0, 5, 1, 1, 2, 7, 3, 9, 5, 4, 6, 2, 7, 2, 8, 9, 9, 3, 0, 0, 1, 1, 2, 4, 4, 3, 5, 3, 6, 9, 7, 5, 8, 2, 9, 9, 0, 3, 1, 6, 2, 5, 3, 7, 4, 1, 5, 2, 6]","[0.6965904235839844, 0.5861409902572632, 0.9941235184669495, 0.9983159303665161, 0.5612223744392395, 0.6189563274383545, 0.9997434020042419, 0.9997357726097107, 0.5283087491989136, 0.9762776494026184, 0.41234704852104187, 0.9370586276054382, 0.8946253061294556, 0.9914525747299194, 0.9998052716255188, 0.7764527797698975, 0.9701330065727234, 0.7916394472122192, 0.315746009349823, 0.9997609257698059, 0.9513114094734192, 0.998497486114502, 0.8482329845428467, 0.9942832589149475, 0.8618744611740112, 0.9803234338760376, 0.5526092052459717, 0.4862949252128601, 0.9932233095169067, 0.984024703502655, 0.9919093251228333, 0.9888597726821899, 0.9786347150802612, 0.8751908540725708, 0.9868643879890442, 0.9991945624351501, 0.6801707744598389, 0.9947356581687927, 0.8263733983039856, 0.9778711199760437, 0.6437728404998779, 0.9797960519790649, 0.5299767255783081, 0.9596753716468811, 0.6691139936447144, 0.8556085824966431, 0.929027795791626, 0.5731611847877502, 0.9950587749481201, 0.37505418062210083, 0.9259501099586487, 0.7990711331367493, 0.7738817930221558, 0.899686336517334, 0.7610509991645813, 0.9995911717414856, 0.9894018769264221, 0.9967515468597412, 0.6333028674125671, 0.7207416296005249, 0.9685875177383423, 0.9954922199249268, 0.9955553412437439, 0.9673315286636353]","[0, 1, 1, 1, 1, 1, 1, 1, 1, 1, 0, 1, 1, 1, 1, 1, 1, 1, 1, 1, 1, 1, 1, 1, 1, 1, 0, 0, 1, 1, 1, 1, 1, 1, 1, 1, 1, 1, 1, 1, 0, 1, 1, 1, 1, 1, 1, 1, 1, 1, 1, 1, 0, 1, 0, 1, 1, 1, 1, 1, 1, 1, 1, 1]","[0.7620446681976318, 1.3771940469741821, 0.04098731279373169, 0.014361483044922352, 0.9145392775535583, 0.7243395447731018, 0.002552830846980214, 0.0027028422337025404, 1.4507733583450317, 0.14099884033203125, 1.3745248317718506, 0.27617061138153076, 0.5268757343292236, 0.05755990743637085, 0.001965551869943738, 0.9006240367889404, 0.13467174768447876, 0.9296653270721436, 1.9368467330932617, 0.002415442606434226, 0.2701033353805542, 0.012006810866296291, 0.4538503587245941, 0.04142313450574875, 0.5654600262641907, 0.12857718765735626, 0.7313040494918823, 1.555017113685608, 0.04693680256605148, 0.09154212474822998, 0.055887605994939804, 0.06694597750902176, 0.1352573037147522, 0.5717366337776184, 0.09239725023508072, 0.008056353777647018, 1.2918859720230103, 0.04001815617084503, 0.4703275263309479, 0.14376743137836456, 0.7175838947296143, 0.11946345865726471, 0.8429238796234131, 0.21607066690921783, 1.0068062543869019, 0.5544605255126953, 0.28509533405303955, 1.1328492164611816, 0.035470329225063324, 1.4704365730285645, 0.38414210081100464, 0.8119107484817505, 0.6025082468986511, 0.523271918296814, 0.6264155507087708, 0.004120014142245054, 0.06911112368106842, 0.024475404992699623, 0.8933383822441101, 1.046729326248169, 0.19338485598564148, 0.030392371118068695, 0.03287895396351814, 0.1933518946170807]"
90,5760,5824,64,0.890625,0.4386095106601715,clean_mnist,0.078125,0.078125,0.0625,0.109375,0.109375,0.0625,0.109375,0.125,0.125,0.140625,0.12575273215770721,0.22135287523269653,12.093583106994629,14.000651359558105,18.515625,21.734375,"[1, 7, 2, 8, 4, 9, 6, 0, 7, 7, 3, 5, 6, 0, 6, 8, 5, 8, 7, 1, 6, 8, 5, 8, 7, 1, 7, 3, 3, 1, 6, 8, 4, 3, 9, 7, 4, 9, 5, 3, 8, 0, 9, 9, 6, 4, 9, 4, 0, 0, 6, 9, 3, 4, 1, 2, 2, 9, 7, 8, 3, 9, 4, 2]","[1, 7, 2, 8, 4, 9, 6, 0, 7, 7, 3, 5, 6, 0, 6, 8, 5, 4, 7, 1, 6, 8, 6, 8, 7, 1, 7, 3, 3, 1, 2, 8, 4, 3, 9, 7, 4, 9, 3, 3, 8, 0, 6, 9, 6, 4, 9, 4, 0, 0, 6, 7, 3, 4, 1, 2, 2, 9, 7, 8, 3, 7, 4, 2]","[0.24392715096473694, 0.45196032524108887, 0.9533284902572632, 0.9770634770393372, 0.5422477722167969, 0.9991828799247742, 0.9638431072235107, 0.8350454568862915, 0.7039022445678711, 0.8866977691650391, 0.956217348575592, 0.8958762288093567, 0.9336000084877014, 0.9617314338684082, 0.9585055708885193, 0.9991720914840698, 0.9994663596153259, 0.43748825788497925, 0.924043595790863, 0.9848559498786926, 0.3166847229003906, 0.9801238775253296, 0.944968044757843, 0.9975035786628723, 0.8811099529266357, 0.5101577639579773, 0.9665684700012207, 0.9952914714813232, 0.9979602098464966, 0.9956656098365784, 0.6178228259086609, 0.950036346912384, 0.9981688261032104, 0.9496778249740601, 0.9407850503921509, 0.9958475232124329, 0.9795580506324768, 0.9959232807159424, 0.3930566906929016, 0.9880087375640869, 0.9916248917579651, 0.9955358505249023, 0.5235018134117126, 0.9926818013191223, 0.9011367559432983, 0.3929356634616852, 0.8680853247642517, 0.9910206198692322, 0.7224871516227722, 0.9595683813095093, 0.9574306607246399, 0.49289512634277344, 0.9990696310997009, 0.967102587223053, 0.9949829578399658, 0.9690636992454529, 0.9586209058761597, 0.9631949067115784, 0.9547088742256165, 0.9761389493942261, 0.9980010390281677, 0.8696734309196472, 0.6777400970458984, 0.997860848903656]","[1, 1, 1, 1, 1, 1, 1, 1, 1, 1, 1, 1, 1, 1, 1, 1, 1, 0, 1, 1, 1, 1, 0, 1, 1, 1, 1, 1, 1, 1, 0, 1, 1, 1, 1, 1, 1, 1, 0, 1, 1, 1, 0, 1, 1, 1, 1, 1, 1, 1, 1, 0, 1, 1, 1, 1, 1, 1, 1, 1, 1, 0, 1, 1]","[2.1980063915252686, 1.6930701732635498, 0.20638889074325562, 0.12643735110759735, 1.5271998643875122, 0.007201429922133684, 0.19226069748401642, 0.7282018661499023, 1.0013041496276855, 0.5391907095909119, 0.19938255846500397, 0.36210259795188904, 0.35276859998703003, 0.231797993183136, 0.237334206700325, 0.007470232434570789, 0.004646100103855133, 1.69927179813385, 0.37116533517837524, 0.10574103146791458, 1.489797592163086, 0.11675791442394257, 0.24640105664730072, 0.021137438714504242, 0.5429031848907471, 1.5942347049713135, 0.1770130842924118, 0.032950181514024734, 0.01648854836821556, 0.036004453897476196, 0.8377147912979126, 0.24691557884216309, 0.015823133289813995, 0.21707028150558472, 0.32391276955604553, 0.030128000304102898, 0.10630261898040771, 0.030261779204010963, 1.2462515830993652, 0.07336992025375366, 0.05367547273635864, 0.035666655749082565, 1.2289507389068604, 0.050560835748910904, 0.3842529058456421, 1.6651294231414795, 0.5299875736236572, 0.06518735736608505, 0.859514594078064, 0.22965486347675323, 0.21868008375167847, 0.9441487193107605, 0.008983388543128967, 0.2011311799287796, 0.03895065560936928, 0.1853124499320984, 0.23308372497558594, 0.1723736971616745, 0.23483215272426605, 0.14846280217170715, 0.017775801941752434, 0.4896925985813141, 0.8646811246871948, 0.017942991107702255]"
91,5824,5888,64,0.9375,0.5348732471466064,clean_mnist,0.0625,0.15625,0.0625,0.171875,0.0625,0.140625,0.140625,0.046875,0.03125,0.125,0.12386564165353775,0.21563230454921722,12.05278491973877,13.860233306884766,18.46875,21.0625,"[1, 7, 6, 8, 5, 9, 3, 3, 6, 1, 1, 4, 9, 6, 3, 5, 1, 3, 1, 2, 0, 2, 6, 5, 6, 6, 1, 7, 3, 8, 4, 7, 5, 5, 3, 1, 9, 6, 1, 4, 1, 9, 5, 2, 9, 9, 3, 3, 5, 5, 9, 3, 3, 6, 9, 6, 4, 0, 1, 3, 0, 2, 0, 5]","[1, 7, 6, 8, 5, 9, 0, 3, 6, 1, 1, 4, 9, 6, 3, 5, 1, 2, 1, 2, 0, 2, 6, 5, 6, 6, 1, 7, 3, 8, 4, 7, 5, 5, 3, 1, 9, 6, 1, 4, 1, 9, 5, 2, 9, 9, 3, 3, 5, 5, 9, 3, 1, 6, 9, 6, 4, 0, 1, 0, 0, 2, 0, 5]","[0.7723164558410645, 0.9668784141540527, 0.4027833640575409, 0.986503005027771, 0.4332975745201111, 0.9988847374916077, 0.5512673854827881, 0.9879828691482544, 0.9957931041717529, 0.4001609981060028, 0.9788388609886169, 0.4402518570423126, 0.983635663986206, 0.9825872778892517, 0.9998511075973511, 0.9980990290641785, 0.785097062587738, 0.7441321611404419, 0.644184410572052, 0.9965053796768188, 0.624786913394928, 0.4879883825778961, 0.4877759516239166, 0.9057090878486633, 0.7149454355239868, 0.77431720495224, 0.5300915837287903, 0.7582801580429077, 0.999255359172821, 0.9960291385650635, 0.6414316892623901, 0.7632840871810913, 0.9999661445617676, 0.9939873218536377, 0.9727666974067688, 0.4127216637134552, 0.9338836669921875, 0.9927573204040527, 0.8862498998641968, 0.9976546764373779, 0.8743756413459778, 0.9950113296508789, 0.999691367149353, 0.9943675398826599, 0.7280772924423218, 0.9424489736557007, 0.9958577752113342, 0.999259889125824, 0.9996194839477539, 0.9517000913619995, 0.9649578332901001, 0.9723878502845764, 0.6194126009941101, 0.5375753045082092, 0.9827613234519958, 0.9423377513885498, 0.5071430206298828, 0.9964637160301208, 0.936809241771698, 0.45319995284080505, 0.9800824522972107, 0.9985001087188721, 0.9714755415916443, 0.9769532084465027]","[1, 1, 1, 1, 1, 1, 0, 1, 1, 1, 1, 1, 1, 1, 1, 1, 1, 0, 1, 1, 1, 1, 1, 1, 1, 1, 1, 1, 1, 1, 1, 1, 1, 1, 1, 1, 1, 1, 1, 1, 1, 1, 1, 1, 1, 1, 1, 1, 1, 1, 1, 1, 0, 1, 1, 1, 1, 1, 1, 0, 1, 1, 1, 1]","[0.9987244606018066, 0.1613432914018631, 1.571644902229309, 0.0811569094657898, 1.8600566387176514, 0.010395082645118237, 1.5366328954696655, 0.06711364537477493, 0.03377987816929817, 1.9630279541015625, 0.12951678037643433, 1.5529959201812744, 0.098349429666996, 0.12077369540929794, 0.001639705034904182, 0.014287604950368404, 0.7764601707458496, 0.7294541001319885, 1.03562331199646, 0.027259578928351402, 1.3209900856018066, 1.1925474405288696, 1.0745047330856323, 0.46292904019355774, 0.9858844876289368, 0.8449614644050598, 1.6765543222427368, 0.8409972190856934, 0.007152023259550333, 0.030930811539292336, 1.0572344064712524, 0.6438578963279724, 0.00039850512985140085, 0.04350776597857475, 0.1336708515882492, 1.8578293323516846, 0.2826809585094452, 0.05348021164536476, 0.5748331546783447, 0.019179070368409157, 0.6253061890602112, 0.037325307726860046, 0.002989608095958829, 0.040048521012067795, 0.9236980080604553, 0.24054409563541412, 0.03354967385530472, 0.00684617692604661, 0.0037664612755179405, 0.2643468379974365, 0.16859039664268494, 0.15242856740951538, 0.8861507773399353, 1.221121072769165, 0.09867909550666809, 0.31441012024879456, 1.1415458917617798, 0.027422694489359856, 0.3563480079174042, 1.4149065017700195, 0.12765493988990784, 0.01287131942808628, 0.13345472514629364, 0.12352189421653748]"
92,5888,5952,64,0.890625,0.41161924600601196,clean_mnist,0.109375,0.0625,0.15625,0.125,0.0625,0.09375,0.109375,0.078125,0.0625,0.140625,0.1281762719154358,0.22242191433906555,12.034368515014648,14.066547393798828,19.171875,21.21875,"[0, 6, 2, 4, 9, 9, 8, 2, 7, 7, 8, 4, 2, 9, 2, 1, 5, 0, 7, 2, 2, 2, 5, 3, 7, 6, 2, 1, 3, 8, 9, 3, 6, 0, 3, 3, 9, 5, 3, 0, 2, 0, 1, 6, 2, 1, 5, 6, 4, 9, 0, 5, 9, 3, 3, 9, 9, 4, 7, 5, 6, 8, 0, 6]","[0, 6, 2, 4, 9, 9, 8, 2, 8, 7, 9, 4, 2, 9, 2, 1, 5, 0, 7, 2, 2, 2, 6, 3, 7, 6, 2, 1, 8, 8, 9, 3, 6, 0, 3, 3, 9, 5, 3, 0, 2, 0, 1, 6, 0, 1, 5, 6, 4, 9, 0, 5, 9, 3, 3, 9, 4, 4, 7, 5, 6, 8, 1, 6]","[0.7575862407684326, 0.9921861886978149, 0.9996969699859619, 0.9712746739387512, 0.9901084899902344, 0.9795861840248108, 0.9950993657112122, 0.9997414946556091, 0.7429426908493042, 0.9967039227485657, 0.5453357696533203, 0.9939666986465454, 0.8870444297790527, 0.9992493987083435, 0.9979932308197021, 0.9887403845787048, 0.9632835984230042, 0.8998845815658569, 0.9902650117874146, 0.9730984568595886, 0.9951103329658508, 0.9970755577087402, 0.8128374814987183, 0.997268557548523, 0.4224940836429596, 0.9640822410583496, 0.995278000831604, 0.7010229229927063, 0.9719372987747192, 0.9987755417823792, 0.7205637097358704, 0.9982448816299438, 0.9969533681869507, 0.9018063545227051, 0.9988906979560852, 0.999573290348053, 0.8779295682907104, 0.9997848868370056, 0.9999293088912964, 0.7575216293334961, 0.951729416847229, 0.8694602251052856, 0.6822878122329712, 0.9768531322479248, 0.41006311774253845, 0.41953936219215393, 0.9979777932167053, 0.63027024269104, 0.6920678019523621, 0.9956275224685669, 0.615029513835907, 0.9917478561401367, 0.9817327857017517, 0.9983287453651428, 0.9993625283241272, 0.9982484579086304, 0.4384003281593323, 0.40433502197265625, 0.9973756074905396, 0.8652383089065552, 0.9992252588272095, 0.9991651773452759, 0.28791651129722595, 0.9964197874069214]","[1, 1, 1, 1, 1, 1, 1, 1, 0, 1, 0, 1, 1, 1, 1, 1, 1, 1, 1, 1, 1, 1, 0, 1, 1, 1, 1, 1, 0, 1, 1, 1, 1, 1, 1, 1, 1, 1, 1, 1, 1, 1, 1, 1, 0, 1, 1, 1, 1, 1, 1, 1, 1, 1, 1, 1, 0, 1, 1, 1, 1, 1, 0, 1]","[0.966453492641449, 0.05823078751564026, 0.003061064751818776, 0.18154005706310272, 0.06460454314947128, 0.1226055920124054, 0.03458452969789505, 0.002701330231502652, 0.7229345440864563, 0.02340216562151909, 1.0018991231918335, 0.04666474089026451, 0.3673531115055084, 0.0072661638259887695, 0.01685820147395134, 0.08326950669288635, 0.1728692501783371, 0.5049625635147095, 0.05837251991033554, 0.15540824830532074, 0.03550727292895317, 0.023469870910048485, 0.625403642654419, 0.02092752978205681, 1.5031338930130005, 0.21059899032115936, 0.03024749830365181, 1.1523065567016602, 0.14595216512680054, 0.00983893871307373, 1.1300972700119019, 0.013269351795315742, 0.024080125615000725, 0.47715282440185547, 0.008848126977682114, 0.0042150323279201984, 0.5633561611175537, 0.0020940552931278944, 0.0008121687569655478, 0.9195535182952881, 0.2545866370201111, 0.589828610420227, 1.0689597129821777, 0.13945679366588593, 1.5571463108062744, 1.9055482149124146, 0.01583842933177948, 1.3207651376724243, 1.0492548942565918, 0.032551109790802, 1.3531534671783447, 0.05685831606388092, 0.11179119348526001, 0.01271431241184473, 0.006355808116495609, 0.015357522293925285, 1.2850736379623413, 1.700977087020874, 0.02026055008172989, 0.49086353182792664, 0.00722791813313961, 0.007572560105472803, 1.8169245719909668, 0.028656983748078346]"
93,5952,6016,64,0.953125,0.40122532844543457,clean_mnist,0.0625,0.125,0.09375,0.109375,0.078125,0.078125,0.125,0.140625,0.0625,0.125,0.1577841341495514,0.2563707232475281,11.972896575927734,14.009532928466797,19.578125,20.84375,"[2, 7, 9, 1, 6, 1, 3, 7, 4, 0, 6, 1, 9, 2, 1, 3, 7, 4, 3, 5, 8, 6, 3, 7, 7, 8, 0, 9, 3, 0, 4, 1, 5, 2, 7, 3, 2, 4, 6, 5, 9, 6, 1, 7, 6, 8, 9, 9, 6, 9, 1, 1, 5, 2, 8, 3, 0, 4, 9, 5, 2, 6, 7, 7]","[2, 7, 4, 1, 6, 1, 3, 7, 4, 0, 6, 1, 9, 2, 1, 3, 7, 4, 3, 5, 8, 6, 3, 7, 7, 8, 0, 9, 3, 0, 4, 1, 5, 2, 7, 3, 2, 4, 6, 5, 9, 6, 1, 7, 6, 8, 6, 9, 6, 0, 1, 1, 5, 2, 8, 3, 0, 4, 9, 5, 2, 6, 7, 7]","[0.8969278335571289, 0.9334143400192261, 0.6519572138786316, 0.5144388675689697, 0.8902330994606018, 0.427255243062973, 0.9993427395820618, 0.9439376592636108, 0.9976752400398254, 0.8714985251426697, 0.9537873268127441, 0.9562203884124756, 0.8352540135383606, 0.997713565826416, 0.27600541710853577, 0.996711254119873, 0.9996975660324097, 0.9963020086288452, 0.9744725823402405, 0.9997268319129944, 0.9222022294998169, 0.9880234003067017, 0.7068102359771729, 0.9768884778022766, 0.7837444543838501, 0.9988946318626404, 0.9931620359420776, 0.8725358843803406, 0.9995198249816895, 0.5612624883651733, 0.9632773995399475, 0.4671400189399719, 0.9994519352912903, 0.9536370038986206, 0.9218307137489319, 0.9991299510002136, 0.9698384404182434, 0.9993131160736084, 0.9904279708862305, 0.9993427395820618, 0.9414936900138855, 0.9997625946998596, 0.7663924694061279, 0.9739180207252502, 0.9917436242103577, 0.9907958507537842, 0.3784131407737732, 0.9908928871154785, 0.9700183272361755, 0.6900239586830139, 0.37506338953971863, 0.8528990745544434, 0.9632892608642578, 0.9856157302856445, 0.8588405251502991, 0.9998513460159302, 0.8385114669799805, 0.9983142614364624, 0.97658371925354, 0.974275529384613, 0.9960839748382568, 0.9998669624328613, 0.5240993499755859, 0.869906485080719]","[1, 1, 0, 1, 1, 1, 1, 1, 1, 1, 1, 1, 1, 1, 1, 1, 1, 1, 1, 1, 1, 1, 1, 1, 1, 1, 1, 1, 1, 1, 1, 1, 1, 1, 1, 1, 1, 1, 1, 1, 1, 1, 1, 1, 1, 1, 0, 1, 1, 0, 1, 1, 1, 1, 1, 1, 1, 1, 1, 1, 1, 1, 1, 1]","[0.3581155240535736, 0.27570781111717224, 0.8507734537124634, 1.6575745344161987, 0.36412978172302246, 1.862484335899353, 0.00643305666744709, 0.2742633521556854, 0.018752949312329292, 0.5411251187324524, 0.2470247596502304, 0.24919633567333221, 0.604928731918335, 0.018857434391975403, 2.1483216285705566, 0.027793845161795616, 0.0031691151671111584, 0.02957708202302456, 0.1631830483675003, 0.0028080367483198643, 0.4025958776473999, 0.07821162790060043, 0.900809645652771, 0.13410326838493347, 0.8312563300132751, 0.010535506531596184, 0.05158356577157974, 0.4321468770503998, 0.0044041648507118225, 1.234462022781372, 0.1966109275817871, 1.4476497173309326, 0.005352305248379707, 0.23969122767448425, 0.35437631607055664, 0.007206754293292761, 0.17346450686454773, 0.006673634983599186, 0.06304015219211578, 0.00580078549683094, 0.29058700799942017, 0.002504271687939763, 0.9137622117996216, 0.15878720581531525, 0.05812019482254982, 0.05928414314985275, 1.333499789237976, 0.053893283009529114, 0.15193058550357819, 0.7750689387321472, 1.5030853748321533, 0.6706700921058655, 0.19337831437587738, 0.08585406839847565, 0.5466135144233704, 0.001582027762196958, 0.7268664240837097, 0.013334298506379128, 0.14164267480373383, 0.1504114717245102, 0.028268197551369667, 0.0015237359330058098, 0.982107400894165, 0.551450252532959]"
94,6016,6080,64,0.96875,0.27790310978889465,clean_mnist,0.0625,0.109375,0.125,0.15625,0.09375,0.0625,0.0625,0.078125,0.09375,0.15625,0.15832239389419556,0.25698933005332947,12.07019329071045,14.113767623901367,19.640625,21.265625,"[3, 8, 9, 9, 1, 1, 8, 0, 6, 4, 5, 5, 4, 6, 8, 6, 3, 3, 3, 4, 9, 4, 2, 2, 3, 8, 9, 1, 2, 0, 7, 6, 3, 4, 7, 9, 1, 7, 7, 2, 2, 3, 4, 3, 2, 9, 1, 2, 7, 0, 8, 9, 5, 3, 1, 3, 8, 9, 9, 1, 0, 5, 9, 2]","[3, 8, 5, 9, 1, 1, 8, 0, 6, 4, 5, 5, 4, 6, 8, 6, 3, 3, 0, 4, 9, 4, 2, 2, 3, 8, 9, 1, 2, 0, 7, 6, 3, 4, 7, 9, 1, 7, 7, 2, 2, 3, 4, 3, 2, 9, 1, 2, 7, 0, 8, 9, 5, 3, 1, 3, 8, 9, 9, 1, 0, 5, 9, 2]","[0.9920167922973633, 0.998110294342041, 0.7670104503631592, 0.97496098279953, 0.8976336121559143, 0.9697501063346863, 0.9003756046295166, 0.7320317029953003, 0.97920161485672, 0.9926322102546692, 0.841628909111023, 0.9940586090087891, 0.9934711456298828, 0.9998346567153931, 0.9944345355033875, 0.9986733198165894, 0.9999991655349731, 0.9999991655349731, 0.8643299341201782, 0.9930959343910217, 0.6808431148529053, 0.9747381210327148, 0.9934597015380859, 0.9756596088409424, 0.9850589036941528, 0.9726456999778748, 0.9825525283813477, 0.883934736251831, 0.8082879781723022, 0.5405198931694031, 0.9696886539459229, 0.819726824760437, 0.989525318145752, 0.9060401320457458, 0.9768723249435425, 0.9969266057014465, 0.5986099243164062, 0.9882738590240479, 0.997927188873291, 0.9999204874038696, 0.997848391532898, 0.9999470710754395, 0.959753692150116, 0.9998558759689331, 0.6996673941612244, 0.9356792569160461, 0.6148455739021301, 0.9860332608222961, 0.9856498837471008, 0.9997064471244812, 0.76750248670578, 0.9955202341079712, 0.602749228477478, 0.9912000298500061, 0.9956563711166382, 0.9997254014015198, 0.9968522191047668, 0.9156504273414612, 0.9709770679473877, 0.7551580667495728, 0.9896419644355774, 0.9410932660102844, 0.9809989333152771, 0.9983335137367249]","[1, 1, 0, 1, 1, 1, 1, 1, 1, 1, 1, 1, 1, 1, 1, 1, 1, 1, 0, 1, 1, 1, 1, 1, 1, 1, 1, 1, 1, 1, 1, 1, 1, 1, 1, 1, 1, 1, 1, 1, 1, 1, 1, 1, 1, 1, 1, 1, 1, 1, 1, 1, 1, 1, 1, 1, 1, 1, 1, 1, 1, 1, 1, 1]","[0.05549834668636322, 0.016590086743235588, 0.7166351675987244, 0.12629732489585876, 0.5088579654693604, 0.18460965156555176, 0.45201829075813293, 0.9148830771446228, 0.11721687763929367, 0.05150102451443672, 0.6123061180114746, 0.041131965816020966, 0.04769228771328926, 0.0018478158162906766, 0.040740035474300385, 0.011546837165951729, 1.4656841813120991e-05, 1.3320678590389434e-05, 0.6016902923583984, 0.0455562062561512, 1.084029197692871, 0.14708858728408813, 0.04146812483668327, 0.12421686947345734, 0.09985709190368652, 0.13455425202846527, 0.10951821506023407, 0.5410448908805847, 0.6407279968261719, 1.2143601179122925, 0.1493050903081894, 0.616249144077301, 0.0735054686665535, 0.40449661016464233, 0.12879125773906708, 0.022496772930026054, 1.3725428581237793, 0.07238366454839706, 0.016711365431547165, 0.0009193725418299437, 0.01656722091138363, 0.0006165465456433594, 0.17639726400375366, 0.001430888776667416, 0.8810875415802002, 0.31339728832244873, 1.2692742347717285, 0.07966151088476181, 0.0913783460855484, 0.003196832723915577, 0.6085875630378723, 0.03346240520477295, 0.7412270307540894, 0.05167203024029732, 0.035262998193502426, 0.002911775605753064, 0.026273267343640327, 0.3228641450405121, 0.1790318787097931, 0.9773889780044556, 0.07447616755962372, 0.2368212342262268, 0.10766275227069855, 0.014235876500606537]"
95,6080,6144,64,0.921875,0.41573667526245117,clean_mnist,0.078125,0.140625,0.140625,0.140625,0.09375,0.046875,0.078125,0.140625,0.078125,0.0625,0.15744610130786896,0.2571600675582886,12.123181343078613,14.049334526062012,19.984375,20.96875,"[3, 3, 1, 1, 9, 6, 5, 7, 7, 3, 6, 7, 9, 8, 2, 4, 5, 3, 3, 2, 9, 4, 8, 0, 1, 2, 3, 4, 1, 7, 1, 8, 5, 0, 2, 7, 1, 0, 3, 6, 4, 9, 1, 3, 2, 2, 2, 4, 4, 8, 3, 6, 7, 0, 7, 1, 8, 0, 2, 6, 7, 7, 1, 2]","[2, 3, 1, 1, 9, 6, 5, 7, 7, 3, 6, 7, 9, 8, 0, 4, 5, 0, 3, 2, 9, 4, 6, 0, 1, 2, 3, 4, 1, 7, 1, 8, 5, 0, 2, 7, 1, 0, 3, 6, 4, 9, 1, 3, 2, 2, 2, 4, 4, 8, 7, 6, 7, 0, 7, 1, 8, 0, 2, 6, 7, 7, 1, 2]","[0.46307462453842163, 0.9999282360076904, 0.22771859169006348, 0.7780096530914307, 0.9565744400024414, 0.9990160465240479, 0.9965800642967224, 0.9998810291290283, 0.9722594618797302, 0.9998968839645386, 0.9994068145751953, 0.9972787499427795, 0.9768884181976318, 0.9995930790901184, 0.32463303208351135, 0.9019404649734497, 0.9922398328781128, 0.4955301582813263, 0.9995723366737366, 0.9995898604393005, 0.4182244837284088, 0.9543314576148987, 0.6515401601791382, 0.9873760938644409, 0.870457112789154, 0.9996980428695679, 0.9824087023735046, 0.6203396320343018, 0.23812882602214813, 0.9952325224876404, 0.5344244837760925, 0.9970552921295166, 0.9173837900161743, 0.9994262456893921, 0.9917733073234558, 0.9922987818717957, 0.4185366630554199, 0.9914996027946472, 0.9970899820327759, 0.9973794221878052, 0.9735440015792847, 0.9738078713417053, 0.7506839632987976, 0.999974250793457, 0.9955723285675049, 0.9999337196350098, 0.9899795055389404, 0.9518445730209351, 0.7935842871665955, 0.9987629652023315, 0.4268265664577484, 0.9997515082359314, 0.9801878929138184, 0.6502581238746643, 0.8967515826225281, 0.877275288105011, 0.9997802376747131, 0.620200514793396, 0.9984399676322937, 0.9993234872817993, 0.9980060458183289, 0.9429524540901184, 0.7104889154434204, 0.9997360110282898]","[0, 1, 1, 1, 1, 1, 1, 1, 1, 1, 1, 1, 1, 1, 0, 1, 1, 0, 1, 1, 1, 1, 0, 1, 1, 1, 1, 1, 1, 1, 1, 1, 1, 1, 1, 1, 1, 1, 1, 1, 1, 1, 1, 1, 1, 1, 1, 1, 1, 1, 0, 1, 1, 1, 1, 1, 1, 1, 1, 1, 1, 1, 1, 1]","[1.157241702079773, 0.0008493080968037248, 2.1422576904296875, 0.9616931676864624, 0.24803170561790466, 0.008498258888721466, 0.024615945294499397, 0.0013527331175282598, 0.14416350424289703, 0.0011219547595828772, 0.005941755138337612, 0.02195616625249386, 0.12010806798934937, 0.004094830248504877, 1.60966956615448, 0.42135754227638245, 0.0529269278049469, 1.0467510223388672, 0.004223775118589401, 0.003997833468019962, 1.4625096321105957, 0.2109314203262329, 1.019081950187683, 0.0924549549818039, 0.61854088306427, 0.0028820016887038946, 0.0988200455904007, 0.9650603532791138, 2.1967995166778564, 0.03438647836446762, 1.6835172176361084, 0.02244608663022518, 0.34734469652175903, 0.005738565698266029, 0.05404498428106308, 0.04870002344250679, 1.4305317401885986, 0.06458715349435806, 0.022150086238980293, 0.020810268819332123, 0.13584263622760773, 0.13255584239959717, 1.0877188444137573, 0.0003018706920556724, 0.035759344696998596, 0.0007864533108659089, 0.06794298440217972, 0.23805631697177887, 0.8870119452476501, 0.011444369331002235, 1.5138322114944458, 0.002617939841002226, 0.10535982251167297, 0.7635191082954407, 0.47008565068244934, 0.5921196341514587, 0.00234778318554163, 1.0152705907821655, 0.0126612214371562, 0.006161854136735201, 0.016614437103271484, 0.2729211747646332, 0.8513581156730652, 0.0026646708138287067]"
96,6144,6208,64,0.953125,0.3562178313732147,clean_mnist,0.03125,0.109375,0.09375,0.09375,0.0625,0.140625,0.09375,0.0625,0.125,0.1875,0.152090921998024,0.25107666850090027,12.097402572631836,13.96714973449707,19.53125,20.921875,"[2, 9, 0, 7, 3, 9, 6, 5, 8, 8, 4, 9, 9, 6, 8, 6, 9, 2, 9, 8, 9, 1, 9, 7, 2, 5, 3, 5, 2, 7, 9, 3, 7, 5, 6, 9, 5, 1, 3, 1, 4, 3, 1, 8, 5, 4, 2, 9, 1, 4, 6, 5, 8, 1, 5, 8, 5, 6, 3, 8, 2, 9, 1, 0]","[2, 9, 0, 7, 3, 9, 6, 5, 8, 8, 4, 9, 9, 6, 8, 6, 4, 2, 9, 8, 9, 1, 9, 7, 2, 5, 3, 5, 2, 7, 9, 3, 7, 5, 6, 0, 5, 1, 3, 1, 4, 3, 1, 8, 5, 4, 2, 9, 1, 4, 6, 5, 8, 1, 5, 8, 5, 6, 7, 8, 2, 9, 1, 0]","[0.9961745738983154, 0.9366610646247864, 0.44548675417900085, 0.999392032623291, 0.9994789958000183, 0.9975457787513733, 0.9830138683319092, 0.9994168281555176, 0.9622801542282104, 0.989283561706543, 0.996857762336731, 0.5891439914703369, 0.9910653233528137, 0.9847643971443176, 0.9961668848991394, 0.9996973276138306, 0.5044674873352051, 0.9994373917579651, 0.9071191549301147, 0.9972829818725586, 0.915665864944458, 0.7991008162498474, 0.9815964102745056, 0.9665497541427612, 0.996756374835968, 0.9995688796043396, 0.9797794222831726, 0.9049994945526123, 0.9896524548530579, 0.9998136162757874, 0.57203608751297, 0.9999668598175049, 0.9409418106079102, 0.9998468160629272, 0.8881531953811646, 0.6113694906234741, 0.7984219789505005, 0.7605796456336975, 0.998376727104187, 0.897499680519104, 0.9665415287017822, 0.9999946355819702, 0.8728780746459961, 0.9989674091339111, 0.658588171005249, 0.9928387999534607, 0.9975760579109192, 0.996218740940094, 0.8822596073150635, 0.7542780637741089, 0.6907864212989807, 0.9993364214897156, 0.9921809434890747, 0.40942275524139404, 0.5641207695007324, 0.9747739434242249, 0.9990496039390564, 0.9996892213821411, 0.22021910548210144, 0.9993917942047119, 0.9958516359329224, 0.9968342185020447, 0.6646223664283752, 0.9932083487510681]","[1, 1, 1, 1, 1, 1, 1, 1, 1, 1, 1, 1, 1, 1, 1, 1, 0, 1, 1, 1, 1, 1, 1, 1, 1, 1, 1, 1, 1, 1, 1, 1, 1, 1, 1, 0, 1, 1, 1, 1, 1, 1, 1, 1, 1, 1, 1, 1, 1, 1, 1, 1, 1, 1, 1, 1, 1, 1, 0, 1, 1, 1, 1, 1]","[0.02957977168262005, 0.27489811182022095, 1.4843943119049072, 0.005820483900606632, 0.005075756460428238, 0.019752472639083862, 0.09319499135017395, 0.0054582031443715096, 0.18921658396720886, 0.07579616457223892, 0.025792177766561508, 0.792861819267273, 0.06224294379353523, 0.09735990315675735, 0.02919265441596508, 0.0030533908866345882, 1.320768117904663, 0.005320077296346426, 0.4760251045227051, 0.02229064702987671, 0.4427865743637085, 0.855635404586792, 0.1116277426481247, 0.18895557522773743, 0.023091556504368782, 0.004039160907268524, 0.10346514731645584, 0.4401726722717285, 0.0763980969786644, 0.0020530393812805414, 1.2926335334777832, 0.000426403246819973, 0.2919798493385315, 0.001614550594240427, 0.5070526599884033, 1.0368350744247437, 0.7545593976974487, 0.8354024887084961, 0.013420742005109787, 0.5364471077919006, 0.19346696138381958, 7.774807454552501e-05, 0.6030668020248413, 0.009040693752467632, 0.8616678714752197, 0.05020746961236, 0.018575318157672882, 0.026883777230978012, 0.566207766532898, 0.8236099481582642, 1.0316630601882935, 0.006075615528970957, 0.05779492110013962, 1.6887096166610718, 0.9777734875679016, 0.1480354219675064, 0.007892448455095291, 0.003326598322018981, 1.9420744180679321, 0.005882975645363331, 0.030914107337594032, 0.02223905175924301, 1.1350500583648682, 0.051014430820941925]"
97,6208,6272,64,0.953125,0.43384498357772827,clean_mnist,0.046875,0.140625,0.109375,0.09375,0.15625,0.09375,0.09375,0.09375,0.09375,0.078125,0.1400940865278244,0.2381676435470581,12.10838794708252,14.08160400390625,18.484375,21.390625,"[1, 1, 9, 2, 2, 3, 8, 4, 3, 5, 4, 6, 4, 7, 2, 8, 7, 9, 1, 0, 0, 1, 3, 2, 1, 3, 9, 4, 6, 5, 9, 6, 8, 7, 8, 8, 1, 0, 5, 1, 7, 2, 7, 3, 2, 4, 1, 5, 4, 6, 4, 7, 4, 8, 1, 9, 5, 6, 5, 6, 4, 3, 2, 4]","[1, 1, 4, 2, 2, 3, 8, 4, 3, 5, 4, 6, 4, 7, 2, 8, 7, 9, 1, 0, 0, 1, 3, 2, 1, 3, 9, 4, 6, 5, 9, 6, 8, 7, 8, 8, 1, 0, 6, 1, 7, 2, 7, 3, 2, 4, 1, 5, 4, 6, 4, 7, 4, 8, 1, 9, 5, 6, 6, 6, 4, 3, 2, 4]","[0.919360876083374, 0.9466264843940735, 0.5375107526779175, 0.7515261173248291, 0.8979872465133667, 0.9767081141471863, 0.9991377592086792, 0.9455121159553528, 0.9982947707176208, 0.9564553499221802, 0.6084811687469482, 0.9893985986709595, 0.7990773916244507, 0.8104549050331116, 0.9979972243309021, 0.9952667951583862, 0.7660771012306213, 0.9922870397567749, 0.3516440689563751, 0.9320108294487, 0.8200347423553467, 0.886872410774231, 0.9836703538894653, 0.9127984642982483, 0.981875479221344, 0.9917839765548706, 0.982414186000824, 0.75283282995224, 0.7567176818847656, 0.9999682903289795, 0.9908113479614258, 0.9712764620780945, 0.9825834631919861, 0.9968041181564331, 0.9947086572647095, 0.9999188184738159, 0.7311007976531982, 0.874903678894043, 0.634224534034729, 0.9663070440292358, 0.9997803568840027, 0.7220759391784668, 0.3331436216831207, 0.9187098145484924, 0.9940357208251953, 0.9994497895240784, 0.2874738276004791, 0.9969654679298401, 0.9947528839111328, 0.9966229200363159, 0.8950986862182617, 0.8745754957199097, 0.8527218103408813, 0.999984622001648, 0.34359991550445557, 0.9980385899543762, 0.9403790235519409, 0.9965404868125916, 0.6969121098518372, 0.6667970418930054, 0.8768914937973022, 0.9122577905654907, 0.997536301612854, 0.9989601373672485]","[1, 1, 0, 1, 1, 1, 1, 1, 1, 1, 1, 1, 1, 1, 1, 1, 1, 1, 1, 1, 1, 1, 1, 1, 1, 1, 1, 1, 1, 1, 1, 1, 1, 1, 1, 1, 1, 1, 0, 1, 1, 1, 1, 1, 1, 1, 1, 1, 1, 1, 1, 1, 1, 1, 1, 1, 1, 1, 0, 1, 1, 1, 1, 1]","[0.3873269259929657, 0.29728129506111145, 0.7640855312347412, 0.9275655746459961, 0.36264514923095703, 0.13275361061096191, 0.008053959347307682, 0.30157750844955444, 0.013385419733822346, 0.20759369432926178, 0.9354024529457092, 0.07731053978204727, 0.680968701839447, 0.819983959197998, 0.017111945897340775, 0.03694474324584007, 0.8867174386978149, 0.05602337419986725, 1.77580726146698, 0.3594059348106384, 0.7063028216362, 0.5773102045059204, 0.09805469959974289, 0.3678859770298004, 0.1223783865571022, 0.04986153170466423, 0.10600745677947998, 0.982524037361145, 0.7480298280715942, 0.0003785138251259923, 0.05914490297436714, 0.17394475638866425, 0.09287036210298538, 0.024803582578897476, 0.03819062188267708, 0.0009476339910179377, 1.0433919429779053, 0.5890921950340271, 1.1276648044586182, 0.19945096969604492, 0.0022707507014274597, 0.8807814717292786, 1.513047456741333, 0.3149014711380005, 0.04261793941259384, 0.005024689249694347, 1.7307195663452148, 0.022810544818639755, 0.0376657173037529, 0.02832583524286747, 0.4445689022541046, 0.5861585140228271, 0.6624056100845337, 0.00020461782696656883, 2.0476863384246826, 0.015662048012018204, 0.23355738818645477, 0.024690521880984306, 0.8282525539398193, 1.1995649337768555, 0.49856626987457275, 0.45968082547187805, 0.02063845470547676, 0.010094788856804371]"
98,6272,6336,64,0.90625,0.4321499466896057,clean_mnist,0.15625,0.09375,0.046875,0.140625,0.09375,0.125,0.046875,0.109375,0.078125,0.109375,0.14325152337551117,0.2413615733385086,12.156932830810547,13.791574478149414,18.9375,21.40625,"[1, 2, 5, 8, 5, 1, 7, 0, 7, 6, 3, 4, 8, 9, 3, 7, 5, 2, 5, 3, 0, 3, 8, 9, 9, 3, 3, 3, 5, 9, 0, 1, 7, 5, 9, 6, 4, 3, 9, 1, 4, 6, 4, 7, 0, 3, 1, 7, 0, 5, 8, 4, 5, 0, 0, 2, 1, 4, 0, 0, 0, 7, 9, 8]","[9, 2, 5, 8, 5, 1, 7, 0, 7, 6, 3, 4, 8, 9, 3, 7, 8, 2, 5, 3, 0, 3, 9, 9, 0, 3, 3, 3, 5, 9, 0, 1, 7, 5, 9, 2, 4, 3, 9, 1, 4, 6, 4, 7, 0, 3, 1, 7, 0, 8, 8, 4, 5, 0, 0, 2, 1, 4, 0, 0, 0, 7, 9, 8]","[0.33141329884529114, 0.98653244972229, 0.9993261098861694, 0.989730954170227, 0.9705845713615417, 0.8196450471878052, 0.8543775081634521, 0.8012675046920776, 0.9999444484710693, 0.9994844198226929, 0.9967976212501526, 0.9984102249145508, 0.5926292538642883, 0.9433414340019226, 0.9996076226234436, 0.962909460067749, 0.6141064167022705, 0.5950300097465515, 0.8942602276802063, 0.7662618160247803, 0.8279799222946167, 0.9987926483154297, 0.5141561627388, 0.9492483139038086, 0.39050066471099854, 0.6918824911117554, 0.999481737613678, 0.9841639399528503, 0.9371253252029419, 0.9260298609733582, 0.913052499294281, 0.9538661241531372, 0.9129161834716797, 0.9920738935470581, 0.9877471923828125, 0.6976309418678284, 0.9187462329864502, 0.9824196100234985, 0.9537134766578674, 0.8721477389335632, 0.7311161160469055, 0.9994882345199585, 0.7602293491363525, 0.9057986736297607, 0.8520081639289856, 0.9877654314041138, 0.9823761582374573, 0.9725487232208252, 0.781866192817688, 0.5592779517173767, 0.9191234111785889, 0.9514316320419312, 0.9999353885650635, 0.9996455907821655, 0.7865549921989441, 0.9817211627960205, 0.4296657145023346, 0.9834460616111755, 0.8343369364738464, 0.7732563614845276, 0.8837417364120483, 0.9643051624298096, 0.9760951995849609, 0.9997993111610413]","[0, 1, 1, 1, 1, 1, 1, 1, 1, 1, 1, 1, 1, 1, 1, 1, 0, 1, 1, 1, 1, 1, 0, 1, 0, 1, 1, 1, 1, 1, 1, 1, 1, 1, 1, 0, 1, 1, 1, 1, 1, 1, 1, 1, 1, 1, 1, 1, 1, 0, 1, 1, 1, 1, 1, 1, 1, 1, 1, 1, 1, 1, 1, 1]","[1.6067146062850952, 0.08757522702217102, 0.0058262646198272705, 0.07053346186876297, 0.1598973572254181, 0.8169832825660706, 0.6711970567703247, 0.7565417885780334, 0.0006713467882946134, 0.005196969956159592, 0.024800114333629608, 0.014525795355439186, 0.9680607318878174, 0.2656311094760895, 0.004098732024431229, 0.19002068042755127, 0.8040767312049866, 1.3161042928695679, 0.3926212787628174, 0.8104913830757141, 0.750959038734436, 0.011054325848817825, 0.7942264080047607, 0.24579915404319763, 1.3343486785888672, 0.9894013404846191, 0.005138751585036516, 0.10280998796224594, 0.2861047387123108, 0.37747782468795776, 0.3579532206058502, 0.27539101243019104, 0.3847115635871887, 0.04957917705178261, 0.07854340225458145, 0.9079285860061646, 0.3912520408630371, 0.10033686459064484, 0.24835503101348877, 0.624312162399292, 0.9097144603729248, 0.005171842407435179, 0.6130537986755371, 0.41322869062423706, 0.6612556576728821, 0.07163918018341064, 0.10751105844974518, 0.16315631568431854, 0.7756120562553406, 0.847292423248291, 0.3029431104660034, 0.2616340219974518, 0.0007505858666263521, 0.003736022859811783, 0.820685863494873, 0.12128347903490067, 1.7023091316223145, 0.11208726465702057, 0.7201789617538452, 0.8702507615089417, 0.5348937511444092, 0.2122659683227539, 0.13761776685714722, 0.0020742174237966537]"
99,6336,6400,64,0.90625,0.4164218604564667,clean_mnist,0.0625,0.125,0.109375,0.09375,0.015625,0.171875,0.125,0.125,0.0625,0.109375,0.14118117094039917,0.2373373955488205,12.119482040405273,13.841758728027344,18.84375,21.15625,"[9, 0, 6, 7, 3, 0, 3, 6, 2, 9, 5, 3, 2, 2, 3, 4, 5, 8, 5, 6, 1, 0, 7, 5, 3, 7, 2, 5, 8, 1, 1, 0, 9, 8, 5, 1, 1, 6, 5, 7, 9, 2, 7, 9, 1, 7, 9, 9, 1, 5, 2, 6, 6, 5, 8, 2, 5, 6, 7, 1, 6, 7, 3, 5]","[4, 0, 6, 7, 3, 0, 3, 6, 2, 9, 5, 3, 2, 2, 3, 4, 5, 8, 8, 6, 1, 0, 7, 5, 2, 7, 3, 5, 8, 1, 1, 0, 9, 8, 5, 1, 1, 6, 5, 7, 9, 2, 7, 9, 1, 7, 9, 9, 1, 5, 2, 6, 6, 5, 8, 2, 6, 6, 0, 1, 6, 7, 3, 5]","[0.3763294219970703, 0.8202455639839172, 0.9750985503196716, 0.8417773246765137, 0.9999088048934937, 0.9896579384803772, 0.9983955025672913, 0.9611947536468506, 0.7812581062316895, 0.8890728950500488, 0.9991151690483093, 0.6764365434646606, 0.999051034450531, 0.9869576692581177, 0.9946216344833374, 0.9852965474128723, 0.9950653910636902, 0.9999865293502808, 0.5184268355369568, 0.7724743485450745, 0.7839754819869995, 0.9842586517333984, 0.9356200098991394, 0.9747056365013123, 0.5307708382606506, 0.9483713507652283, 0.4492417275905609, 0.990270733833313, 0.5191344618797302, 0.9806937575340271, 0.5640501976013184, 0.8835914731025696, 0.9935926795005798, 0.9991434812545776, 0.6638236045837402, 0.788230299949646, 0.6915598511695862, 0.9996778964996338, 0.9853191375732422, 0.8959402441978455, 0.9951494336128235, 0.9919053316116333, 0.7829456329345703, 0.9987037181854248, 0.5032527446746826, 0.9666338562965393, 0.839949369430542, 0.9967549443244934, 0.9096421599388123, 0.9997708201408386, 0.9882302284240723, 0.8916091322898865, 0.986351728439331, 0.9997401833534241, 0.9925340414047241, 0.8614370822906494, 0.6638604402542114, 0.9817330837249756, 0.6930213570594788, 0.9208788871765137, 0.9928919076919556, 0.967069685459137, 0.9929360747337341, 0.9999741315841675]","[0, 1, 1, 1, 1, 1, 1, 1, 1, 1, 1, 1, 1, 1, 1, 1, 1, 1, 0, 1, 1, 1, 1, 1, 0, 1, 0, 1, 1, 1, 1, 1, 1, 1, 1, 1, 1, 1, 1, 1, 1, 1, 1, 1, 1, 1, 1, 1, 1, 1, 1, 1, 1, 1, 1, 1, 0, 1, 0, 1, 1, 1, 1, 1]","[1.7755165100097656, 0.7871074080467224, 0.15071898698806763, 0.570258617401123, 0.0010150849120691419, 0.07587771862745285, 0.014403076842427254, 0.19997581839561462, 0.6554297208786011, 0.5278127193450928, 0.007730569690465927, 0.942571759223938, 0.008781921118497849, 0.08532903343439102, 0.03680548444390297, 0.09576240926980972, 0.0360383540391922, 0.00018067506607621908, 1.1715861558914185, 0.9032706022262573, 0.9550127387046814, 0.10951490700244904, 0.34291619062423706, 0.12261299788951874, 0.8708086013793945, 0.28655481338500977, 1.455728530883789, 0.05757389962673187, 0.9209590554237366, 0.1319512277841568, 1.6012998819351196, 0.5195770263671875, 0.04538101702928543, 0.007827997207641602, 0.6777539253234863, 0.9428485631942749, 1.268242597579956, 0.00333945220336318, 0.09524909406900406, 0.4919304847717285, 0.035181231796741486, 0.0521087683737278, 0.6870418190956116, 0.011620770208537579, 1.7583081722259521, 0.204881489276886, 0.5924190878868103, 0.026104167103767395, 0.46481558680534363, 0.002236770698800683, 0.0662192776799202, 0.43312138319015503, 0.08710138499736786, 0.0026400149799883366, 0.0551447756588459, 0.5625734925270081, 0.7586168646812439, 0.12200798094272614, 1.0774197578430176, 0.43465712666511536, 0.04839613288640976, 0.1663009226322174, 0.04849575459957123, 0.00032838608603924513]"
100,6400,6464,64,0.953125,0.383188396692276,clean_mnist,0.140625,0.125,0.0625,0.1875,0.078125,0.125,0.09375,0.0625,0.0625,0.0625,0.13685639202594757,0.2373991459608078,12.017868041992188,13.82544994354248,19.4375,21.15625,"[0, 5, 6, 7, 8, 3, 3, 5, 1, 0, 3, 1, 5, 1, 2, 3, 3, 8, 5, 1, 3, 0, 0, 1, 4, 2, 5, 3, 3, 4, 3, 5, 7, 6, 5, 7, 1, 8, 9, 9, 3, 0, 2, 1, 0, 2, 0, 3, 6, 4, 3, 5, 6, 6, 4, 7, 6, 8, 0, 9, 9, 0, 4, 1]","[0, 5, 6, 7, 8, 3, 0, 5, 1, 0, 3, 1, 5, 1, 2, 3, 3, 8, 5, 1, 3, 0, 0, 1, 4, 2, 5, 3, 3, 4, 3, 5, 7, 6, 5, 7, 1, 8, 9, 9, 3, 0, 2, 1, 0, 2, 0, 3, 4, 4, 3, 5, 6, 6, 4, 7, 6, 8, 1, 9, 9, 0, 4, 1]","[0.8559847474098206, 0.9691036939620972, 0.9933212399482727, 0.8507159352302551, 0.9972400665283203, 0.9839757680892944, 0.6336957216262817, 0.999679684638977, 0.9272405505180359, 0.8644055128097534, 0.9999445676803589, 0.9769476652145386, 0.9997913241386414, 0.8845543265342712, 0.9469094276428223, 0.9551438093185425, 0.7200698852539062, 0.9938083291053772, 0.717886745929718, 0.8659384250640869, 0.9999426603317261, 0.9962496161460876, 0.8054704070091248, 0.5981122255325317, 0.9732376933097839, 0.7462465167045593, 0.9950390458106995, 0.9999072551727295, 0.9015673398971558, 0.999943733215332, 0.9742569923400879, 0.9997243285179138, 0.9495711326599121, 0.9996676445007324, 0.9151753783226013, 0.9936475157737732, 0.52616286277771, 0.9989280104637146, 0.9875455498695374, 0.99785977602005, 0.9737588167190552, 0.9285034537315369, 0.9867152571678162, 0.7764328718185425, 0.8121404051780701, 0.9884803295135498, 0.6007833480834961, 0.9996377229690552, 0.7093378305435181, 0.9533125758171082, 0.7563090324401855, 0.9971764087677002, 0.8198630213737488, 0.954559862613678, 0.9608321785926819, 0.6708986163139343, 0.9940977096557617, 0.9986687898635864, 0.3637271821498871, 0.9348989725112915, 0.9957959651947021, 0.852407693862915, 0.7726415395736694, 0.9419558048248291]","[1, 1, 1, 1, 1, 1, 0, 1, 1, 1, 1, 1, 1, 1, 1, 1, 1, 1, 1, 1, 1, 1, 1, 1, 1, 1, 1, 1, 1, 1, 1, 1, 1, 1, 1, 1, 1, 1, 1, 1, 1, 1, 1, 1, 1, 1, 1, 1, 0, 1, 1, 1, 1, 1, 1, 1, 1, 1, 0, 1, 1, 1, 1, 1]","[0.6540942788124084, 0.15563331544399261, 0.047367822378873825, 0.6770485639572144, 0.022373277693986893, 0.08667353540658951, 1.1403368711471558, 0.0030622747726738453, 0.3218062222003937, 0.6280848979949951, 0.0006745525170117617, 0.15251436829566956, 0.002160875592380762, 0.5764162540435791, 0.25122779607772827, 0.2168325036764145, 1.004077672958374, 0.041706472635269165, 0.8791503310203552, 0.659106433391571, 0.0006789195467717946, 0.030539024621248245, 0.882294237613678, 1.2504959106445312, 0.1253155618906021, 0.6686757206916809, 0.032191745936870575, 0.0010524096433073282, 0.44392290711402893, 0.0006620986387133598, 0.14499962329864502, 0.0026109805330634117, 0.25640541315078735, 0.0034064215142279863, 0.291910856962204, 0.04281240329146385, 1.4062498807907104, 0.009974122978746891, 0.08311617374420166, 0.01710635796189308, 0.13668103516101837, 0.36745649576187134, 0.07712570577859879, 0.976456880569458, 0.7407498359680176, 0.06804919987916946, 1.2896697521209717, 0.0037461051251739264, 1.066341519355774, 0.2294720560312271, 0.5655534267425537, 0.020457027480006218, 0.7153226137161255, 0.20904415845870972, 0.18815509974956512, 0.9533407688140869, 0.044735848903656006, 0.012042973190546036, 1.5803749561309814, 0.2812608778476715, 0.03310412913560867, 0.6489333510398865, 0.7600308060646057, 0.34118494391441345]"
101,6464,6528,64,0.921875,0.32481649518013,clean_mnist,0.015625,0.0625,0.125,0.125,0.078125,0.140625,0.109375,0.125,0.140625,0.078125,0.12830008566379547,0.2235245704650879,12.190010070800781,14.003803253173828,19.359375,21.34375,"[6, 2, 2, 3, 3, 4, 8, 5, 5, 6, 5, 7, 7, 8, 2, 9, 2, 7, 6, 4, 4, 7, 6, 7, 1, 3, 4, 9, 2, 8, 2, 5, 5, 3, 8, 1, 3, 5, 0, 8, 3, 2, 8, 7, 8, 6, 7, 1, 8, 5, 9, 2, 3, 6, 9, 4, 9, 1, 3, 8, 5, 7, 6, 5]","[6, 2, 2, 3, 0, 4, 8, 5, 5, 6, 6, 7, 7, 8, 2, 9, 2, 7, 6, 4, 4, 7, 6, 7, 1, 3, 4, 9, 2, 8, 2, 8, 0, 3, 8, 1, 3, 5, 0, 8, 5, 2, 8, 7, 8, 6, 7, 1, 8, 5, 9, 2, 3, 6, 9, 4, 9, 1, 3, 8, 5, 7, 6, 5]","[0.7217739224433899, 0.9427100419998169, 0.5298960208892822, 0.9997044205665588, 0.1953771412372589, 0.9154161214828491, 0.9955645799636841, 0.9647300839424133, 0.9985448122024536, 0.9952715039253235, 0.4153410494327545, 0.9991375207901001, 0.9997997879981995, 0.989692747592926, 0.7957760691642761, 0.9975047707557678, 0.9548869132995605, 0.9694572687149048, 0.9975979924201965, 0.9904154539108276, 0.41540780663490295, 0.9986188411712646, 0.6903517842292786, 0.9753187298774719, 0.7123211026191711, 0.999961256980896, 0.7837134599685669, 0.9929566383361816, 0.8792252540588379, 0.9861912727355957, 0.8183354139328003, 0.554057776927948, 0.871292769908905, 0.9996763467788696, 0.5323020815849304, 0.8491269946098328, 0.8546612858772278, 0.9958534240722656, 0.9835380911827087, 0.9956075549125671, 0.6654519438743591, 0.9974313378334045, 0.9905111193656921, 0.9998288154602051, 0.9993307590484619, 0.9465581774711609, 0.9978266358375549, 0.8307635188102722, 0.9877168536186218, 0.9972411394119263, 0.9805940985679626, 0.9985983967781067, 0.9996235370635986, 0.9807252287864685, 0.9928774237632751, 0.9999699592590332, 0.9841238856315613, 0.9998985528945923, 0.9995676875114441, 0.9993234872817993, 0.8303114771842957, 0.981868326663971, 0.9999456405639648, 0.9997692704200745]","[1, 1, 1, 1, 0, 1, 1, 1, 1, 1, 0, 1, 1, 1, 1, 1, 1, 1, 1, 1, 1, 1, 1, 1, 1, 1, 1, 1, 1, 1, 1, 0, 0, 1, 1, 1, 1, 1, 1, 1, 0, 1, 1, 1, 1, 1, 1, 1, 1, 1, 1, 1, 1, 1, 1, 1, 1, 1, 1, 1, 1, 1, 1, 1]","[1.109605073928833, 0.2373093217611313, 1.2040660381317139, 0.0027412071358412504, 1.9840831756591797, 0.3578324615955353, 0.035828497260808945, 0.1961214244365692, 0.01202775165438652, 0.03587775304913521, 1.3653944730758667, 0.008145861327648163, 0.002210171427577734, 0.07006816565990448, 0.6017872095108032, 0.019992977380752563, 0.20372110605239868, 0.1603049486875534, 0.019566599279642105, 0.06559450924396515, 1.8479859828948975, 0.01102723740041256, 0.7249117493629456, 0.14638854563236237, 1.1720235347747803, 0.000481130788102746, 0.7029967904090881, 0.04881251975893974, 0.5000737309455872, 0.0860491394996643, 0.6762987971305847, 1.2812947034835815, 0.5566408634185791, 0.0031361780129373074, 1.103821039199829, 0.7004790306091309, 0.4707430899143219, 0.029366089031100273, 0.11187747865915298, 0.032685987651348114, 0.6634161472320557, 0.01874767616391182, 0.06477974355220795, 0.0018067315686494112, 0.006497603375464678, 0.2823284864425659, 0.018458522856235504, 0.7248251438140869, 0.07964708656072617, 0.019431788474321365, 0.1148805171251297, 0.011431477032601833, 0.0035292371176183224, 0.1262584924697876, 0.05410163477063179, 0.0003847285988740623, 0.1056138128042221, 0.0011926752049475908, 0.004151301924139261, 0.006160798016935587, 0.47003036737442017, 0.10834047198295593, 0.000666444655507803, 0.0022023215424269438]"
102,6528,6592,64,0.921875,0.35397499799728394,clean_mnist,0.03125,0.15625,0.03125,0.140625,0.0625,0.09375,0.15625,0.09375,0.125,0.109375,0.11959995329380035,0.21550944447517395,12.15672779083252,13.87049388885498,17.703125,21.4375,"[7, 5, 1, 1, 4, 8, 8, 9, 4, 1, 0, 3, 2, 6, 9, 3, 8, 3, 8, 2, 6, 3, 7, 6, 4, 6, 1, 5, 4, 5, 1, 3, 9, 3, 5, 8, 9, 1, 7, 6, 1, 5, 1, 6, 6, 8, 6, 1, 3, 9, 6, 7, 8, 6, 5, 8, 3, 3, 1, 7, 9, 9, 7, 0]","[7, 5, 1, 1, 4, 8, 8, 9, 4, 1, 0, 3, 2, 6, 9, 3, 8, 3, 4, 2, 6, 2, 7, 6, 4, 6, 1, 5, 4, 5, 1, 3, 4, 3, 6, 8, 9, 1, 7, 6, 1, 5, 1, 6, 6, 8, 6, 1, 3, 9, 6, 7, 8, 6, 8, 8, 3, 3, 1, 7, 9, 9, 7, 0]","[0.9961852431297302, 0.9998733997344971, 0.7860550880432129, 0.899949848651886, 0.5549108386039734, 0.9990987777709961, 0.9821215867996216, 0.9617975950241089, 0.9354614019393921, 0.9830994606018066, 0.9808022975921631, 0.9998283386230469, 0.961315929889679, 0.9954558610916138, 0.9950490593910217, 0.9980201721191406, 0.9687035083770752, 0.9997981190681458, 0.27027225494384766, 0.9944990277290344, 0.9688127040863037, 0.7066700458526611, 0.9895628094673157, 0.999207079410553, 0.8968173265457153, 0.9515425562858582, 0.7036498188972473, 0.9999545812606812, 0.8661971092224121, 0.9993714690208435, 0.8540734648704529, 0.9999985694885254, 0.5198431611061096, 0.9999871253967285, 0.6536071300506592, 0.8059306144714355, 0.6788009405136108, 0.9741417169570923, 0.966211199760437, 0.9807248115539551, 0.3826405704021454, 0.9777041673660278, 0.6964942216873169, 0.9983519315719604, 0.9026210308074951, 0.9471343755722046, 0.7104182243347168, 0.7199007868766785, 0.9967466592788696, 0.9994606375694275, 0.9613440036773682, 0.9988318085670471, 0.9801298379898071, 0.9982506632804871, 0.5804751515388489, 0.9658766984939575, 0.9988464117050171, 0.999127209186554, 0.9585767984390259, 0.9988211989402771, 0.9997013211250305, 0.7160273790359497, 0.9302611947059631, 0.9889577627182007]","[1, 1, 1, 1, 1, 1, 1, 1, 1, 1, 1, 1, 1, 1, 1, 1, 1, 1, 0, 1, 1, 0, 1, 1, 1, 1, 1, 1, 1, 1, 1, 1, 0, 1, 0, 1, 1, 1, 1, 1, 1, 1, 1, 1, 1, 1, 1, 1, 1, 1, 1, 1, 1, 1, 0, 1, 1, 1, 1, 1, 1, 1, 1, 1]","[0.0299991425126791, 0.0012985036009922624, 0.9043339490890503, 0.5037731528282166, 1.461120367050171, 0.007407677359879017, 0.11813727766275406, 0.18717226386070251, 0.3390156924724579, 0.11443707346916199, 0.11964468657970428, 0.0019272816134616733, 0.1792074292898178, 0.03592050448060036, 0.03575455769896507, 0.015696462243795395, 0.17713338136672974, 0.0021797423250973225, 1.914237380027771, 0.04005856439471245, 0.15609557926654816, 0.6779860854148865, 0.06669346243143082, 0.007442640606313944, 0.3885684609413147, 0.2792460024356842, 1.2108938694000244, 0.000518171931616962, 0.5677047967910767, 0.005395993590354919, 0.6779292225837708, 2.4019740521907806e-05, 1.1034536361694336, 0.00016625356511212885, 0.7811718583106995, 0.6110875606536865, 1.0326497554779053, 0.16420085728168488, 0.16072282195091248, 0.11950734257698059, 1.792619228363037, 0.13978898525238037, 1.1977125406265259, 0.014165423810482025, 0.34339526295661926, 0.2936341464519501, 0.6285102963447571, 1.0040019750595093, 0.026381688192486763, 0.005305212922394276, 0.1745842695236206, 0.009706344455480576, 0.11006858199834824, 0.015511108562350273, 1.0104976892471313, 0.21186059713363647, 0.009776508435606956, 0.007726795040071011, 0.25355473160743713, 0.009676367975771427, 0.0031061223708093166, 0.787887454032898, 0.32741114497184753, 0.07760527729988098]"
103,6592,6656,64,0.9375,0.3138817846775055,clean_mnist,0.15625,0.09375,0.15625,0.140625,0.09375,0.09375,0.0625,0.078125,0.0625,0.0625,0.13507598638534546,0.2278597056865692,12.085881233215332,13.893564224243164,18.734375,21.5,"[3, 0, 3, 3, 4, 7, 4, 9, 7, 3, 6, 0, 3, 2, 5, 0, 4, 1, 5, 0, 3, 1, 3, 0, 7, 1, 8, 0, 8, 4, 8, 7, 2, 9, 2, 2, 2, 0, 0, 6, 3, 2, 9, 6, 5, 2, 6, 2, 1, 9, 2, 8, 5, 0, 5, 1, 0, 2, 7, 3, 4, 4, 1, 5]","[3, 0, 3, 3, 4, 7, 4, 9, 7, 3, 6, 0, 8, 2, 8, 0, 4, 1, 5, 0, 3, 1, 0, 0, 7, 1, 8, 0, 8, 4, 8, 7, 2, 9, 2, 2, 2, 0, 0, 6, 3, 2, 9, 6, 5, 2, 6, 2, 1, 9, 2, 9, 5, 0, 5, 1, 0, 2, 7, 3, 4, 4, 1, 5]","[0.9997875094413757, 0.9975213408470154, 0.9997873902320862, 0.9990389347076416, 0.984512209892273, 0.9918214678764343, 0.9974722266197205, 0.8358598947525024, 0.6049246191978455, 0.995418906211853, 0.9526292085647583, 0.9997232556343079, 0.9699664115905762, 0.9279272556304932, 0.8440253734588623, 0.7724029421806335, 0.4626818001270294, 0.9512710571289062, 0.9980456829071045, 0.953377366065979, 0.9998533725738525, 0.7727266550064087, 0.448544442653656, 0.9662799835205078, 0.9796510338783264, 0.9554179906845093, 0.9626585841178894, 0.9793771505355835, 0.9960821270942688, 0.9431778788566589, 0.7686297297477722, 0.9389495253562927, 0.9305878281593323, 0.9989295601844788, 0.9954046010971069, 0.9106433391571045, 0.9967765212059021, 0.9404656291007996, 0.8790912628173828, 0.9970526695251465, 0.9936645030975342, 0.9349763989448547, 0.9471805691719055, 0.9980442523956299, 0.8575054407119751, 0.9893820285797119, 0.9862543344497681, 0.9977729916572571, 0.425015389919281, 0.9986684322357178, 0.7742789387702942, 0.5150502920150757, 0.8943727016448975, 0.8161631226539612, 0.9965925812721252, 0.9281968474388123, 0.7641189694404602, 0.9613251686096191, 0.9904131293296814, 0.9964369535446167, 0.986156702041626, 0.8898196220397949, 0.920173704624176, 0.9962051510810852]","[1, 1, 1, 1, 1, 1, 1, 1, 1, 1, 1, 1, 0, 1, 0, 1, 1, 1, 1, 1, 1, 1, 0, 1, 1, 1, 1, 1, 1, 1, 1, 1, 1, 1, 1, 1, 1, 1, 1, 1, 1, 1, 1, 1, 1, 1, 1, 1, 1, 1, 1, 0, 1, 1, 1, 1, 1, 1, 1, 1, 1, 1, 1, 1]","[0.0023576451931148767, 0.01885349303483963, 0.0023071838077157736, 0.008133219555020332, 0.09254946559667587, 0.05374257266521454, 0.02009003609418869, 0.6831362843513489, 1.0693390369415283, 0.03455255553126335, 0.2628310024738312, 0.0029864939860999584, 0.16423897445201874, 0.30152446031570435, 0.5544502139091492, 0.8816223740577698, 1.2466580867767334, 0.2753560245037079, 0.016295524314045906, 0.21026036143302917, 0.0016263166908174753, 0.9915000200271606, 1.2346934080123901, 0.1971283257007599, 0.11246943473815918, 0.2473626434803009, 0.22247254848480225, 0.13289624452590942, 0.029605627059936523, 0.2739965617656708, 0.6479932069778442, 0.29564186930656433, 0.27820268273353577, 0.009685833938419819, 0.0301535464823246, 0.3171210289001465, 0.024589667096734047, 0.30418407917022705, 0.575082004070282, 0.0244781244546175, 0.04361318051815033, 0.2863572835922241, 0.2810169458389282, 0.017057405784726143, 0.6397894024848938, 0.06387169659137726, 0.08682157099246979, 0.0176768209785223, 1.523751139640808, 0.01108069159090519, 0.7139564752578735, 0.755592405796051, 0.3550199866294861, 0.7703021764755249, 0.02572028897702694, 0.3970429599285126, 0.9315574765205383, 0.2217203676700592, 0.058130040764808655, 0.02741324156522751, 0.09473763406276703, 0.5252014398574829, 0.3594963550567627, 0.029341446235775948]"
104,6656,6720,64,0.90625,0.4848560690879822,clean_mnist,0.078125,0.140625,0.03125,0.109375,0.09375,0.078125,0.09375,0.15625,0.078125,0.140625,0.10604187846183777,0.19249258935451508,12.080883026123047,14.159204483032227,16.65625,21.390625,"[4, 6, 9, 8, 9, 9, 3, 0, 5, 1, 7, 3, 9, 4, 8, 5, 4, 6, 4, 7, 0, 8, 1, 9, 5, 0, 1, 1, 0, 2, 7, 3, 7, 4, 6, 5, 6, 6, 9, 7, 7, 8, 1, 9, 0, 1, 1, 8, 7, 6, 3, 7, 2, 1, 3, 3, 5, 7, 9, 7, 4, 9, 1, 3]","[4, 6, 3, 8, 5, 9, 3, 0, 5, 1, 7, 3, 9, 4, 6, 5, 4, 6, 4, 7, 0, 8, 1, 9, 5, 0, 1, 1, 0, 2, 7, 3, 7, 4, 6, 5, 6, 6, 9, 7, 7, 8, 1, 9, 0, 1, 1, 8, 0, 6, 3, 7, 0, 1, 3, 3, 5, 7, 4, 7, 4, 9, 1, 3]","[0.6428782939910889, 0.9821067452430725, 0.9536936283111572, 0.9145770072937012, 0.5103808045387268, 0.9587867856025696, 0.9994688630104065, 0.9123849868774414, 0.8626763820648193, 0.8066768050193787, 0.9994757771492004, 0.9960678815841675, 0.5047428011894226, 0.5139380693435669, 0.4271464943885803, 0.9948574304580688, 0.9441755414009094, 0.9946370720863342, 0.9529723525047302, 0.8585344552993774, 0.7965826392173767, 0.9950882792472839, 0.8812876343727112, 0.9685723185539246, 0.9409855604171753, 0.7201067209243774, 0.9958903193473816, 0.8340238928794861, 0.7951053380966187, 0.8617199659347534, 0.9854848980903625, 0.9981447458267212, 0.9786741733551025, 0.9825168251991272, 0.9036957025527954, 0.999630331993103, 0.9997374415397644, 0.9500656127929688, 0.9155995845794678, 0.619645357131958, 0.8902941346168518, 0.9818412065505981, 0.7084566950798035, 0.8441435098648071, 0.8928499221801758, 0.698694109916687, 0.9876882433891296, 0.9910682439804077, 0.7785409092903137, 0.9597769379615784, 0.9829453825950623, 0.5112093091011047, 0.4865744113922119, 0.9990304708480835, 0.9994939565658569, 0.9699223041534424, 0.9994683861732483, 0.5623170733451843, 0.7582962512969971, 0.7801536917686462, 0.8848327994346619, 0.8386259078979492, 0.7748029828071594, 0.9990359544754028]","[1, 1, 0, 1, 0, 1, 1, 1, 1, 1, 1, 1, 1, 1, 0, 1, 1, 1, 1, 1, 1, 1, 1, 1, 1, 1, 1, 1, 1, 1, 1, 1, 1, 1, 1, 1, 1, 1, 1, 1, 1, 1, 1, 1, 1, 1, 1, 1, 0, 1, 1, 1, 0, 1, 1, 1, 1, 1, 0, 1, 1, 1, 1, 1]","[0.7092247605323792, 0.11827418208122253, 0.24971389770507812, 0.40472477674484253, 1.1051254272460938, 0.22241413593292236, 0.005392204504460096, 0.4637131094932556, 0.5736808776855469, 0.8663443922996521, 0.004931151866912842, 0.031398139894008636, 1.2177163362503052, 1.628207802772522, 1.1798073053359985, 0.03920777142047882, 0.2801348865032196, 0.037945713847875595, 0.2464439570903778, 0.6713318228721619, 0.8306995034217834, 0.03821345418691635, 0.5996729135513306, 0.18145541846752167, 0.24746541678905487, 1.0057049989700317, 0.03327605873346329, 0.7922800779342651, 0.8090438842773438, 0.6079822182655334, 0.09370160102844238, 0.016204604879021645, 0.13290613889694214, 0.11185286939144135, 0.38485291600227356, 0.003664229530841112, 0.002830498619005084, 0.2755279839038849, 0.4279974699020386, 1.3457435369491577, 0.5266090631484985, 0.11382339149713516, 1.198237657546997, 0.6822038292884827, 0.5050382614135742, 1.19992196559906, 0.08861537277698517, 0.06014079973101616, 0.7726486325263977, 0.22312568128108978, 0.10268307477235794, 1.1125872135162354, 1.321150541305542, 0.008709358982741833, 0.0047795772552490234, 0.1654215008020401, 0.004686597269028425, 1.455636739730835, 0.7229278683662415, 0.731249988079071, 0.4610748589038849, 0.7109073996543884, 0.8534039855003357, 0.00839739665389061]"
105,6720,6784,64,0.921875,0.5161882638931274,clean_mnist,0.109375,0.078125,0.09375,0.109375,0.09375,0.109375,0.109375,0.09375,0.109375,0.09375,0.11012773215770721,0.1974256932735443,11.951252937316895,14.136816024780273,18.25,21.140625,"[6, 6, 7, 0, 4, 3, 6, 6, 8, 4, 0, 8, 6, 4, 9, 5, 8, 0, 0, 3, 7, 9, 6, 2, 8, 1, 5, 1, 1, 5, 3, 9, 7, 4, 3, 2, 7, 0, 3, 4, 8, 4, 3, 0, 2, 9, 3, 6, 0, 9, 7, 2, 5, 2, 8, 1, 5, 7, 8, 9, 2, 5, 5, 1]","[6, 6, 7, 0, 4, 2, 6, 6, 8, 4, 0, 8, 6, 4, 9, 5, 1, 0, 0, 3, 7, 9, 6, 2, 8, 1, 8, 1, 1, 5, 3, 9, 7, 4, 3, 2, 7, 0, 0, 4, 8, 4, 3, 0, 2, 9, 3, 6, 0, 9, 7, 2, 5, 2, 8, 1, 5, 7, 4, 9, 2, 5, 5, 1]","[0.8809736371040344, 0.9560546278953552, 0.9196661710739136, 0.6661686301231384, 0.9296703338623047, 0.5016758441925049, 0.978251576423645, 0.9249770045280457, 0.9642606973648071, 0.9361386895179749, 0.7677452564239502, 0.9437415599822998, 0.9983221888542175, 0.9097757339477539, 0.9980960488319397, 0.9722070693969727, 0.21563145518302917, 0.9225371479988098, 0.8009698987007141, 0.9993690848350525, 0.9804959893226624, 0.9959497451782227, 0.9898081421852112, 0.348293662071228, 0.9618611931800842, 0.7539588212966919, 0.5304690599441528, 0.28135719895362854, 0.4614779055118561, 0.9972942471504211, 0.9998534917831421, 0.9542853236198425, 0.9877084493637085, 0.7842543721199036, 0.9998353719711304, 0.8129140734672546, 0.9768289923667908, 0.6516742706298828, 0.5872007608413696, 0.8860853314399719, 0.999913215637207, 0.37163713574409485, 0.996376097202301, 0.5697944760322571, 0.9830535054206848, 0.9687995910644531, 0.999451220035553, 0.9486961960792542, 0.969707190990448, 0.9831984639167786, 0.978400468826294, 0.7493735551834106, 0.9998915195465088, 0.5117006301879883, 0.9929895401000977, 0.9970477223396301, 0.9916515946388245, 0.9114127159118652, 0.48964688181877136, 0.8941948413848877, 0.9988211989402771, 0.9958704113960266, 0.9752031564712524, 0.477202445268631]","[1, 1, 1, 1, 1, 0, 1, 1, 1, 1, 1, 1, 1, 1, 1, 1, 0, 1, 1, 1, 1, 1, 1, 1, 1, 1, 0, 1, 1, 1, 1, 1, 1, 1, 1, 1, 1, 1, 0, 1, 1, 1, 1, 1, 1, 1, 1, 1, 1, 1, 1, 1, 1, 1, 1, 1, 1, 1, 0, 1, 1, 1, 1, 1]","[0.4274221658706665, 0.2511081099510193, 0.41781193017959595, 1.238251805305481, 0.34401288628578186, 1.1174464225769043, 0.14027157425880432, 0.4005622863769531, 0.1845683753490448, 0.348849356174469, 0.9398557543754578, 0.3120081126689911, 0.01442355290055275, 0.4546206593513489, 0.016488466411828995, 0.16641594469547272, 2.0655484199523926, 0.425911009311676, 0.7995787858963013, 0.00586226861923933, 0.12075786292552948, 0.03296978026628494, 0.07357561588287354, 1.665328860282898, 0.20245562493801117, 1.0389032363891602, 0.7060471773147583, 2.162130832672119, 1.8336970806121826, 0.02003513276576996, 0.0016788654029369354, 0.2024046629667282, 0.0815793052315712, 0.8869937658309937, 0.0016885263612493873, 0.5708044171333313, 0.13421770930290222, 1.0784862041473389, 1.290226936340332, 0.47453856468200684, 0.0009906220948323607, 1.6893868446350098, 0.029031891375780106, 1.5040913820266724, 0.08697742968797684, 0.17373111844062805, 0.005407480988651514, 0.2932518720626831, 0.14768439531326294, 0.11052148044109344, 0.13227134943008423, 0.9833306670188904, 0.0011216893326491117, 1.0584856271743774, 0.04883275181055069, 0.02473612315952778, 0.05416502803564072, 0.3982917070388794, 1.1474376916885376, 0.4980049729347229, 0.010448696091771126, 0.030593229457736015, 0.1447572410106659, 1.8129616975784302]"
106,6784,6848,64,0.9375,0.6687043309211731,clean_mnist,0.09375,0.0625,0.09375,0.09375,0.09375,0.09375,0.109375,0.078125,0.125,0.15625,0.1035868227481842,0.186583012342453,12.023284912109375,13.992990493774414,17.3125,21.28125,"[3, 1, 5, 9, 8, 6, 9, 0, 8, 1, 4, 8, 6, 4, 4, 6, 6, 8, 0, 8, 4, 2, 8, 6, 9, 3, 9, 2, 9, 9, 8, 2, 5, 4, 7, 0, 9, 9, 1, 0, 7, 3, 3, 3, 6, 5, 5, 8, 0, 4, 1, 7, 5, 6, 9, 2, 5, 2, 9, 7, 3, 7, 2, 0]","[3, 1, 5, 9, 8, 6, 9, 0, 8, 1, 4, 8, 6, 4, 4, 6, 6, 8, 0, 8, 4, 2, 8, 6, 8, 3, 4, 2, 4, 9, 8, 2, 8, 4, 7, 0, 9, 9, 1, 0, 7, 3, 3, 3, 6, 5, 5, 8, 0, 4, 1, 7, 5, 6, 9, 2, 5, 2, 9, 7, 3, 7, 2, 0]","[0.9634659290313721, 0.5404664874076843, 0.9733496904373169, 0.9957183003425598, 0.9820694923400879, 0.8999380469322205, 0.9900423288345337, 0.5115302801132202, 0.4897243082523346, 0.7572561502456665, 0.7779537439346313, 0.9989880919456482, 0.8019769787788391, 0.6685964465141296, 0.5852820873260498, 0.6915783882141113, 0.9191403388977051, 0.7888855934143066, 0.9878528118133545, 0.9988662004470825, 0.9155166149139404, 0.8256235718727112, 0.8268651962280273, 0.7470808625221252, 0.9358433485031128, 0.7148278951644897, 0.3929912745952606, 0.768187403678894, 0.6060236096382141, 0.9752840995788574, 0.9996719360351562, 0.9510126709938049, 0.27436989545822144, 0.6593366265296936, 0.5277397036552429, 0.6187781691551208, 0.9219592213630676, 0.9846446514129639, 0.6571651101112366, 0.7212783694267273, 0.9991456270217896, 0.8179987072944641, 0.9995985627174377, 0.9932663440704346, 0.8899272084236145, 0.9997947812080383, 0.9985860586166382, 0.9289900064468384, 0.6300103664398193, 0.953848123550415, 0.5010901093482971, 0.8217270374298096, 0.974270224571228, 0.852031409740448, 0.9083565473556519, 0.8287530541419983, 0.9870359301567078, 0.4134480655193329, 0.871068000793457, 0.6317816376686096, 0.9096722602844238, 0.7419345378875732, 0.8856945633888245, 0.8969477415084839]","[1, 1, 1, 1, 1, 1, 1, 1, 1, 1, 1, 1, 1, 1, 1, 1, 1, 1, 1, 1, 1, 1, 1, 1, 0, 1, 0, 1, 0, 1, 1, 1, 0, 1, 1, 1, 1, 1, 1, 1, 1, 1, 1, 1, 1, 1, 1, 1, 1, 1, 1, 1, 1, 1, 1, 1, 1, 1, 1, 1, 1, 1, 1, 1]","[0.19804739952087402, 1.511674404144287, 0.14892536401748657, 0.033800527453422546, 0.09336669743061066, 0.49760833382606506, 0.06729689240455627, 1.369133472442627, 1.3601082563400269, 1.025131344795227, 0.6134629845619202, 0.009393993765115738, 0.6093857884407043, 1.1290427446365356, 1.0400186777114868, 1.2248393297195435, 0.30157458782196045, 0.7795712351799011, 0.08857429772615433, 0.010602055117487907, 0.3446759283542633, 0.7082710862159729, 0.6105168461799622, 0.9573058485984802, 0.32255926728248596, 0.9779469966888428, 1.7269541025161743, 0.9379187226295471, 0.9804666638374329, 0.16147419810295105, 0.00311963795684278, 0.20789383351802826, 1.9669498205184937, 1.2601583003997803, 1.548149585723877, 1.354915976524353, 0.42068377137184143, 0.1050494834780693, 1.329711675643921, 1.0439460277557373, 0.007429043296724558, 0.6477589011192322, 0.003988276701420546, 0.05213611572980881, 0.49902868270874023, 0.002036377089098096, 0.011313803493976593, 0.3913491368293762, 1.2770168781280518, 0.23628447949886322, 1.7440153360366821, 0.7366108298301697, 0.12269427627325058, 0.6900537014007568, 0.35332953929901123, 0.7580514550209045, 0.0769069641828537, 1.6760872602462769, 0.6014664173126221, 1.337372064590454, 0.4213864505290985, 1.0923389196395874, 0.505983293056488, 0.4722125828266144]"
107,6848,6912,64,0.890625,0.38064485788345337,clean_mnist,0.046875,0.09375,0.078125,0.140625,0.0625,0.15625,0.09375,0.15625,0.109375,0.0625,0.13665670156478882,0.23565423488616943,12.080427169799805,14.125869750976562,19.28125,21.0,"[5, 5, 9, 1, 5, 5, 6, 3, 3, 0, 2, 8, 2, 2, 7, 3, 1, 4, 7, 5, 5, 6, 1, 7, 9, 8, 5, 0, 5, 1, 7, 8, 1, 7, 7, 0, 5, 8, 9, 4, 5, 7, 4, 8, 3, 9, 3, 6, 3, 8, 3, 2, 1, 4, 7, 6, 3, 8, 3, 6, 7, 6, 2, 7]","[5, 5, 9, 1, 5, 5, 6, 3, 3, 0, 3, 1, 2, 2, 7, 3, 1, 4, 7, 5, 5, 6, 1, 7, 9, 8, 6, 0, 6, 1, 7, 4, 1, 7, 7, 0, 5, 1, 9, 4, 5, 7, 4, 8, 3, 9, 3, 6, 8, 8, 3, 2, 1, 4, 7, 6, 3, 8, 3, 6, 7, 6, 2, 7]","[0.4804416298866272, 0.9825438857078552, 0.9914819002151489, 0.6744369864463806, 0.9990454316139221, 0.9980377554893494, 0.998824417591095, 0.8949859142303467, 0.9988930821418762, 0.9760422706604004, 0.5501067638397217, 0.6873053908348083, 0.6887105107307434, 0.8450901508331299, 0.7981005311012268, 0.9999933242797852, 0.696262776851654, 0.9796391725540161, 0.9929278492927551, 0.9992828965187073, 0.9701277017593384, 0.9994311928749084, 0.8475667238235474, 0.7394462823867798, 0.9757891893386841, 0.9998247027397156, 0.8817578554153442, 0.9378204345703125, 0.7226084470748901, 0.8380914330482483, 0.8857402205467224, 0.5869863033294678, 0.8731979727745056, 0.996679425239563, 0.9997283816337585, 0.9011448621749878, 0.945088803768158, 0.7008709907531738, 0.9621539115905762, 0.7137358784675598, 0.9234486222267151, 0.9983354210853577, 0.8658772110939026, 0.9903602600097656, 0.9910376071929932, 0.9929914474487305, 0.9960951209068298, 0.9305101037025452, 0.47053518891334534, 0.9941799640655518, 0.5472610592842102, 0.9744885563850403, 0.6070379018783569, 0.9847660064697266, 0.9991342425346375, 0.9507220983505249, 0.9735270142555237, 0.9345927238464355, 0.99349445104599, 0.9897158741950989, 0.991869330406189, 0.9667615294456482, 0.9546430706977844, 0.9987510442733765]","[1, 1, 1, 1, 1, 1, 1, 1, 1, 1, 0, 0, 1, 1, 1, 1, 1, 1, 1, 1, 1, 1, 1, 1, 1, 1, 0, 1, 0, 1, 1, 0, 1, 1, 1, 1, 1, 0, 1, 1, 1, 1, 1, 1, 1, 1, 1, 1, 0, 1, 1, 1, 1, 1, 1, 1, 1, 1, 1, 1, 1, 1, 1, 1]","[1.5439200401306152, 0.10726732015609741, 0.06112104654312134, 1.314549446105957, 0.008199908770620823, 0.014872798696160316, 0.010929697193205357, 0.43208757042884827, 0.010516835376620293, 0.13572067022323608, 1.2029154300689697, 0.8956547379493713, 0.6502158045768738, 0.4709571599960327, 0.7412135004997253, 9.19712838367559e-05, 1.1662317514419556, 0.13618724048137665, 0.05223551765084267, 0.006862359587103128, 0.16520057618618011, 0.005700857378542423, 0.6442853212356567, 0.8342334032058716, 0.15459169447422028, 0.0019329279894009233, 0.44345611333847046, 0.31815388798713684, 0.7615264058113098, 0.6701574921607971, 0.5628327131271362, 1.313126802444458, 0.6219093799591064, 0.025647180154919624, 0.0029220348224043846, 0.4147868752479553, 0.2546372711658478, 0.9595191478729248, 0.1989879459142685, 0.6598184108734131, 0.28497475385665894, 0.014088500291109085, 0.558654248714447, 0.07086800038814545, 0.06330519169569016, 0.046507589519023895, 0.03149757161736488, 0.26684343814849854, 1.3122625350952148, 0.040046609938144684, 0.7757472395896912, 0.13914638757705688, 1.3484641313552856, 0.08530961722135544, 0.007856780663132668, 0.26335790753364563, 0.14993688464164734, 0.3262983560562134, 0.04823986813426018, 0.06585586816072464, 0.054405488073825836, 0.1931455433368683, 0.22801177203655243, 0.011269965209066868]"
108,6912,6976,64,0.921875,0.4190925657749176,clean_mnist,0.15625,0.0625,0.109375,0.09375,0.046875,0.046875,0.078125,0.125,0.1875,0.09375,0.143167644739151,0.23867352306842804,12.046734809875488,14.143763542175293,19.15625,21.375,"[3, 1, 7, 7, 8, 0, 7, 2, 3, 2, 9, 0, 8, 1, 8, 6, 0, 5, 5, 1, 7, 2, 9, 0, 5, 2, 8, 3, 8, 4, 8, 8, 2, 3, 8, 7, 2, 4, 9, 1, 8, 7, 6, 4, 7, 8, 0, 3, 0, 9, 8, 6, 9, 7, 3, 8, 0, 9, 0, 6, 0, 0, 2, 6]","[3, 1, 7, 7, 8, 0, 9, 2, 3, 2, 9, 0, 8, 1, 1, 6, 0, 5, 6, 1, 7, 2, 9, 0, 5, 2, 8, 3, 8, 4, 8, 8, 2, 3, 1, 7, 2, 4, 9, 1, 8, 7, 6, 4, 7, 8, 0, 3, 0, 9, 8, 6, 9, 7, 3, 0, 0, 9, 0, 6, 0, 0, 2, 6]","[0.9867174625396729, 0.8812182545661926, 0.6655634045600891, 0.9986538887023926, 0.9388102889060974, 0.7146716117858887, 0.42989394068717957, 0.9989058971405029, 0.9822256565093994, 0.9982935786247253, 0.975001871585846, 0.9798747897148132, 0.8990982174873352, 0.9977735877037048, 0.46186670660972595, 0.8075242638587952, 0.32669681310653687, 0.9992203712463379, 0.6003028154373169, 0.8177850246429443, 0.941395103931427, 0.9956516623497009, 0.9679704308509827, 0.956683337688446, 0.9931020736694336, 0.9937961101531982, 0.9994267225265503, 0.9999988079071045, 0.9927085041999817, 0.5688318014144897, 0.6865780353546143, 0.984454870223999, 0.8825556039810181, 0.9999655485153198, 0.4304835796356201, 0.8699615597724915, 0.9911990761756897, 0.9974652528762817, 0.9936099648475647, 0.8573007583618164, 0.9961750507354736, 0.9401385188102722, 0.5830601453781128, 0.9968547821044922, 0.9657663702964783, 0.9968157410621643, 0.9641098380088806, 0.9997547268867493, 0.8542539477348328, 0.7753217816352844, 0.43641960620880127, 0.998204231262207, 0.9985963702201843, 0.9983029365539551, 0.9999217987060547, 0.42549216747283936, 0.9768622517585754, 0.9146069884300232, 0.5634142160415649, 0.9746845364570618, 0.5737912654876709, 0.768904983997345, 0.8259820938110352, 0.9514272212982178]","[1, 1, 1, 1, 1, 1, 0, 1, 1, 1, 1, 1, 1, 1, 0, 1, 1, 1, 0, 1, 1, 1, 1, 1, 1, 1, 1, 1, 1, 1, 1, 1, 1, 1, 0, 1, 1, 1, 1, 1, 1, 1, 1, 1, 1, 1, 1, 1, 1, 1, 1, 1, 1, 1, 1, 0, 1, 1, 1, 1, 1, 1, 1, 1]","[0.07799549400806427, 0.5155969858169556, 1.0373051166534424, 0.01195556577295065, 0.28710466623306274, 0.6058601140975952, 1.2874042987823486, 0.00944790244102478, 0.10512152314186096, 0.014529243111610413, 0.16100247204303741, 0.12859943509101868, 0.5056081414222717, 0.019241321831941605, 1.5450246334075928, 0.5444727540016174, 1.4337199926376343, 0.00674047227948904, 1.0795663595199585, 0.8402727246284485, 0.31563225388526917, 0.031241895630955696, 0.17262926697731018, 0.23092450201511383, 0.046066366136074066, 0.04300913214683533, 0.005179614294320345, 1.8909810023615137e-05, 0.05024644732475281, 0.7083393931388855, 0.636744499206543, 0.09439471364021301, 0.4688150882720947, 0.00039618019945919514, 1.6874045133590698, 0.5616095066070557, 0.06158176064491272, 0.019796593114733696, 0.04741240665316582, 0.7102468609809875, 0.026869207620620728, 0.28900113701820374, 0.9503465890884399, 0.02510707452893257, 0.18326923251152039, 0.027063803747296333, 0.22364820539951324, 0.002532545942813158, 0.5611404180526733, 0.6678084135055542, 1.3674122095108032, 0.015668032690882683, 0.012591395527124405, 0.014676437713205814, 0.0008653168915770948, 1.2754629850387573, 0.11343958973884583, 0.3421134352684021, 1.4777865409851074, 0.13781191408634186, 1.1308305263519287, 0.805826723575592, 0.7875128388404846, 0.27487993240356445]"
109,6976,7040,64,0.9375,0.4330398142337799,clean_mnist,0.125,0.140625,0.078125,0.03125,0.125,0.140625,0.046875,0.078125,0.125,0.109375,0.13027140498161316,0.22628450393676758,12.100780487060547,14.082284927368164,18.5,21.203125,"[8, 1, 5, 0, 5, 5, 6, 5, 5, 1, 7, 2, 5, 1, 4, 8, 2, 9, 8, 4, 4, 5, 1, 9, 8, 7, 4, 0, 0, 2, 9, 1, 6, 9, 4, 4, 0, 9, 2, 6, 9, 7, 0, 4, 1, 8, 1, 9, 5, 0, 8, 1, 7, 2, 3, 3, 5, 7, 8, 8, 4, 0, 0, 1]","[8, 1, 5, 0, 5, 5, 6, 5, 5, 1, 7, 0, 5, 1, 4, 0, 2, 9, 8, 4, 4, 5, 1, 9, 8, 7, 4, 0, 0, 2, 9, 1, 6, 4, 7, 4, 0, 9, 2, 6, 9, 7, 0, 4, 1, 8, 1, 9, 5, 0, 8, 1, 7, 2, 3, 3, 5, 7, 8, 8, 4, 0, 0, 1]","[0.5096965432167053, 0.9922062754631042, 0.9988707900047302, 0.9819902777671814, 0.9407100677490234, 0.999916672706604, 0.9950768351554871, 0.9995705485343933, 0.9432570934295654, 0.4043704569339752, 0.9838739633560181, 0.3586347699165344, 0.997628390789032, 0.6124948263168335, 0.8841423392295837, 0.4789869785308838, 0.9997572302818298, 0.9540572166442871, 0.9997096657752991, 0.6562586426734924, 0.9905844330787659, 0.9999591112136841, 0.7789890766143799, 0.9683319330215454, 0.9561126232147217, 0.9997157454490662, 0.9961406588554382, 0.8562670946121216, 0.9884545207023621, 0.5245603919029236, 0.5991759896278381, 0.9597834348678589, 0.999541163444519, 0.8186157941818237, 0.6181828379631042, 0.8212980628013611, 0.9996472597122192, 0.8368880152702332, 0.9977855682373047, 0.8153230547904968, 0.9855756759643555, 0.9962737560272217, 0.6652183532714844, 0.958626389503479, 0.5394248962402344, 0.8143099546432495, 0.3484133183956146, 0.9588911533355713, 0.9603597521781921, 0.9905221462249756, 0.7659231424331665, 0.9841227531433105, 0.9910693168640137, 0.8549661636352539, 0.996588945388794, 0.9999326467514038, 0.9683876633644104, 0.9810109734535217, 0.7731543779373169, 0.9790107011795044, 0.3375409245491028, 0.9246135354042053, 0.970805287361145, 0.9993816614151001]","[1, 1, 1, 1, 1, 1, 1, 1, 1, 1, 1, 0, 1, 1, 1, 0, 1, 1, 1, 1, 1, 1, 1, 1, 1, 1, 1, 1, 1, 1, 1, 1, 1, 0, 0, 1, 1, 1, 1, 1, 1, 1, 1, 1, 1, 1, 1, 1, 1, 1, 1, 1, 1, 1, 1, 1, 1, 1, 1, 1, 1, 1, 1, 1]","[0.9305151700973511, 0.060749880969524384, 0.009576695039868355, 0.10846531391143799, 0.2849908173084259, 0.0009197329636663198, 0.03540912643074989, 0.004283719230443239, 0.2290993332862854, 1.8467704057693481, 0.10075017064809799, 1.5157177448272705, 0.017821956425905228, 1.493983268737793, 0.40236568450927734, 1.390090823173523, 0.0024913831148296595, 0.21596644818782806, 0.0032061473466455936, 0.8426004648208618, 0.06737547367811203, 0.00048052117926999927, 0.8574708104133606, 0.14829912781715393, 0.2106017917394638, 0.0029925585258752108, 0.028707105666399002, 0.6358602046966553, 0.07762564718723297, 1.1469104290008545, 0.7616239786148071, 0.23913943767547607, 0.004649100359529257, 0.6202592253684998, 0.7858254909515381, 0.6460847854614258, 0.003729931777343154, 0.528293251991272, 0.01798979938030243, 0.7573915123939514, 0.09294940531253815, 0.028958572074770927, 1.1683367490768433, 0.17990967631340027, 1.6181516647338867, 0.5618973970413208, 1.5381003618240356, 0.1772659420967102, 0.19875070452690125, 0.06821005046367645, 0.8221677541732788, 0.10649365186691284, 0.06586659699678421, 0.5502736568450928, 0.027391869574785233, 0.0008247156511060894, 0.16945825517177582, 0.11340909451246262, 0.662270188331604, 0.13295167684555054, 1.8015741109848022, 0.40700072050094604, 0.1790730208158493, 0.00617880467325449]"
110,7040,7104,64,0.921875,0.3978654444217682,clean_mnist,0.046875,0.125,0.09375,0.125,0.0625,0.140625,0.109375,0.078125,0.0625,0.15625,0.11629457026720047,0.20773309469223022,12.097484588623047,14.010900497436523,18.78125,21.234375,"[1, 2, 8, 3, 5, 4, 3, 5, 8, 6, 3, 8, 3, 9, 7, 0, 9, 1, 3, 7, 1, 9, 0, 6, 6, 3, 0, 3, 5, 9, 9, 9, 2, 5, 1, 1, 5, 4, 1, 2, 5, 5, 2, 4, 1, 7, 6, 9, 2, 1, 9, 5, 7, 2, 9, 6, 6, 3, 9, 7, 4, 8, 6, 5]","[1, 2, 8, 3, 5, 4, 3, 5, 8, 6, 0, 8, 0, 9, 7, 0, 9, 1, 3, 7, 1, 9, 0, 6, 6, 3, 0, 3, 5, 9, 9, 9, 2, 5, 1, 1, 8, 4, 1, 2, 3, 5, 2, 4, 1, 7, 6, 9, 2, 1, 4, 5, 7, 2, 9, 6, 6, 3, 9, 7, 4, 8, 6, 5]","[0.5273135900497437, 0.9869174957275391, 0.8577698469161987, 0.9998937845230103, 0.9995187520980835, 0.9908757209777832, 0.9993972778320312, 0.9924466609954834, 0.7166213393211365, 0.6548027992248535, 0.6100539565086365, 0.9815244078636169, 0.8101041316986084, 0.9866942167282104, 0.9740241765975952, 0.8154442310333252, 0.9763097763061523, 0.4792095422744751, 0.9747451543807983, 0.9909529685974121, 0.8762080073356628, 0.9695132970809937, 0.46289294958114624, 0.9859763383865356, 0.5449080467224121, 0.9956919550895691, 0.9519955515861511, 0.9997331500053406, 0.9993174076080322, 0.9979002475738525, 0.9880678653717041, 0.9976453185081482, 0.8259342908859253, 0.986879289150238, 0.6724056601524353, 0.7016038298606873, 0.65444415807724, 0.8016452789306641, 0.9567677974700928, 0.9740511178970337, 0.9061102271080017, 0.9987475872039795, 0.81099534034729, 0.7539462447166443, 0.5494301319122314, 0.9996856451034546, 0.997757613658905, 0.9501652717590332, 0.9848641753196716, 0.7895300984382629, 0.9063957929611206, 0.998908519744873, 0.9911284446716309, 0.9924086332321167, 0.759056806564331, 0.8838684558868408, 0.9994964599609375, 0.9710054993629456, 0.9987568855285645, 0.9967635869979858, 0.7668911814689636, 0.8156886100769043, 0.9943015575408936, 0.9996601343154907]","[1, 1, 1, 1, 1, 1, 1, 1, 1, 1, 0, 1, 0, 1, 1, 1, 1, 1, 1, 1, 1, 1, 1, 1, 1, 1, 1, 1, 1, 1, 1, 1, 1, 1, 1, 1, 0, 1, 1, 1, 0, 1, 1, 1, 1, 1, 1, 1, 1, 1, 0, 1, 1, 1, 1, 1, 1, 1, 1, 1, 1, 1, 1, 1]","[1.4754962921142578, 0.0857539251446724, 0.5296847224235535, 0.0012037322157993913, 0.004651254042983055, 0.060918863862752914, 0.005858303979039192, 0.04775972664356232, 1.036248803138733, 0.7799749374389648, 1.214524507522583, 0.11665657162666321, 0.7476503252983093, 0.07771152257919312, 0.160983607172966, 0.787335991859436, 0.12330557405948639, 1.8144780397415161, 0.14459584653377533, 0.06081182882189751, 0.6092769503593445, 0.17693601548671722, 0.9925768971443176, 0.09562405943870544, 0.8749069571495056, 0.03306324779987335, 0.27929481863975525, 0.0028465313371270895, 0.006330458912998438, 0.017539074644446373, 0.07657624781131744, 0.018973225727677345, 0.5912893414497375, 0.08274689316749573, 1.1303998231887817, 1.178289771080017, 0.7251232862472534, 0.640546441078186, 0.23105278611183167, 0.15255427360534668, 0.3268086016178131, 0.010111602954566479, 0.754021406173706, 0.8479219675064087, 1.3165117502212524, 0.0032651142682880163, 0.018609222024679184, 0.27977436780929565, 0.08895009756088257, 0.9521641731262207, 0.39770248532295227, 0.008824225515127182, 0.06381331384181976, 0.055254995822906494, 0.8739462494850159, 0.5727063417434692, 0.004655750002712011, 0.16537709534168243, 0.011525738053023815, 0.025083642452955246, 0.6199144721031189, 0.8322494626045227, 0.03933602571487427, 0.0033080040011554956]"
111,7104,7168,64,0.953125,0.44342705607414246,clean_mnist,0.125,0.109375,0.078125,0.140625,0.0625,0.125,0.078125,0.046875,0.140625,0.09375,0.11711614578962326,0.20694585144519806,12.021931648254395,14.006924629211426,18.5625,21.359375,"[6, 1, 3, 2, 9, 6, 9, 6, 5, 7, 5, 8, 1, 8, 9, 1, 4, 8, 8, 3, 9, 7, 6, 0, 0, 0, 0, 1, 3, 5, 3, 0, 8, 5, 1, 2, 2, 8, 8, 0, 5, 4, 3, 3, 9, 1, 3, 8, 4, 2, 5, 9, 3, 8, 0, 5, 1, 2, 3, 6, 0, 5, 4, 7]","[6, 1, 3, 2, 9, 6, 9, 6, 5, 7, 5, 8, 1, 8, 9, 1, 4, 8, 8, 3, 4, 7, 6, 0, 0, 0, 0, 1, 3, 5, 3, 0, 8, 5, 1, 2, 2, 8, 8, 0, 5, 4, 2, 3, 9, 1, 3, 8, 4, 2, 5, 9, 3, 9, 0, 5, 1, 2, 3, 6, 0, 5, 4, 7]","[0.9721954464912415, 0.7101319432258606, 0.9953826069831848, 0.8369845151901245, 0.9576088786125183, 0.9973235726356506, 0.9313865900039673, 0.9829992651939392, 0.9986496567726135, 0.9991764426231384, 0.9793740510940552, 0.9994539618492126, 0.9139326810836792, 0.9963345527648926, 0.9896631836891174, 0.9996188879013062, 0.9979421496391296, 0.8794132471084595, 0.8273051381111145, 0.9998843669891357, 0.48475250601768494, 0.9815420508384705, 0.6672322750091553, 0.5924780368804932, 0.45045381784439087, 0.9502413272857666, 0.27845028042793274, 0.9312673807144165, 0.9992743134498596, 0.9992201328277588, 0.8215019702911377, 0.9921654462814331, 0.8571834564208984, 0.9967933297157288, 0.5814828872680664, 0.9893184304237366, 0.548909068107605, 0.9949565529823303, 0.4258621037006378, 0.44836777448654175, 0.9998571872711182, 0.6744548678398132, 0.5958712697029114, 0.9962278604507446, 0.9800410866737366, 0.7738441824913025, 0.972004771232605, 0.9988465309143066, 0.9537467360496521, 0.9257309436798096, 0.9749181270599365, 0.9833714365959167, 0.9999781847000122, 0.4321352243423462, 0.7880002856254578, 0.9988948702812195, 0.8591840267181396, 0.8651908040046692, 0.9999430179595947, 0.8728504776954651, 0.9114919304847717, 0.9947027564048767, 0.7671661972999573, 0.9866576790809631]","[1, 1, 1, 1, 1, 1, 1, 1, 1, 1, 1, 1, 1, 1, 1, 1, 1, 1, 1, 1, 0, 1, 1, 1, 1, 1, 1, 1, 1, 1, 1, 1, 1, 1, 1, 1, 1, 1, 1, 1, 1, 1, 0, 1, 1, 1, 1, 1, 1, 1, 1, 1, 1, 0, 1, 1, 1, 1, 1, 1, 1, 1, 1, 1]","[0.13191856443881989, 1.207732081413269, 0.03116023913025856, 0.5714365839958191, 0.22582964599132538, 0.01999104954302311, 0.29794323444366455, 0.11527389287948608, 0.011815708130598068, 0.00814102590084076, 0.12196379154920578, 0.005254398100078106, 0.4392510950565338, 0.025942225009202957, 0.06945358216762543, 0.004053682554513216, 0.018025007098913193, 0.46647197008132935, 0.7852041721343994, 0.0013063549995422363, 1.4259368181228638, 0.09935903549194336, 1.1209310293197632, 1.3713351488113403, 1.4455546140670776, 0.2910185158252716, 1.8035056591033936, 0.3782235085964203, 0.00677194818854332, 0.006919786334037781, 0.47943180799484253, 0.06009194254875183, 0.4773723781108856, 0.02485915645956993, 1.5621116161346436, 0.07329815626144409, 0.9989193677902222, 0.038836754858493805, 1.3639507293701172, 1.6371333599090576, 0.0014854276087135077, 0.9938876628875732, 0.9063032269477844, 0.027263423427939415, 0.12170000374317169, 1.005735158920288, 0.15216879546642303, 0.010860985144972801, 0.2145695686340332, 0.33938461542129517, 0.1581677794456482, 0.10125157237052917, 0.00028959219343960285, 1.410746455192566, 0.8523739576339722, 0.009665250778198242, 0.5059205293655396, 0.4850198030471802, 0.0006800221162848175, 0.5990216135978699, 0.3397749364376068, 0.03852853924036026, 0.795074462890625, 0.08572785556316376]"
112,7168,7232,64,0.96875,0.5302892327308655,clean_mnist,0.0625,0.125,0.109375,0.0625,0.09375,0.046875,0.125,0.125,0.125,0.125,0.11289633810520172,0.20211055874824524,12.059196472167969,14.035249710083008,18.875,21.375,"[8, 1, 2, 9, 5, 7, 7, 1, 1, 2, 4, 6, 9, 0, 8, 0, 8, 1, 4, 2, 1, 3, 8, 4, 2, 5, 9, 6, 2, 7, 9, 8, 9, 9, 6, 0, 4, 1, 6, 2, 9, 3, 7, 4, 6, 7, 3, 7, 5, 9, 8, 0, 6, 1, 1, 2, 6, 3, 7, 4, 8, 7, 6, 8]","[8, 1, 2, 9, 5, 7, 7, 1, 1, 2, 4, 6, 9, 0, 8, 0, 8, 1, 4, 2, 1, 3, 8, 4, 3, 5, 9, 6, 2, 7, 9, 8, 9, 9, 6, 0, 4, 1, 6, 2, 9, 3, 7, 4, 6, 7, 3, 8, 5, 9, 8, 0, 6, 1, 1, 2, 6, 3, 7, 4, 8, 7, 6, 8]","[0.9801441431045532, 0.8351549506187439, 0.9998213648796082, 0.9970875382423401, 0.9818990230560303, 0.9912784695625305, 0.9246430993080139, 0.7396795153617859, 0.35018518567085266, 0.9976494908332825, 0.9853333830833435, 0.9864345788955688, 0.9841809272766113, 0.9979802966117859, 0.959464967250824, 0.9287182092666626, 0.7352128624916077, 0.998525083065033, 0.6591801047325134, 0.9381125569343567, 0.7877745032310486, 0.983178973197937, 0.9951772689819336, 0.3627527952194214, 0.7811360955238342, 0.9539159536361694, 0.9953481554985046, 0.9916075468063354, 0.961406946182251, 0.6478085517883301, 0.9743832945823669, 0.7120553255081177, 0.7488151788711548, 0.966425359249115, 0.8857992887496948, 0.36330586671829224, 0.9986769556999207, 0.49489694833755493, 0.9968865513801575, 0.504202663898468, 0.6435836553573608, 0.9827970266342163, 0.8773508071899414, 0.6562630534172058, 0.9943296909332275, 0.9998352527618408, 0.9993109703063965, 0.6911216974258423, 0.9780269861221313, 0.3247898817062378, 0.9930317401885986, 0.8754153251647949, 0.98663330078125, 0.9886715412139893, 0.26440197229385376, 0.9817550778388977, 0.9931418299674988, 0.5915220975875854, 0.9682924747467041, 0.6516730785369873, 0.8941249847412109, 0.9325309991836548, 0.9384628534317017, 0.6439083218574524]","[1, 1, 1, 1, 1, 1, 1, 1, 1, 1, 1, 1, 1, 1, 1, 1, 1, 1, 1, 1, 1, 1, 1, 1, 0, 1, 1, 1, 1, 1, 1, 1, 1, 1, 1, 1, 1, 1, 1, 1, 1, 1, 1, 1, 1, 1, 1, 0, 1, 1, 1, 1, 1, 1, 1, 1, 1, 1, 1, 1, 1, 1, 1, 1]","[0.12576080858707428, 0.7806392312049866, 0.0019193831831216812, 0.022441070526838303, 0.09369805455207825, 0.06217841058969498, 0.35039687156677246, 1.1017649173736572, 2.0309078693389893, 0.01966061443090439, 0.09847194701433182, 0.09430298954248428, 0.09955660253763199, 0.018063649535179138, 0.23749198019504547, 0.349296510219574, 0.7454354166984558, 0.013097533956170082, 0.7834245562553406, 0.27963292598724365, 0.9223852157592773, 0.10462787747383118, 0.037898190319538116, 2.0205318927764893, 0.758976936340332, 0.20581427216529846, 0.03299565613269806, 0.0614490732550621, 0.21877087652683258, 1.2416400909423828, 0.1357508897781372, 1.0405265092849731, 0.8748847842216492, 0.20163224637508392, 0.5074744820594788, 1.6007359027862549, 0.011815392412245274, 1.7545790672302246, 0.024951651692390442, 1.0879640579223633, 1.1245825290679932, 0.11004837602376938, 0.5883412957191467, 1.2879865169525146, 0.04078381881117821, 0.0017360472120344639, 0.006734146270900965, 0.6934124827384949, 0.1395719200372696, 1.727893352508545, 0.04459063708782196, 0.583645761013031, 0.08254098892211914, 0.08168889582157135, 2.1660807132720947, 0.1171104833483696, 0.04587502405047417, 1.1670273542404175, 0.17792075872421265, 1.2518223524093628, 0.4142650067806244, 0.30433857440948486, 0.3338087797164917, 1.2931584119796753]"
113,7232,7296,64,0.859375,0.676802396774292,clean_mnist,0.046875,0.078125,0.125,0.109375,0.0625,0.125,0.078125,0.09375,0.125,0.15625,0.11795516312122345,0.20539146661758423,12.128106117248535,14.011454582214355,19.21875,21.234375,"[5, 8, 1, 5, 7, 1, 5, 9, 1, 9, 2, 8, 5, 9, 9, 8, 4, 5, 3, 9, 9, 1, 0, 7, 9, 2, 8, 2, 5, 3, 2, 3, 9, 2, 2, 8, 6, 9, 8, 8, 0, 6, 9, 1, 5, 7, 7, 5, 4, 2, 4, 3, 7, 4, 0, 7, 3, 6, 8, 6, 2, 3, 6, 3]","[5, 9, 1, 5, 7, 1, 5, 9, 1, 9, 2, 0, 5, 9, 5, 0, 4, 5, 3, 9, 9, 1, 0, 7, 9, 2, 9, 2, 5, 3, 2, 3, 9, 2, 2, 0, 6, 9, 5, 0, 0, 6, 9, 1, 5, 7, 7, 5, 4, 0, 4, 3, 7, 4, 0, 7, 3, 6, 8, 6, 2, 3, 6, 3]","[0.9885427951812744, 0.5457637906074524, 0.5295941233634949, 0.9994750618934631, 0.9999551773071289, 0.8933855295181274, 0.9861233234405518, 0.9477863907814026, 0.5718809962272644, 0.8496140241622925, 0.8633066415786743, 0.20293119549751282, 0.9996604919433594, 0.869388222694397, 0.845455527305603, 0.3093376159667969, 0.9853615760803223, 0.9925107955932617, 0.6945382952690125, 0.9392363429069519, 0.9724892973899841, 0.5706227421760559, 0.6621313691139221, 0.4531543254852295, 0.9578368663787842, 0.7209693789482117, 0.4449703097343445, 0.7022780179977417, 0.9989385008811951, 0.9980534315109253, 0.9930393099784851, 0.9529682397842407, 0.68828284740448, 0.9739935398101807, 0.540791392326355, 0.6351613402366638, 0.7663441300392151, 0.9871319532394409, 0.5262283086776733, 0.2452799379825592, 0.9972475171089172, 0.5657169818878174, 0.9998255372047424, 0.3832433521747589, 0.8025732040405273, 0.30107712745666504, 0.46047598123550415, 0.9067140221595764, 0.9971131086349487, 0.45353177189826965, 0.4653080105781555, 0.7147394418716431, 0.6038897037506104, 0.982525110244751, 0.968518078327179, 0.9888511300086975, 0.9890340566635132, 0.9550861716270447, 0.9596496820449829, 0.9044170379638672, 0.963599443435669, 0.88866126537323, 0.4606560170650482, 0.9854353666305542]","[1, 0, 1, 1, 1, 1, 1, 1, 1, 1, 1, 0, 1, 1, 0, 0, 1, 1, 1, 1, 1, 1, 1, 1, 1, 1, 0, 1, 1, 1, 1, 1, 1, 1, 1, 0, 1, 1, 0, 0, 1, 1, 1, 1, 1, 1, 1, 1, 1, 0, 1, 1, 1, 1, 1, 1, 1, 1, 1, 1, 1, 1, 1, 1]","[0.0675659030675888, 1.3073316812515259, 1.4413025379180908, 0.004857695195823908, 0.0005369270802475512, 0.5514308214187622, 0.07579634338617325, 0.28045010566711426, 1.488976240158081, 0.6622651219367981, 0.49841228127479553, 2.004987955093384, 0.003364021424204111, 0.6099721193313599, 0.4325330853462219, 1.8214610815048218, 0.09282446652650833, 0.05169711634516716, 0.7613927721977234, 0.24934980273246765, 0.16003508865833282, 1.5405772924423218, 1.1919585466384888, 1.0771396160125732, 0.2483489066362381, 0.825753390789032, 1.1395695209503174, 0.9643083810806274, 0.009184044785797596, 0.01644218899309635, 0.051227640360593796, 0.2144676148891449, 1.0711501836776733, 0.14484558999538422, 1.0576484203338623, 1.1992509365081787, 0.6791379451751709, 0.08728808909654617, 1.1775308847427368, 1.964162826538086, 0.022975824773311615, 1.2513233423233032, 0.0019150963053107262, 1.9626299142837524, 0.7515035271644592, 1.9724116325378418, 1.398512601852417, 0.455750048160553, 0.02425529807806015, 1.64949631690979, 1.577640175819397, 0.6332115530967712, 1.1988776922225952, 0.12016700953245163, 0.16901317238807678, 0.06553391367197037, 0.0653260201215744, 0.2538176476955414, 0.2385280430316925, 0.43993937969207764, 0.177242249250412, 0.36772799491882324, 1.1956251859664917, 0.09539102762937546]"
114,7296,7360,64,0.96875,0.5225229859352112,clean_mnist,0.09375,0.109375,0.078125,0.0625,0.125,0.125,0.03125,0.171875,0.15625,0.046875,0.10028277337551117,0.1855945885181427,12.138633728027344,14.085543632507324,18.59375,21.234375,"[4, 8, 6, 4, 8, 7, 5, 1, 7, 0, 7, 8, 8, 7, 9, 5, 9, 2, 7, 1, 8, 1, 0, 4, 8, 5, 3, 5, 1, 0, 2, 4, 8, 8, 1, 7, 3, 4, 7, 9, 3, 2, 0, 3, 7, 6, 5, 4, 2, 1, 5, 7, 7, 1, 4, 5, 7, 2, 5, 0, 8, 4, 0, 8]","[4, 8, 6, 4, 8, 7, 5, 1, 7, 0, 7, 8, 8, 7, 9, 5, 9, 2, 7, 1, 8, 1, 0, 4, 8, 5, 3, 5, 1, 0, 2, 4, 8, 8, 1, 7, 3, 4, 7, 9, 3, 2, 0, 3, 7, 6, 6, 4, 2, 1, 5, 2, 7, 1, 4, 5, 7, 2, 5, 0, 8, 4, 0, 8]","[0.6714964509010315, 0.9587541818618774, 0.8790366649627686, 0.6167511343955994, 0.9989235997200012, 0.8349663615226746, 0.8120021820068359, 0.7454535961151123, 0.9722481966018677, 0.9959293007850647, 0.999721109867096, 0.997428834438324, 0.7131326794624329, 0.8984233736991882, 0.9758260846138, 0.9990849494934082, 0.9217319488525391, 0.9810782074928284, 0.9419353604316711, 0.989848792552948, 0.5763038396835327, 0.7941916584968567, 0.7376509308815002, 0.5670396685600281, 0.6136800050735474, 0.9981988072395325, 0.9787254929542542, 0.9770599603652954, 0.9923641681671143, 0.99747234582901, 0.6138826608657837, 0.9878772497177124, 0.9993962049484253, 0.558844804763794, 0.8534305691719055, 0.7850759029388428, 0.9993360638618469, 0.8158934712409973, 0.9987912774085999, 0.9735217094421387, 0.9906336069107056, 0.5565926432609558, 0.7983273267745972, 0.9906450510025024, 0.9995816349983215, 0.9944326281547546, 0.7528800964355469, 0.9742265343666077, 0.7033259272575378, 0.40704068541526794, 0.9916389584541321, 0.5186952948570251, 0.9483198523521423, 0.2698868215084076, 0.7888795137405396, 0.9973691701889038, 0.9405279159545898, 0.8973489999771118, 0.9578387141227722, 0.6907804012298584, 0.9926276803016663, 0.7245469689369202, 0.8955099582672119, 0.9877248406410217]","[1, 1, 1, 1, 1, 1, 1, 1, 1, 1, 1, 1, 1, 1, 1, 1, 1, 1, 1, 1, 1, 1, 1, 1, 1, 1, 1, 1, 1, 1, 1, 1, 1, 1, 1, 1, 1, 1, 1, 1, 1, 1, 1, 1, 1, 1, 0, 1, 1, 1, 1, 0, 1, 1, 1, 1, 1, 1, 1, 1, 1, 1, 1, 1]","[0.8111008405685425, 0.214923694729805, 0.4702354371547699, 1.4503892660140991, 0.009653724730014801, 0.6466323137283325, 0.48653754591941833, 1.1028990745544434, 0.13365411758422852, 0.033852797001600266, 0.00287451664917171, 0.02047455869615078, 1.0175254344940186, 0.44835925102233887, 0.15092310309410095, 0.008168540894985199, 0.38795340061187744, 0.1199941411614418, 0.24408301711082458, 0.07502264529466629, 1.01871919631958, 0.9022830724716187, 0.9874735474586487, 1.5092473030090332, 1.2558881044387817, 0.014184042811393738, 0.13225695490837097, 0.1289561241865158, 0.05686050280928612, 0.02126513607800007, 0.7666213512420654, 0.07670653611421585, 0.0056235650554299355, 1.4810512065887451, 0.6760286688804626, 0.9043310880661011, 0.006590955425053835, 0.8409155011177063, 0.010947485454380512, 0.1660674661397934, 0.06693040579557419, 1.2073431015014648, 0.7970361113548279, 0.07058995217084885, 0.00406736321747303, 0.041248392313718796, 0.9456560611724854, 0.16276496648788452, 1.1032042503356934, 1.9150696992874146, 0.05732560530304909, 1.4004576206207275, 0.2477637529373169, 2.157369375228882, 0.796967089176178, 0.02132795937359333, 0.3048764765262604, 0.41593319177627563, 0.1755499690771103, 1.1186285018920898, 0.0572897233068943, 1.1195155382156372, 0.3767088055610657, 0.08057215064764023]"
115,7360,7424,64,0.953125,0.4711591303348541,clean_mnist,0.109375,0.109375,0.15625,0.140625,0.046875,0.109375,0.078125,0.140625,0.0625,0.046875,0.10839210450649261,0.19604259729385376,12.059354782104492,14.014604568481445,18.28125,21.21875,"[2, 6, 7, 1, 0, 9, 4, 3, 5, 2, 2, 0, 0, 0, 5, 2, 8, 5, 0, 6, 7, 8, 5, 3, 7, 6, 7, 3, 7, 6, 5, 0, 2, 1, 2, 2, 3, 3, 6, 4, 8, 5, 1, 7, 1, 8, 3, 9, 2, 0, 1, 1, 3, 2, 2, 3, 9, 4, 7, 5, 7, 1, 3, 7]","[2, 6, 7, 1, 0, 9, 4, 3, 5, 2, 2, 0, 0, 0, 5, 2, 8, 5, 0, 6, 7, 9, 5, 3, 7, 6, 7, 3, 7, 6, 5, 0, 2, 1, 2, 2, 3, 3, 6, 4, 8, 6, 1, 7, 1, 8, 1, 9, 2, 0, 1, 1, 3, 2, 2, 3, 9, 4, 7, 5, 7, 1, 3, 7]","[0.9749659299850464, 0.7732449173927307, 0.9990625977516174, 0.48552945256233215, 0.8933013677597046, 0.8693837523460388, 0.8974654674530029, 0.9171729683876038, 0.9903855323791504, 0.8978578448295593, 0.8455038666725159, 0.7000383138656616, 0.7938498854637146, 0.9842976927757263, 0.5381826162338257, 0.6514757871627808, 0.9995248317718506, 0.9981166124343872, 0.6664186120033264, 0.9726120829582214, 0.9985914826393127, 0.4661566913127899, 0.953151285648346, 0.5045165419578552, 0.803918182849884, 0.8989323377609253, 0.22729742527008057, 0.9213523268699646, 0.9291231632232666, 0.8487685322761536, 0.9927268028259277, 0.6168733239173889, 0.9985864162445068, 0.8399414420127869, 0.9997901320457458, 0.9958930015563965, 0.9998810291290283, 0.9999659061431885, 0.7571991682052612, 0.7703913450241089, 0.9928067922592163, 0.9254192113876343, 0.7148097157478333, 0.9951499104499817, 0.6507706642150879, 0.9829036593437195, 0.49884337186813354, 0.9839541912078857, 0.9997658133506775, 0.8190550804138184, 0.7292059659957886, 0.9712864756584167, 0.9999436140060425, 0.9220055937767029, 0.7255474328994751, 0.9998421669006348, 0.9986482262611389, 0.9670459032058716, 0.9703970551490784, 0.9992824196815491, 0.9520086646080017, 0.7957958579063416, 0.990313708782196, 0.9483366012573242]","[1, 1, 1, 1, 1, 1, 1, 1, 1, 1, 1, 1, 1, 1, 1, 1, 1, 1, 1, 1, 1, 0, 1, 1, 1, 1, 1, 1, 1, 1, 1, 1, 1, 1, 1, 1, 1, 1, 1, 1, 1, 0, 1, 1, 1, 1, 0, 1, 1, 1, 1, 1, 1, 1, 1, 1, 1, 1, 1, 1, 1, 1, 1, 1]","[0.14190934598445892, 0.7646872997283936, 0.008780887350440025, 1.7704548835754395, 0.3988443911075592, 0.5272423624992371, 0.45908841490745544, 0.3918724060058594, 0.06228180229663849, 0.4365939497947693, 0.5838838219642639, 1.1328153610229492, 0.837965190410614, 0.11108696460723877, 0.7972707152366638, 0.9686396718025208, 0.004741855897009373, 0.01503128744661808, 1.0381360054016113, 0.15094295144081116, 0.012418592348694801, 1.239964485168457, 0.23792186379432678, 1.269806146621704, 0.6825363636016846, 0.42439666390419006, 2.0878660678863525, 0.36708468198776245, 0.3520757853984833, 0.4914097487926483, 0.045866090804338455, 1.2173807621002197, 0.011048347689211369, 0.7731024622917175, 0.002192749874666333, 0.028870929032564163, 0.0013681704876944423, 0.0004350259550847113, 0.7886002659797668, 0.8296658992767334, 0.05349067598581314, 0.33335280418395996, 0.8796454668045044, 0.03688422590494156, 1.1481086015701294, 0.10318901389837265, 0.9387804269790649, 0.09938821196556091, 0.0024000040721148252, 0.7568212747573853, 1.0833942890167236, 0.18071560561656952, 0.0006675317999906838, 0.328522652387619, 0.8758130669593811, 0.0017265269998461008, 0.012114254757761955, 0.18516430258750916, 0.1443810760974884, 0.006420039106160402, 0.24740833044052124, 0.9219318628311157, 0.07033039629459381, 0.2772517502307892]"
116,7424,7488,64,0.9375,0.3736008107662201,clean_mnist,0.125,0.09375,0.109375,0.109375,0.078125,0.140625,0.0625,0.078125,0.125,0.078125,0.11821651458740234,0.2060266137123108,12.080096244812012,13.861169815063477,17.8125,21.453125,"[1, 8, 4, 0, 3, 1, 9, 2, 2, 3, 6, 1, 8, 7, 7, 8, 6, 8, 4, 5, 5, 7, 7, 9, 5, 5, 3, 0, 3, 8, 1, 3, 6, 5, 0, 4, 6, 8, 0, 3, 4, 0, 0, 2, 9, 1, 7, 0, 1, 2, 9, 5, 2, 8, 9, 8, 5, 5, 5, 3, 2, 0, 2, 4]","[1, 8, 4, 0, 2, 1, 9, 2, 2, 3, 6, 1, 8, 7, 7, 8, 1, 8, 4, 5, 5, 7, 7, 9, 5, 5, 8, 0, 6, 8, 1, 3, 6, 5, 0, 4, 6, 8, 0, 3, 4, 0, 0, 2, 9, 1, 7, 0, 1, 2, 9, 5, 2, 8, 9, 8, 5, 5, 5, 3, 2, 0, 2, 4]","[0.9066092371940613, 0.9826086759567261, 0.9645752310752869, 0.9528951048851013, 0.8506249189376831, 0.6358855962753296, 0.9417394399642944, 0.9547742009162903, 0.9687708616256714, 0.9999309778213501, 0.9943709969520569, 0.9249619841575623, 0.9974573254585266, 0.9991593360900879, 0.7997422218322754, 0.9754905700683594, 0.6637881994247437, 0.992057740688324, 0.9815958142280579, 0.9999173879623413, 0.994426965713501, 0.9884496927261353, 0.9937247633934021, 0.9891231656074524, 0.5328221917152405, 0.9959737658500671, 0.37674957513809204, 0.9004651308059692, 0.40633681416511536, 0.9968793392181396, 0.6034284830093384, 0.9996088147163391, 0.9474481344223022, 0.9990645051002502, 0.9855497479438782, 0.9564802050590515, 0.7611343264579773, 0.9757992029190063, 0.49413472414016724, 0.9998921155929565, 0.5109044909477234, 0.8258992433547974, 0.8999624252319336, 0.9983127117156982, 0.947299063205719, 0.5690154433250427, 0.9447934031486511, 0.9728524684906006, 0.7515219449996948, 0.9979797005653381, 0.9889739751815796, 0.9994537234306335, 0.4702777862548828, 0.9978808760643005, 0.46612995862960815, 0.994793713092804, 0.9976663589477539, 0.9990455508232117, 0.9994468092918396, 0.9999876022338867, 0.9843088984489441, 0.9656413793563843, 0.9645625948905945, 0.9939407110214233]","[1, 1, 1, 1, 0, 1, 1, 1, 1, 1, 1, 1, 1, 1, 1, 1, 0, 1, 1, 1, 1, 1, 1, 1, 1, 1, 0, 1, 0, 1, 1, 1, 1, 1, 1, 1, 1, 1, 1, 1, 1, 1, 1, 1, 1, 1, 1, 1, 1, 1, 1, 1, 1, 1, 1, 1, 1, 1, 1, 1, 1, 1, 1, 1]","[0.48570123314857483, 0.10982251167297363, 0.21573810279369354, 0.25527694821357727, 0.5785929560661316, 1.4261993169784546, 0.284843385219574, 0.20078541338443756, 0.15993337333202362, 0.0007983676041476429, 0.041596733033657074, 0.40700435638427734, 0.02088717184960842, 0.008072963915765285, 0.5847267508506775, 0.14413829147815704, 1.1148560047149658, 0.05766840651631355, 0.11084143817424774, 0.0009194632293656468, 0.03884030133485794, 0.07593487203121185, 0.043412186205387115, 0.07455158233642578, 0.7345309257507324, 0.030804120004177094, 1.4233161211013794, 0.5205034613609314, 1.4780000448226929, 0.02253555878996849, 1.4598749876022339, 0.0039030893240123987, 0.25508496165275574, 0.007527414243668318, 0.0887375995516777, 0.23338839411735535, 0.6855783462524414, 0.1362105906009674, 1.3323695659637451, 0.001265395083464682, 0.9838128685951233, 0.7923945784568787, 0.4487559199333191, 0.013614208437502384, 0.24440014362335205, 1.5979347229003906, 0.2742532789707184, 0.16108940541744232, 1.0737204551696777, 0.01494864746928215, 0.07517622411251068, 0.004829178098589182, 1.2392549514770508, 0.01796536147594452, 1.5364190340042114, 0.03793370723724365, 0.0193769671022892, 0.008167458698153496, 0.005289403256028891, 0.00016964513633865863, 0.08455230295658112, 0.20420759916305542, 0.17217783629894257, 0.045235294848680496]"
117,7488,7552,64,0.890625,0.4356157183647156,clean_mnist,0.0625,0.109375,0.09375,0.0625,0.0625,0.109375,0.078125,0.125,0.140625,0.15625,0.11434002965688705,0.20281727612018585,12.049579620361328,13.934764862060547,17.328125,21.53125,"[8, 4, 6, 1, 9, 5, 7, 1, 1, 3, 9, 0, 2, 3, 4, 5, 6, 9, 0, 3, 8, 7, 2, 9, 8, 7, 8, 0, 6, 4, 9, 8, 2, 3, 6, 2, 8, 7, 9, 7, 2, 9, 7, 5, 1, 1, 7, 5, 1, 2, 9, 8, 8, 9, 1, 5, 6, 9, 5, 7, 0, 5, 8, 4]","[8, 4, 6, 1, 9, 6, 7, 1, 1, 3, 5, 0, 2, 3, 4, 6, 6, 9, 0, 3, 8, 7, 2, 9, 8, 7, 8, 0, 6, 4, 9, 8, 2, 3, 6, 2, 1, 7, 4, 7, 2, 9, 7, 5, 1, 1, 7, 5, 1, 2, 9, 8, 8, 9, 1, 6, 6, 9, 5, 7, 0, 6, 8, 4]","[0.7550044059753418, 0.975821316242218, 0.6795936226844788, 0.5612353086471558, 0.9946277737617493, 0.3855242133140564, 0.9523437023162842, 0.9972087740898132, 0.7078812122344971, 0.9986555576324463, 0.805858850479126, 0.21884344518184662, 0.8906612396240234, 0.9999793767929077, 0.9771056175231934, 0.9896755814552307, 0.84611976146698, 0.9967367053031921, 0.8773280382156372, 0.9869110584259033, 0.8964369893074036, 0.9576400518417358, 0.5761967897415161, 0.9716438055038452, 0.776972770690918, 0.9896663427352905, 0.988933801651001, 0.8000089526176453, 0.9732662439346313, 0.8855950832366943, 0.6455328464508057, 0.9625187516212463, 0.9858195781707764, 0.9951491951942444, 0.9836409687995911, 0.9937500357627869, 0.46068060398101807, 0.8894708156585693, 0.5172705054283142, 0.9167824387550354, 0.8242597579956055, 0.9517577290534973, 0.4962158203125, 0.9990105628967285, 0.3364545702934265, 0.9901358485221863, 0.9841753840446472, 0.9920833110809326, 0.9632002115249634, 0.9994258880615234, 0.9829398393630981, 0.9778652191162109, 0.7359808087348938, 0.9751549959182739, 0.9504722952842712, 0.9877105355262756, 0.9164173007011414, 0.9943483471870422, 0.9461703300476074, 0.9677876234054565, 0.44331374764442444, 0.9194513559341431, 0.9933357238769531, 0.9318253993988037]","[1, 1, 1, 1, 1, 0, 1, 1, 1, 1, 0, 1, 1, 1, 1, 0, 1, 1, 1, 1, 1, 1, 1, 1, 1, 1, 1, 1, 1, 1, 1, 1, 1, 1, 1, 1, 0, 1, 0, 1, 1, 1, 1, 1, 1, 1, 1, 1, 1, 1, 1, 1, 1, 1, 1, 0, 1, 1, 1, 1, 1, 0, 1, 1]","[0.8151219487190247, 0.12408380955457687, 0.8877003192901611, 1.4108490943908691, 0.04142942279577255, 1.1867141723632812, 0.24760040640830994, 0.024144308641552925, 1.1112158298492432, 0.012113584205508232, 0.6907528042793274, 1.9818936586380005, 0.42629918456077576, 0.0002649856323841959, 0.13387072086334229, 0.06978294998407364, 0.46889105439186096, 0.026292338967323303, 0.5826900005340576, 0.08828294277191162, 0.3891534209251404, 0.23909892141819, 1.3585985898971558, 0.1719817817211151, 0.797015905380249, 0.07208269089460373, 0.0742914229631424, 0.863329291343689, 0.14995788037776947, 0.42840930819511414, 0.9766390323638916, 0.21419501304626465, 0.08587556332349777, 0.03613041713833809, 0.10119913518428802, 0.041814643889665604, 1.1553955078125, 0.5255850553512573, 0.7593150734901428, 0.42143476009368896, 0.7349852919578552, 0.24822722375392914, 1.091836929321289, 0.008221663534641266, 1.743825078010559, 0.07345443964004517, 0.10407041758298874, 0.050464875996112823, 0.2149081826210022, 0.005157443229109049, 0.11603961139917374, 0.1288929134607315, 0.7509085536003113, 0.152847021818161, 0.2725033760070801, 0.07805557548999786, 0.3774269223213196, 0.04152865707874298, 0.22272668778896332, 0.18671143054962158, 1.3420451879501343, 0.36247095465660095, 0.044199757277965546, 0.33640143275260925]"
118,7552,7616,64,0.875,0.4589659571647644,clean_mnist,0.09375,0.125,0.15625,0.109375,0.09375,0.109375,0.125,0.078125,0.0625,0.046875,0.115638367831707,0.20618538558483124,12.065835952758789,14.257631301879883,17.75,21.515625,"[3, 1, 2, 2, 3, 0, 1, 6, 4, 1, 6, 1, 6, 7, 0, 2, 7, 3, 8, 5, 1, 4, 0, 8, 2, 6, 4, 4, 6, 6, 3, 5, 5, 0, 8, 2, 1, 0, 3, 5, 5, 6, 2, 5, 9, 0, 6, 4, 3, 2, 9, 1, 5, 7, 9, 8, 7, 1, 7, 4, 2, 3, 2, 2]","[0, 1, 2, 2, 3, 0, 1, 6, 4, 1, 6, 1, 6, 7, 0, 2, 7, 3, 8, 6, 1, 4, 1, 8, 2, 6, 4, 4, 6, 6, 3, 5, 3, 0, 8, 2, 1, 0, 3, 5, 5, 6, 2, 5, 4, 0, 6, 1, 3, 2, 9, 1, 8, 7, 8, 8, 7, 1, 7, 4, 2, 3, 2, 2]","[0.47373053431510925, 0.9869416356086731, 0.9843164682388306, 0.7037229537963867, 0.999985933303833, 0.8802472949028015, 0.6667469143867493, 0.7343801856040955, 0.966754138469696, 0.6487659811973572, 0.9747959971427917, 0.5203522443771362, 0.9693315625190735, 0.9954792261123657, 0.9857041239738464, 0.9567038416862488, 0.9941184520721436, 0.9997550845146179, 0.9976934790611267, 0.7677732110023499, 0.5607130527496338, 0.9717628955841064, 0.46175214648246765, 0.9987857937812805, 0.9939113855361938, 0.8163099884986877, 0.7853972911834717, 0.8021769523620605, 0.8981688618659973, 0.5645653605461121, 0.9999452829360962, 0.9983781576156616, 0.49847498536109924, 0.981204092502594, 0.9809066653251648, 0.9995424747467041, 0.39314860105514526, 0.9689379334449768, 0.9992662072181702, 0.9829908609390259, 0.9030395746231079, 0.9979071617126465, 0.8441269993782043, 0.9994168281555176, 0.6956039667129517, 0.8768842816352844, 0.9986104965209961, 0.3968680500984192, 0.9961804151535034, 0.9974685907363892, 0.9818363785743713, 0.9547337889671326, 0.6810343265533447, 0.9894412755966187, 0.4825311303138733, 0.9869785308837891, 0.9756126403808594, 0.5785162448883057, 0.9978195428848267, 0.680205762386322, 0.907433271408081, 0.9997698664665222, 0.9977760910987854, 0.9151406288146973]","[0, 1, 1, 1, 1, 1, 1, 1, 1, 1, 1, 1, 1, 1, 1, 1, 1, 1, 1, 0, 1, 1, 0, 1, 1, 1, 1, 1, 1, 1, 1, 1, 0, 1, 1, 1, 1, 1, 1, 1, 1, 1, 1, 1, 0, 1, 1, 0, 1, 1, 1, 1, 0, 1, 0, 1, 1, 1, 1, 1, 1, 1, 1, 1]","[1.518872618675232, 0.0918893963098526, 0.09517930448055267, 0.8129436373710632, 0.0001943732495419681, 0.5951842665672302, 0.9763651490211487, 0.7021707892417908, 0.17101804912090302, 1.3581962585449219, 0.1412699669599533, 1.7145028114318848, 0.15764279663562775, 0.03597424179315567, 0.09114612638950348, 0.19176892936229706, 0.041908036917448044, 0.0026584335137158632, 0.01952725276350975, 0.6860225200653076, 1.4897695779800415, 0.15878452360630035, 1.3558205366134644, 0.010110540315508842, 0.04084409773349762, 0.6958797574043274, 0.796042799949646, 0.6976621747016907, 0.43031924962997437, 1.0174490213394165, 0.0006317495717667043, 0.01370195858180523, 0.8182821869850159, 0.12329386174678802, 0.11390925943851471, 0.004134594928473234, 1.6984797716140747, 0.1803758144378662, 0.007186661008745432, 0.08925656229257584, 0.3854624032974243, 0.017184710130095482, 0.6477267742156982, 0.005163632333278656, 0.7364035844802856, 0.5782812237739563, 0.012271448969841003, 1.509179949760437, 0.0276320967823267, 0.019384386017918587, 0.11663292348384857, 0.2625233829021454, 0.9304197430610657, 0.07313267141580582, 1.1561474800109863, 0.08751577138900757, 0.14081861078739166, 1.5540509223937988, 0.01852934993803501, 1.153476357460022, 0.4407742917537689, 0.00250576576218009, 0.018293075263500214, 0.3339381217956543]"
119,7616,7680,64,0.9375,0.48815780878067017,clean_mnist,0.0625,0.15625,0.125,0.171875,0.0625,0.09375,0.046875,0.09375,0.09375,0.09375,0.12803199887275696,0.22149531543254852,12.068380355834961,13.961658477783203,19.453125,21.09375,"[7, 8, 3, 2, 3, 7, 1, 9, 2, 3, 3, 9, 2, 0, 1, 1, 1, 2, 3, 3, 8, 4, 5, 5, 5, 6, 8, 7, 7, 8, 2, 9, 0, 0, 1, 1, 4, 2, 2, 3, 1, 4, 1, 5, 3, 6, 6, 7, 0, 8, 3, 9, 1, 9, 5, 1, 3, 2, 8, 3, 9, 4, 5, 7]","[7, 8, 3, 2, 9, 7, 1, 9, 2, 3, 3, 9, 2, 0, 1, 1, 1, 2, 3, 3, 8, 4, 8, 5, 5, 6, 8, 7, 7, 8, 2, 9, 0, 0, 1, 1, 4, 2, 2, 3, 1, 4, 1, 5, 3, 6, 6, 7, 0, 8, 3, 9, 1, 0, 5, 1, 3, 2, 8, 3, 9, 4, 3, 7]","[0.926523745059967, 0.9997995495796204, 0.9998028874397278, 0.9836220145225525, 0.531409740447998, 0.9893831610679626, 0.48125213384628296, 0.9903355836868286, 0.6589186191558838, 0.9996978044509888, 0.999984860420227, 0.9838700890541077, 0.8930976390838623, 0.6526724100112915, 0.7695515751838684, 0.6611409187316895, 0.7214981913566589, 0.9924098253250122, 0.9999420642852783, 0.999757707118988, 0.944883406162262, 0.6726550459861755, 0.4672418534755707, 0.9876344799995422, 0.996638298034668, 0.9995312690734863, 0.845212996006012, 0.9971967935562134, 0.8647665977478027, 0.9983848333358765, 0.8547316193580627, 0.9994667172431946, 0.45850682258605957, 0.5259260535240173, 0.3114577829837799, 0.7996824383735657, 0.6496844291687012, 0.9971945285797119, 0.9888229370117188, 0.9992889165878296, 0.28814584016799927, 0.8984310030937195, 0.9532080292701721, 0.9959239959716797, 0.9953033924102783, 0.9780503511428833, 0.990796685218811, 0.9143797159194946, 0.9789429306983948, 0.8553964495658875, 0.9991968274116516, 0.9712113738059998, 0.5457860827445984, 0.5820077657699585, 0.994516909122467, 0.6673385500907898, 0.9945054650306702, 0.9985436201095581, 0.6027306318283081, 0.9271715879440308, 0.9085454940795898, 0.9841959476470947, 0.45750677585601807, 0.9992557168006897]","[1, 1, 1, 1, 0, 1, 1, 1, 1, 1, 1, 1, 1, 1, 1, 1, 1, 1, 1, 1, 1, 1, 0, 1, 1, 1, 1, 1, 1, 1, 1, 1, 1, 1, 1, 1, 1, 1, 1, 1, 1, 1, 1, 1, 1, 1, 1, 1, 1, 1, 1, 1, 1, 0, 1, 1, 1, 1, 1, 1, 1, 1, 0, 1]","[0.3286683261394501, 0.0021903952583670616, 0.0020430374424904585, 0.08425755053758621, 0.8857364058494568, 0.06892869621515274, 1.292243480682373, 0.0661807656288147, 0.7846473455429077, 0.0031326734460890293, 0.00020400831999722868, 0.099089115858078, 0.41943538188934326, 1.2314374446868896, 0.8590936064720154, 1.1788103580474854, 0.9296227693557739, 0.052647434175014496, 0.0006897093844600022, 0.002529432065784931, 0.313779354095459, 1.0236040353775024, 1.5047200918197632, 0.08553267270326614, 0.02442898042500019, 0.004666938446462154, 0.5578458905220032, 0.024158399552106857, 0.49674588441848755, 0.013594248332083225, 0.5485267043113708, 0.005230133421719074, 1.5408164262771606, 1.1509840488433838, 2.069302797317505, 0.912180483341217, 0.9176741242408752, 0.02369740791618824, 0.06689237058162689, 0.006844842806458473, 2.129561185836792, 0.47094786167144775, 0.25214096903800964, 0.030406847596168518, 0.03599603474140167, 0.13371649384498596, 0.05954538658261299, 0.3881149888038635, 0.13978558778762817, 0.5593337416648865, 0.00677561666816473, 0.15674564242362976, 1.5325639247894287, 1.22389817237854, 0.0381733775138855, 1.2559009790420532, 0.03465503081679344, 0.011525963433086872, 1.1693848371505737, 0.31763938069343567, 0.3909439146518707, 0.09892081469297409, 1.216017723083496, 0.006593857426196337]"
120,7680,7744,64,0.8125,0.4774133861064911,clean_mnist,0.09375,0.078125,0.125,0.0625,0.0625,0.125,0.09375,0.09375,0.046875,0.21875,0.12524361908435822,0.21743081510066986,12.119514465332031,13.909908294677734,19.328125,20.875,"[9, 5, 8, 9, 6, 9, 2, 0, 2, 1, 9, 0, 7, 1, 7, 2, 1, 7, 3, 5, 5, 3, 9, 4, 8, 4, 2, 9, 0, 0, 0, 6, 3, 9, 9, 6, 1, 6, 6, 2, 8, 3, 9, 4, 6, 4, 9, 9, 0, 1, 7, 7, 2, 9, 9, 5, 2, 7, 5, 5, 5, 5, 9, 2]","[9, 8, 8, 9, 6, 0, 7, 0, 2, 1, 9, 0, 3, 1, 7, 2, 1, 7, 3, 5, 6, 3, 9, 4, 8, 4, 2, 0, 0, 0, 0, 6, 8, 9, 9, 6, 1, 6, 6, 2, 1, 3, 4, 4, 6, 4, 4, 9, 0, 1, 7, 7, 2, 9, 4, 5, 2, 7, 5, 5, 5, 6, 9, 2]","[0.8943246603012085, 0.8689408302307129, 0.596442699432373, 0.9990100860595703, 0.9648189544677734, 0.7240390777587891, 0.5320871472358704, 0.8514456748962402, 0.9883911609649658, 0.9036911725997925, 0.982680082321167, 0.7956541776657104, 0.6549062728881836, 0.6468188762664795, 0.8616120219230652, 0.9599218368530273, 0.3481462001800537, 0.5550982356071472, 0.9961752891540527, 0.9972105622291565, 0.9947934746742249, 0.9973887801170349, 0.9421876072883606, 0.9991227984428406, 0.7900728583335876, 0.9578500986099243, 0.8981707692146301, 0.9384893178939819, 0.9882062077522278, 0.9972711205482483, 0.6732742190361023, 0.9948992133140564, 0.9235823750495911, 0.9997549653053284, 0.968004047870636, 0.776066243648529, 0.9144867658615112, 0.9829775094985962, 0.7060459852218628, 0.5341798663139343, 0.9535747170448303, 0.9999594688415527, 0.4896682798862457, 0.9996428489685059, 0.8682703971862793, 0.8034976124763489, 0.5547271966934204, 0.9998513460159302, 0.984948456287384, 0.8772099614143372, 0.9756072759628296, 0.9937127232551575, 0.40344303846359253, 0.9518092274665833, 0.5847480893135071, 0.9997307658195496, 0.6407455801963806, 0.9661851525306702, 0.9998667240142822, 0.9990354776382446, 0.9082555174827576, 0.5852565169334412, 0.9266476035118103, 0.9254074096679688]","[1, 0, 1, 1, 1, 0, 0, 1, 1, 1, 1, 1, 0, 1, 1, 1, 1, 1, 1, 1, 0, 1, 1, 1, 1, 1, 1, 0, 1, 1, 1, 1, 0, 1, 1, 1, 1, 1, 1, 1, 0, 1, 0, 1, 1, 1, 0, 1, 1, 1, 1, 1, 1, 1, 0, 1, 1, 1, 1, 1, 1, 0, 1, 1]","[0.3839004933834076, 0.44388189911842346, 1.0207619667053223, 0.008761298842728138, 0.18640457093715668, 0.9933852553367615, 1.265749216079712, 0.6454958319664001, 0.07311241328716278, 0.5024293065071106, 0.1086864024400711, 0.7977888584136963, 1.0346773862838745, 1.3976877927780151, 0.6220895051956177, 0.19580243527889252, 1.8065061569213867, 1.1026597023010254, 0.029614383354783058, 0.019656306132674217, 0.038708195090293884, 0.019879404455423355, 0.3117193579673767, 0.008358718827366829, 0.8714898228645325, 0.22539333999156952, 0.40018317103385925, 0.3013893663883209, 0.08702776581048965, 0.022643379867076874, 1.214463233947754, 0.03710343688726425, 0.28570520877838135, 0.002634087111800909, 0.202076718211174, 0.6134359836578369, 0.46528351306915283, 0.10698136687278748, 0.8832817673683167, 1.160811424255371, 0.25382232666015625, 0.0005106444004923105, 1.1251822710037231, 0.0034936009906232357, 0.48684799671173096, 0.6645809412002563, 1.2907791137695312, 0.0015408435137942433, 0.10724533349275589, 0.6048377752304077, 0.14526349306106567, 0.04608544334769249, 1.6838126182556152, 0.2533455491065979, 1.0088963508605957, 0.0025252550840377808, 0.7730237245559692, 0.20064321160316467, 0.0014399302890524268, 0.009448152966797352, 0.4128439426422119, 0.8895577788352966, 0.3437960743904114, 0.3473147749900818]"
121,7744,7808,64,0.84375,0.4354448914527893,clean_mnist,0.015625,0.125,0.125,0.203125,0.0625,0.0625,0.046875,0.109375,0.109375,0.140625,0.12637031078338623,0.22669997811317444,12.08790111541748,13.963617324829102,20.03125,21.078125,"[5, 3, 1, 1, 1, 4, 8, 4, 1, 9, 7, 9, 9, 9, 2, 6, 3, 1, 3, 8, 1, 3, 3, 3, 8, 7, 7, 3, 2, 9, 9, 8, 3, 8, 3, 4, 2, 7, 3, 7, 5, 6, 5, 2, 6, 1, 2, 9, 2, 8, 3, 7, 2, 9, 7, 8, 3, 2, 5, 3, 4, 9, 1, 0]","[6, 3, 1, 1, 1, 4, 8, 4, 1, 0, 7, 9, 9, 9, 2, 6, 2, 1, 3, 8, 1, 3, 3, 3, 8, 7, 7, 3, 2, 9, 9, 8, 2, 8, 3, 4, 2, 7, 2, 7, 3, 6, 0, 2, 1, 1, 2, 9, 2, 8, 3, 7, 2, 8, 9, 8, 3, 2, 5, 3, 4, 9, 1, 0]","[0.6726438403129578, 0.971966028213501, 0.9927856922149658, 0.9996910095214844, 0.8050902485847473, 0.9512482285499573, 0.6844762563705444, 0.7661687731742859, 0.5649769902229309, 0.4481128454208374, 0.9996182918548584, 0.9990102052688599, 0.37743180990219116, 0.9988425374031067, 0.9791930913925171, 0.9868252873420715, 0.562472939491272, 0.7612398862838745, 0.998974084854126, 0.9683300256729126, 0.39635953307151794, 0.9883290529251099, 0.999976634979248, 0.9832326769828796, 0.6393533945083618, 0.9442862868309021, 0.9520102739334106, 0.9688395261764526, 0.895351767539978, 0.9800342321395874, 0.9926642775535583, 0.9990178346633911, 0.584809422492981, 0.4270738661289215, 0.9999728202819824, 0.9843443036079407, 0.9868091344833374, 0.9989950060844421, 0.9779531359672546, 0.9986029267311096, 0.9048852324485779, 0.9927951693534851, 0.662854790687561, 0.9603299498558044, 0.7114750146865845, 0.9990586638450623, 0.9257648587226868, 0.9975820779800415, 0.9997103810310364, 0.6319411396980286, 0.9999510049819946, 0.995634138584137, 0.9940203428268433, 0.5557267069816589, 0.49271732568740845, 0.9396539926528931, 0.9954121708869934, 0.9615640640258789, 0.9991705417633057, 0.8300734162330627, 0.9963465332984924, 0.9407300353050232, 0.31159383058547974, 0.9010400176048279]","[0, 1, 1, 1, 1, 1, 1, 1, 1, 0, 1, 1, 1, 1, 1, 1, 0, 1, 1, 1, 1, 1, 1, 1, 1, 1, 1, 1, 1, 1, 1, 1, 0, 1, 1, 1, 1, 1, 0, 1, 0, 1, 0, 1, 0, 1, 1, 1, 1, 1, 1, 1, 1, 0, 0, 1, 1, 1, 1, 1, 1, 1, 1, 1]","[0.6885542273521423, 0.1556490808725357, 0.05229687690734863, 0.00318322260864079, 0.8055722117424011, 0.2436404824256897, 0.9682140350341797, 0.9554425477981567, 1.608751893043518, 1.478767991065979, 0.003892265958711505, 0.008613337762653828, 1.8714650869369507, 0.009876235388219357, 0.13256429135799408, 0.08179593831300735, 0.9090126156806946, 1.014271855354309, 0.008259235881268978, 0.1829538494348526, 1.729264736175537, 0.07407517731189728, 0.0002897887316066772, 0.09705237299203873, 0.8914098739624023, 0.29966768622398376, 0.2536349892616272, 0.15882451832294464, 0.4310586452484131, 0.11196727305650711, 0.05025368556380272, 0.009159199893474579, 0.7158863544464111, 1.6253106594085693, 0.00034591465373523533, 0.10659745335578918, 0.08411842584609985, 0.009120182134211063, 0.11133668571710587, 0.01193916518241167, 0.34338313341140747, 0.05074481666088104, 0.9133508801460266, 0.2111741602420807, 0.8471565246582031, 0.008772756904363632, 0.35298439860343933, 0.019104016944766045, 0.0030783393885940313, 1.1839916706085205, 0.0006133676506578922, 0.034664053469896317, 0.04426291584968567, 0.8633004426956177, 1.2284111976623535, 0.3038284182548523, 0.0360548198223114, 0.21345254778862, 0.006968554574996233, 0.571286678314209, 0.028229745104908943, 0.30283796787261963, 1.866999626159668, 0.4797309339046478]"
122,7808,7872,64,0.9375,0.4290858805179596,clean_mnist,0.125,0.140625,0.09375,0.0625,0.09375,0.109375,0.078125,0.109375,0.125,0.0625,0.1348569095134735,0.23156413435935974,12.094428062438965,13.914299011230469,19.828125,20.90625,"[7, 7, 8, 9, 9, 0, 3, 6, 0, 4, 2, 1, 5, 1, 9, 2, 8, 8, 4, 2, 1, 6, 0, 1, 7, 5, 1, 0, 8, 1, 1, 2, 5, 3, 5, 4, 8, 5, 0, 6, 5, 7, 8, 0, 7, 9, 4, 0, 8, 1, 0, 2, 1, 3, 3, 4, 4, 5, 7, 6, 6, 7, 2, 8]","[7, 7, 8, 9, 9, 0, 8, 6, 0, 4, 2, 1, 5, 1, 9, 2, 8, 8, 4, 2, 1, 6, 0, 1, 3, 5, 1, 0, 8, 1, 1, 2, 5, 3, 5, 4, 8, 5, 0, 6, 5, 7, 1, 8, 7, 9, 4, 0, 8, 1, 0, 2, 1, 3, 3, 4, 4, 5, 7, 6, 6, 7, 2, 8]","[0.5551729202270508, 0.9369824528694153, 0.9909579753875732, 0.974695086479187, 0.9964148998260498, 0.8485412001609802, 0.8834293484687805, 0.9633215665817261, 0.7564408779144287, 0.9029918313026428, 0.996161699295044, 0.9962520003318787, 0.999414324760437, 0.7799354791641235, 0.987121045589447, 0.9983843564987183, 0.9984251260757446, 0.8693699240684509, 0.7271440029144287, 0.9982404708862305, 0.6099706292152405, 0.972134530544281, 0.431515634059906, 0.9997373223304749, 0.7743958830833435, 0.9846031069755554, 0.7681596875190735, 0.6914003491401672, 0.9707087874412537, 0.9136642217636108, 0.8015744686126709, 0.9664037823677063, 0.9992031455039978, 0.9999998807907104, 0.9931300282478333, 0.9813271164894104, 0.9631928205490112, 0.999708354473114, 0.9865486025810242, 0.9986791014671326, 0.9733777046203613, 0.9996488094329834, 0.3385956585407257, 0.7119945883750916, 0.8766364455223083, 0.7568485140800476, 0.7782038450241089, 0.7964493036270142, 0.8907849192619324, 0.6800491213798523, 0.5870592594146729, 0.9958714842796326, 0.9390490651130676, 0.9999986886978149, 0.9998063445091248, 0.7662754654884338, 0.7005050778388977, 0.872532069683075, 0.916515588760376, 0.9992044568061829, 0.9585525989532471, 0.6969214081764221, 0.9485753774642944, 0.9975610971450806]","[1, 1, 1, 1, 1, 1, 0, 1, 1, 1, 1, 1, 1, 1, 1, 1, 1, 1, 1, 1, 1, 1, 1, 1, 0, 1, 1, 1, 1, 1, 1, 1, 1, 1, 1, 1, 1, 1, 1, 1, 1, 1, 0, 0, 1, 1, 1, 1, 1, 1, 1, 1, 1, 1, 1, 1, 1, 1, 1, 1, 1, 1, 1, 1]","[1.1133912801742554, 0.30735868215560913, 0.060616955161094666, 0.13381807506084442, 0.02596632018685341, 0.6430014967918396, 0.3900677263736725, 0.21628133952617645, 0.8557804226875305, 0.4068598449230194, 0.02851615846157074, 0.03101646713912487, 0.005490357521921396, 0.9510977268218994, 0.07988852262496948, 0.013831328600645065, 0.012417146936058998, 0.5939422249794006, 0.9115033745765686, 0.015118981711566448, 1.1656370162963867, 0.1643151491880417, 1.4306492805480957, 0.002881098072975874, 0.7919570207595825, 0.10091571509838104, 0.9639491438865662, 1.003023624420166, 0.1877909004688263, 0.41888299584388733, 0.8382522463798523, 0.17746476829051971, 0.0073454249650239944, 1.9291746866656467e-06, 0.04692032188177109, 0.09771521389484406, 0.178946390748024, 0.0028275169897824526, 0.07779116183519363, 0.01078569982200861, 0.14067809283733368, 0.0035781136248260736, 1.6003175973892212, 0.8475080728530884, 0.5354186296463013, 0.841114342212677, 0.9514835476875305, 0.7430010437965393, 0.45695963501930237, 1.21421217918396, 1.3343515396118164, 0.028942439705133438, 0.3334161341190338, 2.0825827959924936e-05, 0.002066121669486165, 0.8663772940635681, 0.7748890519142151, 0.5384032130241394, 0.42383867502212524, 0.007665782235562801, 0.1826917976140976, 0.9124487042427063, 0.23909685015678406, 0.0190007034689188]"
123,7872,7936,64,0.890625,0.4035225212574005,clean_mnist,0.140625,0.09375,0.09375,0.09375,0.0625,0.140625,0.046875,0.09375,0.125,0.109375,0.14935937523841858,0.24661414325237274,12.087162017822266,13.945758819580078,19.984375,20.453125,"[8, 9, 0, 9, 1, 1, 3, 2, 6, 3, 0, 4, 5, 5, 3, 6, 5, 7, 9, 8, 0, 9, 0, 2, 1, 2, 2, 7, 5, 6, 5, 4, 9, 0, 7, 5, 8, 8, 1, 9, 1, 7, 4, 3, 2, 5, 8, 4, 3, 1, 9, 8, 8, 0, 5, 5, 8, 2, 0, 7, 0, 7, 0, 3]","[8, 9, 0, 0, 1, 1, 3, 2, 6, 3, 0, 4, 5, 5, 9, 6, 5, 7, 9, 8, 0, 9, 0, 2, 1, 2, 1, 7, 5, 6, 5, 4, 9, 0, 7, 5, 8, 8, 1, 0, 1, 7, 4, 3, 2, 5, 8, 4, 2, 1, 9, 8, 8, 0, 6, 5, 8, 2, 0, 7, 0, 2, 0, 3]","[0.9998756647109985, 0.9945161938667297, 0.8769253492355347, 0.676234245300293, 0.9332072138786316, 0.6420065760612488, 0.9995449185371399, 0.9878414273262024, 0.9752076864242554, 0.9999780654907227, 0.8753494024276733, 0.7094212770462036, 0.720329761505127, 0.9998648166656494, 0.578051745891571, 0.999022364616394, 0.9989281296730042, 0.9791848659515381, 0.8364020586013794, 0.5464494228363037, 0.9960676431655884, 0.9620028138160706, 0.9989553689956665, 0.9967681169509888, 0.5220784544944763, 0.9929798245429993, 0.49815237522125244, 0.9992393255233765, 0.6914386749267578, 0.9909690022468567, 0.9989656209945679, 0.9686878323554993, 0.9997095465660095, 0.9990379810333252, 0.9162408113479614, 0.9951634407043457, 0.850895881652832, 0.7979424595832825, 0.7347399592399597, 0.45697903633117676, 0.47264939546585083, 0.9993485808372498, 0.9393311738967896, 0.9996633529663086, 0.9974212646484375, 0.9998112320899963, 0.9997380375862122, 0.9856554269790649, 0.8156895041465759, 0.8754435777664185, 0.4631326496601105, 0.9568986296653748, 0.8565717935562134, 0.9837149977684021, 0.8789175748825073, 0.9989243149757385, 0.985627293586731, 0.9968752861022949, 0.927818775177002, 0.99013352394104, 0.9978936314582825, 0.6116200089454651, 0.7683141231536865, 0.9981691837310791]","[1, 1, 1, 0, 1, 1, 1, 1, 1, 1, 1, 1, 1, 1, 0, 1, 1, 1, 1, 1, 1, 1, 1, 1, 1, 1, 0, 1, 1, 1, 1, 1, 1, 1, 1, 1, 1, 1, 1, 0, 1, 1, 1, 1, 1, 1, 1, 1, 0, 1, 1, 1, 1, 1, 0, 1, 1, 1, 1, 1, 1, 0, 1, 1]","[0.0014348295517265797, 0.04067970812320709, 0.6058897376060486, 0.9038980007171631, 0.343635618686676, 1.0681626796722412, 0.004256123211234808, 0.07075774669647217, 0.15237867832183838, 0.0002612917451187968, 0.5786656141281128, 0.8291715979576111, 0.7290974259376526, 0.0013990836450830102, 1.2669847011566162, 0.008835654705762863, 0.009104378521442413, 0.12900841236114502, 0.5872282981872559, 1.162449836730957, 0.030660267919301987, 0.1952233612537384, 0.009983059018850327, 0.02577180042862892, 1.7107181549072266, 0.04693774878978729, 1.1167895793914795, 0.007247786968946457, 0.6501642465591431, 0.05980902910232544, 0.009047956205904484, 0.17493656277656555, 0.0029969746246933937, 0.0089189438149333, 0.4001941680908203, 0.033953361213207245, 0.559709906578064, 0.6912120580673218, 1.0444387197494507, 1.3636770248413086, 1.8046612739562988, 0.005908769555389881, 0.3046697974205017, 0.0034287141170352697, 0.01976407691836357, 0.0019546530675143003, 0.002766360528767109, 0.08504562824964523, 0.5623822808265686, 0.6335601806640625, 1.7616240978240967, 0.22128286957740784, 0.5354442000389099, 0.10711701214313507, 0.4653127193450928, 0.009463117457926273, 0.083907850086689, 0.02425573021173477, 0.36466020345687866, 0.0657227486371994, 0.018206655979156494, 1.1539654731750488, 0.9388279914855957, 0.015819502994418144]"
124,7936,8000,64,0.9375,0.3252379894256592,clean_mnist,0.140625,0.109375,0.09375,0.078125,0.078125,0.109375,0.109375,0.109375,0.0625,0.109375,0.14406543970108032,0.2452242076396942,12.067636489868164,13.964041709899902,19.015625,21.171875,"[8, 6, 1, 2, 9, 1, 2, 7, 0, 7, 9, 9, 0, 9, 7, 1, 9, 2, 0, 4, 8, 6, 4, 7, 2, 7, 5, 5, 5, 4, 3, 5, 6, 0, 6, 1, 6, 1, 4, 9, 3, 9, 0, 0, 3, 0, 3, 2, 8, 0, 2, 3, 5, 5, 0, 6, 7, 1, 7, 8, 1, 6, 5, 4]","[9, 6, 1, 2, 9, 1, 2, 7, 0, 7, 9, 9, 0, 9, 7, 1, 9, 2, 0, 4, 8, 6, 4, 7, 2, 7, 5, 5, 5, 4, 3, 5, 6, 0, 6, 1, 6, 1, 4, 9, 3, 9, 0, 8, 3, 0, 3, 2, 4, 0, 2, 3, 5, 5, 6, 6, 7, 1, 7, 8, 1, 6, 5, 4]","[0.9355787038803101, 0.9998972415924072, 0.46429839730262756, 0.999356210231781, 0.9976907968521118, 0.914820671081543, 0.997485876083374, 0.9722432494163513, 0.8917558193206787, 0.965731143951416, 0.9949841499328613, 0.9916970729827881, 0.9556724429130554, 0.9950428009033203, 0.9958095550537109, 0.9971767663955688, 0.9960131645202637, 0.9825124740600586, 0.4128386378288269, 0.98729008436203, 0.9942969679832458, 0.9852468967437744, 0.7498584389686584, 0.9982650876045227, 0.5945838093757629, 0.942603349685669, 0.7102806568145752, 0.9894423484802246, 0.9981693029403687, 0.9859177470207214, 0.9999773502349854, 0.9999649524688721, 0.8627508878707886, 0.6064841747283936, 0.9878530502319336, 0.9837114214897156, 0.77713543176651, 0.9743431210517883, 0.9074959754943848, 0.993775486946106, 0.7814083099365234, 0.9992536902427673, 0.818657636642456, 0.6201749444007874, 0.994189977645874, 0.997712254524231, 0.9999803304672241, 0.9450215697288513, 0.5481482148170471, 0.9532936811447144, 0.5544233322143555, 0.9989926218986511, 0.9993506073951721, 0.9991138577461243, 0.5270829796791077, 0.9929341077804565, 0.9965572357177734, 0.8762469291687012, 0.7181932330131531, 0.8409000635147095, 0.9995001554489136, 0.9683675765991211, 0.9051246047019958, 0.9415721893310547]","[0, 1, 1, 1, 1, 1, 1, 1, 1, 1, 1, 1, 1, 1, 1, 1, 1, 1, 1, 1, 1, 1, 1, 1, 1, 1, 1, 1, 1, 1, 1, 1, 1, 1, 1, 1, 1, 1, 1, 1, 1, 1, 1, 0, 1, 1, 1, 1, 0, 1, 1, 1, 1, 1, 0, 1, 1, 1, 1, 1, 1, 1, 1, 1]","[0.31372907757759094, 0.001190870301797986, 1.7914172410964966, 0.005808248650282621, 0.018153253942728043, 0.4146517217159271, 0.020830923691391945, 0.16467276215553284, 0.5434569120407104, 0.19936737418174744, 0.036890871822834015, 0.05686182901263237, 0.22228464484214783, 0.03672632947564125, 0.02977643348276615, 0.024176616221666336, 0.029331309720873833, 0.10315264016389847, 1.6234900951385498, 0.07261025905609131, 0.0442798025906086, 0.10284648835659027, 0.8918296098709106, 0.015126141719520092, 0.7813208699226379, 0.2954719364643097, 0.6374800801277161, 0.07463609427213669, 0.014264690689742565, 0.08107120543718338, 0.00030129036167636514, 0.0004158357623964548, 0.6002078056335449, 1.0921777486801147, 0.07959058880805969, 0.11210685968399048, 0.7847973704338074, 0.1630699634552002, 0.37926217913627625, 0.04502938687801361, 0.7401022911071777, 0.006815838161855936, 0.601891279220581, 0.9748168587684631, 0.04087435081601143, 0.01975291408598423, 0.00026338204042986035, 0.2467832863330841, 1.322930097579956, 0.2641754448413849, 0.7963026165962219, 0.008467352017760277, 0.005959507543593645, 0.00770648242905736, 0.9655844569206238, 0.04911823198199272, 0.02699192427098751, 0.6263845562934875, 0.9853788018226624, 0.48891177773475647, 0.005086553283035755, 0.15111000835895538, 0.3463425636291504, 0.2296135276556015]"
125,8000,8064,64,0.921875,0.3358161449432373,clean_mnist,0.109375,0.0625,0.09375,0.15625,0.09375,0.078125,0.09375,0.078125,0.09375,0.140625,0.14348052442073822,0.2410171627998352,11.996081352233887,13.993946075439453,19.9375,20.8125,"[0, 6, 2, 3, 6, 9, 4, 2, 8, 6, 5, 4, 7, 3, 3, 9, 0, 3, 3, 0, 7, 0, 5, 5, 2, 2, 4, 5, 0, 8, 9, 8, 1, 8, 6, 9, 9, 4, 7, 3, 8, 4, 6, 2, 7, 9, 0, 8, 3, 7, 0, 1, 3, 1, 3, 3, 5, 6, 2, 9, 9, 4, 9, 1]","[0, 6, 2, 0, 6, 9, 4, 2, 8, 6, 5, 4, 3, 3, 3, 9, 0, 3, 3, 0, 7, 0, 5, 5, 2, 2, 4, 5, 0, 8, 9, 8, 1, 8, 6, 9, 9, 4, 7, 3, 1, 4, 6, 2, 7, 8, 0, 8, 3, 7, 0, 1, 3, 1, 3, 3, 5, 6, 2, 9, 9, 4, 5, 1]","[0.9062597751617432, 0.9982580542564392, 0.9997897744178772, 0.42214104533195496, 0.9830811619758606, 0.9951506853103638, 0.7592132687568665, 0.9924208521842957, 0.9975057244300842, 0.9807924628257751, 0.9966089725494385, 0.8550678491592407, 0.6916582584381104, 0.9941853880882263, 0.9634113907814026, 0.9992884397506714, 0.8708348274230957, 0.9997151494026184, 0.9918185472488403, 0.8927372097969055, 0.9787611961364746, 0.9010789394378662, 0.9999229907989502, 0.982368528842926, 0.9832949042320251, 0.9388347864151001, 0.9734615087509155, 0.8143528699874878, 0.4561622738838196, 0.9952775239944458, 0.9840999841690063, 0.9514586925506592, 0.8286002278327942, 0.9920060038566589, 0.6218096017837524, 0.9967095851898193, 0.9280806183815002, 0.9476083517074585, 0.9728600978851318, 0.9999934434890747, 0.4082198143005371, 0.9997089505195618, 0.9987083673477173, 0.9976397752761841, 0.9985694885253906, 0.5690528154373169, 0.9315223097801208, 0.9807219505310059, 0.9962034821510315, 0.9961697459220886, 0.3224342167377472, 0.6139962673187256, 0.9968016147613525, 0.9524425268173218, 0.9998303651809692, 0.9990874528884888, 0.9996688365936279, 0.9998705387115479, 0.9723085165023804, 0.9804151058197021, 0.9843745827674866, 0.9733514189720154, 0.5252858996391296, 0.9514408111572266]","[1, 1, 1, 0, 1, 1, 1, 1, 1, 1, 1, 1, 0, 1, 1, 1, 1, 1, 1, 1, 1, 1, 1, 1, 1, 1, 1, 1, 1, 1, 1, 1, 1, 1, 1, 1, 1, 1, 1, 1, 0, 1, 1, 1, 1, 0, 1, 1, 1, 1, 1, 1, 1, 1, 1, 1, 1, 1, 1, 1, 1, 1, 0, 1]","[0.42558997869491577, 0.015226800926029682, 0.0021023517474532127, 1.4020365476608276, 0.09024025499820709, 0.03549497574567795, 1.0117425918579102, 0.05141911655664444, 0.021799607202410698, 0.1136285811662674, 0.024221336469054222, 0.5665766596794128, 0.788840651512146, 0.04104427620768547, 0.1879100799560547, 0.006390928290784359, 0.5851974487304688, 0.002837811829522252, 0.056289173662662506, 0.47967076301574707, 0.12100350856781006, 0.39230650663375854, 0.0008850432932376862, 0.10858453065156937, 0.0960814356803894, 0.2366846352815628, 0.1371220201253891, 0.6547596454620361, 1.6047455072402954, 0.036867111921310425, 0.11045399308204651, 0.2764374911785126, 0.8031725883483887, 0.0513375960290432, 1.299413800239563, 0.02579810656607151, 0.3225348889827728, 0.25949907302856445, 0.16257961094379425, 9.454489190829918e-05, 1.5775516033172607, 0.0029394314624369144, 0.011008989065885544, 0.017803043127059937, 0.013228390365839005, 1.2643427848815918, 0.37381836771965027, 0.12907782196998596, 0.025006774812936783, 0.02746509201824665, 1.7383235692977905, 1.4724088907241821, 0.026121696457266808, 0.2718113660812378, 0.0018459290731698275, 0.007949131540954113, 0.0033436252269893885, 0.0013981052907183766, 0.13660812377929688, 0.11701696366071701, 0.10131140053272247, 0.14029882848262787, 1.1356525421142578, 0.2872796356678009]"
126,8064,8128,64,0.890625,0.5129556655883789,clean_mnist,0.078125,0.140625,0.0625,0.171875,0.046875,0.078125,0.125,0.125,0.078125,0.09375,0.13601581752300262,0.22754023969173431,12.052088737487793,13.899368286132812,18.796875,21.15625,"[5, 3, 9, 8, 7, 7, 1, 6, 6, 9, 6, 3, 6, 3, 2, 7, 1, 4, 2, 1, 7, 9, 9, 1, 0, 0, 7, 6, 1, 3, 3, 1, 0, 2, 0, 3, 6, 4, 2, 5, 5, 6, 1, 7, 0, 8, 8, 9, 1, 3, 7, 3, 8, 4, 3, 5, 3, 6, 3, 7, 1, 8, 5, 9]","[6, 3, 9, 8, 7, 7, 1, 6, 6, 9, 6, 3, 6, 3, 2, 7, 1, 4, 2, 1, 7, 9, 4, 1, 0, 0, 7, 6, 1, 0, 3, 1, 0, 2, 0, 3, 6, 4, 2, 5, 5, 6, 1, 7, 0, 8, 0, 9, 1, 0, 7, 3, 0, 4, 8, 5, 3, 6, 3, 7, 1, 8, 5, 9]","[0.5995473861694336, 0.9999707937240601, 0.8616983890533447, 0.8152706027030945, 0.9996738433837891, 0.9912185072898865, 0.713335394859314, 0.9988085031509399, 0.6322908997535706, 0.9956232905387878, 0.9852354526519775, 0.9999701976776123, 0.9833388328552246, 0.9999960660934448, 0.9848565459251404, 0.9088713526725769, 0.4773978590965271, 0.994186282157898, 0.9801378846168518, 0.888618528842926, 0.967326283454895, 0.9804379940032959, 0.7856733798980713, 0.7291945219039917, 0.8944259285926819, 0.6528552174568176, 0.6194468140602112, 0.9992523789405823, 0.7048933506011963, 0.6935763359069824, 0.9992857575416565, 0.6286807060241699, 0.5765722393989563, 0.9316319823265076, 0.9847036600112915, 0.999768078327179, 0.9778105020523071, 0.8798288106918335, 0.9996905326843262, 0.9998464584350586, 0.7697371244430542, 0.9744704365730286, 0.6810811758041382, 0.9977328777313232, 0.9959307312965393, 0.6316930055618286, 0.4447614252567291, 0.8612707853317261, 0.9249293804168701, 0.8320617079734802, 0.8020755052566528, 0.9999632835388184, 0.40459534525871277, 0.734699010848999, 0.9483155608177185, 0.9877228736877441, 0.6108139157295227, 0.9511147737503052, 0.9107702970504761, 0.5990267992019653, 0.4598996937274933, 0.9461287260055542, 0.9965975880622864, 0.9826567769050598]","[0, 1, 1, 1, 1, 1, 1, 1, 1, 1, 1, 1, 1, 1, 1, 1, 1, 1, 1, 1, 1, 1, 0, 1, 1, 1, 1, 1, 1, 0, 1, 1, 1, 1, 1, 1, 1, 1, 1, 1, 1, 1, 1, 1, 1, 1, 0, 1, 1, 0, 1, 1, 0, 1, 0, 1, 1, 1, 1, 1, 1, 1, 1, 1]","[1.2118744850158691, 0.0003663557581603527, 0.6193278431892395, 0.6639607548713684, 0.0033306381665170193, 0.05914922058582306, 1.1314975023269653, 0.010828778147697449, 1.0419267416000366, 0.032641809433698654, 0.0909648910164833, 0.0003837719850707799, 0.10042743384838104, 5.7180572184734046e-05, 0.09046944975852966, 0.40786242485046387, 1.7508610486984253, 0.04250502586364746, 0.10293494910001755, 0.5591195225715637, 0.2071865200996399, 0.12198209017515182, 0.949434220790863, 1.103575348854065, 0.4891628623008728, 1.1287143230438232, 1.0482109785079956, 0.0073835588991642, 0.9417436718940735, 0.7443814277648926, 0.006603587884455919, 1.4488946199417114, 1.5094006061553955, 0.29590025544166565, 0.10652186721563339, 0.002490503014996648, 0.13839586079120636, 0.40081071853637695, 0.0031433908734470606, 0.0016348273493349552, 0.6964214444160461, 0.1533408910036087, 1.2602920532226562, 0.019435742869973183, 0.03201615437865257, 1.0997998714447021, 1.2235100269317627, 0.5806312561035156, 0.4009181261062622, 0.6864700317382812, 0.6892625093460083, 0.0004626116715371609, 1.369927167892456, 1.07707679271698, 0.27058783173561096, 0.0778924897313118, 0.7138745784759521, 0.2494651973247528, 0.36911725997924805, 1.290468692779541, 1.5489096641540527, 0.30271095037460327, 0.023486260324716568, 0.11702334135770798]"
127,8128,8192,64,0.90625,0.5398867726325989,clean_mnist,0.09375,0.171875,0.046875,0.15625,0.015625,0.078125,0.125,0.15625,0.09375,0.0625,0.11352306604385376,0.20346948504447937,12.029550552368164,13.90175724029541,17.828125,21.203125,"[5, 3, 7, 1, 8, 2, 0, 3, 8, 7, 7, 5, 6, 9, 7, 7, 3, 6, 6, 0, 8, 6, 6, 6, 2, 6, 2, 9, 1, 3, 0, 0, 1, 1, 1, 3, 3, 9, 1, 7, 7, 3, 7, 8, 0, 5, 4, 8, 1, 1, 3, 9, 1, 8, 7, 5, 3, 1, 7, 0, 3, 1, 5, 6]","[5, 0, 7, 1, 8, 2, 0, 3, 8, 7, 7, 8, 6, 9, 7, 7, 7, 6, 6, 0, 8, 6, 6, 6, 2, 6, 2, 9, 1, 0, 0, 0, 1, 1, 1, 3, 3, 9, 1, 7, 7, 3, 7, 8, 0, 5, 4, 8, 1, 1, 5, 4, 1, 8, 7, 5, 3, 1, 7, 0, 3, 1, 5, 6]","[0.9559532403945923, 0.6834886074066162, 0.8461304306983948, 0.29775741696357727, 0.988342821598053, 0.994126558303833, 0.7545779347419739, 0.9999402761459351, 0.9808292388916016, 0.993689775466919, 0.9892394542694092, 0.48598605394363403, 0.9814742207527161, 0.9770265221595764, 0.9719426035881042, 0.9379090666770935, 0.5903509855270386, 0.9971876740455627, 0.9924237728118896, 0.9814040660858154, 0.9695993661880493, 0.8871647119522095, 0.9814016222953796, 0.9852767586708069, 0.7121801376342773, 0.9679983854293823, 0.9809333086013794, 0.9736166596412659, 0.9318748712539673, 0.4020281732082367, 0.8270443081855774, 0.3764384984970093, 0.759353518486023, 0.9984190464019775, 0.2965792417526245, 0.9948421120643616, 0.9999059438705444, 0.9954748749732971, 0.8797310590744019, 0.9864620566368103, 0.9108729362487793, 0.9999794960021973, 0.48834091424942017, 0.7468910813331604, 0.966926634311676, 0.9975994229316711, 0.9794759154319763, 0.9641468524932861, 0.35589563846588135, 0.39507338404655457, 0.616419792175293, 0.45710089802742004, 0.7261871695518494, 0.9879201650619507, 0.9477612972259521, 0.9988565444946289, 0.9999336004257202, 0.8579561710357666, 0.6662847399711609, 0.7660511136054993, 0.9989976286888123, 0.6090134978294373, 0.8310114741325378, 0.9258943200111389]","[1, 0, 1, 1, 1, 1, 1, 1, 1, 1, 1, 0, 1, 1, 1, 1, 0, 1, 1, 1, 1, 1, 1, 1, 1, 1, 1, 1, 1, 0, 1, 1, 1, 1, 1, 1, 1, 1, 1, 1, 1, 1, 1, 1, 1, 1, 1, 1, 1, 1, 0, 0, 1, 1, 1, 1, 1, 1, 1, 1, 1, 1, 1, 1]","[0.21653401851654053, 1.1143372058868408, 0.5366148352622986, 2.0728647708892822, 0.06965982913970947, 0.04264251887798309, 0.9034801125526428, 0.0006857000989839435, 0.10914907604455948, 0.04475710541009903, 0.07235579192638397, 1.5677367448806763, 0.10511436313390732, 0.1443949043750763, 0.15412241220474243, 0.25875771045684814, 1.3527050018310547, 0.022067425772547722, 0.052260350435972214, 0.11806454509496689, 0.1845029592514038, 0.5596699118614197, 0.11537003517150879, 0.0958862230181694, 0.7419936656951904, 0.1944088190793991, 0.11300548911094666, 0.16365891695022583, 0.35277825593948364, 1.5863900184631348, 0.7261941432952881, 1.6882725954055786, 0.8893516063690186, 0.013788752257823944, 2.0938222408294678, 0.0389399453997612, 0.001055717235431075, 0.03413642197847366, 0.5630393028259277, 0.08464363217353821, 0.3501366376876831, 0.0002681941550690681, 0.8458048701286316, 0.8410485982894897, 0.20148101449012756, 0.01916586421430111, 0.12652385234832764, 0.21726703643798828, 2.034885883331299, 1.9749586582183838, 1.2792402505874634, 1.1173746585845947, 1.0304720401763916, 0.0760708749294281, 0.25901657342910767, 0.010289374738931656, 0.0007334437104873359, 0.6884137392044067, 1.0142897367477417, 0.8947641253471375, 0.009380104020237923, 1.3665542602539062, 0.6250486373901367, 0.37034928798675537]"
128,8192,8256,64,0.921875,0.5050392150878906,clean_mnist,0.078125,0.09375,0.125,0.140625,0.09375,0.046875,0.046875,0.15625,0.09375,0.125,0.11728535592556,0.20857085287570953,12.113321304321289,14.084186553955078,18.9375,21.5,"[3, 0, 1, 3, 7, 8, 7, 9, 7, 2, 2, 1, 2, 7, 6, 4, 4, 5, 8, 2, 2, 8, 7, 4, 9, 7, 1, 1, 9, 8, 1, 9, 6, 6, 2, 3, 7, 2, 3, 9, 7, 0, 8, 9, 3, 7, 9, 4, 4, 3, 8, 4, 9, 5, 3, 0, 7, 3, 0, 2, 5, 0, 3, 1]","[3, 0, 1, 3, 7, 8, 7, 9, 3, 2, 2, 1, 2, 7, 6, 4, 4, 5, 8, 2, 2, 8, 7, 4, 9, 7, 1, 1, 9, 8, 1, 0, 6, 6, 2, 3, 3, 2, 3, 9, 7, 0, 8, 4, 3, 7, 9, 4, 4, 3, 8, 4, 9, 5, 3, 0, 7, 0, 0, 2, 5, 0, 3, 1]","[0.9987547397613525, 0.8071659803390503, 0.9892241358757019, 0.9991699457168579, 0.8222247362136841, 0.7407971620559692, 0.9423628449440002, 0.8098819255828857, 0.41896533966064453, 0.9823706150054932, 0.527607262134552, 0.9655678272247314, 0.8744624257087708, 0.9852584600448608, 0.5650981664657593, 0.609846830368042, 0.9205801486968994, 0.9877440333366394, 0.9929775595664978, 0.9359763860702515, 0.9947627186775208, 0.9273024797439575, 0.954199492931366, 0.8391819596290588, 0.9623060822486877, 0.6124188899993896, 0.9632067680358887, 0.39817914366722107, 0.8121458888053894, 0.8246575593948364, 0.5902250409126282, 0.52756267786026, 0.9983962178230286, 0.9943608641624451, 0.44416362047195435, 0.9886122345924377, 0.5386874079704285, 0.9995788931846619, 0.9999508857727051, 0.9791886210441589, 0.83220374584198, 0.48670822381973267, 0.9656678438186646, 0.5328181385993958, 0.9813236594200134, 0.5604993104934692, 0.9266517758369446, 0.8386951684951782, 0.9820752739906311, 0.9999788999557495, 0.9481340050697327, 0.9835932850837708, 0.9644209742546082, 0.997734785079956, 0.9647077918052673, 0.8064671158790588, 0.9741002917289734, 0.6948493719100952, 0.9869474172592163, 0.9988524913787842, 0.654471755027771, 0.4432676434516907, 0.8577427268028259, 0.9917118549346924]","[1, 1, 1, 1, 1, 1, 1, 1, 0, 1, 1, 1, 1, 1, 1, 1, 1, 1, 1, 1, 1, 1, 1, 1, 1, 1, 1, 1, 1, 1, 1, 0, 1, 1, 1, 1, 0, 1, 1, 1, 1, 1, 1, 0, 1, 1, 1, 1, 1, 1, 1, 1, 1, 1, 1, 1, 1, 0, 1, 1, 1, 1, 1, 1]","[0.011618894524872303, 0.8115941882133484, 0.07941491901874542, 0.006953876931220293, 0.7281054854393005, 0.8551400303840637, 0.28877177834510803, 0.5132419466972351, 1.5665491819381714, 0.10652471333742142, 1.4653143882751465, 0.2110232710838318, 0.45276105403900146, 0.08623237907886505, 0.7889188528060913, 1.2888628244400024, 0.38836565613746643, 0.07092282921075821, 0.05192011222243309, 0.28899329900741577, 0.039131078869104385, 0.38615870475769043, 0.23258048295974731, 0.6330633163452148, 0.20187994837760925, 1.2863867282867432, 0.21268025040626526, 1.913981318473816, 0.5913015007972717, 0.6042639017105103, 1.409245252609253, 1.1812727451324463, 0.014286709018051624, 0.03958379849791527, 1.133171558380127, 0.06532324850559235, 0.7555860280990601, 0.004165670834481716, 0.0006043301546014845, 0.13148921728134155, 0.6368066072463989, 1.355421543121338, 0.17662404477596283, 1.3108887672424316, 0.1086404100060463, 1.2557017803192139, 0.3564511835575104, 0.5245826840400696, 0.10934761166572571, 0.0002709631226025522, 0.25843292474746704, 0.10032050311565399, 0.1937384009361267, 0.018122337758541107, 0.15867207944393158, 0.8178670406341553, 0.15983067452907562, 1.0750644207000732, 0.07969342172145844, 0.010345241986215115, 0.8723466396331787, 1.2219429016113281, 0.5604027509689331, 0.06360951066017151]"
129,8256,8320,64,0.90625,0.4407047927379608,clean_mnist,0.109375,0.078125,0.0625,0.09375,0.09375,0.0625,0.109375,0.109375,0.109375,0.171875,0.14012786746025085,0.23771099746227264,12.088390350341797,14.109333992004395,19.890625,21.046875,"[7, 2, 1, 3, 5, 4, 0, 5, 3, 6, 4, 7, 9, 8, 9, 9, 0, 3, 0, 1, 9, 2, 4, 3, 7, 4, 6, 7, 5, 8, 7, 9, 3, 0, 6, 1, 2, 2, 0, 3, 1, 7, 4, 8, 9, 9, 7, 8, 0, 6, 8, 5, 9, 0, 8, 6, 6, 8, 6, 9, 9, 4, 9, 1]","[7, 2, 1, 3, 5, 4, 0, 5, 3, 6, 4, 7, 7, 8, 4, 9, 0, 0, 0, 1, 9, 2, 4, 3, 7, 4, 6, 7, 0, 8, 7, 9, 0, 0, 6, 1, 2, 2, 0, 3, 1, 7, 4, 8, 8, 9, 7, 8, 0, 6, 8, 5, 9, 0, 8, 6, 6, 8, 6, 9, 9, 4, 9, 1]","[0.6994305849075317, 0.9865882992744446, 0.7923440337181091, 0.996729850769043, 0.99212646484375, 0.7570434212684631, 0.9155245423316956, 0.9991658926010132, 0.9978218078613281, 0.6232053637504578, 0.9515248537063599, 0.8558697700500488, 0.5985690951347351, 0.9516672492027283, 0.435342937707901, 0.9932021498680115, 0.9365183115005493, 0.7971554398536682, 0.7994619011878967, 0.9975494742393494, 0.997719943523407, 0.9960417747497559, 0.46986183524131775, 0.9999992847442627, 0.9834701418876648, 0.8962762355804443, 0.7711608409881592, 0.9330679178237915, 0.821882426738739, 0.9809201955795288, 0.9969519376754761, 0.7404876947402954, 0.25381240248680115, 0.9322394728660583, 0.9738852381706238, 0.8865920901298523, 0.9975405931472778, 0.9974875450134277, 0.9879105091094971, 0.9998916387557983, 0.5529504418373108, 0.7162926197052002, 0.30146047472953796, 0.9979910850524902, 0.4241520166397095, 0.9131795763969421, 0.9922546148300171, 0.9938620328903198, 0.9746033549308777, 0.9852279424667358, 0.5570730566978455, 0.9846457839012146, 0.9947733283042908, 0.9983958601951599, 0.9910240173339844, 0.9728178977966309, 0.9578167796134949, 0.9806461334228516, 0.8344363570213318, 0.8650703430175781, 0.771796464920044, 0.7975080013275146, 0.9987794756889343, 0.9714535474777222]","[1, 1, 1, 1, 1, 1, 1, 1, 1, 1, 1, 1, 0, 1, 0, 1, 1, 0, 1, 1, 1, 1, 1, 1, 1, 1, 1, 1, 0, 1, 1, 1, 0, 1, 1, 1, 1, 1, 1, 1, 1, 1, 1, 1, 0, 1, 1, 1, 1, 1, 1, 1, 1, 1, 1, 1, 1, 1, 1, 1, 1, 1, 1, 1]","[0.8399029970169067, 0.08302109688520432, 0.9059900045394897, 0.027057966217398643, 0.0492907389998436, 0.8978895545005798, 0.4231991469860077, 0.007926268503069878, 0.017586994916200638, 1.092840313911438, 0.24362704157829285, 0.5478432178497314, 0.9548646211624146, 0.2732047736644745, 1.6152223348617554, 0.044821977615356445, 0.3436233401298523, 0.6868717074394226, 0.7122401595115662, 0.021614544093608856, 0.018950654193758965, 0.0288083478808403, 1.0663195848464966, 1.09335642264341e-05, 0.10348892211914062, 0.406521201133728, 0.647398829460144, 0.30416741967201233, 0.71709805727005, 0.11850032955408096, 0.023800119757652283, 0.854200541973114, 1.814524531364441, 0.32279831171035767, 0.16206993162631989, 0.5870175957679749, 0.01897343620657921, 0.020920010283589363, 0.08804462850093842, 0.0012561564799398184, 1.6501814126968384, 0.9407116174697876, 1.9868710041046143, 0.016772693023085594, 1.5350743532180786, 0.3334167003631592, 0.053529709577560425, 0.04737427830696106, 0.15225456655025482, 0.08811996877193451, 0.7008525133132935, 0.08834271132946014, 0.04068359360098839, 0.013065465725958347, 0.06429130584001541, 0.16031596064567566, 0.18905754387378693, 0.11390522867441177, 0.7051355838775635, 0.5087101459503174, 0.8346679210662842, 0.6912893652915955, 0.011108491569757462, 0.18586885929107666]"
130,8320,8384,64,0.9375,0.3731473386287689,clean_mnist,0.140625,0.140625,0.0625,0.078125,0.109375,0.0625,0.078125,0.109375,0.125,0.09375,0.13329723477363586,0.22909051179885864,12.063709259033203,14.075620651245117,19.125,21.390625,"[3, 9, 9, 0, 8, 4, 6, 8, 6, 9, 1, 1, 1, 4, 2, 0, 5, 5, 3, 5, 8, 4, 2, 0, 4, 7, 4, 0, 1, 0, 3, 1, 5, 7, 0, 0, 9, 6, 9, 8, 3, 7, 7, 9, 7, 8, 8, 6, 0, 0, 4, 8, 2, 1, 2, 7, 6, 7, 8, 1, 4, 3, 1, 1]","[5, 9, 9, 0, 8, 4, 6, 8, 6, 9, 1, 1, 1, 4, 2, 0, 6, 5, 3, 5, 8, 4, 2, 0, 4, 7, 4, 6, 1, 0, 3, 1, 6, 7, 0, 0, 9, 6, 9, 8, 3, 7, 7, 9, 7, 8, 8, 6, 0, 0, 4, 8, 2, 1, 2, 7, 6, 7, 8, 1, 4, 3, 1, 1]","[0.4647381007671356, 0.9846012592315674, 0.99785977602005, 0.535925030708313, 0.8716309666633606, 0.9572442770004272, 0.9807259440422058, 0.9890205264091492, 0.9875743985176086, 0.8851914405822754, 0.8204282522201538, 0.9981282353401184, 0.9937434792518616, 0.8699759244918823, 0.5853776335716248, 0.983333170413971, 0.9250801205635071, 0.9981253743171692, 0.9993959665298462, 0.9674748778343201, 0.961438775062561, 0.8880181312561035, 0.9957728981971741, 0.9975653886795044, 0.9783783555030823, 0.9110314249992371, 0.8416396975517273, 0.9844304919242859, 0.5317911505699158, 0.9328488707542419, 0.9979121088981628, 0.7127065658569336, 0.8662165999412537, 0.9981449842453003, 0.9468632340431213, 0.9975761771202087, 0.99859219789505, 0.8763333559036255, 0.9682186841964722, 0.9995598196983337, 0.9990314245223999, 0.8410215377807617, 0.9986974596977234, 0.998767614364624, 0.9993842840194702, 0.8615028858184814, 0.7105971574783325, 0.9182361364364624, 0.9738686084747314, 0.9997135996818542, 0.9584881663322449, 0.9999921321868896, 0.9680555462837219, 0.9769439101219177, 0.987955629825592, 0.9512715935707092, 0.9994415640830994, 0.46892863512039185, 0.8188068270683289, 0.9338860511779785, 0.714029848575592, 0.9999828338623047, 0.1760358363389969, 0.7540419101715088]","[0, 1, 1, 1, 1, 1, 1, 1, 1, 1, 1, 1, 1, 1, 1, 1, 0, 1, 1, 1, 1, 1, 1, 1, 1, 1, 1, 0, 1, 1, 1, 1, 0, 1, 1, 1, 1, 1, 1, 1, 1, 1, 1, 1, 1, 1, 1, 1, 1, 1, 1, 1, 1, 1, 1, 1, 1, 1, 1, 1, 1, 1, 1, 1]","[1.1567226648330688, 0.08949136734008789, 0.01834293082356453, 1.081045389175415, 0.5310701727867126, 0.21869692206382751, 0.11964859813451767, 0.077149897813797, 0.08282053470611572, 0.42923519015312195, 0.7886071801185608, 0.01700393669307232, 0.04642372578382492, 0.47457170486450195, 1.0082178115844727, 0.11761891841888428, 0.3638436496257782, 0.01623665727674961, 0.006011403631418943, 0.17785049974918365, 0.232752725481987, 0.4311428964138031, 0.027655109763145447, 0.021663669496774673, 0.134521946310997, 0.450345516204834, 0.5846391320228577, 0.10544755309820175, 1.3383327722549438, 0.36290326714515686, 0.01513066329061985, 1.176505208015442, 0.42655009031295776, 0.014969313517212868, 0.2949986457824707, 0.02139471471309662, 0.011922650039196014, 0.5781446099281311, 0.18067505955696106, 0.004421130288392305, 0.008952563628554344, 0.7150513529777527, 0.011700889095664024, 0.010883253999054432, 0.005825690925121307, 0.5610389709472656, 1.0084022283554077, 0.41126325726509094, 0.17080676555633545, 0.0028980541974306107, 0.23415395617485046, 0.0001153389093815349, 0.17959551513195038, 0.1437850445508957, 0.07537270337343216, 0.24018767476081848, 0.005615112371742725, 1.5634814500808716, 0.6107988357543945, 0.37323349714279175, 1.079718828201294, 0.000233041268074885, 2.2229292392730713, 1.010660171508789]"
131,8384,8448,64,0.984375,0.4034126102924347,clean_mnist,0.03125,0.125,0.125,0.09375,0.078125,0.109375,0.078125,0.109375,0.09375,0.15625,0.12784770131111145,0.22601936757564545,12.112289428710938,13.987197875976562,18.78125,20.96875,"[9, 0, 8, 0, 1, 7, 2, 8, 5, 9, 1, 3, 7, 8, 6, 4, 4, 7, 1, 2, 9, 3, 3, 6, 9, 9, 6, 2, 4, 2, 5, 4, 9, 6, 1, 5, 6, 5, 1, 1, 9, 3, 5, 3, 2, 7, 1, 8, 8, 2, 5, 5, 7, 7, 4, 9, 9, 8, 9, 2, 7, 1, 2, 3]","[6, 0, 8, 0, 1, 7, 2, 8, 5, 9, 1, 3, 7, 8, 6, 4, 4, 7, 1, 2, 9, 3, 3, 6, 9, 9, 6, 2, 4, 2, 5, 4, 9, 6, 1, 5, 6, 5, 1, 1, 9, 3, 5, 3, 2, 7, 1, 8, 8, 2, 5, 5, 7, 7, 4, 9, 9, 8, 9, 2, 7, 1, 2, 3]","[0.4769016206264496, 0.9890045523643494, 0.8531683683395386, 0.9862695336341858, 0.9883691072463989, 0.9438666105270386, 0.9876525402069092, 0.9828360676765442, 0.9960709810256958, 0.9448118209838867, 0.7821074724197388, 0.9994115829467773, 0.9613335132598877, 0.9985478520393372, 0.973021388053894, 0.7863475680351257, 0.5838306546211243, 0.8942229747772217, 0.28768274188041687, 0.9572902321815491, 0.9911690950393677, 0.7683430910110474, 0.9961041212081909, 0.9991451501846313, 0.7920526266098022, 0.93248051404953, 0.9413501024246216, 0.9994076490402222, 0.8362712264060974, 0.9997790455818176, 0.999283492565155, 0.9595528841018677, 0.943708062171936, 0.9625968337059021, 0.72579425573349, 0.9990480542182922, 0.9885985851287842, 0.8396497964859009, 0.28226539492607117, 0.8093788623809814, 0.7895666360855103, 0.9999700784683228, 0.9998877048492432, 0.9994895458221436, 0.4874227046966553, 0.9856923818588257, 0.5657041668891907, 0.975421667098999, 0.8084326982498169, 0.9803466796875, 0.9973119497299194, 0.9804808497428894, 0.9984721541404724, 0.9991067051887512, 0.49058040976524353, 0.9272139072418213, 0.9673205018043518, 0.981781005859375, 0.864108681678772, 0.7615456581115723, 0.9383171796798706, 0.9997616410255432, 0.9879887104034424, 0.5085705518722534]","[0, 1, 1, 1, 1, 1, 1, 1, 1, 1, 1, 1, 1, 1, 1, 1, 1, 1, 1, 1, 1, 1, 1, 1, 1, 1, 1, 1, 1, 1, 1, 1, 1, 1, 1, 1, 1, 1, 1, 1, 1, 1, 1, 1, 1, 1, 1, 1, 1, 1, 1, 1, 1, 1, 1, 1, 1, 1, 1, 1, 1, 1, 1, 1]","[1.3302192687988281, 0.07726499438285828, 0.5284484624862671, 0.0913131907582283, 0.08364766836166382, 0.22845789790153503, 0.07901877164840698, 0.11605861037969589, 0.02821194939315319, 0.28689053654670715, 0.9375094175338745, 0.005312436725944281, 0.2015606164932251, 0.01303391344845295, 0.15510918200016022, 0.6805698871612549, 1.0695933103561401, 0.5154467225074768, 2.1490066051483154, 0.2189561426639557, 0.06402628868818283, 0.7469754219055176, 0.0318974032998085, 0.008145751431584358, 0.7103225588798523, 0.25283652544021606, 0.3003953695297241, 0.005727553740143776, 0.5672588348388672, 0.00234250002540648, 0.006479864940047264, 0.18962298333644867, 0.2711120545864105, 0.20306707918643951, 1.0970327854156494, 0.008486749604344368, 0.07392025738954544, 0.6545370221138, 2.126281499862671, 0.8587705492973328, 0.7466174364089966, 0.00039563386235386133, 0.0012203064979985356, 0.005080853123217821, 1.3697032928466797, 0.0886487066745758, 1.5284186601638794, 0.1575881391763687, 0.694038450717926, 0.11549653857946396, 0.021159537136554718, 0.11402133852243423, 0.013649018481373787, 0.007659777998924255, 0.954784095287323, 0.31118959188461304, 0.17664512991905212, 0.11714717000722885, 0.45084235072135925, 0.7584130167961121, 0.32431086897850037, 0.002602244960144162, 0.07235081493854523, 0.8115551471710205]"
132,8448,8512,64,0.9375,0.3807820975780487,clean_mnist,0.0625,0.125,0.109375,0.09375,0.09375,0.0625,0.109375,0.09375,0.125,0.125,0.1658637821674347,0.2680683732032776,12.060812950134277,14.086954116821289,18.953125,21.328125,"[9, 0, 3, 1, 1, 8, 6, 3, 1, 4, 4, 5, 2, 6, 6, 7, 1, 8, 4, 9, 9, 9, 2, 1, 0, 2, 2, 3, 7, 4, 6, 5, 2, 6, 8, 7, 9, 8, 1, 9, 5, 0, 2, 1, 9, 2, 3, 4, 8, 6, 3, 7, 6, 8, 7, 8, 5, 3, 1, 8, 4, 0, 9, 7]","[9, 0, 3, 1, 1, 2, 6, 3, 1, 4, 4, 5, 2, 6, 6, 7, 1, 8, 4, 9, 9, 0, 2, 1, 0, 2, 2, 3, 7, 4, 6, 5, 2, 6, 8, 7, 9, 8, 1, 9, 6, 0, 2, 1, 9, 2, 3, 4, 8, 6, 3, 7, 6, 8, 7, 9, 5, 3, 1, 8, 4, 0, 9, 7]","[0.9901947379112244, 0.8387739062309265, 0.9281166791915894, 0.9501647353172302, 0.9599932432174683, 0.9034358859062195, 0.9626554846763611, 0.9997226595878601, 0.989960789680481, 0.9451776146888733, 0.40254712104797363, 0.9699209928512573, 0.9659076929092407, 0.9972833395004272, 0.9999139308929443, 0.7678210735321045, 0.532977283000946, 0.9096680879592896, 0.997249186038971, 0.9620246887207031, 0.7795063257217407, 0.7605653405189514, 0.9205432534217834, 0.7340618968009949, 0.8943597674369812, 0.995646059513092, 0.7837387919425964, 0.9541356563568115, 0.996969997882843, 0.5501091480255127, 0.9795935153961182, 0.8249591588973999, 0.39083385467529297, 0.9853014349937439, 0.9958567023277283, 0.9914490580558777, 0.9703670740127563, 0.9941208958625793, 0.8384615182876587, 0.9223670959472656, 0.48333999514579773, 0.6760892868041992, 0.9804414510726929, 0.4098646640777588, 0.9543278813362122, 0.9108119606971741, 0.9999197721481323, 0.9920279383659363, 0.9996259212493896, 0.9946280121803284, 0.9992318153381348, 0.9493061304092407, 0.9604702591896057, 0.969225287437439, 0.9411364793777466, 0.8625586628913879, 0.9976862668991089, 0.9953734278678894, 0.443759948015213, 0.9774806499481201, 0.9981415271759033, 0.7622635364532471, 0.9972543120384216, 0.9997783303260803]","[1, 1, 1, 1, 1, 0, 1, 1, 1, 1, 1, 1, 1, 1, 1, 1, 1, 1, 1, 1, 1, 0, 1, 1, 1, 1, 1, 1, 1, 1, 1, 1, 1, 1, 1, 1, 1, 1, 1, 1, 0, 1, 1, 1, 1, 1, 1, 1, 1, 1, 1, 1, 1, 1, 1, 0, 1, 1, 1, 1, 1, 1, 1, 1]","[0.06581790745258331, 0.6132481098175049, 0.371898353099823, 0.26758238673210144, 0.2123682200908661, 0.4081493020057678, 0.21325086057186127, 0.0029518771916627884, 0.0714813843369484, 0.23178794980049133, 1.4974255561828613, 0.18061566352844238, 0.1660955399274826, 0.023050175979733467, 0.0009924301411956549, 0.8476606607437134, 1.5156188011169434, 0.4322674572467804, 0.02197824791073799, 0.1907012015581131, 0.6644031405448914, 0.7834681272506714, 0.3548969030380249, 0.973457932472229, 0.3921389877796173, 0.03223463147878647, 0.5650641918182373, 0.23243390023708344, 0.023965751752257347, 1.121054768562317, 0.12034141272306442, 0.5120975375175476, 1.5592777729034424, 0.08995062112808228, 0.028593331575393677, 0.05797283351421356, 0.1665416955947876, 0.040815167129039764, 0.7620552778244019, 0.30171042680740356, 1.0762813091278076, 0.8630687594413757, 0.11749711632728577, 1.5150479078292847, 0.22273007035255432, 0.3106949031352997, 0.0009303838014602661, 0.056702110916376114, 0.0038232035003602505, 0.03847314417362213, 0.006326436065137386, 0.2848479747772217, 0.19961485266685486, 0.15949945151805878, 0.2695520520210266, 0.4356173872947693, 0.018934093415737152, 0.033320073038339615, 1.7241930961608887, 0.1357547640800476, 0.016137974336743355, 0.7398083806037903, 0.021521776914596558, 0.002259623259305954]"
133,8512,8576,64,0.984375,0.3214309513568878,clean_mnist,0.09375,0.15625,0.046875,0.15625,0.09375,0.078125,0.078125,0.125,0.0625,0.109375,0.15340667963027954,0.2515062689781189,12.093311309814453,13.922378540039062,18.46875,21.34375,"[1, 1, 9, 0, 7, 7, 9, 5, 8, 5, 8, 6, 3, 9, 6, 0, 3, 1, 1, 0, 6, 0, 4, 8, 8, 3, 1, 4, 0, 3, 1, 1, 3, 0, 6, 9, 5, 5, 1, 3, 2, 4, 3, 9, 7, 3, 9, 7, 4, 6, 7, 9, 2, 3, 7, 4, 3, 5, 4, 7, 7, 2, 1, 1]","[1, 1, 9, 0, 7, 7, 9, 5, 8, 5, 8, 6, 3, 9, 6, 0, 3, 1, 1, 0, 6, 0, 4, 8, 8, 3, 1, 4, 0, 3, 1, 1, 3, 0, 6, 9, 5, 5, 1, 3, 2, 4, 3, 9, 7, 3, 9, 7, 4, 6, 7, 9, 2, 2, 7, 4, 3, 5, 4, 7, 7, 2, 1, 1]","[0.9455038905143738, 0.8724191188812256, 0.9969112277030945, 0.9459023475646973, 0.9992214441299438, 0.9438172578811646, 0.9017610549926758, 0.9976931214332581, 0.7024457454681396, 0.9967008233070374, 0.7069228291511536, 0.9992935657501221, 0.9867585301399231, 0.9244912266731262, 0.9168065786361694, 0.9605209827423096, 0.9944515824317932, 0.9685307145118713, 0.3419327437877655, 0.9961124062538147, 0.866578996181488, 0.9687476754188538, 0.568143904209137, 0.9824082255363464, 0.9951735138893127, 0.9999135732650757, 0.9741142392158508, 0.967790961265564, 0.8994519114494324, 0.989643931388855, 0.5648205876350403, 0.7735783457756042, 0.9999995231628418, 0.9477856159210205, 0.9983397722244263, 0.984838604927063, 0.9896131157875061, 0.9789240956306458, 0.8519768714904785, 0.9995728135108948, 0.9079430103302002, 0.9070525765419006, 0.944878339767456, 0.9384484887123108, 0.49401792883872986, 0.9997531771659851, 0.9026458859443665, 0.9997256398200989, 0.7004522681236267, 0.9969285130500793, 0.8198068737983704, 0.6940469145774841, 0.9996485710144043, 0.7642707824707031, 0.9995860457420349, 0.9821581840515137, 0.9818738698959351, 0.998999297618866, 0.9195690751075745, 0.9950745701789856, 0.9945874214172363, 0.9992274045944214, 0.9226794242858887, 0.8506370782852173]","[1, 1, 1, 1, 1, 1, 1, 1, 1, 1, 1, 1, 1, 1, 1, 1, 1, 1, 1, 1, 1, 1, 1, 1, 1, 1, 1, 1, 1, 1, 1, 1, 1, 1, 1, 1, 1, 1, 1, 1, 1, 1, 1, 1, 1, 1, 1, 1, 1, 1, 1, 1, 1, 0, 1, 1, 1, 1, 1, 1, 1, 1, 1, 1]","[0.30569010972976685, 0.6239441633224487, 0.02352055534720421, 0.2740476429462433, 0.00703821238130331, 0.29613611102104187, 0.4126271903514862, 0.019163766875863075, 0.6558127403259277, 0.025181462988257408, 0.7864319682121277, 0.006613639649003744, 0.08811056613922119, 0.3219711184501648, 0.37715500593185425, 0.24276059865951538, 0.04235197231173515, 0.19215254485607147, 1.9253991842269897, 0.029022371396422386, 0.5202890634536743, 0.17265766859054565, 1.2010565996170044, 0.11077126860618591, 0.0358949713408947, 0.0009156897431239486, 0.15902438759803772, 0.17705179750919342, 0.4856727421283722, 0.06716449558734894, 1.3881471157073975, 0.9159718155860901, 5.951099410594907e-06, 0.25515544414520264, 0.014531811699271202, 0.09237924218177795, 0.06345317512750626, 0.1299312859773636, 0.657554030418396, 0.004370225593447685, 0.4047636091709137, 0.33862391114234924, 0.2457592934370041, 0.2857043147087097, 1.1679075956344604, 0.0026047411374747753, 0.45850640535354614, 0.0027816728688776493, 0.8272762298583984, 0.025942832231521606, 0.6151880621910095, 0.6983193755149841, 0.003258297685533762, 0.5766173005104065, 0.004075328819453716, 0.11445443332195282, 0.11435823887586594, 0.008647412061691284, 0.3770313262939453, 0.03932955861091614, 0.04259136691689491, 0.006693974137306213, 0.4200451076030731, 0.6839721202850342]"
134,8576,8640,64,0.921875,0.3648414611816406,clean_mnist,0.015625,0.140625,0.15625,0.09375,0.109375,0.078125,0.09375,0.109375,0.046875,0.15625,0.14847196638584137,0.2471379041671753,12.092185020446777,14.0552978515625,18.8125,21.28125,"[7, 6, 1, 4, 9, 9, 2, 4, 5, 9, 9, 4, 1, 1, 6, 2, 9, 2, 7, 1, 7, 3, 2, 2, 4, 9, 1, 4, 7, 3, 3, 8, 9, 2, 1, 2, 0, 3, 2, 1, 7, 3, 8, 8, 9, 6, 4, 5, 5, 1, 9, 6, 6, 7, 9, 2, 2, 1, 4, 3, 5, 7, 6, 5]","[7, 6, 1, 4, 4, 9, 2, 4, 8, 9, 9, 4, 1, 1, 6, 2, 9, 2, 7, 1, 7, 3, 2, 2, 4, 9, 1, 4, 7, 3, 3, 8, 9, 2, 1, 2, 0, 2, 2, 1, 7, 2, 8, 8, 9, 6, 4, 5, 5, 1, 9, 6, 6, 7, 9, 2, 2, 1, 4, 3, 6, 7, 6, 5]","[0.9985477328300476, 0.9952320456504822, 0.7095329165458679, 0.8634404540061951, 0.6686828136444092, 0.9914653897285461, 0.9989444613456726, 0.9972524046897888, 0.853141725063324, 0.9952436089515686, 0.9798172116279602, 0.911980152130127, 0.33569085597991943, 0.9975156784057617, 0.9687513709068298, 0.9468754529953003, 0.9928882718086243, 0.9970536231994629, 0.9140226244926453, 0.9874342083930969, 0.9189509749412537, 0.9998114705085754, 0.9981088638305664, 0.8177813291549683, 0.3276527523994446, 0.9979762434959412, 0.9386311769485474, 0.9378396272659302, 0.7713391780853271, 0.9999700784683228, 0.996136486530304, 0.986681342124939, 0.9987433552742004, 0.9747868180274963, 0.36143723130226135, 0.9983172416687012, 0.36326611042022705, 0.7814381718635559, 0.9918368458747864, 0.7991565465927124, 0.999098539352417, 0.9937390089035034, 0.9870405793190002, 0.9115636348724365, 0.989604115486145, 0.999896764755249, 0.9950880408287048, 0.9960870742797852, 0.5028584003448486, 0.9961283206939697, 0.9927583932876587, 0.9998672008514404, 0.9904200434684753, 0.9513891935348511, 0.9561588168144226, 0.9979116320610046, 0.6572365164756775, 0.8958849310874939, 0.6148486137390137, 0.9904062151908875, 0.9268612861633301, 0.423440545797348, 0.9167484045028687, 0.9834274649620056]","[1, 1, 1, 1, 0, 1, 1, 1, 0, 1, 1, 1, 1, 1, 1, 1, 1, 1, 1, 1, 1, 1, 1, 1, 1, 1, 1, 1, 1, 1, 1, 1, 1, 1, 1, 1, 1, 0, 1, 1, 1, 0, 1, 1, 1, 1, 1, 1, 1, 1, 1, 1, 1, 1, 1, 1, 1, 1, 1, 1, 0, 1, 1, 1]","[0.011727898381650448, 0.03738383948802948, 1.1491626501083374, 0.4961296021938324, 0.8884786367416382, 0.05823172256350517, 0.00949174351990223, 0.020083913579583168, 0.6532694101333618, 0.034794725477695465, 0.11918307840824127, 0.4183371365070343, 2.0098369121551514, 0.021861489862203598, 0.1808256059885025, 0.22726236283779144, 0.05146045610308647, 0.022703900933265686, 0.36220625042915344, 0.08657587319612503, 0.4186253547668457, 0.00197588256560266, 0.014995941892266273, 0.5973626971244812, 1.7770795822143555, 0.016834959387779236, 0.34374409914016724, 0.2569698691368103, 0.8675707578659058, 0.00036708885454572737, 0.025440292432904243, 0.08432164788246155, 0.011751480400562286, 0.14423739910125732, 2.005082607269287, 0.013286300003528595, 1.228708267211914, 0.6880354881286621, 0.055161215364933014, 0.8057875037193298, 0.008179436437785625, 0.0441824235022068, 0.08622889965772629, 0.3946113586425781, 0.07509365677833557, 0.001214135205373168, 0.037404995411634445, 0.029383476823568344, 1.1860299110412598, 0.03273826092481613, 0.04866139963269234, 0.0014687206130474806, 0.06339946389198303, 0.23548701405525208, 0.23492003977298737, 0.015179140493273735, 0.781255841255188, 0.4858526587486267, 0.8728023171424866, 0.05617275834083557, 0.3542077839374542, 1.5808236598968506, 0.41988426446914673, 0.08832349628210068]"
135,8640,8704,64,0.921875,0.4171695113182068,clean_mnist,0.078125,0.109375,0.03125,0.109375,0.109375,0.109375,0.09375,0.09375,0.15625,0.109375,0.15395620465278625,0.25145959854125977,12.049028396606445,14.068193435668945,19.46875,21.359375,"[2, 9, 5, 3, 4, 8, 5, 7, 1, 5, 4, 7, 1, 0, 9, 7, 5, 4, 6, 8, 1, 8, 8, 3, 1, 7, 8, 6, 5, 9, 8, 9, 3, 4, 9, 8, 5, 4, 1, 1, 3, 0, 0, 6, 3, 6, 8, 0, 5, 1, 8, 2, 6, 3, 8, 4, 9, 6, 7, 7, 3, 4, 9, 0]","[2, 9, 5, 3, 4, 8, 5, 7, 1, 5, 4, 7, 1, 0, 9, 7, 5, 4, 6, 8, 1, 8, 8, 3, 1, 7, 8, 6, 5, 9, 2, 9, 3, 4, 9, 8, 5, 4, 1, 1, 8, 0, 0, 6, 3, 6, 8, 0, 6, 1, 8, 2, 6, 3, 8, 4, 4, 6, 7, 7, 3, 8, 9, 0]","[0.7964563369750977, 0.9399927258491516, 0.9971376657485962, 0.9996165037155151, 0.9877181053161621, 0.9484722018241882, 0.9998953342437744, 0.708107590675354, 0.9282582998275757, 0.9913868308067322, 0.9957525730133057, 0.8997356295585632, 0.9573256373405457, 0.6784986853599548, 0.7771231532096863, 0.9556125998497009, 0.993713915348053, 0.8410226702690125, 0.9913265109062195, 0.8568016886711121, 0.7399747371673584, 0.8926803469657898, 0.9990756511688232, 0.9936808347702026, 0.7723376154899597, 0.9223726987838745, 0.6773227453231812, 0.9998452663421631, 0.6412385702133179, 0.972596287727356, 0.9674524664878845, 0.9903324246406555, 0.9972711205482483, 0.9359526038169861, 0.6388394832611084, 0.9932663440704346, 0.9372075200080872, 0.9670596122741699, 0.419974684715271, 0.9800160527229309, 0.8350974321365356, 0.9119009375572205, 0.7978684902191162, 0.9998494386672974, 0.9999653100967407, 0.9984574317932129, 0.8186513185501099, 0.9195175766944885, 0.8437272310256958, 0.9864069819450378, 0.3370320200920105, 0.8870381712913513, 0.8494144082069397, 0.9911262392997742, 0.999077558517456, 0.8180716633796692, 0.7967715859413147, 0.9732773900032043, 0.7681082487106323, 0.7162787914276123, 0.9996813535690308, 0.7756450772285461, 0.9749488234519958, 0.9066845178604126]","[1, 1, 1, 1, 1, 1, 1, 1, 1, 1, 1, 1, 1, 1, 1, 1, 1, 1, 1, 1, 1, 1, 1, 1, 1, 1, 1, 1, 1, 1, 0, 1, 1, 1, 1, 1, 1, 1, 1, 1, 0, 1, 1, 1, 1, 1, 1, 1, 0, 1, 1, 1, 1, 1, 1, 1, 0, 1, 1, 1, 1, 0, 1, 1]","[0.7530139684677124, 0.3040485084056854, 0.022229306399822235, 0.0036270886193960905, 0.08178108930587769, 0.26206254959106445, 0.0011744898511096835, 0.8501248359680176, 0.39746996760368347, 0.061153046786785126, 0.03434302657842636, 0.4766404926776886, 0.23243708908557892, 0.9699810743331909, 0.9698970317840576, 0.21750187873840332, 0.04315461218357086, 0.5595387816429138, 0.057225391268730164, 0.5054380297660828, 0.9772014617919922, 0.528532087802887, 0.0079500088468194, 0.04435965046286583, 0.9792143702507019, 0.39962393045425415, 1.1394920349121094, 0.0017104661092162132, 0.9936140179634094, 0.17302361130714417, 0.17138870060443878, 0.0573161244392395, 0.02306126058101654, 0.3133780360221863, 1.096996545791626, 0.052045226097106934, 0.3290753960609436, 0.17420317232608795, 1.624632716178894, 0.1312531679868698, 0.6351469159126282, 0.46227407455444336, 0.7907734513282776, 0.0015997285954654217, 0.0004307869530748576, 0.012921805493533611, 0.5337039828300476, 0.42695486545562744, 0.538430392742157, 0.08527025580406189, 1.5718027353286743, 0.5183221101760864, 0.6294848322868347, 0.06365862488746643, 0.008297672495245934, 0.7204809188842773, 0.5271204113960266, 0.17012107372283936, 0.5650068521499634, 1.0445219278335571, 0.003001903649419546, 0.7762806415557861, 0.1511356681585312, 0.44119343161582947]"
136,8704,8768,64,0.921875,0.3907409906387329,clean_mnist,0.0625,0.078125,0.109375,0.140625,0.078125,0.1875,0.0625,0.09375,0.109375,0.078125,0.13511045277118683,0.2350832223892212,12.023035049438477,14.201041221618652,19.875,20.96875,"[1, 1, 4, 2, 3, 3, 3, 4, 5, 5, 3, 6, 3, 7, 7, 8, 6, 9, 8, 0, 0, 1, 6, 2, 5, 7, 8, 5, 8, 6, 5, 7, 9, 4, 1, 3, 2, 7, 2, 2, 5, 9, 8, 4, 5, 2, 9, 9, 2, 8, 0, 4, 3, 5, 7, 5, 1, 5, 3, 0, 8, 3, 5, 5]","[1, 1, 4, 2, 3, 3, 3, 4, 5, 5, 9, 6, 3, 7, 7, 8, 6, 9, 8, 0, 0, 1, 6, 2, 5, 3, 8, 5, 8, 6, 5, 7, 9, 4, 1, 0, 2, 7, 2, 2, 5, 9, 8, 4, 5, 2, 9, 9, 2, 8, 0, 4, 3, 5, 7, 8, 1, 8, 3, 0, 8, 3, 5, 5]","[0.44342151284217834, 0.9892626404762268, 0.449552446603775, 0.9977840781211853, 0.9585666060447693, 0.39921361207962036, 0.9865996837615967, 0.9751186370849609, 0.9988961219787598, 0.9959724545478821, 0.9764463901519775, 0.9792565107345581, 0.9999485015869141, 0.8274600505828857, 0.9955653548240662, 0.5188059210777283, 0.9443625211715698, 0.9783913493156433, 0.9312307834625244, 0.853998601436615, 0.7632925510406494, 0.7341172695159912, 0.47223538160324097, 0.9990772008895874, 0.922292172908783, 0.9445918202400208, 0.8624460101127625, 0.9960587024688721, 0.9925447106361389, 0.9952487349510193, 0.9958537817001343, 0.9962311387062073, 0.9964519739151001, 0.9591233730316162, 0.8292873501777649, 0.3810911774635315, 0.947603702545166, 0.981491208076477, 0.9927271604537964, 0.9982770681381226, 0.8636466860771179, 0.8763329982757568, 0.9967731833457947, 0.9210587739944458, 0.8030261397361755, 0.9941381216049194, 0.9967502355575562, 0.9798532724380493, 0.9823479652404785, 0.9969610571861267, 0.9810628294944763, 0.7128616571426392, 0.9999521970748901, 0.995243489742279, 0.7288267612457275, 0.6261574029922485, 0.9335888028144836, 0.38117101788520813, 0.9928979873657227, 0.9980642199516296, 0.9855833053588867, 0.6589098572731018, 0.9980422258377075, 0.9936667084693909]","[1, 1, 1, 1, 1, 1, 1, 1, 1, 1, 0, 1, 1, 1, 1, 1, 1, 1, 1, 1, 1, 1, 1, 1, 1, 0, 1, 1, 1, 1, 1, 1, 1, 1, 1, 0, 1, 1, 1, 1, 1, 1, 1, 1, 1, 1, 1, 1, 1, 1, 1, 1, 1, 1, 1, 0, 1, 0, 1, 1, 1, 1, 1, 1]","[1.5840363502502441, 0.08007557690143585, 1.2088724374771118, 0.017971288412809372, 0.24256384372711182, 1.3227615356445312, 0.07248426228761673, 0.1377771645784378, 0.009785492904484272, 0.03222908079624176, 0.13626499474048615, 0.1266719251871109, 0.0005967120523564517, 0.7165829539299011, 0.03241463378071785, 1.4333040714263916, 0.2743535339832306, 0.10993864387273788, 0.3669895529747009, 0.6866698265075684, 0.9742684364318848, 1.0323227643966675, 1.3300597667694092, 0.00837829802185297, 0.27984920144081116, 0.22215202450752258, 0.5535687804222107, 0.03142891079187393, 0.05600674822926521, 0.03630957752466202, 0.029807673767209053, 0.029512593522667885, 0.027792003005743027, 0.2445453554391861, 0.7995756268501282, 1.491356611251831, 0.27057623863220215, 0.11474749445915222, 0.05170901119709015, 0.014567147940397263, 0.4010290503501892, 0.5712622404098511, 0.02633243426680565, 0.3088763952255249, 0.622063159942627, 0.040904682129621506, 0.026547342538833618, 0.12752103805541992, 0.1163095161318779, 0.024682659655809402, 0.12574075162410736, 0.9600465297698975, 0.0005367564735934138, 0.031108308583498, 1.0601402521133423, 1.3116614818572998, 0.37610727548599243, 1.5786415338516235, 0.05013655498623848, 0.016727592796087265, 0.09317438304424286, 0.8877240419387817, 0.014472460374236107, 0.044797930866479874]"
137,8768,8832,64,0.921875,0.44104906916618347,clean_mnist,0.046875,0.09375,0.046875,0.203125,0.09375,0.0625,0.1875,0.171875,0.0625,0.03125,0.13126400113105774,0.2309570610523224,12.094592094421387,13.842020034790039,18.75,21.28125,"[4, 4, 6, 7, 8, 3, 6, 4, 9, 6, 1, 5, 8, 1, 8, 7, 2, 8, 3, 4, 0, 5, 3, 7, 6, 2, 3, 3, 4, 6, 7, 6, 3, 7, 9, 7, 7, 7, 1, 6, 3, 0, 7, 1, 3, 0, 6, 1, 3, 6, 3, 5, 6, 3, 6, 1, 3, 4, 5, 7, 7, 6, 3, 2]","[4, 4, 6, 3, 1, 3, 6, 4, 9, 6, 1, 5, 8, 1, 8, 7, 2, 8, 3, 4, 0, 5, 3, 7, 6, 2, 3, 3, 4, 6, 7, 6, 3, 7, 9, 7, 7, 7, 1, 6, 3, 0, 2, 1, 0, 0, 6, 1, 3, 6, 3, 5, 6, 3, 6, 1, 3, 4, 6, 7, 7, 6, 3, 2]","[0.8463439345359802, 0.9407706260681152, 0.9715677499771118, 0.7129479646682739, 0.3003910481929779, 0.9965417981147766, 0.5560709834098816, 0.9439970850944519, 0.9290653467178345, 0.9098172783851624, 0.9694337248802185, 0.9965102076530457, 0.9951320886611938, 0.9010204672813416, 0.9832740426063538, 0.5904569029808044, 0.9606450200080872, 0.8510938882827759, 0.9030129909515381, 0.9194148778915405, 0.8075225949287415, 0.9814006090164185, 0.8286588788032532, 0.9603452682495117, 0.9955313801765442, 0.9393539428710938, 0.9985573887825012, 0.999315619468689, 0.7238866090774536, 0.849465012550354, 0.9663619995117188, 0.7070142030715942, 0.9993199110031128, 0.5511011481285095, 0.8534584641456604, 0.9829280972480774, 0.9938929080963135, 0.9992086291313171, 0.9631230235099792, 0.989594578742981, 0.9324942231178284, 0.6149172186851501, 0.5743355751037598, 0.6246514916419983, 0.6716234683990479, 0.3937750458717346, 0.7371206283569336, 0.8395931720733643, 0.994983434677124, 0.9191856980323792, 0.9996514320373535, 0.9986099004745483, 0.99664705991745, 0.5760495662689209, 0.9650759696960449, 0.9995445609092712, 0.8980401158332825, 0.7197250723838806, 0.5531095266342163, 0.999288022518158, 0.9621393084526062, 0.9905994534492493, 0.9976488947868347, 0.9997746348381042]","[1, 1, 1, 0, 0, 1, 1, 1, 1, 1, 1, 1, 1, 1, 1, 1, 1, 1, 1, 1, 1, 1, 1, 1, 1, 1, 1, 1, 1, 1, 1, 1, 1, 1, 1, 1, 1, 1, 1, 1, 1, 1, 0, 1, 0, 1, 1, 1, 1, 1, 1, 1, 1, 1, 1, 1, 1, 1, 0, 1, 1, 1, 1, 1]","[0.4544452726840973, 0.2712283134460449, 0.14335386455059052, 0.6244932413101196, 1.7416757345199585, 0.02542818710207939, 1.0347821712493896, 0.24389855563640594, 0.35523104667663574, 0.40782469511032104, 0.16615331172943115, 0.027053074911236763, 0.038875386118888855, 0.5035039782524109, 0.10084592550992966, 1.3577477931976318, 0.19270901381969452, 0.70075923204422, 0.3853132128715515, 0.36478668451309204, 0.6765312552452087, 0.1077578142285347, 0.6709536910057068, 0.23823362588882446, 0.032507866621017456, 0.31112533807754517, 0.013415024615824223, 0.006590270437300205, 0.7999613881111145, 0.5486473441123962, 0.19201624393463135, 0.8053315281867981, 0.00660080136731267, 1.2876380681991577, 0.5838538408279419, 0.10839641094207764, 0.04717157036066055, 0.007090918254107237, 0.23033852875232697, 0.07453929632902145, 0.37079179286956787, 1.2893215417861938, 1.149322509765625, 1.4272775650024414, 1.076284646987915, 1.3767037391662598, 0.8266480565071106, 0.7294855117797852, 0.03764298930764198, 0.397340327501297, 0.00346772070042789, 0.011829460971057415, 0.027775125578045845, 1.0358837842941284, 0.1753290295600891, 0.004749767016619444, 0.3313635289669037, 0.802619457244873, 0.9786211252212524, 0.006539478898048401, 0.1893613189458847, 0.06792160868644714, 0.019658666104078293, 0.0023927486035972834]"
138,8832,8896,64,0.796875,0.621249258518219,clean_mnist,0.03125,0.078125,0.203125,0.140625,0.09375,0.046875,0.125,0.046875,0.078125,0.15625,0.12124443799257278,0.2226547747850418,12.043395042419434,14.224050521850586,19.375,20.890625,"[9, 2, 2, 5, 1, 9, 3, 1, 4, 2, 4, 2, 2, 7, 6, 9, 6, 7, 6, 9, 2, 9, 9, 2, 5, 9, 2, 8, 5, 7, 6, 2, 2, 3, 3, 8, 6, 4, 6, 6, 4, 1, 4, 4, 9, 0, 2, 3, 3, 6, 3, 2, 3, 0, 2, 9, 3, 8, 8, 1, 8, 3, 9, 1]","[4, 2, 2, 5, 1, 9, 0, 1, 4, 2, 4, 2, 2, 7, 6, 9, 6, 7, 6, 9, 2, 2, 4, 0, 5, 4, 2, 8, 6, 7, 6, 0, 2, 3, 7, 8, 6, 4, 6, 6, 4, 1, 4, 4, 5, 0, 2, 3, 3, 6, 3, 2, 3, 0, 2, 4, 3, 8, 4, 1, 8, 3, 0, 1]","[0.7444854378700256, 0.9966861605644226, 0.7214669585227966, 0.998803973197937, 0.9967020153999329, 0.9983887672424316, 0.4057311415672302, 0.9278675317764282, 0.9882481694221497, 0.9868264198303223, 0.48305803537368774, 0.9584485292434692, 0.9455836415290833, 0.5010056495666504, 0.6721104383468628, 0.7028366327285767, 0.5633057355880737, 0.4327605962753296, 0.9567925930023193, 0.9868414402008057, 0.9735656976699829, 0.48239412903785706, 0.8921349048614502, 0.3750753104686737, 0.9311692714691162, 0.6569944024085999, 0.9907989501953125, 0.9979054927825928, 0.4144585132598877, 0.9456499218940735, 0.9877780079841614, 0.5723115801811218, 0.9989345669746399, 0.933830738067627, 0.4397011995315552, 0.5505942106246948, 0.9301769137382507, 0.9505765438079834, 0.9972853660583496, 0.811560332775116, 0.9144935011863708, 0.9839000701904297, 0.6192977428436279, 0.6697540283203125, 0.6126062273979187, 0.9984745383262634, 0.7836310863494873, 0.6248812079429626, 0.9929734468460083, 0.9942215085029602, 0.9998903274536133, 0.6491266489028931, 0.8392561078071594, 0.6393336653709412, 0.8301429152488708, 0.5264991521835327, 0.9944484233856201, 0.4730190634727478, 0.2704232931137085, 0.7333855628967285, 0.9946666955947876, 0.9999030828475952, 0.3019043803215027, 0.999854564666748]","[0, 1, 1, 1, 1, 1, 0, 1, 1, 1, 1, 1, 1, 1, 1, 1, 1, 1, 1, 1, 1, 0, 0, 0, 1, 0, 1, 1, 0, 1, 1, 0, 1, 1, 0, 1, 1, 1, 1, 1, 1, 1, 1, 1, 0, 1, 1, 1, 1, 1, 1, 1, 1, 1, 1, 0, 1, 1, 0, 1, 1, 1, 0, 1]","[0.7034926414489746, 0.02777525782585144, 1.0788568258285522, 0.010687580332159996, 0.02792280912399292, 0.014453737996518612, 1.4701650142669678, 0.39985957741737366, 0.07771314680576324, 0.08008503168821335, 0.957888662815094, 0.2133180946111679, 0.2972811460494995, 1.5942986011505127, 0.8920955061912537, 1.1267954111099243, 1.3191992044448853, 1.5280377864837646, 0.24208621680736542, 0.07858596742153168, 0.1467362493276596, 1.6012169122695923, 0.47529277205467224, 1.4371576309204102, 0.25906455516815186, 1.1274824142456055, 0.062298476696014404, 0.01751479133963585, 1.3666795492172241, 0.2657102942466736, 0.08194659650325775, 1.3232444524765015, 0.009584663435816765, 0.28897079825401306, 1.5229294300079346, 1.051215410232544, 0.29233935475349426, 0.24883708357810974, 0.021463913843035698, 0.8268749117851257, 0.333871990442276, 0.11179371178150177, 0.8393632769584656, 0.6629484295845032, 0.7085382342338562, 0.013478651642799377, 0.6754026412963867, 0.8082426190376282, 0.04718604311347008, 0.042680587619543076, 0.0011994270607829094, 1.1202151775360107, 0.7071036696434021, 0.9894652962684631, 0.5113329887390137, 1.3208105564117432, 0.037888649851083755, 1.5121684074401855, 1.9863660335540771, 1.088719367980957, 0.03890697658061981, 0.0010583668481558561, 1.63249671459198, 0.0015575297875329852]"
139,8896,8960,64,0.921875,0.2864433228969574,clean_mnist,0.125,0.0625,0.09375,0.140625,0.109375,0.109375,0.09375,0.09375,0.109375,0.0625,0.13417218625545502,0.23160549998283386,12.037540435791016,13.976845741271973,19.59375,21.15625,"[0, 0, 5, 9, 5, 0, 9, 1, 3, 2, 4, 3, 6, 5, 7, 6, 0, 7, 9, 8, 1, 0, 8, 6, 8, 2, 2, 3, 2, 4, 0, 5, 8, 6, 4, 7, 0, 8, 1, 0, 3, 1, 5, 2, 5, 3, 6, 4, 4, 5, 3, 6, 3, 7, 4, 8, 2, 9, 7, 8, 4, 3, 3, 7]","[0, 0, 6, 9, 5, 0, 9, 1, 1, 2, 4, 3, 6, 5, 7, 6, 0, 7, 4, 8, 1, 0, 8, 1, 8, 2, 2, 3, 2, 4, 0, 5, 8, 6, 4, 7, 0, 8, 1, 0, 3, 1, 5, 2, 6, 3, 6, 4, 4, 5, 3, 6, 3, 7, 4, 8, 2, 9, 7, 8, 4, 3, 3, 7]","[0.8828680515289307, 0.77897709608078, 0.8368781805038452, 0.9988017082214355, 0.9738348126411438, 0.9893978834152222, 0.851355791091919, 0.8405569791793823, 0.9584447145462036, 0.9987332224845886, 0.8643602132797241, 0.9999256134033203, 0.9524389505386353, 0.9999874830245972, 0.9911772012710571, 0.9737633466720581, 0.8828080296516418, 0.9956555366516113, 0.4090498089790344, 0.9976849555969238, 0.8478041291236877, 0.9943276047706604, 0.8510940074920654, 0.42505747079849243, 0.9342610836029053, 0.9440977573394775, 0.8235304355621338, 0.9999943971633911, 0.9920172691345215, 0.9948989748954773, 0.9640430212020874, 0.9999504089355469, 0.9929664134979248, 0.9998236298561096, 0.9494080543518066, 0.9825693368911743, 0.994114339351654, 0.9976522326469421, 0.38695666193962097, 0.9942399263381958, 0.9998719692230225, 0.8005535006523132, 0.9858042001724243, 0.9960901141166687, 0.43867483735084534, 0.9999778270721436, 0.9454749226570129, 0.9843738079071045, 0.9316536784172058, 0.9998810291290283, 0.9998629093170166, 0.9452621340751648, 0.9999713897705078, 0.999007523059845, 0.9697825908660889, 0.9493117928504944, 0.9897866249084473, 0.5092557668685913, 0.9988960027694702, 0.9954562187194824, 0.8169193267822266, 0.9998657703399658, 0.977689266204834, 0.9990677237510681]","[1, 1, 0, 1, 1, 1, 1, 1, 0, 1, 1, 1, 1, 1, 1, 1, 1, 1, 0, 1, 1, 1, 1, 0, 1, 1, 1, 1, 1, 1, 1, 1, 1, 1, 1, 1, 1, 1, 1, 1, 1, 1, 1, 1, 0, 1, 1, 1, 1, 1, 1, 1, 1, 1, 1, 1, 1, 1, 1, 1, 1, 1, 1, 1]","[0.5000749826431274, 0.7978464961051941, 0.5702165961265564, 0.010488399304449558, 0.12203284353017807, 0.07166380435228348, 0.6835432648658752, 0.7099568843841553, 0.19256316125392914, 0.010840639472007751, 0.4114295542240143, 0.000884907494764775, 0.22445164620876312, 0.0001583594857947901, 0.06294512748718262, 0.15567299723625183, 0.5138991475105286, 0.03087908774614334, 1.5443949699401855, 0.02060573361814022, 0.7252213954925537, 0.04419670253992081, 0.7125295400619507, 1.2868165969848633, 0.32599568367004395, 0.23071110248565674, 0.6720035076141357, 8.192646782845259e-05, 0.05696633458137512, 0.035455942153930664, 0.21351808309555054, 0.0005622594617307186, 0.04559274762868881, 0.001974587794393301, 0.2713949382305145, 0.1022125855088234, 0.044440820813179016, 0.02067009173333645, 1.7223926782608032, 0.044929519295692444, 0.0014914927305653691, 0.8694576025009155, 0.07548848539590836, 0.029797472059726715, 1.1347726583480835, 0.00027900226996280253, 0.2750799059867859, 0.0957726240158081, 0.2831123471260071, 0.0012786441948264837, 0.0013671062188223004, 0.28071004152297974, 0.00037160824285820127, 0.008147325366735458, 0.17140798270702362, 0.273891419172287, 0.06815920770168304, 0.8743666410446167, 0.009980099275708199, 0.03566380590200424, 0.5020389556884766, 0.001489694113843143, 0.13763514161109924, 0.008398509584367275]"
140,8960,9024,64,0.921875,0.4009626805782318,clean_mnist,0.109375,0.171875,0.140625,0.078125,0.078125,0.078125,0.09375,0.15625,0.03125,0.0625,0.1245502233505249,0.21625211834907532,12.088664054870605,14.012547492980957,18.296875,21.375,"[2, 0, 4, 1, 4, 7, 7, 3, 9, 0, 1, 9, 2, 4, 6, 5, 3, 2, 2, 0, 7, 6, 0, 2, 1, 1, 5, 1, 5, 1, 7, 7, 1, 2, 5, 4, 4, 2, 7, 9, 6, 7, 9, 0, 3, 0, 3, 7, 2, 5, 6, 1, 1, 1, 8, 6, 6, 1, 0, 8, 3, 2, 7, 7]","[2, 0, 4, 1, 4, 7, 2, 3, 9, 0, 1, 9, 2, 4, 6, 5, 3, 2, 2, 0, 7, 6, 0, 2, 1, 1, 5, 1, 5, 1, 7, 7, 1, 2, 6, 4, 4, 2, 9, 9, 6, 7, 9, 0, 3, 0, 3, 7, 8, 5, 6, 1, 1, 1, 8, 6, 6, 1, 0, 8, 8, 2, 7, 7]","[0.9230648279190063, 0.7608100771903992, 0.9471683502197266, 0.9922130703926086, 0.9967197775840759, 0.9300284385681152, 0.7695223093032837, 0.9999896287918091, 0.998275876045227, 0.9473028182983398, 0.4653792977333069, 0.987320065498352, 0.9337220191955566, 0.992908239364624, 0.9634263515472412, 0.9868152737617493, 0.9988535642623901, 0.9929403066635132, 0.8110550045967102, 0.7254123687744141, 0.9777123928070068, 0.9995736479759216, 0.9599881768226624, 0.6939764022827148, 0.4184262752532959, 0.8649213910102844, 0.9441962838172913, 0.6853869557380676, 0.9998488426208496, 0.9891389012336731, 0.9812074899673462, 0.9992759823799133, 0.8531862497329712, 0.864271342754364, 0.9680148959159851, 0.9965378046035767, 0.8050532341003418, 0.9945717453956604, 0.6924702525138855, 0.9942991733551025, 0.9726913571357727, 0.9763450026512146, 0.5421423316001892, 0.9977244734764099, 0.9996422529220581, 0.999728262424469, 0.9999289512634277, 0.9629994034767151, 0.6943227052688599, 0.9978189468383789, 0.9777655005455017, 0.5040680766105652, 0.8175092339515686, 0.9888167381286621, 0.9976304769515991, 0.9528948664665222, 0.8739445805549622, 0.8906745314598083, 0.929044783115387, 0.9655243754386902, 0.37824687361717224, 0.6198350191116333, 0.6423761248588562, 0.9989198446273804]","[1, 1, 1, 1, 1, 1, 0, 1, 1, 1, 1, 1, 1, 1, 1, 1, 1, 1, 1, 1, 1, 1, 1, 1, 1, 1, 1, 1, 1, 1, 1, 1, 1, 1, 0, 1, 1, 1, 0, 1, 1, 1, 1, 1, 1, 1, 1, 1, 0, 1, 1, 1, 1, 1, 1, 1, 1, 1, 1, 1, 0, 1, 1, 1]","[0.34281930327415466, 0.9365943074226379, 0.29109030961990356, 0.05904379114508629, 0.02502003312110901, 0.3515380024909973, 0.8529356718063354, 0.00014683333574794233, 0.014924864284694195, 0.2937236726284027, 1.5918506383895874, 0.08631185442209244, 0.30966389179229736, 0.05199673771858215, 0.20517118275165558, 0.07365406304597855, 0.00906171090900898, 0.052045028656721115, 0.6785290241241455, 1.0197736024856567, 0.1313408613204956, 0.003966587595641613, 0.23327133059501648, 0.8776038289070129, 1.6652799844741821, 0.6637964844703674, 0.2707962691783905, 1.2633479833602905, 0.001600142102688551, 0.0786888375878334, 0.12570491433143616, 0.006571462843567133, 0.7082743048667908, 0.4590340852737427, 0.18554776906967163, 0.02642296999692917, 0.5335283279418945, 0.039593733847141266, 1.1345276832580566, 0.041251879185438156, 0.1670585572719574, 0.13647247850894928, 0.9956670999526978, 0.017497096210718155, 0.0034492965787649155, 0.0029977892991155386, 0.0008183012832887471, 0.1916317641735077, 0.7040992379188538, 0.017264382913708687, 0.13619834184646606, 1.6329154968261719, 0.688269853591919, 0.07837340235710144, 0.019522247835993767, 0.25141140818595886, 0.49836933612823486, 0.5136919617652893, 0.3831248879432678, 0.21511083841323853, 1.241826057434082, 1.0838583707809448, 0.9759339094161987, 0.01000579260289669]"
141,9024,9088,64,0.90625,0.41791579127311707,clean_mnist,0.140625,0.09375,0.0625,0.125,0.0625,0.125,0.09375,0.078125,0.078125,0.140625,0.12987515330314636,0.2211521863937378,12.039440155029297,13.935651779174805,18.03125,21.390625,"[6, 4, 9, 3, 5, 4, 9, 2, 0, 5, 0, 0, 2, 3, 0, 1, 4, 9, 6, 1, 5, 1, 9, 0, 0, 6, 8, 9, 7, 3, 2, 0, 8, 8, 6, 3, 7, 9, 5, 6, 5, 3, 9, 0, 5, 1, 9, 4, 1, 5, 3, 6, 8, 7, 3, 8, 3, 9, 7, 0, 5, 1, 7, 2]","[6, 4, 4, 0, 5, 4, 4, 2, 0, 5, 0, 0, 2, 3, 0, 1, 4, 9, 6, 1, 5, 1, 4, 0, 0, 6, 8, 9, 7, 3, 2, 0, 0, 8, 6, 3, 7, 9, 5, 6, 5, 3, 9, 0, 6, 1, 9, 4, 1, 5, 3, 6, 8, 7, 3, 8, 3, 9, 7, 0, 5, 1, 7, 2]","[0.9943547248840332, 0.9050514698028564, 0.5036846995353699, 0.26369285583496094, 0.9941230416297913, 0.9542123675346375, 0.4993351101875305, 0.9656237363815308, 0.42842331528663635, 0.9999853372573853, 0.9546601176261902, 0.9788951873779297, 0.8651823401451111, 0.9991382360458374, 0.7347695827484131, 0.8884950876235962, 0.6763745546340942, 0.9926702976226807, 0.6793582439422607, 0.999900221824646, 0.7217915058135986, 0.9992297887802124, 0.5871579647064209, 0.8299091458320618, 0.28740808367729187, 0.9554809927940369, 0.959612250328064, 0.9835976958274841, 0.9980418682098389, 0.9998639822006226, 0.9832926392555237, 0.8847978115081787, 0.3237820863723755, 0.9981712102890015, 0.9998406171798706, 0.9993485808372498, 0.9900543689727783, 0.9970619082450867, 0.9994949102401733, 0.9631124138832092, 0.9998106360435486, 0.9999977350234985, 0.8836205005645752, 0.9938932657241821, 0.5606167912483215, 0.6949779391288757, 0.999219536781311, 0.9830242395401001, 0.9912262558937073, 0.9427210092544556, 0.9989515542984009, 0.5101549029350281, 0.9915145635604858, 0.7907220125198364, 0.9301239848136902, 0.9652076363563538, 0.9977661371231079, 0.8279344439506531, 0.9789404273033142, 0.9193817973136902, 0.9931198358535767, 0.8696664571762085, 0.9897933006286621, 0.903074324131012]","[1, 1, 0, 0, 1, 1, 0, 1, 1, 1, 1, 1, 1, 1, 1, 1, 1, 1, 1, 1, 1, 1, 0, 1, 1, 1, 1, 1, 1, 1, 1, 1, 0, 1, 1, 1, 1, 1, 1, 1, 1, 1, 1, 1, 0, 1, 1, 1, 1, 1, 1, 1, 1, 1, 1, 1, 1, 1, 1, 1, 1, 1, 1, 1]","[0.04386141523718834, 0.46076977252960205, 0.7811137437820435, 1.817481279373169, 0.038253042846918106, 0.23384709656238556, 1.3311737775802612, 0.17597830295562744, 1.7188982963562012, 0.00019043376960325986, 0.24212686717510223, 0.13697375357151031, 0.462056964635849, 0.007283822167664766, 0.9783200621604919, 0.5201054811477661, 0.7315170764923096, 0.05017097294330597, 1.0551297664642334, 0.0011363470694050193, 0.6184077858924866, 0.007290937006473541, 1.3620526790618896, 0.7129430770874023, 1.866906762123108, 0.2441173940896988, 0.18969301879405975, 0.10047966986894608, 0.015118159353733063, 0.0014371364377439022, 0.09546556323766708, 0.518769383430481, 1.6076374053955078, 0.016267243772745132, 0.0017554801888763905, 0.005988072603940964, 0.06208037585020065, 0.022928273305296898, 0.0048926700837910175, 0.21561065316200256, 0.001832634094171226, 3.4890421375166625e-05, 0.5659857392311096, 0.04724358394742012, 1.1204763650894165, 1.0281531810760498, 0.007358755450695753, 0.10808493196964264, 0.0651065856218338, 0.24295981228351593, 0.009428199380636215, 1.5131981372833252, 0.060794342309236526, 0.7174136638641357, 0.32577186822891235, 0.19863159954547882, 0.01833394542336464, 0.6635149717330933, 0.12051218748092651, 0.37591442465782166, 0.05065372586250305, 0.5910898447036743, 0.06799787282943726, 0.38988929986953735]"
142,9088,9152,64,0.875,0.5108863711357117,clean_mnist,0.0625,0.09375,0.046875,0.125,0.125,0.09375,0.109375,0.0625,0.109375,0.171875,0.11361365020275116,0.20184025168418884,12.060345649719238,14.047380447387695,17.203125,21.46875,"[8, 3, 6, 9, 2, 5, 6, 6, 5, 7, 3, 8, 4, 0, 7, 1, 2, 2, 1, 3, 9, 4, 1, 5, 8, 6, 9, 7, 4, 8, 3, 9, 5, 1, 9, 6, 5, 8, 6, 9, 9, 9, 8, 0, 9, 1, 8, 3, 1, 4, 5, 4, 3, 3, 0, 7, 6, 4, 3, 4, 9, 4, 9, 0]","[8, 3, 6, 4, 2, 5, 6, 6, 5, 7, 2, 8, 4, 0, 7, 1, 2, 2, 1, 3, 4, 4, 1, 5, 8, 6, 9, 7, 4, 8, 9, 9, 6, 1, 9, 6, 5, 8, 6, 9, 9, 9, 1, 0, 9, 1, 8, 2, 1, 4, 5, 4, 3, 3, 0, 7, 6, 4, 3, 4, 4, 4, 9, 0]","[0.9999569654464722, 0.9976086616516113, 0.9472759366035461, 0.7768455743789673, 0.8890076875686646, 0.9996082186698914, 0.8975943326950073, 0.9364827871322632, 0.9966593980789185, 0.8730438947677612, 0.9958320260047913, 0.9659084677696228, 0.9952195286750793, 0.8191345930099487, 0.9922040700912476, 0.9731518626213074, 0.6771591305732727, 0.9889276027679443, 0.9745914936065674, 0.992355465888977, 0.5923212766647339, 0.9935222268104553, 0.993407130241394, 0.9983242154121399, 0.9306445121765137, 0.9926209449768066, 0.8684513568878174, 0.9887031316757202, 0.9927064776420593, 0.8984013795852661, 0.43091386556625366, 0.7890715003013611, 0.6924309730529785, 0.8882691860198975, 0.9781166315078735, 0.8959157466888428, 0.9969256520271301, 0.974038302898407, 0.6409032940864563, 0.9446046352386475, 0.62690269947052, 0.8876610398292542, 0.3397812843322754, 0.874450147151947, 0.9892829656600952, 0.2832290530204773, 0.8597828149795532, 0.8480802774429321, 0.7918469309806824, 0.9122346639633179, 0.9982865452766418, 0.4402616322040558, 0.9999996423721313, 0.9607838988304138, 0.6971380710601807, 0.8349838256835938, 0.8233029246330261, 0.4017588794231415, 0.9954791069030762, 0.6100948452949524, 0.564968466758728, 0.9958810806274414, 0.9715908765792847, 0.3982984125614166]","[1, 1, 1, 0, 1, 1, 1, 1, 1, 1, 0, 1, 1, 1, 1, 1, 1, 1, 1, 1, 0, 1, 1, 1, 1, 1, 1, 1, 1, 1, 0, 1, 0, 1, 1, 1, 1, 1, 1, 1, 1, 1, 0, 1, 1, 1, 1, 0, 1, 1, 1, 1, 1, 1, 1, 1, 1, 1, 1, 1, 0, 1, 1, 1]","[0.0005262024933472276, 0.020681697875261307, 0.2844991087913513, 0.8140553832054138, 0.44562360644340515, 0.0036017608363181353, 0.507102906703949, 0.299692839384079, 0.024635611101984978, 0.5321843028068542, 0.031349457800388336, 0.2035081833600998, 0.036236703395843506, 0.7812933325767517, 0.05381963402032852, 0.1751512587070465, 1.0916733741760254, 0.0711245983839035, 0.1638314425945282, 0.055086612701416016, 1.1758414506912231, 0.04472259432077408, 0.05025190860033035, 0.013416393660008907, 0.38036811351776123, 0.046456459909677505, 0.5177620649337769, 0.07963827252388, 0.05233941227197647, 0.48856815695762634, 1.3427482843399048, 0.8265190124511719, 0.8539345264434814, 0.5610232949256897, 0.13119088113307953, 0.4887126386165619, 0.02200601063668728, 0.16270306706428528, 1.0238218307495117, 0.29684311151504517, 1.2553457021713257, 0.4882809519767761, 1.772376298904419, 0.6024825572967529, 0.07175488024950027, 1.9418631792068481, 0.6134249567985535, 0.5074349641799927, 0.9526762366294861, 0.42747750878334045, 0.01372306328266859, 1.6503218412399292, 7.950910003273748e-06, 0.21850523352622986, 1.0978519916534424, 0.6508604288101196, 0.6123088598251343, 1.2148683071136475, 0.03128395974636078, 1.1095885038375854, 1.4026716947555542, 0.03207900747656822, 0.16843119263648987, 1.706565499305725]"
143,9152,9216,64,0.9375,0.4271917939186096,clean_mnist,0.109375,0.078125,0.109375,0.140625,0.046875,0.125,0.125,0.09375,0.109375,0.0625,0.12279537320137024,0.21069906651973724,12.054216384887695,14.018598556518555,19.203125,20.921875,"[3, 3, 8, 8, 6, 7, 0, 5, 5, 1, 7, 5, 8, 8, 0, 9, 3, 2, 5, 5, 4, 1, 6, 1, 9, 6, 5, 2, 3, 1, 3, 3, 3, 8, 2, 6, 7, 4, 4, 9, 3, 2, 0, 0, 0, 3, 7, 1, 7, 6, 6, 2, 0, 5, 6, 5, 8, 0, 6, 2, 2, 8, 7, 9]","[8, 3, 8, 8, 6, 7, 0, 5, 5, 1, 7, 5, 8, 8, 0, 9, 3, 2, 5, 5, 4, 1, 6, 1, 9, 6, 8, 2, 3, 1, 3, 3, 3, 8, 2, 6, 7, 4, 4, 9, 3, 2, 0, 0, 0, 0, 7, 1, 7, 6, 6, 2, 0, 5, 6, 5, 8, 0, 6, 2, 2, 8, 7, 0]","[0.5780339241027832, 0.9997826218605042, 0.9807397127151489, 0.9744544625282288, 0.9954138398170471, 0.9974494576454163, 0.39311790466308594, 0.998764157295227, 0.9960929751396179, 0.9779621362686157, 0.9997186064720154, 0.998101532459259, 0.32386505603790283, 0.9644065499305725, 0.9405044317245483, 0.9976301193237305, 0.9999994039535522, 0.7494841814041138, 0.9993891716003418, 0.9994377493858337, 0.9909518957138062, 0.5752052664756775, 0.9886977672576904, 0.7138583660125732, 0.9622051119804382, 0.9975042939186096, 0.4050023555755615, 0.9615045785903931, 0.9645100235939026, 0.9513846635818481, 0.9992703795433044, 0.9988598823547363, 0.9657658338546753, 0.8189688920974731, 0.6717736721038818, 0.9844406843185425, 0.9226780533790588, 0.9683292508125305, 0.7932302951812744, 0.9874025583267212, 0.9998760223388672, 0.44321584701538086, 0.9795787334442139, 0.9352418780326843, 0.9659209251403809, 0.558804988861084, 0.933725118637085, 0.3179977536201477, 0.9643606543540955, 0.7510678768157959, 0.5470057129859924, 0.898736298084259, 0.8270390033721924, 0.982174813747406, 0.8371829986572266, 0.9992121458053589, 0.9902865886688232, 0.7904864549636841, 0.9985320568084717, 0.9953045845031738, 0.8094148635864258, 0.8547880053520203, 0.9939343333244324, 0.4474729895591736]","[0, 1, 1, 1, 1, 1, 1, 1, 1, 1, 1, 1, 1, 1, 1, 1, 1, 1, 1, 1, 1, 1, 1, 1, 1, 1, 0, 1, 1, 1, 1, 1, 1, 1, 1, 1, 1, 1, 1, 1, 1, 1, 1, 1, 1, 0, 1, 1, 1, 1, 1, 1, 1, 1, 1, 1, 1, 1, 1, 1, 1, 1, 1, 0]","[0.9718878865242004, 0.002274843631312251, 0.11590171605348587, 0.1514143943786621, 0.0332011878490448, 0.021239956840872765, 1.5520776510238647, 0.009953438304364681, 0.025710461661219597, 0.13891656696796417, 0.0028881635516881943, 0.01390350703150034, 2.008183002471924, 0.1981688141822815, 0.2709512412548065, 0.020031463354825974, 1.0403672604297753e-05, 0.6085520386695862, 0.0054652756080031395, 0.0051116980612277985, 0.05973225086927414, 1.482295036315918, 0.07331341505050659, 1.1526252031326294, 0.21558797359466553, 0.02112765423953533, 1.1657171249389648, 0.18883459270000458, 0.17846903204917908, 0.26144662499427795, 0.006897773593664169, 0.010372265242040157, 0.19466137886047363, 0.8015231490135193, 0.9958443641662598, 0.10492485761642456, 0.3772059381008148, 0.16313590109348297, 0.6841652989387512, 0.08703948557376862, 0.001433919183909893, 1.5521481037139893, 0.11844374239444733, 0.33708059787750244, 0.2000758945941925, 1.0615235567092896, 0.28271055221557617, 2.0617992877960205, 0.18168848752975464, 1.0386747121810913, 1.1199926137924194, 0.4126007854938507, 0.5400795340538025, 0.0936785489320755, 0.5640732645988464, 0.007098992820829153, 0.058416638523340225, 0.6806852221488953, 0.012320374138653278, 0.03476874530315399, 0.6131457090377808, 0.6896573901176453, 0.04508410021662712, 1.2523316144943237]"
144,9216,9280,64,0.875,0.4521424174308777,clean_mnist,0.046875,0.109375,0.140625,0.15625,0.0,0.078125,0.09375,0.15625,0.09375,0.125,0.10665079206228256,0.19709089398384094,12.154173851013184,14.207780838012695,17.15625,21.34375,"[1, 6, 2, 8, 3, 8, 0, 7, 7, 9, 3, 1, 5, 9, 3, 2, 5, 6, 8, 7, 9, 6, 9, 6, 1, 8, 2, 7, 6, 9, 2, 9, 2, 2, 8, 1, 2, 3, 5, 3, 8, 0, 2, 5, 1, 5, 6, 7, 1, 9, 3, 7, 3, 0, 7, 2, 3, 7, 7, 9, 7, 1, 3, 3]","[4, 6, 2, 8, 8, 1, 0, 7, 7, 9, 3, 1, 5, 9, 3, 2, 5, 6, 8, 7, 5, 6, 9, 6, 1, 8, 2, 7, 6, 4, 2, 9, 2, 2, 8, 1, 2, 3, 6, 3, 1, 0, 2, 5, 1, 5, 6, 7, 1, 9, 2, 7, 3, 0, 7, 2, 3, 7, 7, 9, 7, 1, 3, 3]","[0.9107992649078369, 0.988920271396637, 0.9987192153930664, 0.9015724658966064, 0.619354248046875, 0.2957693040370941, 0.9501202702522278, 0.9338240027427673, 0.9977586269378662, 0.9978939890861511, 0.9202013611793518, 0.5332397222518921, 0.9972412586212158, 0.9950915575027466, 0.9999109506607056, 0.9909282326698303, 0.9926851987838745, 0.7475808262825012, 0.9784389138221741, 0.6624398231506348, 0.6895426511764526, 0.9029123187065125, 0.9771631956100464, 0.9873830676078796, 0.9597001075744629, 0.631940484046936, 0.9887288808822632, 0.969382643699646, 0.9632750749588013, 0.44175174832344055, 0.9980705380439758, 0.9710330367088318, 0.9606837630271912, 0.7433130145072937, 0.9955152869224548, 0.4784983992576599, 0.9878411889076233, 0.9997809529304504, 0.7841337323188782, 0.9373345375061035, 0.8550073504447937, 0.9901356101036072, 0.7671574950218201, 0.9877874255180359, 0.355832576751709, 0.9852439165115356, 0.9971954822540283, 0.9863983988761902, 0.6471751928329468, 0.9490965604782104, 0.6749711632728577, 0.8079342246055603, 0.9998019337654114, 0.6343299746513367, 0.9777184128761292, 0.9318258762359619, 0.9598793983459473, 0.9287301301956177, 0.9943979382514954, 0.9843338131904602, 0.7954363226890564, 0.9506740570068359, 0.9999911785125732, 0.9808269739151001]","[0, 1, 1, 1, 0, 0, 1, 1, 1, 1, 1, 1, 1, 1, 1, 1, 1, 1, 1, 1, 0, 1, 1, 1, 1, 1, 1, 1, 1, 0, 1, 1, 1, 1, 1, 1, 1, 1, 0, 1, 0, 1, 1, 1, 1, 1, 1, 1, 1, 1, 0, 1, 1, 1, 1, 1, 1, 1, 1, 1, 1, 1, 1, 1]","[0.4613850712776184, 0.07538369297981262, 0.0117526575922966, 0.4319373071193695, 1.212679147720337, 1.7043944597244263, 0.28478866815567017, 0.34278029203414917, 0.018028590828180313, 0.018268022686243057, 0.3890513777732849, 1.6016850471496582, 0.019524237141013145, 0.03766728937625885, 0.001046888530254364, 0.06310681998729706, 0.04931886866688728, 1.0315581560134888, 0.12214385718107224, 1.1688697338104248, 0.651811420917511, 0.45415276288986206, 0.13526687026023865, 0.08977093547582626, 0.23474527895450592, 1.3515617847442627, 0.06550668925046921, 0.17867454886436462, 0.21006958186626434, 1.5861583948135376, 0.015751834958791733, 0.16019320487976074, 0.17947837710380554, 0.9687631726264954, 0.033635463565588, 1.6398690938949585, 0.06996051967144012, 0.0023368587717413902, 0.8121852278709412, 0.33691829442977905, 0.6284101009368896, 0.06637297570705414, 0.839683473110199, 0.07207044214010239, 1.9510873556137085, 0.09967006742954254, 0.023548269644379616, 0.0942716971039772, 1.2812070846557617, 0.2872028648853302, 0.9580199122428894, 0.8047099113464355, 0.00215123756788671, 1.2524423599243164, 0.13476066291332245, 0.27321991324424744, 0.2149703949689865, 0.38302117586135864, 0.03988059237599373, 0.10743822902441025, 0.807097852230072, 0.2691831588745117, 0.00012395817611832172, 0.1243908703327179]"
145,9280,9344,64,0.921875,0.36781322956085205,clean_mnist,0.109375,0.109375,0.078125,0.140625,0.046875,0.140625,0.125,0.09375,0.078125,0.078125,0.13292232155799866,0.22654393315315247,12.075994491577148,13.943083763122559,19.0,21.09375,"[5, 6, 4, 7, 2, 8, 7, 0, 1, 3, 9, 5, 1, 3, 3, 6, 0, 0, 1, 1, 3, 2, 3, 3, 7, 6, 9, 7, 9, 8, 0, 9, 1, 0, 8, 1, 6, 2, 2, 3, 5, 4, 8, 5, 3, 6, 9, 7, 5, 0, 5, 1, 6, 2, 8, 3, 5, 4, 6, 5, 5, 6, 0, 7]","[6, 6, 4, 7, 2, 8, 7, 0, 1, 3, 9, 5, 1, 3, 3, 6, 0, 0, 1, 1, 3, 2, 3, 3, 9, 6, 9, 7, 9, 8, 0, 9, 1, 0, 8, 1, 6, 2, 2, 3, 5, 4, 0, 5, 3, 6, 5, 7, 5, 0, 5, 1, 1, 2, 8, 3, 5, 4, 6, 5, 5, 6, 0, 7]","[0.6952508091926575, 0.9580073356628418, 0.9033554792404175, 0.9701191782951355, 0.9994409680366516, 0.7714682817459106, 0.6664731502532959, 0.9770931005477905, 0.9729148745536804, 0.8705934882164001, 0.8104421496391296, 0.9978061318397522, 0.42352941632270813, 0.999054491519928, 0.9753369688987732, 0.8528897166252136, 0.7601165771484375, 0.9993081092834473, 0.2786708176136017, 0.9991519451141357, 0.9995599389076233, 0.9995253086090088, 0.7682530879974365, 0.999981164932251, 0.47296273708343506, 0.9997830986976624, 0.9791346788406372, 0.9956222176551819, 0.9992815852165222, 0.808217465877533, 0.9990365505218506, 0.9998835325241089, 0.9856534600257874, 0.7274730205535889, 0.9813554883003235, 0.948480486869812, 0.7706696391105652, 0.998036801815033, 0.9934686422348022, 0.9999916553497314, 0.9942256808280945, 0.9993135929107666, 0.5924308896064758, 0.9897233247756958, 0.9895276427268982, 0.9875293970108032, 0.550967812538147, 0.9996640682220459, 0.9959648847579956, 0.9620648622512817, 0.9304215312004089, 0.5313950777053833, 0.45380842685699463, 0.9997522234916687, 0.9994031190872192, 0.9999876022338867, 0.9994681477546692, 0.7338722348213196, 0.9780446887016296, 0.9525372385978699, 0.820868194103241, 0.9921481013298035, 0.9909077882766724, 0.9997079968452454]","[0, 1, 1, 1, 1, 1, 1, 1, 1, 1, 1, 1, 1, 1, 1, 1, 1, 1, 1, 1, 1, 1, 1, 1, 0, 1, 1, 1, 1, 1, 1, 1, 1, 1, 1, 1, 1, 1, 1, 1, 1, 1, 0, 1, 1, 1, 0, 1, 1, 1, 1, 1, 0, 1, 1, 1, 1, 1, 1, 1, 1, 1, 1, 1]","[0.7146091461181641, 0.23343491554260254, 0.36219558119773865, 0.18866634368896484, 0.004911283031105995, 0.8796148300170898, 1.259821891784668, 0.13752785325050354, 0.16400054097175598, 0.5192300081253052, 0.7070178985595703, 0.015760455280542374, 1.9002454280853271, 0.008808200247585773, 0.13473130762577057, 0.6847032308578491, 0.9461391568183899, 0.006936939433217049, 2.145930528640747, 0.008131821639835835, 0.003931812476366758, 0.004503999371081591, 0.82088702917099, 0.00025039308820851147, 1.2486628293991089, 0.0023869704455137253, 0.12377557903528214, 0.03501491993665695, 0.006905547343194485, 0.5667445063591003, 0.009371093474328518, 0.0013320664875209332, 0.10261799395084381, 0.9063204526901245, 0.1227225661277771, 0.2949416935443878, 0.9550275802612305, 0.014823746867477894, 0.046052202582359314, 0.00011592546798055992, 0.037127137184143066, 0.0065046134404838085, 1.2196404933929443, 0.06840569525957108, 0.06137124076485634, 0.08031052350997925, 0.8713235855102539, 0.0033449712209403515, 0.027101827785372734, 0.2284829169511795, 0.33735427260398865, 1.5061272382736206, 1.1585532426834106, 0.0024722677189856768, 0.005884407088160515, 0.0001633105130167678, 0.004836745094507933, 0.6309839487075806, 0.13962410390377045, 0.21961559355258942, 0.5172210931777954, 0.05813787877559662, 0.0637272447347641, 0.00292546977289021]"
146,9344,9408,64,0.953125,0.3809170126914978,clean_mnist,0.03125,0.09375,0.09375,0.125,0.125,0.15625,0.0625,0.078125,0.125,0.109375,0.13667866587638855,0.23306667804718018,12.068618774414062,14.006867408752441,20.046875,20.890625,"[5, 8, 9, 9, 6, 8, 1, 7, 5, 4, 1, 3, 7, 9, 8, 8, 2, 8, 4, 3, 8, 1, 5, 5, 5, 8, 4, 2, 9, 7, 2, 4, 5, 2, 8, 6, 3, 5, 7, 2, 5, 4, 3, 5, 4, 6, 9, 4, 4, 1, 9, 7, 3, 5, 2, 1, 3, 3, 0, 3, 1, 6, 0, 9]","[5, 8, 9, 9, 4, 8, 1, 7, 5, 4, 1, 3, 7, 9, 8, 8, 2, 8, 4, 3, 8, 1, 5, 5, 5, 8, 4, 2, 9, 7, 2, 4, 5, 2, 1, 6, 3, 5, 7, 2, 5, 4, 3, 5, 4, 6, 9, 4, 4, 1, 9, 7, 2, 5, 2, 1, 3, 3, 0, 3, 1, 6, 0, 9]","[0.9037516117095947, 0.9926478862762451, 0.5689625144004822, 0.9229646921157837, 0.3415234088897705, 0.999115526676178, 0.3604930341243744, 0.9997153878211975, 0.9917913675308228, 0.9927033185958862, 0.46852418780326843, 0.9999607801437378, 0.9810407757759094, 0.9969927072525024, 0.99078768491745, 0.9684683084487915, 0.9923077821731567, 0.976800799369812, 0.8018632531166077, 0.9996284246444702, 0.9895368814468384, 0.7763186097145081, 0.9982920289039612, 0.9994667172431946, 0.9930325746536255, 0.9330706000328064, 0.8350489735603333, 0.9464643001556396, 0.9925231337547302, 0.987989068031311, 0.9708499908447266, 0.9970169067382812, 0.8025067448616028, 0.9980469942092896, 0.3053707480430603, 0.8295580744743347, 0.6061393022537231, 0.9937545657157898, 0.9986971020698547, 0.9747321009635925, 0.9678414463996887, 0.9555351734161377, 0.9353586435317993, 0.9996534585952759, 0.990304708480835, 0.9826223850250244, 0.39574113488197327, 0.9735643267631531, 0.8926790952682495, 0.9998708963394165, 0.9965088963508606, 0.7647231221199036, 0.8106358647346497, 0.9179924726486206, 0.9990424513816833, 0.8941360116004944, 0.999972939491272, 0.9884442687034607, 0.8289538025856018, 0.995144248008728, 0.5897872447967529, 0.9959064722061157, 0.7219146490097046, 0.9784180521965027]","[1, 1, 1, 1, 0, 1, 1, 1, 1, 1, 1, 1, 1, 1, 1, 1, 1, 1, 1, 1, 1, 1, 1, 1, 1, 1, 1, 1, 1, 1, 1, 1, 1, 1, 0, 1, 1, 1, 1, 1, 1, 1, 1, 1, 1, 1, 1, 1, 1, 1, 1, 1, 0, 1, 1, 1, 1, 1, 1, 1, 1, 1, 1, 1]","[0.406464159488678, 0.04979268088936806, 0.9546173810958862, 0.2872767448425293, 1.6903802156448364, 0.007769778836518526, 2.0137362480163574, 0.00288891582749784, 0.053074296563863754, 0.04956115037202835, 1.836111068725586, 0.0004638156096916646, 0.12381627410650253, 0.023575279861688614, 0.06330912560224533, 0.15791545808315277, 0.054221514612436295, 0.13808859884738922, 0.551569402217865, 0.0035030394792556763, 0.07150806486606598, 0.9371907114982605, 0.012972705066204071, 0.004835105966776609, 0.04207741841673851, 0.32797130942344666, 0.7062327861785889, 0.2485773265361786, 0.0519833117723465, 0.07404378056526184, 0.1512945294380188, 0.024708397686481476, 0.6982346773147583, 0.015983160585165024, 2.0078554153442383, 0.6017889976501465, 1.1680833101272583, 0.03942165523767471, 0.011640527285635471, 0.138833150267601, 0.1837141066789627, 0.2122972011566162, 0.2805418372154236, 0.003198441816493869, 0.06221748888492584, 0.091330885887146, 1.369486689567566, 0.14821261167526245, 0.4417209029197693, 0.0014986260794103146, 0.02677799016237259, 0.607787013053894, 0.644325315952301, 0.37378963828086853, 0.008919350802898407, 0.5230836868286133, 0.0003477776190266013, 0.06338026374578476, 0.7207803130149841, 0.034759797155857086, 1.5142096281051636, 0.03185315802693367, 1.1017237901687622, 0.12935933470726013]"
147,9408,9472,64,0.921875,0.45065104961395264,clean_mnist,0.171875,0.078125,0.03125,0.1875,0.09375,0.0625,0.09375,0.171875,0.03125,0.078125,0.13661019504070282,0.23029179871082306,12.172700881958008,14.058639526367188,19.625,21.28125,"[8, 6, 4, 3, 3, 3, 5, 1, 7, 6, 3, 5, 3, 6, 0, 1, 3, 9, 7, 3, 3, 7, 1, 4, 7, 7, 7, 0, 4, 9, 6, 0, 0, 0, 4, 3, 7, 7, 6, 9, 9, 2, 8, 0, 0, 1, 7, 0, 3, 1, 3, 0, 6, 4, 5, 0, 5, 4, 3, 7, 0, 9, 7, 2]","[8, 6, 4, 3, 3, 3, 5, 1, 7, 6, 3, 5, 3, 6, 0, 1, 3, 9, 7, 3, 9, 7, 1, 4, 7, 7, 7, 0, 4, 9, 6, 0, 0, 0, 4, 3, 7, 7, 6, 9, 9, 2, 5, 0, 0, 1, 7, 0, 0, 1, 0, 0, 6, 4, 5, 0, 5, 4, 3, 7, 6, 9, 7, 2]","[0.9739668369293213, 0.9872837066650391, 0.9955898523330688, 0.9999936819076538, 0.9998923540115356, 0.9999942779541016, 0.9915283918380737, 0.9939789772033691, 0.998178243637085, 0.9767440557479858, 0.9999929666519165, 0.9840856790542603, 0.9957451224327087, 0.9895331263542175, 0.5561947822570801, 0.6632459759712219, 0.9976984858512878, 0.9965386390686035, 0.9597082138061523, 0.9999500513076782, 0.6925554275512695, 0.9972774386405945, 0.4749506711959839, 0.8845635652542114, 0.9774194955825806, 0.5539146065711975, 0.9786686301231384, 0.7384843826293945, 0.4803706407546997, 0.9939940571784973, 0.8963099718093872, 0.614150881767273, 0.9448924660682678, 0.7460275292396545, 0.6111902594566345, 0.9981334805488586, 0.997740626335144, 0.9853699207305908, 0.9892616271972656, 0.9983528852462769, 0.5281198024749756, 0.9043290019035339, 0.7352839112281799, 0.5160329937934875, 0.8511776924133301, 0.6538325548171997, 0.9622294902801514, 0.879189133644104, 0.4052768349647522, 0.6746580600738525, 0.8211894631385803, 0.9969785213470459, 0.5291274189949036, 0.9996638298034668, 0.9976900815963745, 0.4935033917427063, 0.8018973469734192, 0.937178909778595, 0.9993491768836975, 0.9994109869003296, 0.47794535756111145, 0.9336355328559875, 0.9715686440467834, 0.780190646648407]","[1, 1, 1, 1, 1, 1, 1, 1, 1, 1, 1, 1, 1, 1, 1, 1, 1, 1, 1, 1, 0, 1, 1, 1, 1, 1, 1, 1, 1, 1, 1, 1, 1, 1, 1, 1, 1, 1, 1, 1, 1, 1, 0, 1, 1, 1, 1, 1, 0, 1, 0, 1, 1, 1, 1, 1, 1, 1, 1, 1, 0, 1, 1, 1]","[0.13885848224163055, 0.07887411117553711, 0.03326471522450447, 8.991688082460314e-05, 0.0012490018270909786, 7.847890810808167e-05, 0.05892561003565788, 0.04695970565080643, 0.01576482504606247, 0.14156615734100342, 9.788342867977917e-05, 0.08874968439340591, 0.03355267271399498, 0.0668112263083458, 1.3776628971099854, 1.0389108657836914, 0.016895368695259094, 0.02666378766298294, 0.21750247478485107, 0.0006085928762331605, 0.6199595928192139, 0.019898727536201477, 1.7865737676620483, 0.3702849745750427, 0.12599198520183563, 0.9800626039505005, 0.12690360844135284, 0.8820358514785767, 1.0779569149017334, 0.04125083237886429, 0.4404298961162567, 1.1613303422927856, 0.2698131203651428, 1.0275330543518066, 1.2259119749069214, 0.01488284021615982, 0.019700514152646065, 0.09087225794792175, 0.07348568737506866, 0.013330172747373581, 1.0273207426071167, 0.40931060910224915, 0.9442053437232971, 1.015152096748352, 0.5956263542175293, 1.2719436883926392, 0.2163199782371521, 0.5299109220504761, 1.5078222751617432, 1.2740893363952637, 0.6864346861839294, 0.02503211982548237, 0.7311618328094482, 0.003311125561594963, 0.01811550371348858, 1.642862319946289, 0.6039044260978699, 0.33217930793762207, 0.005972406826913357, 0.0052686515264213085, 1.0889477729797363, 0.29048001766204834, 0.16149485111236572, 0.7035021781921387]"
148,9472,9536,64,0.90625,0.3802136182785034,clean_mnist,0.140625,0.0625,0.15625,0.09375,0.046875,0.078125,0.140625,0.125,0.09375,0.0625,0.14421409368515015,0.2374921292066574,12.096311569213867,14.020901679992676,19.625,21.078125,"[4, 0, 1, 6, 0, 2, 0, 2, 1, 8, 3, 9, 2, 0, 6, 1, 2, 2, 8, 3, 1, 4, 7, 5, 2, 6, 7, 7, 6, 8, 7, 9, 9, 0, 0, 8, 2, 2, 7, 3, 6, 4, 5, 5, 3, 6, 2, 7, 3, 8, 7, 0, 0, 8, 6, 2, 5, 3, 0, 5, 9, 6, 6, 7]","[2, 0, 1, 6, 0, 2, 0, 2, 1, 9, 3, 9, 2, 0, 6, 1, 2, 2, 8, 3, 1, 4, 7, 5, 4, 6, 7, 7, 6, 8, 7, 9, 9, 0, 0, 1, 2, 2, 7, 3, 6, 4, 5, 5, 3, 6, 2, 7, 3, 8, 7, 0, 0, 1, 6, 2, 8, 3, 0, 5, 9, 6, 6, 7]","[0.779066264629364, 0.9946908354759216, 0.5931251645088196, 0.979949414730072, 0.6099172830581665, 0.9993205070495605, 0.4197486937046051, 0.9899709820747375, 0.6388320326805115, 0.7637890577316284, 0.9998751878738403, 0.9977726340293884, 0.892353355884552, 0.9838054180145264, 0.9967789053916931, 0.520265519618988, 0.9767560958862305, 0.687971830368042, 0.996817946434021, 0.8098053336143494, 0.3070923686027527, 0.995439350605011, 0.9845563173294067, 0.9987936019897461, 0.8281719088554382, 0.9986748695373535, 0.996387243270874, 0.9953250885009766, 0.9945757389068604, 0.8844237327575684, 0.9970393180847168, 0.9634020924568176, 0.6800930500030518, 0.8538087606430054, 0.9997894167900085, 0.7735023498535156, 0.9760227203369141, 0.9831235408782959, 0.9922881126403809, 0.999396800994873, 0.8965614438056946, 0.688473105430603, 0.9941118359565735, 0.997814416885376, 0.9994066953659058, 0.9968791007995605, 0.740911602973938, 0.9844905734062195, 0.9999208450317383, 0.999567449092865, 0.9987897276878357, 0.9893909096717834, 0.9551089406013489, 0.4943160116672516, 0.7873618006706238, 0.9984965324401855, 0.9550071358680725, 0.9999544620513916, 0.8871947526931763, 0.9990536570549011, 0.9985437393188477, 0.9959023594856262, 0.3610052466392517, 0.99736088514328]","[0, 1, 1, 1, 1, 1, 1, 1, 1, 0, 1, 1, 1, 1, 1, 1, 1, 1, 1, 1, 1, 1, 1, 1, 0, 1, 1, 1, 1, 1, 1, 1, 1, 1, 1, 0, 1, 1, 1, 1, 1, 1, 1, 1, 1, 1, 1, 1, 1, 1, 1, 1, 1, 0, 1, 1, 0, 1, 1, 1, 1, 1, 1, 1]","[0.860383152961731, 0.04295142740011215, 1.5417354106903076, 0.11680372059345245, 1.083044409751892, 0.0063819075003266335, 1.5674254894256592, 0.06324130296707153, 1.3808913230895996, 0.5995204448699951, 0.0013926270185038447, 0.017695052549242973, 0.4177955389022827, 0.11070533096790314, 0.02414061315357685, 1.1634575128555298, 0.1376849114894867, 0.702240526676178, 0.026063458994030952, 0.7086396217346191, 2.0650722980499268, 0.032213471829891205, 0.09749218076467514, 0.009546870365738869, 0.7724841833114624, 0.011782079003751278, 0.026975108310580254, 0.034010063856840134, 0.03712977096438408, 0.5420612096786499, 0.02360476739704609, 0.20045998692512512, 1.0173530578613281, 0.6674366593360901, 0.0023389477282762527, 0.8468490839004517, 0.12472163140773773, 0.09617795050144196, 0.05524535849690437, 0.0058768391609191895, 0.47707438468933105, 0.8241581916809082, 0.04076329618692398, 0.016862917691469193, 0.005916993133723736, 0.024832163006067276, 0.7286273241043091, 0.095242440700531, 0.0008936451049521565, 0.00453010480850935, 0.010552258230745792, 0.07110172510147095, 0.21538011729717255, 1.2960957288742065, 0.8406790494918823, 0.01209995150566101, 0.2102964073419571, 0.000553290534298867, 0.45108136534690857, 0.00782989151775837, 0.012763489037752151, 0.033617112785577774, 1.6904280185699463, 0.021266654133796692]"
149,9536,9600,64,0.875,0.6046629548072815,clean_mnist,0.046875,0.125,0.078125,0.09375,0.125,0.140625,0.078125,0.15625,0.109375,0.046875,0.11774850636720657,0.2118668258190155,12.051878929138184,13.983242988586426,17.640625,21.328125,"[4, 8, 7, 5, 0, 4, 2, 8, 0, 7, 2, 4, 7, 7, 1, 7, 0, 3, 3, 9, 5, 8, 4, 8, 7, 3, 1, 1, 8, 5, 4, 8, 5, 3, 1, 7, 2, 4, 5, 2, 6, 6, 5, 1, 6, 5, 7, 2, 1, 4, 4, 5, 7, 5, 1, 3, 3, 6, 8, 9, 6, 9, 7, 1]","[4, 8, 7, 5, 1, 4, 2, 8, 0, 7, 2, 4, 7, 7, 1, 7, 0, 3, 8, 9, 6, 8, 4, 8, 7, 3, 1, 1, 8, 5, 4, 8, 5, 2, 1, 7, 2, 4, 6, 2, 6, 6, 5, 1, 6, 5, 7, 2, 1, 4, 4, 5, 7, 5, 1, 8, 3, 6, 8, 4, 6, 4, 7, 1]","[0.9645372033119202, 0.8953520655632019, 0.998115062713623, 0.9992645382881165, 0.2599869668483734, 0.8083968758583069, 0.9753229022026062, 0.9728648662567139, 0.9764832258224487, 0.9558712840080261, 0.7519571185112, 0.618244469165802, 0.5926372408866882, 0.9964283108711243, 0.5233975052833557, 0.8497196435928345, 0.9222033619880676, 0.9996964931488037, 0.36477962136268616, 0.9525870084762573, 0.43891534209251404, 0.7389408349990845, 0.9691547155380249, 0.9111014008522034, 0.9419868588447571, 0.9980719089508057, 0.5863128900527954, 0.9794162511825562, 0.9543740153312683, 0.9999655485153198, 0.9481058120727539, 0.5986829400062561, 0.9320331811904907, 0.5419052839279175, 0.38352617621421814, 0.9892765283584595, 0.8389106392860413, 0.985301673412323, 0.39656704664230347, 0.950463056564331, 0.976292073726654, 0.9930063486099243, 0.5751513838768005, 0.5730524659156799, 0.9528022408485413, 0.9999760389328003, 0.9372093081474304, 0.7193548083305359, 0.315000981092453, 0.9125968813896179, 0.9989084005355835, 0.9991920590400696, 0.7701680064201355, 0.977940022945404, 0.44537705183029175, 0.3154135048389435, 0.9977877140045166, 0.7739651203155518, 0.8370987176895142, 0.6318904757499695, 0.9774240255355835, 0.535538375377655, 0.37677547335624695, 0.7553907036781311]","[1, 1, 1, 1, 0, 1, 1, 1, 1, 1, 1, 1, 1, 1, 1, 1, 1, 1, 0, 1, 0, 1, 1, 1, 1, 1, 1, 1, 1, 1, 1, 1, 1, 0, 1, 1, 1, 1, 0, 1, 1, 1, 1, 1, 1, 1, 1, 1, 1, 1, 1, 1, 1, 1, 1, 0, 1, 1, 1, 0, 1, 0, 1, 1]","[0.2081175595521927, 0.42765823006629944, 0.015087145380675793, 0.006316532380878925, 1.9310444593429565, 0.5940298438072205, 0.15165407955646515, 0.16816361248493195, 0.1428976207971573, 0.24913883209228516, 0.7749960422515869, 1.340973138809204, 0.9357005953788757, 0.026662930846214294, 1.5599675178527832, 0.6491919755935669, 0.38533806800842285, 0.002834075829014182, 1.2398457527160645, 0.2439705729484558, 1.0257458686828613, 0.8066207766532898, 0.17843613028526306, 0.40516534447669983, 0.30339765548706055, 0.01691337488591671, 1.300622582435608, 0.12183920294046402, 0.21186618506908417, 0.0004084946122020483, 0.28211989998817444, 1.325598955154419, 0.3353622257709503, 1.1334863901138306, 2.0023813247680664, 0.06823735684156418, 0.5537621974945068, 0.09336947649717331, 1.3165004253387451, 0.23661527037620544, 0.12956154346466064, 0.05178208276629448, 0.7754606008529663, 1.4439826011657715, 0.26245275139808655, 0.00029603709117509425, 0.3161911964416504, 0.6552550196647644, 1.8157097101211548, 0.360759973526001, 0.009984593838453293, 0.006750302854925394, 0.8492030501365662, 0.11307461559772491, 1.877739667892456, 1.6572656631469727, 0.017425568774342537, 0.6013672947883606, 0.5972840785980225, 0.7792948484420776, 0.11805087327957153, 0.8554795980453491, 1.7064319849014282, 0.9255860447883606]"
150,9600,9664,64,0.90625,0.3572334349155426,clean_mnist,0.0,0.125,0.078125,0.234375,0.015625,0.078125,0.109375,0.09375,0.125,0.140625,0.12702932953834534,0.22414109110832214,12.100862503051758,13.953868865966797,18.171875,21.3125,"[2, 8, 3, 7, 2, 5, 7, 5, 8, 1, 3, 8, 3, 9, 9, 1, 1, 3, 1, 6, 3, 3, 1, 3, 3, 2, 4, 3, 8, 6, 9, 9, 9, 1, 9, 6, 3, 3, 3, 3, 8, 2, 9, 1, 7, 6, 5, 5, 3, 6, 8, 8, 5, 1, 9, 9, 7, 7, 2, 6, 7, 8, 6, 3]","[2, 8, 3, 7, 2, 5, 7, 5, 8, 1, 3, 8, 3, 9, 9, 1, 1, 3, 1, 6, 3, 3, 1, 3, 3, 2, 4, 2, 1, 6, 9, 9, 4, 9, 4, 6, 3, 3, 3, 3, 8, 8, 9, 1, 7, 6, 5, 5, 3, 6, 8, 8, 5, 1, 9, 9, 7, 7, 2, 6, 7, 8, 6, 3]","[0.9978457689285278, 0.6967828273773193, 0.9207178950309753, 0.9914193153381348, 0.5282291173934937, 0.9995827078819275, 0.9796662926673889, 0.9359758496284485, 0.5311422348022461, 0.7410483360290527, 0.999193012714386, 0.7331581711769104, 0.9829530715942383, 0.9993680119514465, 0.9972761273384094, 0.8079574108123779, 0.8947808742523193, 0.9990891218185425, 0.9213088154792786, 0.9833011627197266, 0.9998469352722168, 0.9999604225158691, 0.9476063251495361, 0.9997156262397766, 0.9861963391304016, 0.9116333723068237, 0.9967780709266663, 0.8919676542282104, 0.4959908425807953, 0.9986371397972107, 0.5195037126541138, 0.9931893348693848, 0.8489992022514343, 0.6011319160461426, 0.6669788360595703, 0.9955458641052246, 0.9999666213989258, 0.999906063079834, 0.9999052286148071, 0.9999085664749146, 0.9698562622070312, 0.42914485931396484, 0.9815745949745178, 0.5609838962554932, 0.9999771118164062, 0.999127209186554, 0.9994840621948242, 0.9998840093612671, 0.9960493445396423, 0.9994372725486755, 0.9643874764442444, 0.597181499004364, 0.9998921155929565, 0.5526863932609558, 0.9902583360671997, 0.9771277904510498, 0.7570551633834839, 0.9860158562660217, 0.9792888760566711, 0.9982300400733948, 0.9987616539001465, 0.7139359712600708, 0.995947539806366, 0.9999953508377075]","[1, 1, 1, 1, 1, 1, 1, 1, 1, 1, 1, 1, 1, 1, 1, 1, 1, 1, 1, 1, 1, 1, 1, 1, 1, 1, 1, 0, 0, 1, 1, 1, 0, 0, 0, 1, 1, 1, 1, 1, 1, 0, 1, 1, 1, 1, 1, 1, 1, 1, 1, 1, 1, 1, 1, 1, 1, 1, 1, 1, 1, 1, 1, 1]","[0.01687115617096424, 1.0240412950515747, 0.30543768405914307, 0.06173555180430412, 0.9087555408477783, 0.0041269869543612, 0.11622167378664017, 0.34223753213882446, 1.1199278831481934, 0.9097856283187866, 0.00670271273702383, 0.9970165491104126, 0.10453250259160995, 0.006144951097667217, 0.02231844887137413, 0.8169777989387512, 0.5087189674377441, 0.008199257776141167, 0.4167795181274414, 0.1013355627655983, 0.0017276114085689187, 0.00048375927144661546, 0.3050844669342041, 0.0027419354300945997, 0.09085379540920258, 0.3343493938446045, 0.02739681489765644, 0.3983689844608307, 1.3327326774597168, 0.011763429269194603, 1.5366864204406738, 0.044896867126226425, 0.4398956894874573, 1.2766914367675781, 0.7205539345741272, 0.035704355686903, 0.00042916389065794647, 0.001084855874069035, 0.001124956994317472, 0.0010207656305283308, 0.18498551845550537, 1.5321576595306396, 0.11602120846509933, 1.2839211225509644, 0.0002995184622704983, 0.00824737548828125, 0.004687331151217222, 0.0011748959077522159, 0.032302044332027435, 0.005492949392646551, 0.18168295919895172, 1.3942078351974487, 0.0011892792535945773, 1.3364852666854858, 0.06719251722097397, 0.14173753559589386, 0.8719324469566345, 0.09139036387205124, 0.13068826496601105, 0.014606592245399952, 0.011133556254208088, 1.0579125881195068, 0.03196590021252632, 6.739164382452145e-05]"
151,9664,9728,64,0.921875,0.35113197565078735,clean_mnist,0.21875,0.078125,0.140625,0.125,0.09375,0.09375,0.046875,0.109375,0.03125,0.0625,0.13979287445545197,0.2327684760093689,12.202322006225586,13.861977577209473,18.515625,21.65625,"[3, 7, 0, 4, 2, 7, 3, 0, 2, 9, 1, 0, 7, 0, 1, 3, 3, 7, 2, 9, 5, 3, 5, 5, 0, 2, 5, 0, 5, 1, 8, 0, 3, 1, 0, 0, 6, 4, 5, 0, 4, 1, 3, 0, 9, 4, 0, 7, 2, 9, 4, 2, 7, 0, 4, 6, 0, 2, 2, 6, 7, 2, 8, 3]","[3, 7, 0, 4, 2, 7, 3, 0, 2, 9, 1, 0, 7, 0, 1, 3, 3, 7, 2, 9, 5, 3, 8, 0, 0, 2, 5, 0, 6, 1, 8, 0, 3, 1, 0, 0, 6, 4, 6, 0, 4, 1, 3, 0, 9, 4, 0, 7, 2, 9, 4, 2, 7, 0, 4, 6, 0, 2, 2, 6, 7, 2, 8, 2]","[0.9751952290534973, 0.9897056818008423, 0.9381207227706909, 0.7514179944992065, 0.9744137525558472, 0.9962263107299805, 0.9974178075790405, 0.8996515870094299, 0.9989664554595947, 0.9887403845787048, 0.9973214268684387, 0.8804768919944763, 0.8996154069900513, 0.7637973427772522, 0.9911008477210999, 0.9998118281364441, 0.9999188184738159, 0.9744151830673218, 0.9995375871658325, 0.9806402921676636, 0.814698338508606, 0.9999974966049194, 0.4136570394039154, 0.8367763757705688, 0.8706886768341064, 0.9785236120223999, 0.8915678858757019, 0.8138137459754944, 0.9241266250610352, 0.8264681696891785, 0.9849521517753601, 0.999494194984436, 0.9991258978843689, 0.8481295108795166, 0.8131283521652222, 0.9881561994552612, 0.9996412992477417, 0.9252004027366638, 0.4722427725791931, 0.8794062733650208, 0.9408729672431946, 0.8210785984992981, 0.9998667240142822, 0.9925752878189087, 0.8316450119018555, 0.9317201375961304, 0.998407781124115, 0.971461296081543, 0.8808766007423401, 0.9240168929100037, 0.9341282248497009, 0.5996590852737427, 0.947658121585846, 0.4427622854709625, 0.9575470089912415, 0.9991573095321655, 0.583355188369751, 0.64705890417099, 0.9640684127807617, 0.998490571975708, 0.9911791682243347, 0.9927914142608643, 0.9996919631958008, 0.6312189102172852]","[1, 1, 1, 1, 1, 1, 1, 1, 1, 1, 1, 1, 1, 1, 1, 1, 1, 1, 1, 1, 1, 1, 0, 0, 1, 1, 1, 1, 0, 1, 1, 1, 1, 1, 1, 1, 1, 1, 0, 1, 1, 1, 1, 1, 1, 1, 1, 1, 1, 1, 1, 1, 1, 1, 1, 1, 1, 1, 1, 1, 1, 1, 1, 0]","[0.11751196533441544, 0.06704453378915787, 0.2929585576057434, 0.5742105841636658, 0.14074723422527313, 0.029991086572408676, 0.018975410610437393, 0.4732832908630371, 0.00946742482483387, 0.07251699268817902, 0.022895095869898796, 0.5579443573951721, 0.428097128868103, 0.8276340365409851, 0.06854879856109619, 0.002071172231808305, 0.000936314812861383, 0.14907488226890564, 0.00445367768406868, 0.11961261928081512, 0.4886401891708374, 3.762996129808016e-05, 1.2728796005249023, 0.6384251117706299, 0.6077666282653809, 0.10860190540552139, 0.4370024502277374, 0.7883061170578003, 0.2762158513069153, 0.6828479766845703, 0.09234055876731873, 0.004732564091682434, 0.007693535648286343, 0.6489028930664062, 0.719600260257721, 0.07962533831596375, 0.0036194734275341034, 0.3179532289505005, 1.1266686916351318, 0.5822806358337402, 0.2698585093021393, 0.7865259647369385, 0.0014803403755649924, 0.053677354007959366, 0.5922420620918274, 0.2560183107852936, 0.012410055845975876, 0.1687622368335724, 0.4121963381767273, 0.36758995056152344, 0.31264734268188477, 1.0338646173477173, 0.30214723944664, 1.160375714302063, 0.22287335991859436, 0.007942628115415573, 1.4831254482269287, 0.8554608821868896, 0.16125470399856567, 0.012964867055416107, 0.06062731519341469, 0.044928647577762604, 0.003098732326179743, 1.0282576084136963]"
152,9728,9792,64,1.0,0.3781285881996155,clean_mnist,0.109375,0.0625,0.140625,0.109375,0.0625,0.078125,0.0625,0.109375,0.109375,0.15625,0.13468214869499207,0.2279287576675415,12.09448528289795,13.908936500549316,19.5625,21.09375,"[9, 9, 3, 9, 8, 0, 1, 1, 2, 2, 5, 3, 7, 4, 0, 5, 0, 6, 4, 7, 2, 8, 0, 9, 9, 0, 9, 1, 2, 2, 9, 3, 6, 4, 8, 5, 8, 6, 3, 7, 7, 8, 5, 9, 2, 0, 7, 1, 2, 2, 3, 3, 2, 4, 8, 5, 9, 6, 3, 7, 7, 8, 0, 9]","[9, 9, 3, 9, 8, 0, 1, 1, 2, 2, 5, 3, 7, 4, 0, 5, 0, 6, 4, 7, 2, 8, 0, 9, 9, 0, 9, 1, 2, 2, 9, 3, 6, 4, 8, 5, 8, 6, 3, 7, 7, 8, 5, 9, 2, 0, 7, 1, 2, 2, 3, 3, 2, 4, 8, 5, 9, 6, 3, 7, 7, 8, 0, 9]","[0.994574248790741, 0.9974850416183472, 0.999940037727356, 0.9680973291397095, 0.8840904235839844, 0.5831087827682495, 0.662276029586792, 0.6275316476821899, 0.9890439510345459, 0.9949606657028198, 0.9973955154418945, 0.9999685287475586, 0.8730207085609436, 0.9635136723518372, 0.9630054831504822, 0.9998553991317749, 0.3794710338115692, 0.9992638230323792, 0.6515960097312927, 0.9430471658706665, 0.4080280065536499, 0.9988694787025452, 0.9448455572128296, 0.9947056174278259, 0.9813651442527771, 0.8261553049087524, 0.9270539283752441, 0.6422511339187622, 0.88349848985672, 0.9617995619773865, 0.8339614272117615, 0.9991632699966431, 0.9848382472991943, 0.9997656941413879, 0.7300692200660706, 0.9984166622161865, 0.9988808035850525, 0.9648518562316895, 0.9999889135360718, 0.9996138215065002, 0.9963358640670776, 0.9863772392272949, 0.9024608135223389, 0.9997221827507019, 0.9932687878608704, 0.2609114348888397, 0.3561016917228699, 0.9996962547302246, 0.9981398582458496, 0.9992659687995911, 0.9991210103034973, 0.9999918937683105, 0.9933061003684998, 0.9996330738067627, 0.38562706112861633, 0.9997569918632507, 0.3834597170352936, 0.982344388961792, 0.9964355230331421, 0.9810501933097839, 0.4622015058994293, 0.9915080070495605, 0.8953544497489929, 0.9894611239433289]","[1, 1, 1, 1, 1, 1, 1, 1, 1, 1, 1, 1, 1, 1, 1, 1, 1, 1, 1, 1, 1, 1, 1, 1, 1, 1, 1, 1, 1, 1, 1, 1, 1, 1, 1, 1, 1, 1, 1, 1, 1, 1, 1, 1, 1, 1, 1, 1, 1, 1, 1, 1, 1, 1, 1, 1, 1, 1, 1, 1, 1, 1, 1, 1]","[0.03703835606575012, 0.020431626588106155, 0.00071488949470222, 0.1827080398797989, 0.4734642505645752, 1.2758899927139282, 1.3565973043441772, 1.4483445882797241, 0.07380448281764984, 0.03363112360239029, 0.02000501938164234, 0.0003612097934819758, 0.5983220338821411, 0.21571174263954163, 0.21685877442359924, 0.001555857714265585, 1.6076157093048096, 0.007052692584693432, 0.7375805974006653, 0.29559528827667236, 1.2220786809921265, 0.0097052538767457, 0.2914600074291229, 0.04043255001306534, 0.11505203694105148, 0.6855775117874146, 0.29843446612358093, 1.3900296688079834, 0.4726991653442383, 0.1699894517660141, 0.648128867149353, 0.007531022187322378, 0.10903676599264145, 0.002439136616885662, 1.080214023590088, 0.012429816648364067, 0.010238842107355595, 0.201906219124794, 0.00014531065244227648, 0.003839252982288599, 0.02993587963283062, 0.09232505410909653, 0.3685075044631958, 0.00292668747715652, 0.04672972112894058, 1.7181508541107178, 1.551731824874878, 0.0033022642601281404, 0.015210245735943317, 0.0063587576150894165, 0.0075011788867414, 0.00011369280400685966, 0.04860126972198486, 0.003832475980743766, 1.8401299715042114, 0.002325325272977352, 1.2247066497802734, 0.11291767656803131, 0.026197826489806175, 0.11950347572565079, 0.9746130108833313, 0.05258600413799286, 0.5104936957359314, 0.0668763518333435]"
153,9792,9856,64,0.921875,0.31238868832588196,clean_mnist,0.046875,0.09375,0.140625,0.109375,0.03125,0.125,0.09375,0.09375,0.140625,0.125,0.1268605887889862,0.2195490002632141,12.11032485961914,13.819845199584961,19.53125,21.15625,"[8, 7, 8, 4, 1, 3, 6, 8, 5, 5, 6, 1, 1, 8, 0, 5, 6, 2, 9, 8, 3, 6, 5, 1, 5, 9, 6, 2, 0, 4, 0, 9, 5, 9, 2, 9, 6, 3, 2, 7, 8, 7, 3, 9, 2, 1, 9, 8, 7, 2, 1, 7, 8, 5, 9, 3, 3, 5, 2, 3, 8, 2, 7, 2]","[8, 7, 8, 4, 1, 3, 6, 8, 5, 5, 6, 1, 1, 8, 0, 5, 6, 2, 9, 8, 3, 6, 5, 1, 6, 9, 6, 2, 0, 4, 0, 0, 5, 9, 2, 9, 6, 3, 2, 7, 8, 7, 0, 9, 2, 1, 9, 8, 0, 2, 1, 7, 8, 5, 9, 8, 3, 5, 2, 3, 8, 2, 7, 2]","[0.9252275824546814, 0.9980506896972656, 0.9390577077865601, 0.9878779649734497, 0.9968165755271912, 0.9997649788856506, 0.9368740320205688, 0.7722792625427246, 0.9990192651748657, 0.9994199275970459, 0.9291854500770569, 0.715684175491333, 0.6732062697410583, 0.654390811920166, 0.9580305814743042, 0.999931812286377, 0.9808464646339417, 0.9981170892715454, 0.982962429523468, 0.9950907230377197, 0.7919715642929077, 0.984197199344635, 0.9944936633110046, 0.9775784015655518, 0.7963786721229553, 0.8487209677696228, 0.957050085067749, 0.9999337196350098, 0.5701632499694824, 0.999233603477478, 0.7497469186782837, 0.5840849876403809, 0.9859258532524109, 0.9988172054290771, 0.8479280471801758, 0.9955814480781555, 0.953838050365448, 0.9999974966049194, 0.975375771522522, 0.9982028007507324, 0.9654563665390015, 0.9971829652786255, 0.53075110912323, 0.5434062480926514, 0.9708974361419678, 0.9938700199127197, 0.9990814924240112, 0.9786650538444519, 0.3947000205516815, 0.9998518228530884, 0.6454060673713684, 0.9167182445526123, 0.9078031778335571, 0.9995655417442322, 0.7155816555023193, 0.7634106874465942, 0.998840868473053, 0.9999672174453735, 0.9996155500411987, 0.9938482642173767, 0.8362643122673035, 0.995049774646759, 0.9987843632698059, 0.9693525433540344]","[1, 1, 1, 1, 1, 1, 1, 1, 1, 1, 1, 1, 1, 1, 1, 1, 1, 1, 1, 1, 1, 1, 1, 1, 0, 1, 1, 1, 1, 1, 1, 0, 1, 1, 1, 1, 1, 1, 1, 1, 1, 1, 0, 1, 1, 1, 1, 1, 0, 1, 1, 1, 1, 1, 1, 0, 1, 1, 1, 1, 1, 1, 1, 1]","[0.38369759917259216, 0.016790421679615974, 0.2811662554740906, 0.08571841567754745, 0.027014996856451035, 0.0024351077154278755, 0.3296016752719879, 0.665323793888092, 0.008541539311408997, 0.005732066463679075, 0.28003501892089844, 1.1573197841644287, 0.8976012468338013, 0.6669546961784363, 0.24769726395606995, 0.0007594921626150608, 0.12473934888839722, 0.014781917445361614, 0.10958472639322281, 0.034585803747177124, 0.5864023566246033, 0.09616244584321976, 0.037871554493904114, 0.15030710399150848, 0.8750829696655273, 0.6259922981262207, 0.21760787069797516, 0.0007614085916429758, 1.0400546789169312, 0.007473728619515896, 0.6464942693710327, 0.9145975708961487, 0.0818885862827301, 0.01058449037373066, 0.5445094704627991, 0.033686574548482895, 0.24309276044368744, 3.953234772779979e-05, 0.13015176355838776, 0.014061130583286285, 0.17110785841941833, 0.023333827033638954, 1.2256746292114258, 0.7842474579811096, 0.14041893184185028, 0.04874603822827339, 0.008873319253325462, 0.12679676711559296, 1.427614450454712, 0.0016171103343367577, 1.2031323909759521, 0.39436161518096924, 0.4263465404510498, 0.003809017362073064, 0.9410716891288757, 0.5720094442367554, 0.010694334283471107, 0.00040152540896087885, 0.003910200670361519, 0.04648275300860405, 0.6393436789512634, 0.03238988295197487, 0.01055923756211996, 0.15303020179271698]"
154,9856,9920,64,0.984375,0.3169933557510376,clean_mnist,0.109375,0.140625,0.078125,0.140625,0.0625,0.078125,0.09375,0.140625,0.078125,0.078125,0.12748029828071594,0.2208278477191925,12.061787605285645,13.894571304321289,19.625,20.640625,"[1, 0, 5, 5, 6, 8, 2, 6, 3, 0, 8, 4, 3, 0, 9, 3, 6, 8, 0, 1, 9, 3, 7, 3, 4, 0, 7, 4, 1, 7, 7, 4, 7, 9, 0, 2, 6, 9, 2, 1, 9, 2, 5, 5, 8, 7, 1, 1, 3, 7, 1, 1, 7, 6, 1, 7, 2, 3, 0, 3, 3, 6, 8, 5]","[1, 0, 5, 5, 6, 8, 2, 6, 3, 0, 8, 4, 3, 0, 9, 3, 6, 8, 0, 1, 9, 0, 7, 3, 4, 0, 7, 4, 1, 7, 7, 4, 7, 9, 0, 2, 6, 9, 2, 1, 9, 2, 5, 5, 8, 7, 1, 1, 3, 7, 1, 1, 7, 6, 1, 7, 2, 3, 0, 3, 3, 6, 8, 5]","[0.9875627756118774, 0.6780474781990051, 0.9494624733924866, 0.9989498257637024, 0.7140436768531799, 0.9571548104286194, 0.9976531863212585, 0.9920943379402161, 0.999570906162262, 0.747762143611908, 0.9535076022148132, 0.9882447719573975, 0.9995796084403992, 0.9959795475006104, 0.9746391177177429, 0.9999791383743286, 0.9951937794685364, 0.7477792501449585, 0.976624071598053, 0.9503211379051208, 0.9187904000282288, 0.2664629817008972, 0.928097128868103, 0.9999873638153076, 0.9789637327194214, 0.4741046130657196, 0.9836912155151367, 0.9992192983627319, 0.8364138007164001, 0.998250424861908, 0.9917510151863098, 0.9997487664222717, 0.9695492386817932, 0.9985331296920776, 0.9375849366188049, 0.9981478452682495, 0.9012612700462341, 0.9978567957878113, 0.9992058873176575, 0.5986050367355347, 0.9957713484764099, 0.9996154308319092, 0.9902302622795105, 0.9996234178543091, 0.9545960426330566, 0.9996562004089355, 0.996927797794342, 0.8078492283821106, 0.9809019565582275, 0.9869269728660583, 0.4070056676864624, 0.7251338362693787, 0.9728730916976929, 0.9944091439247131, 0.733917772769928, 0.9996823072433472, 0.9679493308067322, 0.9995664954185486, 0.5382198095321655, 0.9997537732124329, 0.9941238760948181, 0.9679853916168213, 0.8863375782966614, 0.9978952407836914]","[1, 1, 1, 1, 1, 1, 1, 1, 1, 1, 1, 1, 1, 1, 1, 1, 1, 1, 1, 1, 1, 0, 1, 1, 1, 1, 1, 1, 1, 1, 1, 1, 1, 1, 1, 1, 1, 1, 1, 1, 1, 1, 1, 1, 1, 1, 1, 1, 1, 1, 1, 1, 1, 1, 1, 1, 1, 1, 1, 1, 1, 1, 1, 1]","[0.08992724865674973, 0.9512603282928467, 0.22787457704544067, 0.009196718223392963, 1.0212676525115967, 0.21103888750076294, 0.019934259355068207, 0.05735551938414574, 0.004348824266344309, 0.8596084713935852, 0.25651001930236816, 0.0724932998418808, 0.003954156767576933, 0.031593289226293564, 0.15058821439743042, 0.0002781759249046445, 0.038017578423023224, 0.5693289637565613, 0.1488974392414093, 0.2918700873851776, 0.39613720774650574, 1.5806233882904053, 0.31796956062316895, 0.00017194007523357868, 0.11357748508453369, 1.3689204454421997, 0.093424491584301, 0.00716825807467103, 0.7407456040382385, 0.014319639652967453, 0.05590330809354782, 0.002610214985907078, 0.18188738822937012, 0.012449233792722225, 0.3040110766887665, 0.014345003291964531, 0.43732407689094543, 0.01735045574605465, 0.007456189952790737, 1.4858704805374146, 0.032367754727602005, 0.0035944709088653326, 0.06591518223285675, 0.0034141663927584887, 0.21300585567951202, 0.0034972813446074724, 0.026131344959139824, 0.8804705142974854, 0.10592520236968994, 0.08642765879631042, 1.8579998016357422, 1.1031887531280518, 0.14668290317058563, 0.04166289046406746, 1.076352834701538, 0.0031418686266988516, 0.18160007894039154, 0.004403226543217897, 1.5056302547454834, 0.002521156333386898, 0.03638449311256409, 0.18193134665489197, 0.5407670736312866, 0.016951320692896843]"
155,9920,9984,64,0.921875,0.42224735021591187,clean_mnist,0.09375,0.09375,0.09375,0.125,0.09375,0.078125,0.109375,0.046875,0.140625,0.125,0.12471527606248856,0.2145930826663971,12.082283020019531,13.777862548828125,19.140625,21.0625,"[4, 6, 0, 2, 3, 8, 5, 7, 6, 6, 1, 4, 3, 9, 0, 8, 8, 8, 9, 2, 4, 9, 1, 6, 8, 5, 6, 5, 8, 9, 9, 5, 8, 3, 7, 7, 3, 4, 5, 3, 1, 6, 2, 0, 2, 0, 3, 6, 9, 9, 8, 0, 2, 1, 3, 1, 4, 3, 0, 2, 4, 1, 8, 9]","[4, 6, 0, 2, 8, 8, 6, 7, 6, 6, 1, 4, 3, 9, 0, 8, 8, 8, 9, 2, 4, 9, 1, 6, 8, 5, 6, 5, 8, 9, 9, 5, 8, 3, 7, 7, 8, 4, 5, 3, 1, 6, 2, 0, 2, 0, 0, 6, 9, 9, 8, 0, 2, 1, 3, 1, 4, 3, 0, 2, 4, 1, 8, 0]","[0.9523523449897766, 0.9697607755661011, 0.9582031965255737, 0.9997734427452087, 0.3446544408798218, 0.9951604008674622, 0.57994544506073, 0.845755398273468, 0.9789193868637085, 0.9979915618896484, 0.9028973579406738, 0.996418833732605, 0.983417809009552, 0.9221981167793274, 0.9993023872375488, 0.9991658926010132, 0.9957689046859741, 0.9983296990394592, 0.5095685124397278, 0.9773522019386292, 0.3971627652645111, 0.9973697662353516, 0.6373387575149536, 0.9960770010948181, 0.9962755441665649, 0.9993690848350525, 0.9797421097755432, 0.9990436434745789, 0.9247608184814453, 0.9726933836936951, 0.8965775966644287, 0.9989144802093506, 0.9399766325950623, 0.9999973773956299, 0.8960037231445312, 0.9995529055595398, 0.5584961771965027, 0.9818118214607239, 0.9566001892089844, 0.9934719800949097, 0.4659522473812103, 0.8941084742546082, 0.9949859380722046, 0.6096642017364502, 0.9808823466300964, 0.46964988112449646, 0.4644635319709778, 0.9954884648323059, 0.9992178678512573, 0.9986573457717896, 0.8196517825126648, 0.7283837199211121, 0.9373149275779724, 0.5907769799232483, 0.9938517808914185, 0.994722843170166, 0.4088153839111328, 0.99993896484375, 0.9944597482681274, 0.7468157410621643, 0.7636288404464722, 0.889927864074707, 0.9760016202926636, 0.5838847756385803]","[1, 1, 1, 1, 0, 1, 0, 1, 1, 1, 1, 1, 1, 1, 1, 1, 1, 1, 1, 1, 1, 1, 1, 1, 1, 1, 1, 1, 1, 1, 1, 1, 1, 1, 1, 1, 0, 1, 1, 1, 1, 1, 1, 1, 1, 1, 0, 1, 1, 1, 1, 1, 1, 1, 1, 1, 1, 1, 1, 1, 1, 1, 1, 0]","[0.2293180525302887, 0.17661745846271515, 0.24056169390678406, 0.002253069309517741, 1.7979018688201904, 0.03648662567138672, 0.7444660067558289, 0.6777091026306152, 0.13247981667518616, 0.016992485150694847, 0.49754318594932556, 0.028888579457998276, 0.09286106377840042, 0.32057440280914307, 0.006908908020704985, 0.007640707306563854, 0.03155921772122383, 0.013774105347692966, 1.5887372493743896, 0.11453918367624283, 1.2075533866882324, 0.021264735609292984, 1.2830653190612793, 0.026482440531253815, 0.0310441292822361, 0.005700673907995224, 0.12879455089569092, 0.008242776617407799, 0.3540448248386383, 0.15479205548763275, 0.4412032663822174, 0.009933234192430973, 0.2572077512741089, 4.046817048219964e-05, 0.4783725142478943, 0.004016659688204527, 1.1152946949005127, 0.11628613620996475, 0.18497706949710846, 0.04976335167884827, 1.8227741718292236, 0.44990020990371704, 0.03581678867340088, 1.3133310079574585, 0.10790921747684479, 1.1139416694641113, 1.3111896514892578, 0.036220621317625046, 0.007247746456414461, 0.01193240750581026, 0.6260334253311157, 0.9246731996536255, 0.3181164860725403, 1.5239324569702148, 0.04307745024561882, 0.04276055097579956, 1.4469300508499146, 0.0007468268158845603, 0.04027289152145386, 0.599116325378418, 0.637059211730957, 0.5646010041236877, 0.14668361842632294, 1.2636712789535522]"
156,9984,10000,16,0.8125,0.4677112400531769,clean_mnist,0.0,0.0625,0.0625,0.125,0.125,0.0625,0.0625,0.25,0.0625,0.1875,0.1331854611635208,0.22734074294567108,11.982986450195312,13.964613914489746,20.4375,20.9375,"[4, 9, 9, 1, 7, 2, 7, 3, 7, 4, 3, 5, 8, 6, 9, 7]","[4, 0, 0, 1, 7, 2, 7, 3, 7, 4, 0, 5, 8, 6, 9, 7]","[0.7721072435379028, 0.33044350147247314, 0.3631267547607422, 0.7206830382347107, 0.9988456964492798, 0.9998440742492676, 0.9948603510856628, 0.9967964291572571, 0.9997932314872742, 0.8670858144760132, 0.6631472110748291, 0.9999181032180786, 0.5684397220611572, 0.9816915392875671, 0.9787223935127258, 0.9739186763763428]","[1, 0, 0, 1, 1, 1, 1, 1, 1, 1, 0, 1, 1, 1, 1, 1]","[0.6077119708061218, 1.598446011543274, 1.2817041873931885, 1.1722135543823242, 0.010359253734350204, 0.0017102358397096395, 0.03551112487912178, 0.024079404771327972, 0.0023168434854596853, 0.4804516136646271, 1.1041502952575684, 0.0009206669055856764, 0.7587510943412781, 0.12360384315252304, 0.12256411463022232, 0.15888546407222748]"
