tta_method,case,performing_clients,performing_length,tta_client,tta_corruption,clean_samples,corruption_samples,tta_local_before,tta_local_after,initial_mixed_accuracy,initial_shift_accuracy,fedavg_mixed_accuracy,fedavg_shift_accuracy,protected_v2_mixed_accuracy,protected_v2_shift_accuracy,protected_v2_gain_vs_initial_mixed,protected_v2_gain_vs_fedavg_mixed,protected_v2_gain_vs_initial_shift,protected_v2_gain_vs_fedavg_shift,model_pref_tta_weight,bn_pref_tta_weight,sum_pref_tta_weight,artifact_dir
tent,perf_1_plus_0_on_brightness,client_1,1,client_0,brightness,50,50,0.2268,0.9694,0.66,0.34,0.6,0.22,0.67,0.36,0.010000000000000009,0.07000000000000006,0.019999999999999962,0.13999999999999999,4.55042347391282e-05,0.030894658292921432,0.03094016252766056,/Users/deepakkanneganti/Documents/TTA-Composition/Service-level TTA Model/TTA techniques/artifacts/client_0_brightness
tent,perf_2_plus_0_on_brightness,client_2,1,client_0,brightness,50,50,0.2268,0.9694,0.62,0.24,0.58,0.16,0.6,0.2,-0.020000000000000018,0.020000000000000018,-0.03999999999999998,0.04000000000000001,2.0642804393469558e-05,0.025310681669758063,0.025331324474151533,/Users/deepakkanneganti/Documents/TTA-Composition/Service-level TTA Model/TTA techniques/artifacts/client_0_brightness
tent,perf_3_plus_0_on_brightness,client_3,1,client_0,brightness,50,50,0.2268,0.9694,0.6,0.2,0.53,0.06,0.56,0.12,-0.039999999999999925,0.030000000000000027,-0.08000000000000002,0.06,2.9095285933283444e-05,0.032390979114311824,0.03242007440024511,/Users/deepakkanneganti/Documents/TTA-Composition/Service-level TTA Model/TTA techniques/artifacts/client_0_brightness
tent,perf_4_plus_0_on_brightness,client_4,1,client_0,brightness,50,50,0.2268,0.9694,0.67,0.34,0.6,0.2,0.67,0.34,0.0,0.07000000000000006,0.0,0.14,3.517293562926736e-05,0.03535071826261639,0.03538589119824566,/Users/deepakkanneganti/Documents/TTA-Composition/Service-level TTA Model/TTA techniques/artifacts/client_0_brightness
tent,perf_1_2_plus_0_on_brightness,"client_1,client_2",2,client_0,brightness,50,50,0.2268,0.9694,0.64,0.28,0.59,0.18,0.64,0.28,0.0,0.050000000000000044,0.0,0.10000000000000003,0.00013167685145582228,0.03651010154997941,0.03664177840143523,/Users/deepakkanneganti/Documents/TTA-Composition/Service-level TTA Model/TTA techniques/artifacts/client_0_brightness
tent,perf_1_3_plus_0_on_brightness,"client_1,client_3",2,client_0,brightness,50,50,0.2268,0.9694,0.64,0.28,0.6,0.2,0.64,0.28,0.0,0.040000000000000036,0.0,0.08000000000000002,0.0001433463583450982,0.04843422401324399,0.048577570371589086,/Users/deepakkanneganti/Documents/TTA-Composition/Service-level TTA Model/TTA techniques/artifacts/client_0_brightness
tent,perf_1_4_plus_0_on_brightness,"client_1,client_4",2,client_0,brightness,50,50,0.2268,0.9694,0.66,0.34,0.6,0.22,0.67,0.36,0.010000000000000009,0.07000000000000006,0.019999999999999962,0.13999999999999999,0.00014955963193031698,0.05456549085762667,0.054715050489556986,/Users/deepakkanneganti/Documents/TTA-Composition/Service-level TTA Model/TTA techniques/artifacts/client_0_brightness
tent,perf_2_3_plus_0_on_brightness,"client_2,client_3",2,client_0,brightness,50,50,0.2268,0.9694,0.6,0.2,0.55,0.1,0.59,0.18,-0.010000000000000009,0.039999999999999925,-0.020000000000000018,0.07999999999999999,0.0001126535541699376,0.04118563182560925,0.041298285379779184,/Users/deepakkanneganti/Documents/TTA-Composition/Service-level TTA Model/TTA techniques/artifacts/client_0_brightness
tent,perf_2_4_plus_0_on_brightness,"client_2,client_4",2,client_0,brightness,50,50,0.2268,0.9694,0.64,0.28,0.6,0.2,0.65,0.3,0.010000000000000009,0.050000000000000044,0.019999999999999962,0.09999999999999998,0.0001247931020937434,0.04941338669721249,0.049538179799306234,/Users/deepakkanneganti/Documents/TTA-Composition/Service-level TTA Model/TTA techniques/artifacts/client_0_brightness
tent,perf_3_4_plus_0_on_brightness,"client_3,client_4",2,client_0,brightness,50,50,0.2268,0.9694,0.62,0.24,0.57,0.14,0.63,0.26,0.010000000000000009,0.06000000000000005,0.020000000000000018,0.12,0.00013586094995780718,0.049139175487977076,0.049275036437934884,/Users/deepakkanneganti/Documents/TTA-Composition/Service-level TTA Model/TTA techniques/artifacts/client_0_brightness
tent,perf_1_2_3_plus_0_on_brightness,"client_1,client_2,client_3",3,client_0,brightness,50,50,0.2268,0.9694,0.62,0.24,0.6,0.2,0.61,0.22,-0.010000000000000009,0.010000000000000009,-0.01999999999999999,0.01999999999999999,0.00022076163686378324,0.04725143232807205,0.047472193964935835,/Users/deepakkanneganti/Documents/TTA-Composition/Service-level TTA Model/TTA techniques/artifacts/client_0_brightness
tent,perf_1_2_4_plus_0_on_brightness,"client_1,client_2,client_4",3,client_0,brightness,50,50,0.2268,0.9694,0.66,0.32,0.61,0.22,0.66,0.32,0.0,0.050000000000000044,0.0,0.1,0.00023041729139906518,0.05356296034298917,0.05379337763438824,/Users/deepakkanneganti/Documents/TTA-Composition/Service-level TTA Model/TTA techniques/artifacts/client_0_brightness
tent,perf_1_3_4_plus_0_on_brightness,"client_1,client_3,client_4",3,client_0,brightness,50,50,0.2268,0.9694,0.66,0.32,0.6,0.2,0.66,0.32,0.0,0.06000000000000005,0.0,0.12,0.000237939988303369,0.05927751668778609,0.05951545667608946,/Users/deepakkanneganti/Documents/TTA-Composition/Service-level TTA Model/TTA techniques/artifacts/client_0_brightness
tent,perf_2_3_4_plus_0_on_brightness,"client_2,client_3,client_4",3,client_0,brightness,50,50,0.2268,0.9694,0.62,0.24,0.57,0.14,0.62,0.24,0.0,0.050000000000000044,0.0,0.09999999999999998,0.00021723723744227155,0.05387400426606988,0.05409124150351215,/Users/deepakkanneganti/Documents/TTA-Composition/Service-level TTA Model/TTA techniques/artifacts/client_0_brightness
tent,perf_1_2_3_4_plus_0_on_brightness,"client_1,client_2,client_3,client_4",4,client_0,brightness,50,50,0.2268,0.9694,0.64,0.28,0.6,0.2,0.64,0.28,0.0,0.040000000000000036,0.0,0.08000000000000002,0.0003001200739096516,0.057453473986708116,0.057753594060617766,/Users/deepakkanneganti/Documents/TTA-Composition/Service-level TTA Model/TTA techniques/artifacts/client_0_brightness
tent,perf_1_plus_0_on_glass_blur,client_1,1,client_0,glass_blur,50,50,0.7441,0.798,0.91,0.84,0.9,0.82,0.9,0.82,-0.010000000000000009,0.0,-0.020000000000000018,0.0,4.55042347391282e-05,0.03122197356835469,0.031267477803093816,/Users/deepakkanneganti/Documents/TTA-Composition/Service-level TTA Model/TTA techniques/artifacts/client_0_glass_blur
tent,perf_2_plus_0_on_glass_blur,client_2,1,client_0,glass_blur,50,50,0.7441,0.798,0.92,0.84,0.91,0.82,0.9,0.8,-0.020000000000000018,-0.010000000000000009,-0.039999999999999925,-0.019999999999999907,2.0642804393469558e-05,0.024721614690437845,0.024742257494831315,/Users/deepakkanneganti/Documents/TTA-Composition/Service-level TTA Model/TTA techniques/artifacts/client_0_glass_blur
tent,perf_3_plus_0_on_glass_blur,client_3,1,client_0,glass_blur,50,50,0.7441,0.798,0.93,0.86,0.91,0.82,0.91,0.82,-0.020000000000000018,0.0,-0.040000000000000036,0.0,2.9095285933283444e-05,0.032023556771156717,0.03205265205709,/Users/deepakkanneganti/Documents/TTA-Composition/Service-level TTA Model/TTA techniques/artifacts/client_0_glass_blur
tent,perf_4_plus_0_on_glass_blur,client_4,1,client_0,glass_blur,50,50,0.7441,0.798,0.93,0.86,0.91,0.82,0.92,0.84,-0.010000000000000009,0.010000000000000009,-0.020000000000000018,0.020000000000000018,3.517293562926736e-05,0.034923674145443326,0.034958847081072594,/Users/deepakkanneganti/Documents/TTA-Composition/Service-level TTA Model/TTA techniques/artifacts/client_0_glass_blur
tent,perf_1_2_plus_0_on_glass_blur,"client_1,client_2",2,client_0,glass_blur,50,50,0.7441,0.798,0.91,0.82,0.91,0.82,0.92,0.84,0.010000000000000009,0.010000000000000009,0.020000000000000018,0.020000000000000018,0.00013167685145582228,0.036237062280493074,0.03636873913194889,/Users/deepakkanneganti/Documents/TTA-Composition/Service-level TTA Model/TTA techniques/artifacts/client_0_glass_blur
tent,perf_1_3_plus_0_on_glass_blur,"client_1,client_3",2,client_0,glass_blur,50,50,0.7441,0.798,0.94,0.88,0.92,0.84,0.94,0.88,0.0,0.019999999999999907,0.0,0.040000000000000036,0.0001433463583450982,0.048413394255569606,0.048556740613914705,/Users/deepakkanneganti/Documents/TTA-Composition/Service-level TTA Model/TTA techniques/artifacts/client_0_glass_blur
tent,perf_1_4_plus_0_on_glass_blur,"client_1,client_4",2,client_0,glass_blur,50,50,0.7441,0.798,0.91,0.84,0.89,0.8,0.9,0.82,-0.010000000000000009,0.010000000000000009,-0.020000000000000018,0.019999999999999907,0.00014955963193031698,0.05452656345611317,0.05467612308804348,/Users/deepakkanneganti/Documents/TTA-Composition/Service-level TTA Model/TTA techniques/artifacts/client_0_glass_blur
tent,perf_2_3_plus_0_on_glass_blur,"client_2,client_3",2,client_0,glass_blur,50,50,0.7441,0.798,0.94,0.88,0.91,0.82,0.93,0.86,-0.009999999999999898,0.020000000000000018,-0.020000000000000018,0.040000000000000036,0.0001126535541699376,0.040389106139995,0.04050175969416494,/Users/deepakkanneganti/Documents/TTA-Composition/Service-level TTA Model/TTA techniques/artifacts/client_0_glass_blur
tent,perf_2_4_plus_0_on_glass_blur,"client_2,client_4",2,client_0,glass_blur,50,50,0.7441,0.798,0.92,0.84,0.91,0.82,0.92,0.84,0.0,0.010000000000000009,0.0,0.020000000000000018,0.0001247931020937434,0.04839317418211387,0.04851796728420761,/Users/deepakkanneganti/Documents/TTA-Composition/Service-level TTA Model/TTA techniques/artifacts/client_0_glass_blur
tent,perf_3_4_plus_0_on_glass_blur,"client_3,client_4",2,client_0,glass_blur,50,50,0.7441,0.798,0.93,0.86,0.92,0.84,0.93,0.86,0.0,0.010000000000000009,0.0,0.020000000000000018,0.00013586094995780718,0.048499304805037204,0.04863516575499501,/Users/deepakkanneganti/Documents/TTA-Composition/Service-level TTA Model/TTA techniques/artifacts/client_0_glass_blur
tent,perf_1_2_3_plus_0_on_glass_blur,"client_1,client_2,client_3",3,client_0,glass_blur,50,50,0.7441,0.798,0.94,0.88,0.91,0.82,0.93,0.86,-0.009999999999999898,0.020000000000000018,-0.020000000000000018,0.040000000000000036,0.00022076163686378324,0.046798842864373504,0.04701960450123729,/Users/deepakkanneganti/Documents/TTA-Composition/Service-level TTA Model/TTA techniques/artifacts/client_0_glass_blur
tent,perf_1_2_4_plus_0_on_glass_blur,"client_1,client_2,client_4",3,client_0,glass_blur,50,50,0.7441,0.798,0.92,0.84,0.91,0.82,0.92,0.84,0.0,0.010000000000000009,0.0,0.020000000000000018,0.00023041729139906518,0.05302066333730509,0.05325108062870416,/Users/deepakkanneganti/Documents/TTA-Composition/Service-level TTA Model/TTA techniques/artifacts/client_0_glass_blur
tent,perf_1_3_4_plus_0_on_glass_blur,"client_1,client_3,client_4",3,client_0,glass_blur,50,50,0.7441,0.798,0.94,0.88,0.92,0.84,0.94,0.88,0.0,0.019999999999999907,0.0,0.040000000000000036,0.000237939988303369,0.05897982024415463,0.059217760232458,/Users/deepakkanneganti/Documents/TTA-Composition/Service-level TTA Model/TTA techniques/artifacts/client_0_glass_blur
tent,perf_2_3_4_plus_0_on_glass_blur,"client_2,client_3,client_4",3,client_0,glass_blur,50,50,0.7441,0.798,0.93,0.86,0.91,0.82,0.93,0.86,0.0,0.020000000000000018,0.0,0.040000000000000036,0.00021723723744227155,0.0528765424420989,0.05309377967954117,/Users/deepakkanneganti/Documents/TTA-Composition/Service-level TTA Model/TTA techniques/artifacts/client_0_glass_blur
tent,perf_1_2_3_4_plus_0_on_glass_blur,"client_1,client_2,client_3,client_4",4,client_0,glass_blur,50,50,0.7441,0.798,0.93,0.86,0.91,0.82,0.93,0.86,0.0,0.020000000000000018,0.0,0.040000000000000036,0.0003001200739096516,0.05681510111667372,0.05711522119058337,/Users/deepakkanneganti/Documents/TTA-Composition/Service-level TTA Model/TTA techniques/artifacts/client_0_glass_blur
tent,perf_1_plus_0_on_stripe,client_1,1,client_0,stripe,50,50,0.8262,0.8043,0.92,0.86,0.92,0.86,0.94,0.9,0.019999999999999907,0.019999999999999907,0.040000000000000036,0.040000000000000036,4.55042347391282e-05,0.030591155729438498,0.030636659964177627,/Users/deepakkanneganti/Documents/TTA-Composition/Service-level TTA Model/TTA techniques/artifacts/client_0_stripe
tent,perf_2_plus_0_on_stripe,client_2,1,client_0,stripe,50,50,0.8262,0.8043,0.95,0.9,0.95,0.9,0.93,0.86,-0.019999999999999907,-0.019999999999999907,-0.040000000000000036,-0.040000000000000036,2.0642804393469558e-05,0.02422912732557254,0.02424977012996601,/Users/deepakkanneganti/Documents/TTA-Composition/Service-level TTA Model/TTA techniques/artifacts/client_0_stripe
tent,perf_3_plus_0_on_stripe,client_3,1,client_0,stripe,50,50,0.8262,0.8043,0.94,0.88,0.94,0.88,0.95,0.9,0.010000000000000009,0.010000000000000009,0.020000000000000018,0.020000000000000018,2.9095285933283444e-05,0.031609191286804186,0.03163828657273747,/Users/deepakkanneganti/Documents/TTA-Composition/Service-level TTA Model/TTA techniques/artifacts/client_0_stripe
tent,perf_4_plus_0_on_stripe,client_4,1,client_0,stripe,50,50,0.8262,0.8043,0.93,0.86,0.95,0.9,0.92,0.84,-0.010000000000000009,-0.029999999999999916,-0.020000000000000018,-0.06000000000000005,3.517293562926736e-05,0.034288879722320614,0.03432405265794988,/Users/deepakkanneganti/Documents/TTA-Composition/Service-level TTA Model/TTA techniques/artifacts/client_0_stripe
tent,perf_1_2_plus_0_on_stripe,"client_1,client_2",2,client_0,stripe,50,50,0.8262,0.8043,0.95,0.9,0.95,0.9,0.94,0.88,-0.010000000000000009,-0.010000000000000009,-0.020000000000000018,-0.020000000000000018,0.00013167685145582228,0.03545711958869448,0.0355887964401503,/Users/deepakkanneganti/Documents/TTA-Composition/Service-level TTA Model/TTA techniques/artifacts/client_0_stripe
tent,perf_1_3_plus_0_on_stripe,"client_1,client_3",2,client_0,stripe,50,50,0.8262,0.8043,0.94,0.88,0.93,0.88,0.95,0.9,0.010000000000000009,0.019999999999999907,0.020000000000000018,0.020000000000000018,0.0001433463583450982,0.047507992974603196,0.047651339332948295,/Users/deepakkanneganti/Documents/TTA-Composition/Service-level TTA Model/TTA techniques/artifacts/client_0_stripe
tent,perf_1_4_plus_0_on_stripe,"client_1,client_4",2,client_0,stripe,50,50,0.8262,0.8043,0.92,0.86,0.92,0.86,0.91,0.84,-0.010000000000000009,-0.010000000000000009,-0.020000000000000018,-0.020000000000000018,0.00014955963193031698,0.053317363970971615,0.05346692360290193,/Users/deepakkanneganti/Documents/TTA-Composition/Service-level TTA Model/TTA techniques/artifacts/client_0_stripe
tent,perf_2_3_plus_0_on_stripe,"client_2,client_3",2,client_0,stripe,50,50,0.8262,0.8043,0.94,0.88,0.94,0.88,0.93,0.86,-0.009999999999999898,-0.009999999999999898,-0.020000000000000018,-0.020000000000000018,0.0001126535541699376,0.03965182804048833,0.039764481594658264,/Users/deepakkanneganti/Documents/TTA-Composition/Service-level TTA Model/TTA techniques/artifacts/client_0_stripe
tent,perf_2_4_plus_0_on_stripe,"client_2,client_4",2,client_0,stripe,50,50,0.8262,0.8043,0.95,0.9,0.95,0.9,0.94,0.88,-0.010000000000000009,-0.010000000000000009,-0.020000000000000018,-0.020000000000000018,0.0001247931020937434,0.04733205873451303,0.04745685183660677,/Users/deepakkanneganti/Documents/TTA-Composition/Service-level TTA Model/TTA techniques/artifacts/client_0_stripe
tent,perf_3_4_plus_0_on_stripe,"client_3,client_4",2,client_0,stripe,50,50,0.8262,0.8043,0.94,0.88,0.94,0.88,0.93,0.86,-0.009999999999999898,-0.009999999999999898,-0.020000000000000018,-0.020000000000000018,0.00013586094995780718,0.04766239146856241,0.04779825241852022,/Users/deepakkanneganti/Documents/TTA-Composition/Service-level TTA Model/TTA techniques/artifacts/client_0_stripe
tent,perf_1_2_3_plus_0_on_stripe,"client_1,client_2,client_3",3,client_0,stripe,50,50,0.8262,0.8043,0.94,0.88,0.94,0.88,0.94,0.88,0.0,0.0,0.0,0.0,0.00022076163686378324,0.04585176124923081,0.04607252288609459,/Users/deepakkanneganti/Documents/TTA-Composition/Service-level TTA Model/TTA techniques/artifacts/client_0_stripe
tent,perf_1_2_4_plus_0_on_stripe,"client_1,client_2,client_4",3,client_0,stripe,50,50,0.8262,0.8043,0.95,0.9,0.95,0.9,0.94,0.88,-0.010000000000000009,-0.010000000000000009,-0.020000000000000018,-0.020000000000000018,0.00023041729139906518,0.051809204025282884,0.05203962131668195,/Users/deepakkanneganti/Documents/TTA-Composition/Service-level TTA Model/TTA techniques/artifacts/client_0_stripe
tent,perf_1_3_4_plus_0_on_stripe,"client_1,client_3,client_4",3,client_0,stripe,50,50,0.8262,0.8043,0.94,0.88,0.94,0.88,0.94,0.88,0.0,0.0,0.0,0.0,0.000237939988303369,0.05778208460664103,0.0580200245949444,/Users/deepakkanneganti/Documents/TTA-Composition/Service-level TTA Model/TTA techniques/artifacts/client_0_stripe
tent,perf_2_3_4_plus_0_on_stripe,"client_2,client_3,client_4",3,client_0,stripe,50,50,0.8262,0.8043,0.94,0.88,0.94,0.88,0.94,0.88,0.0,0.0,0.0,0.0,0.00021723723744227155,0.051819090999844025,0.052036328237286295,/Users/deepakkanneganti/Documents/TTA-Composition/Service-level TTA Model/TTA techniques/artifacts/client_0_stripe
tent,perf_1_2_3_4_plus_0_on_stripe,"client_1,client_2,client_3,client_4",4,client_0,stripe,50,50,0.8262,0.8043,0.94,0.88,0.94,0.88,0.94,0.88,0.0,0.0,0.0,0.0,0.0003001200739096516,0.05560321322690125,0.0559033333008109,/Users/deepakkanneganti/Documents/TTA-Composition/Service-level TTA Model/TTA techniques/artifacts/client_0_stripe
tent,perf_1_plus_0_on_zigzag,client_1,1,client_0,zigzag,50,50,0.8229,0.8527,0.9,0.82,0.9,0.82,0.91,0.84,0.010000000000000009,0.010000000000000009,0.020000000000000018,0.020000000000000018,4.55042347391282e-05,0.03218841719830295,0.03223392143304207,/Users/deepakkanneganti/Documents/TTA-Composition/Service-level TTA Model/TTA techniques/artifacts/client_0_zigzag
tent,perf_2_plus_0_on_zigzag,client_2,1,client_0,zigzag,50,50,0.8229,0.8527,0.89,0.78,0.9,0.8,0.88,0.76,-0.010000000000000009,-0.020000000000000018,-0.020000000000000018,-0.040000000000000036,2.0642804393469558e-05,0.025518470866954267,0.025539113671347737,/Users/deepakkanneganti/Documents/TTA-Composition/Service-level TTA Model/TTA techniques/artifacts/client_0_zigzag
tent,perf_3_plus_0_on_zigzag,client_3,1,client_0,zigzag,50,50,0.8229,0.8527,0.9,0.8,0.91,0.82,0.89,0.78,-0.010000000000000009,-0.020000000000000018,-0.020000000000000018,-0.039999999999999925,2.9095285933283444e-05,0.033099626848445286,0.03312872213437857,/Users/deepakkanneganti/Documents/TTA-Composition/Service-level TTA Model/TTA techniques/artifacts/client_0_zigzag
tent,perf_4_plus_0_on_zigzag,client_4,1,client_0,zigzag,50,50,0.8229,0.8527,0.9,0.8,0.92,0.84,0.88,0.76,-0.020000000000000018,-0.040000000000000036,-0.040000000000000036,-0.07999999999999996,3.517293562926736e-05,0.03589364709782213,0.0359288200334514,/Users/deepakkanneganti/Documents/TTA-Composition/Service-level TTA Model/TTA techniques/artifacts/client_0_zigzag
tent,perf_1_2_plus_0_on_zigzag,"client_1,client_2",2,client_0,zigzag,50,50,0.8229,0.8527,0.91,0.82,0.91,0.82,0.9,0.8,-0.010000000000000009,-0.010000000000000009,-0.019999999999999907,-0.019999999999999907,0.00013167685145582228,0.03746988703293044,0.03760156388438626,/Users/deepakkanneganti/Documents/TTA-Composition/Service-level TTA Model/TTA techniques/artifacts/client_0_zigzag
tent,perf_1_3_plus_0_on_zigzag,"client_1,client_3",2,client_0,zigzag,50,50,0.8229,0.8527,0.91,0.82,0.91,0.82,0.91,0.82,0.0,0.0,0.0,0.0,0.0001433463583450982,0.05018304684406741,0.05032639320241251,/Users/deepakkanneganti/Documents/TTA-Composition/Service-level TTA Model/TTA techniques/artifacts/client_0_zigzag
tent,perf_1_4_plus_0_on_zigzag,"client_1,client_4",2,client_0,zigzag,50,50,0.8229,0.8527,0.91,0.84,0.92,0.84,0.91,0.84,0.0,-0.010000000000000009,0.0,0.0,0.00014955963193031698,0.05638782456046056,0.05653738419239088,/Users/deepakkanneganti/Documents/TTA-Composition/Service-level TTA Model/TTA techniques/artifacts/client_0_zigzag
tent,perf_2_3_plus_0_on_zigzag,"client_2,client_3",2,client_0,zigzag,50,50,0.8229,0.8527,0.9,0.8,0.9,0.8,0.91,0.82,0.010000000000000009,0.010000000000000009,0.019999999999999907,0.019999999999999907,0.0001126535541699376,0.0418597618380125,0.04197241539218244,/Users/deepakkanneganti/Documents/TTA-Composition/Service-level TTA Model/TTA techniques/artifacts/client_0_zigzag
tent,perf_2_4_plus_0_on_zigzag,"client_2,client_4",2,client_0,zigzag,50,50,0.8229,0.8527,0.9,0.8,0.91,0.82,0.88,0.76,-0.020000000000000018,-0.030000000000000027,-0.040000000000000036,-0.05999999999999994,0.0001247931020937434,0.05007619566048111,0.05020098876257485,/Users/deepakkanneganti/Documents/TTA-Composition/Service-level TTA Model/TTA techniques/artifacts/client_0_zigzag
tent,perf_3_4_plus_0_on_zigzag,"client_3,client_4",2,client_0,zigzag,50,50,0.8229,0.8527,0.89,0.78,0.91,0.82,0.89,0.78,0.0,-0.020000000000000018,0.0,-0.039999999999999925,0.00013586094995780718,0.05016127521864237,0.05029713616860018,/Users/deepakkanneganti/Documents/TTA-Composition/Service-level TTA Model/TTA techniques/artifacts/client_0_zigzag
tent,perf_1_2_3_plus_0_on_zigzag,"client_1,client_2,client_3",3,client_0,zigzag,50,50,0.8229,0.8527,0.9,0.8,0.91,0.82,0.9,0.8,0.0,-0.010000000000000009,0.0,-0.019999999999999907,0.00022076163686378324,0.04852941536133508,0.04875017699819886,/Users/deepakkanneganti/Documents/TTA-Composition/Service-level TTA Model/TTA techniques/artifacts/client_0_zigzag
tent,perf_1_2_4_plus_0_on_zigzag,"client_1,client_2,client_4",3,client_0,zigzag,50,50,0.8229,0.8527,0.91,0.82,0.91,0.82,0.91,0.82,0.0,0.0,0.0,0.0,0.00023041729139906518,0.05492558212168897,0.05515599941308804,/Users/deepakkanneganti/Documents/TTA-Composition/Service-level TTA Model/TTA techniques/artifacts/client_0_zigzag
tent,perf_1_3_4_plus_0_on_zigzag,"client_1,client_3,client_4",3,client_0,zigzag,50,50,0.8229,0.8527,0.91,0.82,0.91,0.82,0.91,0.82,0.0,0.0,0.0,0.0,0.000237939988303369,0.061151066882912886,0.061389006871216255,/Users/deepakkanneganti/Documents/TTA-Composition/Service-level TTA Model/TTA techniques/artifacts/client_0_zigzag
tent,perf_2_3_4_plus_0_on_zigzag,"client_2,client_3,client_4",3,client_0,zigzag,50,50,0.8229,0.8527,0.9,0.8,0.91,0.82,0.9,0.8,0.0,-0.010000000000000009,0.0,-0.019999999999999907,0.00021723723744227155,0.05482447125373589,0.05504170849117816,/Users/deepakkanneganti/Documents/TTA-Composition/Service-level TTA Model/TTA techniques/artifacts/client_0_zigzag
tent,perf_1_2_3_4_plus_0_on_zigzag,"client_1,client_2,client_3,client_4",4,client_0,zigzag,50,50,0.8229,0.8527,0.9,0.8,0.91,0.82,0.9,0.8,0.0,-0.010000000000000009,0.0,-0.019999999999999907,0.0003001200739096516,0.05894750394010177,0.05924762401401142,/Users/deepakkanneganti/Documents/TTA-Composition/Service-level TTA Model/TTA techniques/artifacts/client_0_zigzag
tent,perf_0_plus_1_on_brightness,client_0,1,client_1,brightness,50,50,0.3328,0.9813,0.66,0.34,0.6,0.22,0.62,0.24,-0.040000000000000036,0.020000000000000018,-0.10000000000000003,0.01999999999999999,4.55042347391282e-05,0.026647645169640403,0.026693149404379533,/Users/deepakkanneganti/Documents/TTA-Composition/Service-level TTA Model/TTA techniques/artifacts/client_1_brightness
tent,perf_2_plus_1_on_brightness,client_2,1,client_1,brightness,50,50,0.3328,0.9813,0.64,0.28,0.61,0.24,0.62,0.24,-0.020000000000000018,0.010000000000000009,-0.040000000000000036,0.0,2.37976303668143e-05,0.03877213874345146,0.03879593637381827,/Users/deepakkanneganti/Documents/TTA-Composition/Service-level TTA Model/TTA techniques/artifacts/client_1_brightness
tent,perf_3_plus_1_on_brightness,client_3,1,client_1,brightness,50,50,0.3328,0.9813,0.63,0.26,0.59,0.18,0.56,0.12,-0.06999999999999995,-0.029999999999999916,-0.14,-0.06,3.5808911043040873e-05,0.0230311743203932,0.02306698323143624,/Users/deepakkanneganti/Documents/TTA-Composition/Service-level TTA Model/TTA techniques/artifacts/client_1_brightness
tent,perf_4_plus_1_on_brightness,client_4,1,client_1,brightness,50,50,0.3328,0.9813,0.68,0.38,0.66,0.34,0.68,0.36,0.0,0.020000000000000018,-0.020000000000000018,0.019999999999999962,4.552402718002308e-05,0.01825610986047848,0.018301633887658503,/Users/deepakkanneganti/Documents/TTA-Composition/Service-level TTA Model/TTA techniques/artifacts/client_1_brightness
tent,perf_0_2_plus_1_on_brightness,"client_0,client_2",2,client_1,brightness,50,50,0.3328,0.9813,0.64,0.28,0.62,0.26,0.62,0.24,-0.020000000000000018,0.0,-0.040000000000000036,-0.020000000000000018,0.00014978484269922965,0.04966987789325706,0.04981966273595629,/Users/deepakkanneganti/Documents/TTA-Composition/Service-level TTA Model/TTA techniques/artifacts/client_1_brightness
tent,perf_0_3_plus_1_on_brightness,"client_0,client_3",2,client_1,brightness,50,50,0.3328,0.9813,0.64,0.28,0.59,0.2,0.6,0.2,-0.040000000000000036,0.010000000000000009,-0.08000000000000002,0.0,0.00017227759357919605,0.03486681046186565,0.035039088055444846,/Users/deepakkanneganti/Documents/TTA-Composition/Service-level TTA Model/TTA techniques/artifacts/client_1_brightness
tent,perf_0_4_plus_1_on_brightness,"client_0,client_4",2,client_1,brightness,50,50,0.3328,0.9813,0.66,0.34,0.64,0.3,0.66,0.32,0.0,0.020000000000000018,-0.020000000000000018,0.020000000000000018,0.00018734779659409378,0.02989054358904245,0.030077891385636542,/Users/deepakkanneganti/Documents/TTA-Composition/Service-level TTA Model/TTA techniques/artifacts/client_1_brightness
tent,perf_2_3_plus_1_on_brightness,"client_2,client_3",2,client_1,brightness,50,50,0.3328,0.9813,0.62,0.24,0.61,0.22,0.59,0.18,-0.030000000000000027,-0.020000000000000018,-0.06,-0.04000000000000001,0.00013817290664125458,0.04284706117267839,0.042985234079319645,/Users/deepakkanneganti/Documents/TTA-Composition/Service-level TTA Model/TTA techniques/artifacts/client_1_brightness
tent,perf_2_4_plus_1_on_brightness,"client_2,client_4",2,client_1,brightness,50,50,0.3328,0.9813,0.66,0.34,0.63,0.28,0.66,0.32,0.0,0.030000000000000027,-0.020000000000000018,0.03999999999999998,0.00015755070432988227,0.04247897899193495,0.04263652969626484,/Users/deepakkanneganti/Documents/TTA-Composition/Service-level TTA Model/TTA techniques/artifacts/client_1_brightness
tent,perf_3_4_plus_1_on_brightness,"client_3,client_4",2,client_1,brightness,50,50,0.3328,0.9813,0.66,0.32,0.62,0.26,0.63,0.26,-0.030000000000000027,0.010000000000000009,-0.06,0.0,0.00017821622910536999,0.028304493441470086,0.028482709670575455,/Users/deepakkanneganti/Documents/TTA-Composition/Service-level TTA Model/TTA techniques/artifacts/client_1_brightness
tent,perf_0_2_3_plus_1_on_brightness,"client_0,client_2,client_3",3,client_1,brightness,50,50,0.3328,0.9813,0.62,0.24,0.59,0.2,0.6,0.2,-0.020000000000000018,0.010000000000000009,-0.03999999999999998,0.0,0.00026858117097724565,0.048057477761690906,0.04832605893266815,/Users/deepakkanneganti/Documents/TTA-Composition/Service-level TTA Model/TTA techniques/artifacts/client_1_brightness
tent,perf_0_2_4_plus_1_on_brightness,"client_0,client_2,client_4",3,client_1,brightness,50,50,0.3328,0.9813,0.66,0.32,0.63,0.28,0.64,0.28,-0.020000000000000018,0.010000000000000009,-0.03999999999999998,0.0,0.0002878068500397399,0.04581400896854751,0.04610181581858725,/Users/deepakkanneganti/Documents/TTA-Composition/Service-level TTA Model/TTA techniques/artifacts/client_1_brightness
tent,perf_0_3_4_plus_1_on_brightness,"client_0,client_3,client_4",3,client_1,brightness,50,50,0.3328,0.9813,0.66,0.32,0.62,0.26,0.62,0.24,-0.040000000000000036,0.0,-0.08000000000000002,-0.020000000000000018,0.0003078038177468655,0.03461682989844734,0.034924633716194205,/Users/deepakkanneganti/Documents/TTA-Composition/Service-level TTA Model/TTA techniques/artifacts/client_1_brightness
tent,perf_2_3_4_plus_1_on_brightness,"client_2,client_3,client_4",3,client_1,brightness,50,50,0.3328,0.9813,0.64,0.28,0.6,0.22,0.63,0.26,-0.010000000000000009,0.030000000000000027,-0.020000000000000018,0.04000000000000001,0.0002795055029118437,0.04258549719099624,0.04286500269390808,/Users/deepakkanneganti/Documents/TTA-Composition/Service-level TTA Model/TTA techniques/artifacts/client_1_brightness
tent,perf_0_2_3_4_plus_1_on_brightness,"client_0,client_2,client_3,client_4",4,client_1,brightness,50,50,0.3328,0.9813,0.64,0.28,0.62,0.26,0.62,0.24,-0.020000000000000018,0.0,-0.040000000000000036,-0.020000000000000018,0.00038371846123467975,0.04538199724765642,0.045765715708891104,/Users/deepakkanneganti/Documents/TTA-Composition/Service-level TTA Model/TTA techniques/artifacts/client_1_brightness
tent,perf_0_plus_1_on_glass_blur,client_0,1,client_1,glass_blur,50,50,0.6978,0.7981,0.91,0.84,0.87,0.76,0.92,0.84,0.010000000000000009,0.050000000000000044,0.0,0.07999999999999996,4.55042347391282e-05,0.02240650606111307,0.0224520102958522,/Users/deepakkanneganti/Documents/TTA-Composition/Service-level TTA Model/TTA techniques/artifacts/client_1_glass_blur
tent,perf_2_plus_1_on_glass_blur,client_2,1,client_1,glass_blur,50,50,0.6978,0.7981,0.93,0.86,0.85,0.72,0.91,0.82,-0.020000000000000018,0.06000000000000005,-0.040000000000000036,0.09999999999999998,2.37976303668143e-05,0.030416921893577815,0.03044071952394463,/Users/deepakkanneganti/Documents/TTA-Composition/Service-level TTA Model/TTA techniques/artifacts/client_1_glass_blur
tent,perf_3_plus_1_on_glass_blur,client_3,1,client_1,glass_blur,50,50,0.6978,0.7981,0.94,0.88,0.9,0.82,0.91,0.82,-0.029999999999999916,0.010000000000000009,-0.06000000000000005,0.0,3.5808911043040873e-05,0.01889168215434654,0.01892749106538958,/Users/deepakkanneganti/Documents/TTA-Composition/Service-level TTA Model/TTA techniques/artifacts/client_1_glass_blur
tent,perf_4_plus_1_on_glass_blur,client_4,1,client_1,glass_blur,50,50,0.6978,0.7981,0.9,0.82,0.86,0.74,0.92,0.84,0.020000000000000018,0.06000000000000005,0.020000000000000018,0.09999999999999998,4.552402718002308e-05,0.015261128306222083,0.015306652333402107,/Users/deepakkanneganti/Documents/TTA-Composition/Service-level TTA Model/TTA techniques/artifacts/client_1_glass_blur
tent,perf_0_2_plus_1_on_glass_blur,"client_0,client_2",2,client_1,glass_blur,50,50,0.6978,0.7981,0.91,0.82,0.88,0.78,0.92,0.84,0.010000000000000009,0.040000000000000036,0.020000000000000018,0.05999999999999994,0.00014978484269922965,0.03937487396144517,0.0395246588041444,/Users/deepakkanneganti/Documents/TTA-Composition/Service-level TTA Model/TTA techniques/artifacts/client_1_glass_blur
tent,perf_0_3_plus_1_on_glass_blur,"client_0,client_3",2,client_1,glass_blur,50,50,0.6978,0.7981,0.94,0.88,0.9,0.82,0.93,0.86,-0.009999999999999898,0.030000000000000027,-0.020000000000000018,0.040000000000000036,0.00017227759357919605,0.028469322023353148,0.028641599616932342,/Users/deepakkanneganti/Documents/TTA-Composition/Service-level TTA Model/TTA techniques/artifacts/client_1_glass_blur
tent,perf_0_4_plus_1_on_glass_blur,"client_0,client_4",2,client_1,glass_blur,50,50,0.6978,0.7981,0.91,0.84,0.85,0.72,0.93,0.86,0.020000000000000018,0.08000000000000007,0.020000000000000018,0.14,0.00018734779659409378,0.024716838195310342,0.024904185991904436,/Users/deepakkanneganti/Documents/TTA-Composition/Service-level TTA Model/TTA techniques/artifacts/client_1_glass_blur
tent,perf_2_3_plus_1_on_glass_blur,"client_2,client_3",2,client_1,glass_blur,50,50,0.6978,0.7981,0.93,0.86,0.87,0.76,0.92,0.84,-0.010000000000000009,0.050000000000000044,-0.020000000000000018,0.07999999999999996,0.00013817290664125458,0.03368020591786793,0.033818378824509186,/Users/deepakkanneganti/Documents/TTA-Composition/Service-level TTA Model/TTA techniques/artifacts/client_1_glass_blur
tent,perf_2_4_plus_1_on_glass_blur,"client_2,client_4",2,client_1,glass_blur,50,50,0.6978,0.7981,0.91,0.84,0.87,0.76,0.92,0.84,0.010000000000000009,0.050000000000000044,0.0,0.07999999999999996,0.00015755070432988227,0.033583237755375334,0.03374078845970522,/Users/deepakkanneganti/Documents/TTA-Composition/Service-level TTA Model/TTA techniques/artifacts/client_1_glass_blur
tent,perf_3_4_plus_1_on_glass_blur,"client_3,client_4",2,client_1,glass_blur,50,50,0.6978,0.7981,0.94,0.88,0.88,0.78,0.93,0.86,-0.009999999999999898,0.050000000000000044,-0.020000000000000018,0.07999999999999996,0.00017821622910536999,0.023089780702524938,0.023267996931630307,/Users/deepakkanneganti/Documents/TTA-Composition/Service-level TTA Model/TTA techniques/artifacts/client_1_glass_blur
tent,perf_0_2_3_plus_1_on_glass_blur,"client_0,client_2,client_3",3,client_1,glass_blur,50,50,0.6978,0.7981,0.94,0.88,0.88,0.78,0.94,0.88,0.0,0.05999999999999994,0.0,0.09999999999999998,0.00026858117097724565,0.03805810989939962,0.03832669107037686,/Users/deepakkanneganti/Documents/TTA-Composition/Service-level TTA Model/TTA techniques/artifacts/client_1_glass_blur
tent,perf_0_2_4_plus_1_on_glass_blur,"client_0,client_2,client_4",3,client_1,glass_blur,50,50,0.6978,0.7981,0.92,0.84,0.85,0.72,0.92,0.84,0.0,0.07000000000000006,0.0,0.12,0.0002878068500397399,0.03652308704592371,0.036810893895963454,/Users/deepakkanneganti/Documents/TTA-Composition/Service-level TTA Model/TTA techniques/artifacts/client_1_glass_blur
tent,perf_0_3_4_plus_1_on_glass_blur,"client_0,client_3,client_4",3,client_1,glass_blur,50,50,0.6978,0.7981,0.94,0.88,0.87,0.76,0.94,0.88,0.0,0.06999999999999995,0.0,0.12,0.0003078038177468655,0.028209271884350354,0.02851707570209722,/Users/deepakkanneganti/Documents/TTA-Composition/Service-level TTA Model/TTA techniques/artifacts/client_1_glass_blur
tent,perf_2_3_4_plus_1_on_glass_blur,"client_2,client_3,client_4",3,client_1,glass_blur,50,50,0.6978,0.7981,0.93,0.86,0.87,0.76,0.93,0.86,0.0,0.06000000000000005,0.0,0.09999999999999998,0.0002795055029118437,0.03370038473335523,0.033979890236267074,/Users/deepakkanneganti/Documents/TTA-Composition/Service-level TTA Model/TTA techniques/artifacts/client_1_glass_blur
tent,perf_0_2_3_4_plus_1_on_glass_blur,"client_0,client_2,client_3,client_4",4,client_1,glass_blur,50,50,0.6978,0.7981,0.93,0.86,0.88,0.78,0.93,0.86,0.0,0.050000000000000044,0.0,0.07999999999999996,0.00038371846123467975,0.03611188385329336,0.03649560231452804,/Users/deepakkanneganti/Documents/TTA-Composition/Service-level TTA Model/TTA techniques/artifacts/client_1_glass_blur
tent,perf_0_plus_1_on_stripe,client_0,1,client_1,stripe,50,50,0.8793,0.9173,0.92,0.86,0.91,0.84,0.91,0.82,-0.010000000000000009,0.0,-0.040000000000000036,-0.020000000000000018,4.55042347391282e-05,0.017532663204530632,0.01757816743926976,/Users/deepakkanneganti/Documents/TTA-Composition/Service-level TTA Model/TTA techniques/artifacts/client_1_stripe
tent,perf_2_plus_1_on_stripe,client_2,1,client_1,stripe,50,50,0.8793,0.9173,0.94,0.88,0.92,0.86,0.93,0.86,-0.009999999999999898,0.010000000000000009,-0.020000000000000018,0.0,2.37976303668143e-05,0.023887712692782486,0.0239115103231493,/Users/deepakkanneganti/Documents/TTA-Composition/Service-level TTA Model/TTA techniques/artifacts/client_1_stripe
tent,perf_3_plus_1_on_stripe,client_3,1,client_1,stripe,50,50,0.8793,0.9173,0.96,0.92,0.91,0.84,0.95,0.9,-0.010000000000000009,0.039999999999999925,-0.020000000000000018,0.06000000000000005,3.5808911043040873e-05,0.015285282385142087,0.015321091296185129,/Users/deepakkanneganti/Documents/TTA-Composition/Service-level TTA Model/TTA techniques/artifacts/client_1_stripe
tent,perf_4_plus_1_on_stripe,client_4,1,client_1,stripe,50,50,0.8793,0.9173,0.91,0.84,0.91,0.84,0.92,0.84,0.010000000000000009,0.010000000000000009,0.0,0.0,4.552402718002308e-05,0.012291341588076593,0.012336865615256617,/Users/deepakkanneganti/Documents/TTA-Composition/Service-level TTA Model/TTA techniques/artifacts/client_1_stripe
tent,perf_0_2_plus_1_on_stripe,"client_0,client_2",2,client_1,stripe,50,50,0.8793,0.9173,0.95,0.9,0.91,0.84,0.95,0.9,0.0,0.039999999999999925,0.0,0.06000000000000005,0.00014978484269922965,0.030049873602815386,0.030199658445514616,/Users/deepakkanneganti/Documents/TTA-Composition/Service-level TTA Model/TTA techniques/artifacts/client_1_stripe
tent,perf_0_3_plus_1_on_stripe,"client_0,client_3",2,client_1,stripe,50,50,0.8793,0.9173,0.94,0.88,0.93,0.88,0.94,0.88,0.0,0.009999999999999898,0.0,0.0,0.00017227759357919605,0.02224578381203861,0.022418061405617806,/Users/deepakkanneganti/Documents/TTA-Composition/Service-level TTA Model/TTA techniques/artifacts/client_1_stripe
tent,perf_0_4_plus_1_on_stripe,"client_0,client_4",2,client_1,stripe,50,50,0.8793,0.9173,0.92,0.86,0.91,0.84,0.93,0.86,0.010000000000000009,0.020000000000000018,0.0,0.020000000000000018,0.00018734779659409378,0.019320206679463443,0.019507554476057537,/Users/deepakkanneganti/Documents/TTA-Composition/Service-level TTA Model/TTA techniques/artifacts/client_1_stripe
tent,perf_2_3_plus_1_on_stripe,"client_2,client_3",2,client_1,stripe,50,50,0.8793,0.9173,0.94,0.88,0.91,0.84,0.93,0.86,-0.009999999999999898,0.020000000000000018,-0.020000000000000018,0.020000000000000018,0.00013817290664125458,0.0263408140356588,0.026478986942300053,/Users/deepakkanneganti/Documents/TTA-Composition/Service-level TTA Model/TTA techniques/artifacts/client_1_stripe
tent,perf_2_4_plus_1_on_stripe,"client_2,client_4",2,client_1,stripe,50,50,0.8793,0.9173,0.93,0.88,0.92,0.86,0.94,0.88,0.009999999999999898,0.019999999999999907,0.0,0.020000000000000018,0.00015755070432988227,0.026044424395445864,0.026201975099775746,/Users/deepakkanneganti/Documents/TTA-Composition/Service-level TTA Model/TTA techniques/artifacts/client_1_stripe
tent,perf_3_4_plus_1_on_stripe,"client_3,client_4",2,client_1,stripe,50,50,0.8793,0.9173,0.94,0.88,0.92,0.86,0.93,0.86,-0.009999999999999898,0.010000000000000009,-0.020000000000000018,0.0,0.00017821622910536999,0.01834847609954036,0.01852669232864573,/Users/deepakkanneganti/Documents/TTA-Composition/Service-level TTA Model/TTA techniques/artifacts/client_1_stripe
tent,perf_0_2_3_plus_1_on_stripe,"client_0,client_2,client_3",3,client_1,stripe,50,50,0.8793,0.9173,0.94,0.88,0.93,0.88,0.94,0.88,0.0,0.009999999999999898,0.0,0.0,0.00026858117097724565,0.029274204760320773,0.02954278593129802,/Users/deepakkanneganti/Documents/TTA-Composition/Service-level TTA Model/TTA techniques/artifacts/client_1_stripe
tent,perf_0_2_4_plus_1_on_stripe,"client_0,client_2,client_4",3,client_1,stripe,50,50,0.8793,0.9173,0.95,0.9,0.91,0.84,0.95,0.9,0.0,0.039999999999999925,0.0,0.06000000000000005,0.0002878068500397399,0.02800838321837481,0.02829619006841455,/Users/deepakkanneganti/Documents/TTA-Composition/Service-level TTA Model/TTA techniques/artifacts/client_1_stripe
tent,perf_0_3_4_plus_1_on_stripe,"client_0,client_3,client_4",3,client_1,stripe,50,50,0.8793,0.9173,0.94,0.88,0.93,0.88,0.94,0.88,0.0,0.009999999999999898,0.0,0.0,0.0003078038177468655,0.022030060238707252,0.022337864056454118,/Users/deepakkanneganti/Documents/TTA-Composition/Service-level TTA Model/TTA techniques/artifacts/client_1_stripe
tent,perf_2_3_4_plus_1_on_stripe,"client_2,client_3,client_4",3,client_1,stripe,50,50,0.8793,0.9173,0.94,0.88,0.93,0.88,0.93,0.86,-0.009999999999999898,0.0,-0.020000000000000018,-0.020000000000000018,0.0002795055029118437,0.026223482990645128,0.02650298849355697,/Users/deepakkanneganti/Documents/TTA-Composition/Service-level TTA Model/TTA techniques/artifacts/client_1_stripe
tent,perf_0_2_3_4_plus_1_on_stripe,"client_0,client_2,client_3,client_4",4,client_1,stripe,50,50,0.8793,0.9173,0.94,0.88,0.93,0.88,0.94,0.88,0.0,0.009999999999999898,0.0,0.0,0.00038371846123467975,0.027829809738611374,0.028213528199846055,/Users/deepakkanneganti/Documents/TTA-Composition/Service-level TTA Model/TTA techniques/artifacts/client_1_stripe
tent,perf_0_plus_1_on_zigzag,client_0,1,client_1,zigzag,50,50,0.8231,0.847,0.9,0.82,0.9,0.82,0.89,0.78,-0.010000000000000009,-0.010000000000000009,-0.039999999999999925,-0.039999999999999925,4.55042347391282e-05,0.0261961603201299,0.02624166455486903,/Users/deepakkanneganti/Documents/TTA-Composition/Service-level TTA Model/TTA techniques/artifacts/client_1_zigzag
tent,perf_2_plus_1_on_zigzag,client_2,1,client_1,zigzag,50,50,0.8231,0.847,0.9,0.8,0.89,0.8,0.89,0.78,-0.010000000000000009,0.0,-0.020000000000000018,-0.020000000000000018,2.37976303668143e-05,0.036465332622847894,0.03648913025321471,/Users/deepakkanneganti/Documents/TTA-Composition/Service-level TTA Model/TTA techniques/artifacts/client_1_zigzag
tent,perf_3_plus_1_on_zigzag,client_3,1,client_1,zigzag,50,50,0.8231,0.847,0.91,0.82,0.91,0.82,0.88,0.76,-0.030000000000000027,-0.030000000000000027,-0.05999999999999994,-0.05999999999999994,3.5808911043040873e-05,0.022045973947426967,0.022081782858470008,/Users/deepakkanneganti/Documents/TTA-Composition/Service-level TTA Model/TTA techniques/artifacts/client_1_zigzag
tent,perf_4_plus_1_on_zigzag,client_4,1,client_1,zigzag,50,50,0.8231,0.847,0.91,0.84,0.91,0.84,0.88,0.76,-0.030000000000000027,-0.030000000000000027,-0.07999999999999996,-0.07999999999999996,4.552402718002308e-05,0.017436561259063257,0.01748208528624328,/Users/deepakkanneganti/Documents/TTA-Composition/Service-level TTA Model/TTA techniques/artifacts/client_1_zigzag
tent,perf_0_2_plus_1_on_zigzag,"client_0,client_2",2,client_1,zigzag,50,50,0.8231,0.847,0.91,0.82,0.9,0.82,0.89,0.78,-0.020000000000000018,-0.010000000000000009,-0.039999999999999925,-0.039999999999999925,0.00014978484269922965,0.04757079109178208,0.04772057593448131,/Users/deepakkanneganti/Documents/TTA-Composition/Service-level TTA Model/TTA techniques/artifacts/client_1_zigzag
tent,perf_0_3_plus_1_on_zigzag,"client_0,client_3",2,client_1,zigzag,50,50,0.8231,0.847,0.91,0.82,0.9,0.82,0.9,0.8,-0.010000000000000009,0.0,-0.019999999999999907,-0.019999999999999907,0.00017227759357919605,0.03371650700473079,0.03388878459830999,/Users/deepakkanneganti/Documents/TTA-Composition/Service-level TTA Model/TTA techniques/artifacts/client_1_zigzag
tent,perf_0_4_plus_1_on_zigzag,"client_0,client_4",2,client_1,zigzag,50,50,0.8231,0.847,0.91,0.84,0.91,0.84,0.92,0.84,0.010000000000000009,0.010000000000000009,0.0,0.0,0.00018734779659409378,0.028868501189625473,0.029055848986219567,/Users/deepakkanneganti/Documents/TTA-Composition/Service-level TTA Model/TTA techniques/artifacts/client_1_zigzag
tent,perf_2_3_plus_1_on_zigzag,"client_2,client_3",2,client_1,zigzag,50,50,0.8231,0.847,0.9,0.8,0.9,0.82,0.9,0.8,0.0,0.0,0.0,-0.019999999999999907,0.00013817290664125458,0.04045941138945202,0.040597584296093274,/Users/deepakkanneganti/Documents/TTA-Composition/Service-level TTA Model/TTA techniques/artifacts/client_1_zigzag
tent,perf_2_4_plus_1_on_zigzag,"client_2,client_4",2,client_1,zigzag,50,50,0.8231,0.847,0.9,0.82,0.89,0.8,0.89,0.78,-0.010000000000000009,0.0,-0.039999999999999925,-0.020000000000000018,0.00015755070432988227,0.04000356825455926,0.040161118958889144,/Users/deepakkanneganti/Documents/TTA-Composition/Service-level TTA Model/TTA techniques/artifacts/client_1_zigzag
tent,perf_3_4_plus_1_on_zigzag,"client_3,client_4",2,client_1,zigzag,50,50,0.8231,0.847,0.9,0.8,0.91,0.84,0.89,0.78,-0.010000000000000009,-0.020000000000000018,-0.020000000000000018,-0.05999999999999994,0.00017821622910536999,0.026961441322430068,0.027139657551535436,/Users/deepakkanneganti/Documents/TTA-Composition/Service-level TTA Model/TTA techniques/artifacts/client_1_zigzag
tent,perf_0_2_3_plus_1_on_zigzag,"client_0,client_2,client_3",3,client_1,zigzag,50,50,0.8231,0.847,0.9,0.8,0.9,0.82,0.9,0.8,0.0,0.0,0.0,-0.019999999999999907,0.00026858117097724565,0.04588394210776165,0.046152523278738894,/Users/deepakkanneganti/Documents/TTA-Composition/Service-level TTA Model/TTA techniques/artifacts/client_1_zigzag
tent,perf_0_2_4_plus_1_on_zigzag,"client_0,client_2,client_4",3,client_1,zigzag,50,50,0.8231,0.847,0.91,0.82,0.9,0.82,0.9,0.8,-0.010000000000000009,0.0,-0.019999999999999907,-0.019999999999999907,0.0002878068500397399,0.04368527383310573,0.04397308068314547,/Users/deepakkanneganti/Documents/TTA-Composition/Service-level TTA Model/TTA techniques/artifacts/client_1_zigzag
tent,perf_0_3_4_plus_1_on_zigzag,"client_0,client_3,client_4",3,client_1,zigzag,50,50,0.8231,0.847,0.91,0.82,0.91,0.84,0.9,0.8,-0.010000000000000009,-0.010000000000000009,-0.019999999999999907,-0.039999999999999925,0.0003078038177468655,0.0332487251985241,0.033556529016270965,/Users/deepakkanneganti/Documents/TTA-Composition/Service-level TTA Model/TTA techniques/artifacts/client_1_zigzag
tent,perf_2_3_4_plus_1_on_zigzag,"client_2,client_3,client_4",3,client_1,zigzag,50,50,0.8231,0.847,0.9,0.8,0.9,0.82,0.9,0.8,0.0,0.0,0.0,-0.019999999999999907,0.0002795055029118437,0.0402172581025695,0.040496763605481344,/Users/deepakkanneganti/Documents/TTA-Composition/Service-level TTA Model/TTA techniques/artifacts/client_1_zigzag
tent,perf_0_2_3_4_plus_1_on_zigzag,"client_0,client_2,client_3,client_4",4,client_1,zigzag,50,50,0.8231,0.847,0.9,0.8,0.9,0.82,0.9,0.8,0.0,0.0,0.0,-0.019999999999999907,0.00038371846123467975,0.043225080946759566,0.043608799407994246,/Users/deepakkanneganti/Documents/TTA-Composition/Service-level TTA Model/TTA techniques/artifacts/client_1_zigzag
tent,perf_0_plus_2_on_brightness,client_0,1,client_2,brightness,50,50,0.2148,0.9763,0.62,0.24,0.66,0.32,0.62,0.24,0.0,-0.040000000000000036,0.0,-0.08000000000000002,2.0642804393469558e-05,0.02107729845479629,0.02109794125918976,/Users/deepakkanneganti/Documents/TTA-Composition/Service-level TTA Model/TTA techniques/artifacts/client_2_brightness
tent,perf_1_plus_2_on_brightness,client_1,1,client_2,brightness,50,50,0.2148,0.9763,0.64,0.28,0.64,0.3,0.67,0.36,0.030000000000000027,0.030000000000000027,0.07999999999999996,0.06,2.37976303668143e-05,0.037079325922164695,0.03710312355253151,/Users/deepakkanneganti/Documents/TTA-Composition/Service-level TTA Model/TTA techniques/artifacts/client_2_brightness
tent,perf_3_plus_2_on_brightness,client_3,1,client_2,brightness,50,50,0.2148,0.9763,0.59,0.18,0.61,0.22,0.56,0.12,-0.029999999999999916,-0.04999999999999993,-0.06,-0.1,1.718796481322614e-05,0.025679676877332244,0.02569686484214547,/Users/deepakkanneganti/Documents/TTA-Composition/Service-level TTA Model/TTA techniques/artifacts/client_2_brightness
tent,perf_4_plus_2_on_brightness,client_4,1,client_2,brightness,50,50,0.2148,0.9763,0.66,0.32,0.68,0.36,0.68,0.36,0.020000000000000018,0.0,0.03999999999999998,0.0,1.7546562480111453e-05,0.016347288345410712,0.016364834907890823,/Users/deepakkanneganti/Documents/TTA-Composition/Service-level TTA Model/TTA techniques/artifacts/client_2_brightness
tent,perf_0_1_plus_2_on_brightness,"client_0,client_1",2,client_2,brightness,50,50,0.2148,0.9763,0.64,0.28,0.66,0.32,0.66,0.34,0.020000000000000018,0.0,0.06,0.020000000000000018,7.63553009279341e-05,0.039746647938619095,0.03982300323954703,/Users/deepakkanneganti/Documents/TTA-Composition/Service-level TTA Model/TTA techniques/artifacts/client_2_brightness
tent,perf_0_3_plus_2_on_brightness,"client_0,client_3",2,client_2,brightness,50,50,0.2148,0.9763,0.6,0.2,0.63,0.26,0.6,0.2,0.0,-0.030000000000000027,0.0,-0.06,7.157166632604196e-05,0.03253321435400029,0.032604786020326335,/Users/deepakkanneganti/Documents/TTA-Composition/Service-level TTA Model/TTA techniques/artifacts/client_2_brightness
tent,perf_0_4_plus_2_on_brightness,"client_0,client_4",2,client_2,brightness,50,50,0.2148,0.9763,0.64,0.28,0.67,0.34,0.66,0.32,0.020000000000000018,-0.010000000000000009,0.03999999999999998,-0.020000000000000018,6.879993014095684e-05,0.024883711400171652,0.024952511330312607,/Users/deepakkanneganti/Documents/TTA-Composition/Service-level TTA Model/TTA techniques/artifacts/client_2_brightness
tent,perf_1_3_plus_2_on_brightness,"client_1,client_3",2,client_2,brightness,50,50,0.2148,0.9763,0.62,0.24,0.63,0.26,0.64,0.28,0.020000000000000018,0.010000000000000009,0.040000000000000036,0.020000000000000018,7.32836257623124e-05,0.046860556776080434,0.046933840401842744,/Users/deepakkanneganti/Documents/TTA-Composition/Service-level TTA Model/TTA techniques/artifacts/client_2_brightness
tent,perf_1_4_plus_2_on_brightness,"client_1,client_4",2,client_2,brightness,50,50,0.2148,0.9763,0.66,0.34,0.68,0.36,0.68,0.38,0.020000000000000018,0.0,0.03999999999999998,0.020000000000000018,6.958817105396735e-05,0.03807114677240925,0.03814073494346321,/Users/deepakkanneganti/Documents/TTA-Composition/Service-level TTA Model/TTA techniques/artifacts/client_2_brightness
tent,perf_3_4_plus_2_on_brightness,"client_3,client_4",2,client_2,brightness,50,50,0.2148,0.9763,0.63,0.26,0.65,0.3,0.63,0.26,0.0,-0.020000000000000018,0.0,-0.03999999999999998,6.727868350239131e-05,0.028140785885729644,0.028208064569232034,/Users/deepakkanneganti/Documents/TTA-Composition/Service-level TTA Model/TTA techniques/artifacts/client_2_brightness
tent,perf_0_1_3_plus_2_on_brightness,"client_0,client_1,client_3",3,client_2,brightness,50,50,0.2148,0.9763,0.62,0.24,0.64,0.28,0.64,0.28,0.020000000000000018,0.0,0.040000000000000036,0.0,0.00011789187978229591,0.04473152725794269,0.044849419137724986,/Users/deepakkanneganti/Documents/TTA-Composition/Service-level TTA Model/TTA techniques/artifacts/client_2_brightness
tent,perf_0_1_4_plus_2_on_brightness,"client_0,client_1,client_4",3,client_2,brightness,50,50,0.2148,0.9763,0.66,0.32,0.67,0.34,0.66,0.34,0.0,-0.010000000000000009,0.020000000000000018,0.0,0.00011264926232207405,0.037995106005745835,0.03810775526806791,/Users/deepakkanneganti/Documents/TTA-Composition/Service-level TTA Model/TTA techniques/artifacts/client_2_brightness
tent,perf_0_3_4_plus_2_on_brightness,"client_0,client_3,client_4",3,client_2,brightness,50,50,0.2148,0.9763,0.62,0.24,0.66,0.32,0.62,0.24,0.0,-0.040000000000000036,0.0,-0.08000000000000002,0.00011231900088131322,0.03165826207275896,0.031770581073640274,/Users/deepakkanneganti/Documents/TTA-Composition/Service-level TTA Model/TTA techniques/artifacts/client_2_brightness
tent,perf_1_3_4_plus_2_on_brightness,"client_1,client_3,client_4",3,client_2,brightness,50,50,0.2148,0.9763,0.64,0.28,0.65,0.3,0.66,0.32,0.020000000000000018,0.010000000000000009,0.03999999999999998,0.020000000000000018,0.00011206331562803798,0.04230512140179677,0.04241718471742481,/Users/deepakkanneganti/Documents/TTA-Composition/Service-level TTA Model/TTA techniques/artifacts/client_2_brightness
tent,perf_0_1_3_4_plus_2_on_brightness,"client_0,client_1,client_3,client_4",4,client_2,brightness,50,50,0.2148,0.9763,0.64,0.28,0.67,0.34,0.66,0.32,0.020000000000000018,-0.010000000000000009,0.03999999999999998,-0.020000000000000018,0.00014516133154193745,0.04141419325511268,0.04155935458665462,/Users/deepakkanneganti/Documents/TTA-Composition/Service-level TTA Model/TTA techniques/artifacts/client_2_brightness
tent,perf_0_plus_2_on_glass_blur,client_0,1,client_2,glass_blur,50,50,0.7098,0.8245,0.92,0.84,0.88,0.76,0.92,0.84,0.0,0.040000000000000036,0.0,0.07999999999999996,2.0642804393469558e-05,0.01680896519849545,0.01682960800288892,/Users/deepakkanneganti/Documents/TTA-Composition/Service-level TTA Model/TTA techniques/artifacts/client_2_glass_blur
tent,perf_1_plus_2_on_glass_blur,client_1,1,client_2,glass_blur,50,50,0.7098,0.8245,0.93,0.86,0.85,0.72,0.89,0.8,-0.040000000000000036,0.040000000000000036,-0.05999999999999994,0.08000000000000007,2.37976303668143e-05,0.02892907386478507,0.028952871495151883,/Users/deepakkanneganti/Documents/TTA-Composition/Service-level TTA Model/TTA techniques/artifacts/client_2_glass_blur
tent,perf_3_plus_2_on_glass_blur,client_3,1,client_2,glass_blur,50,50,0.7098,0.8245,0.92,0.84,0.9,0.8,0.91,0.82,-0.010000000000000009,0.010000000000000009,-0.020000000000000018,0.019999999999999907,1.718796481322614e-05,0.019720574916737694,0.01973776288155092,/Users/deepakkanneganti/Documents/TTA-Composition/Service-level TTA Model/TTA techniques/artifacts/client_2_glass_blur
tent,perf_4_plus_2_on_glass_blur,client_4,1,client_2,glass_blur,50,50,0.7098,0.8245,0.92,0.84,0.87,0.74,0.92,0.84,0.0,0.050000000000000044,0.0,0.09999999999999998,1.7546562480111453e-05,0.0130214825270349,0.01303902908951501,/Users/deepakkanneganti/Documents/TTA-Composition/Service-level TTA Model/TTA techniques/artifacts/client_2_glass_blur
tent,perf_0_1_plus_2_on_glass_blur,"client_0,client_1",2,client_2,glass_blur,50,50,0.7098,0.8245,0.91,0.82,0.88,0.76,0.91,0.84,0.0,0.030000000000000027,0.020000000000000018,0.07999999999999996,7.63553009279341e-05,0.030681472864208012,0.030757828165135948,/Users/deepakkanneganti/Documents/TTA-Composition/Service-level TTA Model/TTA techniques/artifacts/client_2_glass_blur
tent,perf_0_3_plus_2_on_glass_blur,"client_0,client_3",2,client_2,glass_blur,50,50,0.7098,0.8245,0.94,0.88,0.91,0.82,0.93,0.86,-0.009999999999999898,0.020000000000000018,-0.020000000000000018,0.040000000000000036,7.157166632604196e-05,0.024942311787982823,0.025013883454308865,/Users/deepakkanneganti/Documents/TTA-Composition/Service-level TTA Model/TTA techniques/artifacts/client_2_glass_blur
tent,perf_0_4_plus_2_on_glass_blur,"client_0,client_4",2,client_2,glass_blur,50,50,0.7098,0.8245,0.92,0.84,0.89,0.78,0.93,0.86,0.010000000000000009,0.040000000000000036,0.020000000000000018,0.07999999999999996,6.879993014095684e-05,0.019516999009088713,0.019585798939229668,/Users/deepakkanneganti/Documents/TTA-Composition/Service-level TTA Model/TTA techniques/artifacts/client_2_glass_blur
tent,perf_1_3_plus_2_on_glass_blur,"client_1,client_3",2,client_2,glass_blur,50,50,0.7098,0.8245,0.93,0.86,0.88,0.76,0.94,0.88,0.009999999999999898,0.05999999999999994,0.020000000000000018,0.12,7.32836257623124e-05,0.03519345976320399,0.0352667433889663,/Users/deepakkanneganti/Documents/TTA-Composition/Service-level TTA Model/TTA techniques/artifacts/client_2_glass_blur
tent,perf_1_4_plus_2_on_glass_blur,"client_1,client_4",2,client_2,glass_blur,50,50,0.7098,0.8245,0.91,0.84,0.86,0.72,0.9,0.82,-0.010000000000000009,0.040000000000000036,-0.020000000000000018,0.09999999999999998,6.958817105396735e-05,0.02922789195543042,0.02929748012648439,/Users/deepakkanneganti/Documents/TTA-Composition/Service-level TTA Model/TTA techniques/artifacts/client_2_glass_blur
tent,perf_3_4_plus_2_on_glass_blur,"client_3,client_4",2,client_2,glass_blur,50,50,0.7098,0.8245,0.93,0.86,0.9,0.8,0.93,0.86,0.0,0.030000000000000027,0.0,0.05999999999999994,6.727868350239131e-05,0.02161066953739596,0.02167794822089835,/Users/deepakkanneganti/Documents/TTA-Composition/Service-level TTA Model/TTA techniques/artifacts/client_2_glass_blur
tent,perf_0_1_3_plus_2_on_glass_blur,"client_0,client_1,client_3",3,client_2,glass_blur,50,50,0.7098,0.8245,0.94,0.88,0.89,0.78,0.94,0.88,0.0,0.04999999999999993,0.0,0.09999999999999998,0.00011789187978229591,0.03382018800664268,0.03393807988642498,/Users/deepakkanneganti/Documents/TTA-Composition/Service-level TTA Model/TTA techniques/artifacts/client_2_glass_blur
tent,perf_0_1_4_plus_2_on_glass_blur,"client_0,client_1,client_4",3,client_2,glass_blur,50,50,0.7098,0.8245,0.92,0.84,0.89,0.78,0.91,0.84,-0.010000000000000009,0.020000000000000018,0.0,0.05999999999999994,0.00011264926232207405,0.029197235485646317,0.02930988474796839,/Users/deepakkanneganti/Documents/TTA-Composition/Service-level TTA Model/TTA techniques/artifacts/client_2_glass_blur
tent,perf_0_3_4_plus_2_on_glass_blur,"client_0,client_3,client_4",3,client_2,glass_blur,50,50,0.7098,0.8245,0.93,0.86,0.89,0.78,0.94,0.88,0.009999999999999898,0.04999999999999993,0.020000000000000018,0.09999999999999998,0.00011231900088131322,0.024300493957508513,0.024412812958389825,/Users/deepakkanneganti/Documents/TTA-Composition/Service-level TTA Model/TTA techniques/artifacts/client_2_glass_blur
tent,perf_1_3_4_plus_2_on_glass_blur,"client_1,client_3,client_4",3,client_2,glass_blur,50,50,0.7098,0.8245,0.93,0.86,0.88,0.76,0.94,0.88,0.009999999999999898,0.05999999999999994,0.020000000000000018,0.12,0.00011206331562803798,0.03193653037077913,0.03204859368640717,/Users/deepakkanneganti/Documents/TTA-Composition/Service-level TTA Model/TTA techniques/artifacts/client_2_glass_blur
tent,perf_0_1_3_4_plus_2_on_glass_blur,"client_0,client_1,client_3,client_4",4,client_2,glass_blur,50,50,0.7098,0.8245,0.93,0.86,0.89,0.78,0.94,0.88,0.009999999999999898,0.04999999999999993,0.020000000000000018,0.09999999999999998,0.00014516133154193745,0.03140590345435173,0.031551064785893666,/Users/deepakkanneganti/Documents/TTA-Composition/Service-level TTA Model/TTA techniques/artifacts/client_2_glass_blur
tent,perf_0_plus_2_on_stripe,client_0,1,client_2,stripe,50,50,0.8506,0.941,0.95,0.9,0.9,0.82,0.91,0.82,-0.039999999999999925,0.010000000000000009,-0.08000000000000007,0.0,2.0642804393469558e-05,0.015441564392127691,0.01546220719652116,/Users/deepakkanneganti/Documents/TTA-Composition/Service-level TTA Model/TTA techniques/artifacts/client_2_stripe
tent,perf_1_plus_2_on_stripe,client_1,1,client_2,stripe,50,50,0.8506,0.941,0.94,0.88,0.91,0.84,0.94,0.9,0.0,0.029999999999999916,0.020000000000000018,0.06000000000000005,2.37976303668143e-05,0.026018104156848687,0.0260419017872155,/Users/deepakkanneganti/Documents/TTA-Composition/Service-level TTA Model/TTA techniques/artifacts/client_2_stripe
tent,perf_3_plus_2_on_stripe,client_3,1,client_2,stripe,50,50,0.8506,0.941,0.93,0.86,0.91,0.84,0.95,0.9,0.019999999999999907,0.039999999999999925,0.040000000000000036,0.06000000000000005,1.718796481322614e-05,0.01864390977773239,0.018661097742545617,/Users/deepakkanneganti/Documents/TTA-Composition/Service-level TTA Model/TTA techniques/artifacts/client_2_stripe
tent,perf_4_plus_2_on_stripe,client_4,1,client_2,stripe,50,50,0.8506,0.941,0.94,0.88,0.91,0.84,0.93,0.86,-0.009999999999999898,0.020000000000000018,-0.020000000000000018,0.020000000000000018,1.7546562480111453e-05,0.012232405569101401,0.012249952131581513,/Users/deepakkanneganti/Documents/TTA-Composition/Service-level TTA Model/TTA techniques/artifacts/client_2_stripe
tent,perf_0_1_plus_2_on_stripe,"client_0,client_1",2,client_2,stripe,50,50,0.8506,0.941,0.95,0.9,0.91,0.84,0.92,0.86,-0.029999999999999916,0.010000000000000009,-0.040000000000000036,0.020000000000000018,7.63553009279341e-05,0.027679380244429473,0.02775573554535741,/Users/deepakkanneganti/Documents/TTA-Composition/Service-level TTA Model/TTA techniques/artifacts/client_2_stripe
tent,perf_0_3_plus_2_on_stripe,"client_0,client_3",2,client_2,stripe,50,50,0.8506,0.941,0.94,0.88,0.9,0.82,0.94,0.88,0.0,0.039999999999999925,0.0,0.06000000000000005,7.157166632604196e-05,0.023108345834502907,0.02317991750082895,/Users/deepakkanneganti/Documents/TTA-Composition/Service-level TTA Model/TTA techniques/artifacts/client_2_stripe
tent,perf_0_4_plus_2_on_stripe,"client_0,client_4",2,client_2,stripe,50,50,0.8506,0.941,0.95,0.9,0.9,0.82,0.93,0.86,-0.019999999999999907,0.030000000000000027,-0.040000000000000036,0.040000000000000036,6.879993014095684e-05,0.018048958173699343,0.0181177581038403,/Users/deepakkanneganti/Documents/TTA-Composition/Service-level TTA Model/TTA techniques/artifacts/client_2_stripe
tent,perf_1_3_plus_2_on_stripe,"client_1,client_3",2,client_2,stripe,50,50,0.8506,0.941,0.94,0.88,0.91,0.84,0.95,0.9,0.010000000000000009,0.039999999999999925,0.020000000000000018,0.06000000000000005,7.32836257623124e-05,0.03221522844922083,0.03228851207498314,/Users/deepakkanneganti/Documents/TTA-Composition/Service-level TTA Model/TTA techniques/artifacts/client_2_stripe
tent,perf_1_4_plus_2_on_stripe,"client_1,client_4",2,client_2,stripe,50,50,0.8506,0.941,0.93,0.88,0.92,0.86,0.91,0.84,-0.020000000000000018,-0.010000000000000009,-0.040000000000000036,-0.020000000000000018,6.958817105396735e-05,0.026683851888006493,0.02675344005906046,/Users/deepakkanneganti/Documents/TTA-Composition/Service-level TTA Model/TTA techniques/artifacts/client_2_stripe
tent,perf_3_4_plus_2_on_stripe,"client_3,client_4",2,client_2,stripe,50,50,0.8506,0.941,0.93,0.86,0.91,0.84,0.93,0.86,0.0,0.020000000000000018,0.0,0.020000000000000018,6.727868350239131e-05,0.020274727405323423,0.020342006088825814,/Users/deepakkanneganti/Documents/TTA-Composition/Service-level TTA Model/TTA techniques/artifacts/client_2_stripe
tent,perf_0_1_3_plus_2_on_stripe,"client_0,client_1,client_3",3,client_2,stripe,50,50,0.8506,0.941,0.94,0.88,0.92,0.86,0.94,0.88,0.0,0.019999999999999907,0.0,0.020000000000000018,0.00011789187978229591,0.030849719383208803,0.0309676112629911,/Users/deepakkanneganti/Documents/TTA-Composition/Service-level TTA Model/TTA techniques/artifacts/client_2_stripe
tent,perf_0_1_4_plus_2_on_stripe,"client_0,client_1,client_4",3,client_2,stripe,50,50,0.8506,0.941,0.95,0.9,0.91,0.84,0.92,0.86,-0.029999999999999916,0.010000000000000009,-0.040000000000000036,0.020000000000000018,0.00011264926232207405,0.02660354514350059,0.026716194405822662,/Users/deepakkanneganti/Documents/TTA-Composition/Service-level TTA Model/TTA techniques/artifacts/client_2_stripe
tent,perf_0_3_4_plus_2_on_stripe,"client_0,client_3,client_4",3,client_2,stripe,50,50,0.8506,0.941,0.94,0.88,0.91,0.84,0.94,0.88,0.0,0.029999999999999916,0.0,0.040000000000000036,0.00011231900088131322,0.0225519353949492,0.022664254395830512,/Users/deepakkanneganti/Documents/TTA-Composition/Service-level TTA Model/TTA techniques/artifacts/client_2_stripe
tent,perf_1_3_4_plus_2_on_stripe,"client_1,client_3,client_4",3,client_2,stripe,50,50,0.8506,0.941,0.94,0.88,0.91,0.84,0.94,0.88,0.0,0.029999999999999916,0.0,0.040000000000000036,0.00011206331562803798,0.029384646079344993,0.02949670939497303,/Users/deepakkanneganti/Documents/TTA-Composition/Service-level TTA Model/TTA techniques/artifacts/client_2_stripe
tent,perf_0_1_3_4_plus_2_on_stripe,"client_0,client_1,client_3,client_4",4,client_2,stripe,50,50,0.8506,0.941,0.94,0.88,0.92,0.86,0.94,0.88,0.0,0.019999999999999907,0.0,0.020000000000000018,0.00014516133154193745,0.028791818948520363,0.0289369802800623,/Users/deepakkanneganti/Documents/TTA-Composition/Service-level TTA Model/TTA techniques/artifacts/client_2_stripe
tent,perf_0_plus_2_on_zigzag,client_0,1,client_2,zigzag,50,50,0.8266,0.8562,0.89,0.78,0.9,0.8,0.89,0.78,0.0,-0.010000000000000009,0.0,-0.020000000000000018,2.0642804393469558e-05,0.022558704870254152,0.022579347674647622,/Users/deepakkanneganti/Documents/TTA-Composition/Service-level TTA Model/TTA techniques/artifacts/client_2_zigzag
tent,perf_1_plus_2_on_zigzag,client_1,1,client_2,zigzag,50,50,0.8266,0.8562,0.9,0.8,0.89,0.8,0.91,0.84,0.010000000000000009,0.020000000000000018,0.039999999999999925,0.039999999999999925,2.37976303668143e-05,0.04074621287919995,0.040770010509566766,/Users/deepakkanneganti/Documents/TTA-Composition/Service-level TTA Model/TTA techniques/artifacts/client_2_zigzag
tent,perf_3_plus_2_on_zigzag,client_3,1,client_2,zigzag,50,50,0.8266,0.8562,0.9,0.8,0.91,0.82,0.89,0.78,-0.010000000000000009,-0.020000000000000018,-0.020000000000000018,-0.039999999999999925,1.718796481322614e-05,0.027310675395315728,0.027327863360128955,/Users/deepakkanneganti/Documents/TTA-Composition/Service-level TTA Model/TTA techniques/artifacts/client_2_zigzag
tent,perf_4_plus_2_on_zigzag,client_4,1,client_2,zigzag,50,50,0.8266,0.8562,0.88,0.76,0.91,0.82,0.89,0.78,0.010000000000000009,-0.020000000000000018,0.020000000000000018,-0.039999999999999925,1.7546562480111453e-05,0.01725035081660972,0.01726789737908983,/Users/deepakkanneganti/Documents/TTA-Composition/Service-level TTA Model/TTA techniques/artifacts/client_2_zigzag
tent,perf_0_1_plus_2_on_zigzag,"client_0,client_1",2,client_2,zigzag,50,50,0.8266,0.8562,0.91,0.82,0.9,0.8,0.9,0.82,-0.010000000000000009,0.0,0.0,0.019999999999999907,7.63553009279341e-05,0.04341961709246505,0.043495972393392986,/Users/deepakkanneganti/Documents/TTA-Composition/Service-level TTA Model/TTA techniques/artifacts/client_2_zigzag
tent,perf_0_3_plus_2_on_zigzag,"client_0,client_3",2,client_2,zigzag,50,50,0.8266,0.8562,0.9,0.8,0.9,0.8,0.9,0.8,0.0,0.0,0.0,0.0,7.157166632604196e-05,0.03492182829755679,0.03499339996388283,/Users/deepakkanneganti/Documents/TTA-Composition/Service-level TTA Model/TTA techniques/artifacts/client_2_zigzag
tent,perf_0_4_plus_2_on_zigzag,"client_0,client_4",2,client_2,zigzag,50,50,0.8266,0.8562,0.9,0.8,0.9,0.8,0.92,0.84,0.020000000000000018,0.020000000000000018,0.039999999999999925,0.039999999999999925,6.879993014095684e-05,0.026560879608154456,0.02662967953829541,/Users/deepakkanneganti/Documents/TTA-Composition/Service-level TTA Model/TTA techniques/artifacts/client_2_zigzag
tent,perf_1_3_plus_2_on_zigzag,"client_1,client_3",2,client_2,zigzag,50,50,0.8266,0.8562,0.9,0.8,0.9,0.8,0.91,0.82,0.010000000000000009,0.010000000000000009,0.019999999999999907,0.019999999999999907,7.32836257623124e-05,0.05111945409275396,0.05119273771851627,/Users/deepakkanneganti/Documents/TTA-Composition/Service-level TTA Model/TTA techniques/artifacts/client_2_zigzag
tent,perf_1_4_plus_2_on_zigzag,"client_1,client_4",2,client_2,zigzag,50,50,0.8266,0.8562,0.9,0.82,0.9,0.8,0.91,0.84,0.010000000000000009,0.010000000000000009,0.020000000000000018,0.039999999999999925,6.958817105396735e-05,0.04128110099307766,0.04135068916413163,/Users/deepakkanneganti/Documents/TTA-Composition/Service-level TTA Model/TTA techniques/artifacts/client_2_zigzag
tent,perf_3_4_plus_2_on_zigzag,"client_3,client_4",2,client_2,zigzag,50,50,0.8266,0.8562,0.91,0.82,0.9,0.8,0.89,0.78,-0.020000000000000018,-0.010000000000000009,-0.039999999999999925,-0.020000000000000018,6.727868350239131e-05,0.029950368368616368,0.03001764705211876,/Users/deepakkanneganti/Documents/TTA-Composition/Service-level TTA Model/TTA techniques/artifacts/client_2_zigzag
tent,perf_0_1_3_plus_2_on_zigzag,"client_0,client_1,client_3",3,client_2,zigzag,50,50,0.8266,0.8562,0.9,0.8,0.9,0.8,0.91,0.82,0.010000000000000009,0.010000000000000009,0.019999999999999907,0.019999999999999907,0.00011789187978229591,0.048699530505567384,0.04881742238534968,/Users/deepakkanneganti/Documents/TTA-Composition/Service-level TTA Model/TTA techniques/artifacts/client_2_zigzag
tent,perf_0_1_4_plus_2_on_zigzag,"client_0,client_1,client_4",3,client_2,zigzag,50,50,0.8266,0.8562,0.91,0.82,0.9,0.8,0.91,0.84,0.0,0.010000000000000009,0.020000000000000018,0.039999999999999925,0.00011264926232207405,0.04117770345806843,0.04129035272039051,/Users/deepakkanneganti/Documents/TTA-Composition/Service-level TTA Model/TTA techniques/artifacts/client_2_zigzag
tent,perf_0_3_4_plus_2_on_zigzag,"client_0,client_3,client_4",3,client_2,zigzag,50,50,0.8266,0.8562,0.9,0.8,0.9,0.8,0.9,0.8,0.0,0.0,0.0,0.0,0.00011231900088131322,0.03388806195175666,0.03400038095263797,/Users/deepakkanneganti/Documents/TTA-Composition/Service-level TTA Model/TTA techniques/artifacts/client_2_zigzag
tent,perf_1_3_4_plus_2_on_zigzag,"client_1,client_3,client_4",3,client_2,zigzag,50,50,0.8266,0.8562,0.9,0.8,0.9,0.8,0.91,0.82,0.010000000000000009,0.010000000000000009,0.019999999999999907,0.019999999999999907,0.00011206331562803798,0.04579315592051398,0.04590521923614202,/Users/deepakkanneganti/Documents/TTA-Composition/Service-level TTA Model/TTA techniques/artifacts/client_2_zigzag
tent,perf_0_1_3_4_plus_2_on_zigzag,"client_0,client_1,client_3,client_4",4,client_2,zigzag,50,50,0.8266,0.8562,0.9,0.8,0.9,0.8,0.91,0.82,0.010000000000000009,0.010000000000000009,0.019999999999999907,0.019999999999999907,0.00014516133154193745,0.044837966350883794,0.04498312768242573,/Users/deepakkanneganti/Documents/TTA-Composition/Service-level TTA Model/TTA techniques/artifacts/client_2_zigzag
tent,perf_0_plus_3_on_brightness,client_0,1,client_3,brightness,50,50,0.189,0.9792,0.6,0.2,0.63,0.26,0.64,0.28,0.040000000000000036,0.010000000000000009,0.08000000000000002,0.020000000000000018,2.9095285933283444e-05,0.028659943347126633,0.028689038633059917,/Users/deepakkanneganti/Documents/TTA-Composition/Service-level TTA Model/TTA techniques/artifacts/client_3_brightness
tent,perf_1_plus_3_on_brightness,client_1,1,client_3,brightness,50,50,0.189,0.9792,0.63,0.26,0.65,0.32,0.67,0.36,0.040000000000000036,0.020000000000000018,0.09999999999999998,0.03999999999999998,3.5808911043040873e-05,0.023718515346117075,0.023754324257160116,/Users/deepakkanneganti/Documents/TTA-Composition/Service-level TTA Model/TTA techniques/artifacts/client_3_brightness
tent,perf_2_plus_3_on_brightness,client_2,1,client_3,brightness,50,50,0.189,0.9792,0.59,0.18,0.62,0.24,0.62,0.24,0.030000000000000027,0.0,0.06,0.0,1.718796481322614e-05,0.027110636777033206,0.027127824741846433,/Users/deepakkanneganti/Documents/TTA-Composition/Service-level TTA Model/TTA techniques/artifacts/client_3_brightness
tent,perf_4_plus_3_on_brightness,client_4,1,client_3,brightness,50,50,0.189,0.9792,0.63,0.26,0.66,0.32,0.68,0.36,0.050000000000000044,0.020000000000000018,0.09999999999999998,0.03999999999999998,2.6041978625172744e-05,0.028107451520476487,0.02813349349910166,/Users/deepakkanneganti/Documents/TTA-Composition/Service-level TTA Model/TTA techniques/artifacts/client_3_brightness
tent,perf_0_1_plus_3_on_brightness,"client_0,client_1",2,client_3,brightness,50,50,0.189,0.9792,0.64,0.28,0.66,0.32,0.65,0.32,0.010000000000000009,-0.010000000000000009,0.03999999999999998,0.0,0.00011700042788472369,0.03718316373137423,0.03730016415925896,/Users/deepakkanneganti/Documents/TTA-Composition/Service-level TTA Model/TTA techniques/artifacts/client_3_brightness
tent,perf_0_2_plus_3_on_brightness,"client_0,client_2",2,client_3,brightness,50,50,0.189,0.9792,0.6,0.2,0.63,0.26,0.62,0.24,0.020000000000000018,-0.010000000000000009,0.03999999999999998,-0.020000000000000018,9.571765026945278e-05,0.04251386383602569,0.042609581486295144,/Users/deepakkanneganti/Documents/TTA-Composition/Service-level TTA Model/TTA techniques/artifacts/client_3_brightness
tent,perf_0_4_plus_3_on_brightness,"client_0,client_4",2,client_3,brightness,50,50,0.189,0.9792,0.62,0.24,0.66,0.32,0.66,0.32,0.040000000000000036,0.0,0.08000000000000002,0.0,0.00010479589736835736,0.039516857494420736,0.039621653391789094,/Users/deepakkanneganti/Documents/TTA-Composition/Service-level TTA Model/TTA techniques/artifacts/client_3_brightness
tent,perf_1_2_plus_3_on_brightness,"client_1,client_2",2,client_3,brightness,50,50,0.189,0.9792,0.62,0.24,0.63,0.26,0.64,0.28,0.020000000000000018,0.010000000000000009,0.040000000000000036,0.020000000000000018,0.00010318689937957428,0.03289801658775145,0.03300120348713102,/Users/deepakkanneganti/Documents/TTA-Composition/Service-level TTA Model/TTA techniques/artifacts/client_3_brightness
tent,perf_1_4_plus_3_on_brightness,"client_1,client_4",2,client_3,brightness,50,50,0.189,0.9792,0.66,0.32,0.65,0.3,0.68,0.38,0.020000000000000018,0.030000000000000027,0.06,0.08000000000000002,0.00010972851309463825,0.04111119590178762,0.04122092441488226,/Users/deepakkanneganti/Documents/TTA-Composition/Service-level TTA Model/TTA techniques/artifacts/client_3_brightness
tent,perf_2_4_plus_3_on_brightness,"client_2,client_4",2,client_3,brightness,50,50,0.189,0.9792,0.63,0.26,0.63,0.26,0.66,0.32,0.030000000000000027,0.030000000000000027,0.06,0.06,9.427796089954778e-05,0.04524358651333587,0.04533786447423542,/Users/deepakkanneganti/Documents/TTA-Composition/Service-level TTA Model/TTA techniques/artifacts/client_3_brightness
tent,perf_0_1_2_plus_3_on_brightness,"client_0,client_1,client_2",3,client_3,brightness,50,50,0.189,0.9792,0.62,0.24,0.63,0.26,0.64,0.28,0.020000000000000018,0.010000000000000009,0.040000000000000036,0.020000000000000018,0.00017540321839343395,0.042135141604218426,0.04231054482261186,/Users/deepakkanneganti/Documents/TTA-Composition/Service-level TTA Model/TTA techniques/artifacts/client_3_brightness
tent,perf_0_1_4_plus_3_on_brightness,"client_0,client_1,client_4",3,client_3,brightness,50,50,0.189,0.9792,0.66,0.32,0.65,0.3,0.66,0.34,0.0,0.010000000000000009,0.020000000000000018,0.040000000000000036,0.00017793403703148908,0.045025626682301895,0.04520356071933338,/Users/deepakkanneganti/Documents/TTA-Composition/Service-level TTA Model/TTA techniques/artifacts/client_3_brightness
tent,perf_0_2_4_plus_3_on_brightness,"client_0,client_2,client_4",3,client_3,brightness,50,50,0.189,0.9792,0.62,0.24,0.64,0.28,0.64,0.28,0.020000000000000018,0.0,0.040000000000000036,0.0,0.0001665706368959026,0.049198084503373325,0.04936465514026923,/Users/deepakkanneganti/Documents/TTA-Composition/Service-level TTA Model/TTA techniques/artifacts/client_3_brightness
tent,perf_1_2_4_plus_3_on_brightness,"client_1,client_2,client_4",3,client_3,brightness,50,50,0.189,0.9792,0.64,0.28,0.63,0.26,0.66,0.34,0.020000000000000018,0.030000000000000027,0.06,0.08000000000000002,0.00017155404471081348,0.04547102202906619,0.045642576073777,/Users/deepakkanneganti/Documents/TTA-Composition/Service-level TTA Model/TTA techniques/artifacts/client_3_brightness
tent,perf_0_1_2_4_plus_3_on_brightness,"client_0,client_1,client_2,client_4",4,client_3,brightness,50,50,0.189,0.9792,0.64,0.28,0.64,0.28,0.66,0.32,0.020000000000000018,0.020000000000000018,0.03999999999999998,0.03999999999999998,0.00022556684760611031,0.04873868974690673,0.048964256594512846,/Users/deepakkanneganti/Documents/TTA-Composition/Service-level TTA Model/TTA techniques/artifacts/client_3_brightness
tent,perf_0_plus_3_on_glass_blur,client_0,1,client_3,glass_blur,50,50,0.8118,0.8538,0.93,0.86,0.92,0.84,0.92,0.84,-0.010000000000000009,0.0,-0.020000000000000018,0.0,2.9095285933283444e-05,0.020074161133151774,0.020103256419085058,/Users/deepakkanneganti/Documents/TTA-Composition/Service-level TTA Model/TTA techniques/artifacts/client_3_glass_blur
tent,perf_1_plus_3_on_glass_blur,client_1,1,client_3,glass_blur,50,50,0.8118,0.8538,0.94,0.88,0.9,0.82,0.9,0.82,-0.039999999999999925,0.0,-0.06000000000000005,0.0,3.5808911043040873e-05,0.0172089699285805,0.017244778839623543,/Users/deepakkanneganti/Documents/TTA-Composition/Service-level TTA Model/TTA techniques/artifacts/client_3_glass_blur
tent,perf_2_plus_3_on_glass_blur,client_2,1,client_3,glass_blur,50,50,0.8118,0.8538,0.92,0.84,0.9,0.8,0.91,0.82,-0.010000000000000009,0.010000000000000009,-0.020000000000000018,0.019999999999999907,1.718796481322614e-05,0.01860091137594845,0.01861809934076168,/Users/deepakkanneganti/Documents/TTA-Composition/Service-level TTA Model/TTA techniques/artifacts/client_3_glass_blur
tent,perf_4_plus_3_on_glass_blur,client_4,1,client_3,glass_blur,50,50,0.8118,0.8538,0.93,0.86,0.92,0.84,0.92,0.84,-0.010000000000000009,0.0,-0.020000000000000018,0.0,2.6041978625172744e-05,0.01950993664184311,0.01953597862046828,/Users/deepakkanneganti/Documents/TTA-Composition/Service-level TTA Model/TTA techniques/artifacts/client_3_glass_blur
tent,perf_0_1_plus_3_on_glass_blur,"client_0,client_1",2,client_3,glass_blur,50,50,0.8118,0.8538,0.94,0.88,0.92,0.84,0.91,0.84,-0.029999999999999916,-0.010000000000000009,-0.040000000000000036,0.0,0.00011700042788472369,0.025711287895990923,0.025828288323875646,/Users/deepakkanneganti/Documents/TTA-Composition/Service-level TTA Model/TTA techniques/artifacts/client_3_glass_blur
tent,perf_0_2_plus_3_on_glass_blur,"client_0,client_2",2,client_3,glass_blur,50,50,0.8118,0.8538,0.94,0.88,0.92,0.84,0.93,0.86,-0.009999999999999898,0.010000000000000009,-0.020000000000000018,0.020000000000000018,9.571765026945278e-05,0.02829350499121034,0.02838922264147979,/Users/deepakkanneganti/Documents/TTA-Composition/Service-level TTA Model/TTA techniques/artifacts/client_3_glass_blur
tent,perf_0_4_plus_3_on_glass_blur,"client_0,client_4",2,client_3,glass_blur,50,50,0.8118,0.8538,0.93,0.86,0.92,0.84,0.93,0.86,0.0,0.010000000000000009,0.0,0.020000000000000018,0.00010479589736835736,0.026714321465171588,0.026819117362539946,/Users/deepakkanneganti/Documents/TTA-Composition/Service-level TTA Model/TTA techniques/artifacts/client_3_glass_blur
tent,perf_1_2_plus_3_on_glass_blur,"client_1,client_2",2,client_3,glass_blur,50,50,0.8118,0.8538,0.93,0.86,0.91,0.82,0.93,0.86,0.0,0.020000000000000018,0.0,0.040000000000000036,0.00010318689937957428,0.022700666070041852,0.022803852969421428,/Users/deepakkanneganti/Documents/TTA-Composition/Service-level TTA Model/TTA techniques/artifacts/client_3_glass_blur
tent,perf_1_4_plus_3_on_glass_blur,"client_1,client_4",2,client_3,glass_blur,50,50,0.8118,0.8538,0.94,0.88,0.92,0.84,0.9,0.82,-0.039999999999999925,-0.020000000000000018,-0.06000000000000005,-0.020000000000000018,0.00010972851309463825,0.02798925593468881,0.02809898444778345,/Users/deepakkanneganti/Documents/TTA-Composition/Service-level TTA Model/TTA techniques/artifacts/client_3_glass_blur
tent,perf_2_4_plus_3_on_glass_blur,"client_2,client_4",2,client_3,glass_blur,50,50,0.8118,0.8538,0.93,0.86,0.91,0.82,0.93,0.86,0.0,0.020000000000000018,0.0,0.040000000000000036,9.427796089954778e-05,0.02973131728613793,0.029825595247037477,/Users/deepakkanneganti/Documents/TTA-Composition/Service-level TTA Model/TTA techniques/artifacts/client_3_glass_blur
tent,perf_0_1_2_plus_3_on_glass_blur,"client_0,client_1,client_2",3,client_3,glass_blur,50,50,0.8118,0.8538,0.94,0.88,0.92,0.84,0.91,0.82,-0.029999999999999916,-0.010000000000000009,-0.06000000000000005,-0.020000000000000018,0.00017540321839343395,0.028409704766755195,0.028585107985148628,/Users/deepakkanneganti/Documents/TTA-Composition/Service-level TTA Model/TTA techniques/artifacts/client_3_glass_blur
tent,perf_0_1_4_plus_3_on_glass_blur,"client_0,client_1,client_4",3,client_3,glass_blur,50,50,0.8118,0.8538,0.94,0.88,0.92,0.84,0.91,0.84,-0.029999999999999916,-0.010000000000000009,-0.040000000000000036,0.0,0.00017793403703148908,0.0303161626321124,0.03049409666914389,/Users/deepakkanneganti/Documents/TTA-Composition/Service-level TTA Model/TTA techniques/artifacts/client_3_glass_blur
tent,perf_0_2_4_plus_3_on_glass_blur,"client_0,client_2,client_4",3,client_3,glass_blur,50,50,0.8118,0.8538,0.93,0.86,0.92,0.84,0.93,0.86,0.0,0.010000000000000009,0.0,0.020000000000000018,0.0001665706368959026,0.032245412008878316,0.03241198264577422,/Users/deepakkanneganti/Documents/TTA-Composition/Service-level TTA Model/TTA techniques/artifacts/client_3_glass_blur
tent,perf_1_2_4_plus_3_on_glass_blur,"client_1,client_2,client_4",3,client_3,glass_blur,50,50,0.8118,0.8538,0.93,0.86,0.91,0.82,0.92,0.86,-0.010000000000000009,0.010000000000000009,0.0,0.040000000000000036,0.00017155404471081348,0.03029395235949408,0.03046550640420489,/Users/deepakkanneganti/Documents/TTA-Composition/Service-level TTA Model/TTA techniques/artifacts/client_3_glass_blur
tent,perf_0_1_2_4_plus_3_on_glass_blur,"client_0,client_1,client_2,client_4",4,client_3,glass_blur,50,50,0.8118,0.8538,0.93,0.86,0.92,0.84,0.92,0.84,-0.010000000000000009,0.0,-0.020000000000000018,0.0,0.00022556684760611031,0.03227368187497776,0.032499248722583876,/Users/deepakkanneganti/Documents/TTA-Composition/Service-level TTA Model/TTA techniques/artifacts/client_3_glass_blur
tent,perf_0_plus_3_on_stripe,client_0,1,client_3,stripe,50,50,0.8855,0.9439,0.94,0.88,0.89,0.8,0.91,0.82,-0.029999999999999916,0.020000000000000018,-0.06000000000000005,0.019999999999999907,2.9095285933283444e-05,0.016158670725033204,0.016187766010966487,/Users/deepakkanneganti/Documents/TTA-Composition/Service-level TTA Model/TTA techniques/artifacts/client_3_stripe
tent,perf_1_plus_3_on_stripe,client_1,1,client_3,stripe,50,50,0.8855,0.9439,0.96,0.92,0.91,0.84,0.94,0.9,-0.020000000000000018,0.029999999999999916,-0.020000000000000018,0.06000000000000005,3.5808911043040873e-05,0.013596327051036139,0.01363213596207918,/Users/deepakkanneganti/Documents/TTA-Composition/Service-level TTA Model/TTA techniques/artifacts/client_3_stripe
tent,perf_2_plus_3_on_stripe,client_2,1,client_3,stripe,50,50,0.8855,0.9439,0.93,0.86,0.91,0.84,0.93,0.86,0.0,0.020000000000000018,0.0,0.020000000000000018,1.718796481322614e-05,0.015394427861945443,0.015411615826758669,/Users/deepakkanneganti/Documents/TTA-Composition/Service-level TTA Model/TTA techniques/artifacts/client_3_stripe
tent,perf_4_plus_3_on_stripe,client_4,1,client_3,stripe,50,50,0.8855,0.9439,0.93,0.86,0.91,0.84,0.93,0.86,0.0,0.020000000000000018,0.0,0.020000000000000018,2.6041978625172744e-05,0.01589200015682058,0.015918042135445752,/Users/deepakkanneganti/Documents/TTA-Composition/Service-level TTA Model/TTA techniques/artifacts/client_3_stripe
tent,perf_0_1_plus_3_on_stripe,"client_0,client_1",2,client_3,stripe,50,50,0.8855,0.9439,0.94,0.88,0.91,0.84,0.92,0.86,-0.019999999999999907,0.010000000000000009,-0.020000000000000018,0.020000000000000018,0.00011700042788472369,0.020137903177630236,0.02025490360551496,/Users/deepakkanneganti/Documents/TTA-Composition/Service-level TTA Model/TTA techniques/artifacts/client_3_stripe
tent,perf_0_2_plus_3_on_stripe,"client_0,client_2",2,client_3,stripe,50,50,0.8855,0.9439,0.94,0.88,0.9,0.82,0.95,0.9,0.010000000000000009,0.04999999999999993,0.020000000000000018,0.08000000000000007,9.571765026945278e-05,0.022653659834699004,0.022749377484968455,/Users/deepakkanneganti/Documents/TTA-Composition/Service-level TTA Model/TTA techniques/artifacts/client_3_stripe
tent,perf_0_4_plus_3_on_stripe,"client_0,client_4",2,client_3,stripe,50,50,0.8855,0.9439,0.94,0.88,0.9,0.82,0.93,0.86,-0.009999999999999898,0.030000000000000027,-0.020000000000000018,0.040000000000000036,0.00010479589736835736,0.021297943941284,0.021402739838652356,/Users/deepakkanneganti/Documents/TTA-Composition/Service-level TTA Model/TTA techniques/artifacts/client_3_stripe
tent,perf_1_2_plus_3_on_stripe,"client_1,client_2",2,client_3,stripe,50,50,0.8855,0.9439,0.94,0.88,0.91,0.84,0.94,0.88,0.0,0.029999999999999916,0.0,0.040000000000000036,0.00010318689937957428,0.01813256809290373,0.018235754992283307,/Users/deepakkanneganti/Documents/TTA-Composition/Service-level TTA Model/TTA techniques/artifacts/client_3_stripe
tent,perf_1_4_plus_3_on_stripe,"client_1,client_4",2,client_3,stripe,50,50,0.8855,0.9439,0.94,0.88,0.91,0.84,0.91,0.84,-0.029999999999999916,0.0,-0.040000000000000036,0.0,0.00010972851309463825,0.02193390783215749,0.02204363634525213,/Users/deepakkanneganti/Documents/TTA-Composition/Service-level TTA Model/TTA techniques/artifacts/client_3_stripe
tent,perf_2_4_plus_3_on_stripe,"client_2,client_4",2,client_3,stripe,50,50,0.8855,0.9439,0.93,0.86,0.91,0.84,0.94,0.88,0.009999999999999898,0.029999999999999916,0.020000000000000018,0.040000000000000036,9.427796089954778e-05,0.023876423572418332,0.02397070153331788,/Users/deepakkanneganti/Documents/TTA-Composition/Service-level TTA Model/TTA techniques/artifacts/client_3_stripe
tent,perf_0_1_2_plus_3_on_stripe,"client_0,client_1,client_2",3,client_3,stripe,50,50,0.8855,0.9439,0.94,0.88,0.91,0.84,0.95,0.9,0.010000000000000009,0.039999999999999925,0.020000000000000018,0.06000000000000005,0.00017540321839343395,0.02242145341248525,0.022596856630878685,/Users/deepakkanneganti/Documents/TTA-Composition/Service-level TTA Model/TTA techniques/artifacts/client_3_stripe
tent,perf_0_1_4_plus_3_on_stripe,"client_0,client_1,client_4",3,client_3,stripe,50,50,0.8855,0.9439,0.94,0.88,0.91,0.84,0.92,0.86,-0.019999999999999907,0.010000000000000009,-0.020000000000000018,0.020000000000000018,0.00017793403703148908,0.023713370399162968,0.023891304436194458,/Users/deepakkanneganti/Documents/TTA-Composition/Service-level TTA Model/TTA techniques/artifacts/client_3_stripe
tent,perf_0_2_4_plus_3_on_stripe,"client_0,client_2,client_4",3,client_3,stripe,50,50,0.8855,0.9439,0.94,0.88,0.91,0.84,0.94,0.88,0.0,0.029999999999999916,0.0,0.040000000000000036,0.0001665706368959026,0.02561061280314735,0.02577718344004325,/Users/deepakkanneganti/Documents/TTA-Composition/Service-level TTA Model/TTA techniques/artifacts/client_3_stripe
tent,perf_1_2_4_plus_3_on_stripe,"client_1,client_2,client_4",3,client_3,stripe,50,50,0.8855,0.9439,0.94,0.88,0.91,0.84,0.93,0.88,-0.009999999999999898,0.020000000000000018,0.0,0.040000000000000036,0.00017155404471081348,0.02390924133841464,0.024080795383125454,/Users/deepakkanneganti/Documents/TTA-Composition/Service-level TTA Model/TTA techniques/artifacts/client_3_stripe
tent,perf_0_1_2_4_plus_3_on_stripe,"client_0,client_1,client_2,client_4",4,client_3,stripe,50,50,0.8855,0.9439,0.94,0.88,0.91,0.84,0.94,0.88,0.0,0.029999999999999916,0.0,0.040000000000000036,0.00022556684760611031,0.025356282577822107,0.025581849425428217,/Users/deepakkanneganti/Documents/TTA-Composition/Service-level TTA Model/TTA techniques/artifacts/client_3_stripe
tent,perf_0_plus_3_on_zigzag,client_0,1,client_3,zigzag,50,50,0.8483,0.8959,0.9,0.8,0.91,0.82,0.89,0.78,-0.010000000000000009,-0.020000000000000018,-0.020000000000000018,-0.039999999999999925,2.9095285933283444e-05,0.02806836117462179,0.028097456460555073,/Users/deepakkanneganti/Documents/TTA-Composition/Service-level TTA Model/TTA techniques/artifacts/client_3_zigzag
tent,perf_1_plus_3_on_zigzag,client_1,1,client_3,zigzag,50,50,0.8483,0.8959,0.91,0.82,0.9,0.82,0.91,0.84,0.0,0.010000000000000009,0.020000000000000018,0.020000000000000018,3.5808911043040873e-05,0.023423363746597314,0.023459172657640356,/Users/deepakkanneganti/Documents/TTA-Composition/Service-level TTA Model/TTA techniques/artifacts/client_3_zigzag
tent,perf_2_plus_3_on_zigzag,client_2,1,client_3,zigzag,50,50,0.8483,0.8959,0.9,0.8,0.9,0.8,0.89,0.78,-0.010000000000000009,-0.010000000000000009,-0.020000000000000018,-0.020000000000000018,1.718796481322614e-05,0.026326387151376446,0.026343575116189673,/Users/deepakkanneganti/Documents/TTA-Composition/Service-level TTA Model/TTA techniques/artifacts/client_3_zigzag
tent,perf_4_plus_3_on_zigzag,client_4,1,client_3,zigzag,50,50,0.8483,0.8959,0.89,0.78,0.92,0.84,0.89,0.78,0.0,-0.030000000000000027,0.0,-0.05999999999999994,2.6041978625172744e-05,0.027404207217215194,0.027430249195840365,/Users/deepakkanneganti/Documents/TTA-Composition/Service-level TTA Model/TTA techniques/artifacts/client_3_zigzag
tent,perf_0_1_plus_3_on_zigzag,"client_0,client_1",2,client_3,zigzag,50,50,0.8483,0.8959,0.91,0.82,0.91,0.82,0.9,0.82,-0.010000000000000009,-0.010000000000000009,0.0,0.0,0.00011700042788472369,0.03651103181419124,0.03662803224207597,/Users/deepakkanneganti/Documents/TTA-Composition/Service-level TTA Model/TTA techniques/artifacts/client_3_zigzag
tent,perf_0_2_plus_3_on_zigzag,"client_0,client_2",2,client_3,zigzag,50,50,0.8483,0.8959,0.9,0.8,0.91,0.82,0.89,0.78,-0.010000000000000009,-0.020000000000000018,-0.020000000000000018,-0.039999999999999925,9.571765026945278e-05,0.04133115144266801,0.04142686909293746,/Users/deepakkanneganti/Documents/TTA-Composition/Service-level TTA Model/TTA techniques/artifacts/client_3_zigzag
tent,perf_0_4_plus_3_on_zigzag,"client_0,client_4",2,client_3,zigzag,50,50,0.8483,0.8959,0.89,0.78,0.92,0.84,0.92,0.84,0.030000000000000027,0.0,0.05999999999999994,0.0,0.00010479589736835736,0.038530527706173164,0.03863532360354152,/Users/deepakkanneganti/Documents/TTA-Composition/Service-level TTA Model/TTA techniques/artifacts/client_3_zigzag
tent,perf_1_2_plus_3_on_zigzag,"client_1,client_2",2,client_3,zigzag,50,50,0.8483,0.8959,0.9,0.8,0.91,0.82,0.9,0.8,0.0,-0.010000000000000009,0.0,-0.019999999999999907,0.00010318689937957428,0.03217340238847091,0.03227658928785049,/Users/deepakkanneganti/Documents/TTA-Composition/Service-level TTA Model/TTA techniques/artifacts/client_3_zigzag
tent,perf_1_4_plus_3_on_zigzag,"client_1,client_4",2,client_3,zigzag,50,50,0.8483,0.8959,0.9,0.8,0.92,0.84,0.91,0.84,0.010000000000000009,-0.010000000000000009,0.039999999999999925,0.0,0.00010972851309463825,0.04024425088923354,0.04035397940232818,/Users/deepakkanneganti/Documents/TTA-Composition/Service-level TTA Model/TTA techniques/artifacts/client_3_zigzag
tent,perf_2_4_plus_3_on_zigzag,"client_2,client_4",2,client_3,zigzag,50,50,0.8483,0.8959,0.91,0.82,0.92,0.84,0.89,0.78,-0.020000000000000018,-0.030000000000000027,-0.039999999999999925,-0.05999999999999994,9.427796089954778e-05,0.04384765749111523,0.04394193545201478,/Users/deepakkanneganti/Documents/TTA-Composition/Service-level TTA Model/TTA techniques/artifacts/client_3_zigzag
tent,perf_0_1_2_plus_3_on_zigzag,"client_0,client_1,client_2",3,client_3,zigzag,50,50,0.8483,0.8959,0.9,0.8,0.91,0.82,0.91,0.82,0.010000000000000009,0.0,0.019999999999999907,0.0,0.00017540321839343395,0.04115085562767962,0.04132625884607305,/Users/deepakkanneganti/Documents/TTA-Composition/Service-level TTA Model/TTA techniques/artifacts/client_3_zigzag
tent,perf_0_1_4_plus_3_on_zigzag,"client_0,client_1,client_4",3,client_3,zigzag,50,50,0.8483,0.8959,0.91,0.82,0.92,0.84,0.91,0.84,0.0,-0.010000000000000009,0.020000000000000018,0.0,0.00017793403703148908,0.044025313302022126,0.04420324733905361,/Users/deepakkanneganti/Documents/TTA-Composition/Service-level TTA Model/TTA techniques/artifacts/client_3_zigzag
tent,perf_0_2_4_plus_3_on_zigzag,"client_0,client_2,client_4",3,client_3,zigzag,50,50,0.8483,0.8959,0.9,0.8,0.92,0.84,0.9,0.8,0.0,-0.020000000000000018,0.0,-0.039999999999999925,0.0001665706368959026,0.0477674420863401,0.047934012723236004,/Users/deepakkanneganti/Documents/TTA-Composition/Service-level TTA Model/TTA techniques/artifacts/client_3_zigzag
tent,perf_1_2_4_plus_3_on_zigzag,"client_1,client_2,client_4",3,client_3,zigzag,50,50,0.8483,0.8959,0.9,0.8,0.91,0.82,0.9,0.82,0.0,-0.010000000000000009,0.019999999999999907,0.0,0.00017155404471081348,0.04430785746076794,0.04447941150547875,/Users/deepakkanneganti/Documents/TTA-Composition/Service-level TTA Model/TTA techniques/artifacts/client_3_zigzag
tent,perf_0_1_2_4_plus_3_on_zigzag,"client_0,client_1,client_2,client_4",4,client_3,zigzag,50,50,0.8483,0.8959,0.9,0.8,0.91,0.82,0.91,0.82,0.010000000000000009,0.0,0.019999999999999907,0.0,0.00022556684760611031,0.047493064445909755,0.04771863129351587,/Users/deepakkanneganti/Documents/TTA-Composition/Service-level TTA Model/TTA techniques/artifacts/client_3_zigzag
tent,perf_0_plus_4_on_brightness,client_0,1,client_4,brightness,50,50,0.4112,0.9805,0.67,0.34,0.61,0.22,0.62,0.24,-0.050000000000000044,0.010000000000000009,-0.10000000000000003,0.01999999999999999,3.517293562926736e-05,0.027288119268134396,0.027323292203763665,/Users/deepakkanneganti/Documents/TTA-Composition/Service-level TTA Model/TTA techniques/artifacts/client_4_brightness
tent,perf_1_plus_4_on_brightness,client_1,1,client_4,brightness,50,50,0.4112,0.9805,0.68,0.38,0.65,0.32,0.67,0.36,-0.010000000000000009,0.020000000000000018,-0.020000000000000018,0.03999999999999998,4.552402718002308e-05,0.016679924226952973,0.016725448254132996,/Users/deepakkanneganti/Documents/TTA-Composition/Service-level TTA Model/TTA techniques/artifacts/client_4_brightness
tent,perf_2_plus_4_on_brightness,client_2,1,client_4,brightness,50,50,0.4112,0.9805,0.66,0.32,0.62,0.24,0.61,0.22,-0.050000000000000044,-0.010000000000000009,-0.1,-0.01999999999999999,1.7546562480111453e-05,0.015699854905857756,0.015717401468337867,/Users/deepakkanneganti/Documents/TTA-Composition/Service-level TTA Model/TTA techniques/artifacts/client_4_brightness
tent,perf_3_plus_4_on_brightness,client_3,1,client_4,brightness,50,50,0.4112,0.9805,0.63,0.26,0.55,0.1,0.56,0.12,-0.06999999999999995,0.010000000000000009,-0.14,0.01999999999999999,2.6041978625172744e-05,0.025274716033288094,0.025300758011913265,/Users/deepakkanneganti/Documents/TTA-Composition/Service-level TTA Model/TTA techniques/artifacts/client_4_brightness
tent,perf_0_1_plus_4_on_brightness,"client_0,client_1",2,client_4,brightness,50,50,0.4112,0.9805,0.66,0.34,0.61,0.24,0.65,0.32,-0.010000000000000009,0.040000000000000036,-0.020000000000000018,0.08000000000000002,0.00014961526180735257,0.02964963606437651,0.029799251326183863,/Users/deepakkanneganti/Documents/TTA-Composition/Service-level TTA Model/TTA techniques/artifacts/client_4_brightness
tent,perf_0_2_plus_4_on_brightness,"client_0,client_2",2,client_4,brightness,50,50,0.4112,0.9805,0.64,0.28,0.61,0.22,0.62,0.24,-0.020000000000000018,0.010000000000000009,-0.040000000000000036,0.01999999999999999,0.00010782179034040309,0.030214313836833217,0.03032213562717362,/Users/deepakkanneganti/Documents/TTA-Composition/Service-level TTA Model/TTA techniques/artifacts/client_4_brightness
tent,perf_0_3_plus_4_on_brightness,"client_0,client_3",2,client_4,brightness,50,50,0.4112,0.9805,0.62,0.24,0.59,0.18,0.6,0.2,-0.020000000000000018,0.010000000000000009,-0.03999999999999998,0.020000000000000018,0.00012323935755005256,0.03719019135860413,0.03731343071615418,/Users/deepakkanneganti/Documents/TTA-Composition/Service-level TTA Model/TTA techniques/artifacts/client_4_brightness
tent,perf_1_2_plus_4_on_brightness,"client_1,client_2",2,client_4,brightness,50,50,0.4112,0.9805,0.66,0.34,0.62,0.26,0.64,0.28,-0.020000000000000018,0.020000000000000018,-0.06,0.020000000000000018,0.00011937844897474902,0.02041475036589464,0.02053412881486939,/Users/deepakkanneganti/Documents/TTA-Composition/Service-level TTA Model/TTA techniques/artifacts/client_4_brightness
tent,perf_1_3_plus_4_on_brightness,"client_1,client_3",2,client_4,brightness,50,50,0.4112,0.9805,0.66,0.32,0.61,0.24,0.63,0.26,-0.030000000000000027,0.020000000000000018,-0.06,0.020000000000000018,0.00013428972401116545,0.02975858572464746,0.029892875448658627,/Users/deepakkanneganti/Documents/TTA-Composition/Service-level TTA Model/TTA techniques/artifacts/client_4_brightness
tent,perf_2_3_plus_4_on_brightness,"client_2,client_3",2,client_4,brightness,50,50,0.4112,0.9805,0.63,0.26,0.6,0.2,0.59,0.18,-0.040000000000000036,-0.010000000000000009,-0.08000000000000002,-0.020000000000000018,9.602235259805241e-05,0.027531113109867257,0.02762713546246531,/Users/deepakkanneganti/Documents/TTA-Composition/Service-level TTA Model/TTA techniques/artifacts/client_4_brightness
tent,perf_0_1_2_plus_4_on_brightness,"client_0,client_1,client_2",3,client_4,brightness,50,50,0.4112,0.9805,0.66,0.32,0.63,0.26,0.64,0.28,-0.020000000000000018,0.010000000000000009,-0.03999999999999998,0.020000000000000018,0.00020996354414043786,0.02932660828932623,0.029536571833466668,/Users/deepakkanneganti/Documents/TTA-Composition/Service-level TTA Model/TTA techniques/artifacts/client_4_brightness
tent,perf_0_1_3_plus_4_on_brightness,"client_0,client_1,client_3",3,client_4,brightness,50,50,0.4112,0.9805,0.66,0.32,0.62,0.24,0.64,0.28,-0.020000000000000018,0.020000000000000018,-0.03999999999999998,0.040000000000000036,0.00022374294452172063,0.03624681301111373,0.036470555955635454,/Users/deepakkanneganti/Documents/TTA-Composition/Service-level TTA Model/TTA techniques/artifacts/client_4_brightness
tent,perf_0_2_3_plus_4_on_brightness,"client_0,client_2,client_3",3,client_4,brightness,50,50,0.4112,0.9805,0.62,0.24,0.61,0.22,0.6,0.2,-0.020000000000000018,-0.010000000000000009,-0.03999999999999998,-0.01999999999999999,0.00018641426190008136,0.03553906141185747,0.03572547567375755,/Users/deepakkanneganti/Documents/TTA-Composition/Service-level TTA Model/TTA techniques/artifacts/client_4_brightness
tent,perf_1_2_3_plus_4_on_brightness,"client_1,client_2,client_3",3,client_4,brightness,50,50,0.4112,0.9805,0.64,0.28,0.63,0.26,0.62,0.24,-0.020000000000000018,-0.010000000000000009,-0.040000000000000036,-0.020000000000000018,0.00019677051389587272,0.02843147572426599,0.02862824623816186,/Users/deepakkanneganti/Documents/TTA-Composition/Service-level TTA Model/TTA techniques/artifacts/client_4_brightness
tent,perf_0_1_2_3_plus_4_on_brightness,"client_0,client_1,client_2,client_3",4,client_4,brightness,50,50,0.4112,0.9805,0.64,0.28,0.62,0.24,0.62,0.24,-0.020000000000000018,0.0,-0.040000000000000036,0.0,0.00026833851716167,0.034140609451400676,0.034408947968562344,/Users/deepakkanneganti/Documents/TTA-Composition/Service-level TTA Model/TTA techniques/artifacts/client_4_brightness
tent,perf_0_plus_4_on_glass_blur,client_0,1,client_4,glass_blur,50,50,0.7814,0.8308,0.93,0.86,0.88,0.76,0.92,0.84,-0.010000000000000009,0.040000000000000036,-0.020000000000000018,0.07999999999999996,3.517293562926736e-05,0.02581793121684934,0.025853104152478608,/Users/deepakkanneganti/Documents/TTA-Composition/Service-level TTA Model/TTA techniques/artifacts/client_4_glass_blur
tent,perf_1_plus_4_on_glass_blur,client_1,1,client_4,glass_blur,50,50,0.7814,0.8308,0.9,0.82,0.85,0.72,0.9,0.82,0.0,0.050000000000000044,0.0,0.09999999999999998,4.552402718002308e-05,0.016181473727888952,0.016226997755068976,/Users/deepakkanneganti/Documents/TTA-Composition/Service-level TTA Model/TTA techniques/artifacts/client_4_glass_blur
tent,perf_2_plus_4_on_glass_blur,client_2,1,client_4,glass_blur,50,50,0.7814,0.8308,0.92,0.84,0.88,0.76,0.9,0.8,-0.020000000000000018,0.020000000000000018,-0.039999999999999925,0.040000000000000036,1.7546562480111453e-05,0.01447969670910627,0.014497243271586382,/Users/deepakkanneganti/Documents/TTA-Composition/Service-level TTA Model/TTA techniques/artifacts/client_4_glass_blur
tent,perf_3_plus_4_on_glass_blur,client_3,1,client_4,glass_blur,50,50,0.7814,0.8308,0.93,0.86,0.91,0.82,0.91,0.82,-0.020000000000000018,0.0,-0.040000000000000036,0.0,2.6041978625172744e-05,0.023344355150166505,0.023370397128791676,/Users/deepakkanneganti/Documents/TTA-Composition/Service-level TTA Model/TTA techniques/artifacts/client_4_glass_blur
tent,perf_0_1_plus_4_on_glass_blur,"client_0,client_1",2,client_4,glass_blur,50,50,0.7814,0.8308,0.91,0.84,0.86,0.74,0.91,0.84,0.0,0.050000000000000044,0.0,0.09999999999999998,0.00014961526180735257,0.028322787041846768,0.02847240230365412,/Users/deepakkanneganti/Documents/TTA-Composition/Service-level TTA Model/TTA techniques/artifacts/client_4_glass_blur
tent,perf_0_2_plus_4_on_glass_blur,"client_0,client_2",2,client_4,glass_blur,50,50,0.7814,0.8308,0.92,0.84,0.89,0.78,0.92,0.84,0.0,0.030000000000000027,0.0,0.05999999999999994,0.00010782179034040309,0.02800674135300971,0.02811456314335011,/Users/deepakkanneganti/Documents/TTA-Composition/Service-level TTA Model/TTA techniques/artifacts/client_4_glass_blur
tent,perf_0_3_plus_4_on_glass_blur,"client_0,client_3",2,client_4,glass_blur,50,50,0.7814,0.8308,0.93,0.86,0.9,0.8,0.93,0.86,0.0,0.030000000000000027,0.0,0.05999999999999994,0.00012323935755005256,0.03453601955538602,0.03465925891293607,/Users/deepakkanneganti/Documents/TTA-Composition/Service-level TTA Model/TTA techniques/artifacts/client_4_glass_blur
tent,perf_1_2_plus_4_on_glass_blur,"client_1,client_2",2,client_4,glass_blur,50,50,0.7814,0.8308,0.91,0.84,0.87,0.76,0.93,0.86,0.020000000000000018,0.06000000000000005,0.020000000000000018,0.09999999999999998,0.00011937844897474902,0.0192453486939756,0.01936472714295035,/Users/deepakkanneganti/Documents/TTA-Composition/Service-level TTA Model/TTA techniques/artifacts/client_4_glass_blur
tent,perf_1_3_plus_4_on_glass_blur,"client_1,client_3",2,client_4,glass_blur,50,50,0.7814,0.8308,0.94,0.88,0.88,0.78,0.94,0.88,0.0,0.05999999999999994,0.0,0.09999999999999998,0.00013428972401116545,0.028054178996223304,0.02818846872023447,/Users/deepakkanneganti/Documents/TTA-Composition/Service-level TTA Model/TTA techniques/artifacts/client_4_glass_blur
tent,perf_2_3_plus_4_on_glass_blur,"client_2,client_3",2,client_4,glass_blur,50,50,0.7814,0.8308,0.93,0.86,0.89,0.78,0.92,0.84,-0.010000000000000009,0.030000000000000027,-0.020000000000000018,0.05999999999999994,9.602235259805241e-05,0.025240466224948188,0.02533648857754624,/Users/deepakkanneganti/Documents/TTA-Composition/Service-level TTA Model/TTA techniques/artifacts/client_4_glass_blur
tent,perf_0_1_2_plus_4_on_glass_blur,"client_0,client_1,client_2",3,client_4,glass_blur,50,50,0.7814,0.8308,0.92,0.84,0.88,0.76,0.91,0.82,-0.010000000000000009,0.030000000000000027,-0.020000000000000018,0.05999999999999994,0.00020996354414043786,0.027567609928407167,0.027777573472547605,/Users/deepakkanneganti/Documents/TTA-Composition/Service-level TTA Model/TTA techniques/artifacts/client_4_glass_blur
tent,perf_0_1_3_plus_4_on_glass_blur,"client_0,client_1,client_3",3,client_4,glass_blur,50,50,0.7814,0.8308,0.94,0.88,0.89,0.78,0.94,0.88,0.0,0.04999999999999993,0.0,0.09999999999999998,0.00022374294452172063,0.03408979492764633,0.03431353787216805,/Users/deepakkanneganti/Documents/TTA-Composition/Service-level TTA Model/TTA techniques/artifacts/client_4_glass_blur
tent,perf_0_2_3_plus_4_on_glass_blur,"client_0,client_2,client_3",3,client_4,glass_blur,50,50,0.7814,0.8308,0.93,0.86,0.9,0.8,0.94,0.88,0.009999999999999898,0.039999999999999925,0.020000000000000018,0.07999999999999996,0.00018641426190008136,0.032749189929047864,0.032935604190947945,/Users/deepakkanneganti/Documents/TTA-Composition/Service-level TTA Model/TTA techniques/artifacts/client_4_glass_blur
tent,perf_1_2_3_plus_4_on_glass_blur,"client_1,client_2,client_3",3,client_4,glass_blur,50,50,0.7814,0.8308,0.93,0.86,0.88,0.76,0.93,0.86,0.0,0.050000000000000044,0.0,0.09999999999999998,0.00019677051389587272,0.02650947973837061,0.026706250252266483,/Users/deepakkanneganti/Documents/TTA-Composition/Service-level TTA Model/TTA techniques/artifacts/client_4_glass_blur
tent,perf_0_1_2_3_plus_4_on_glass_blur,"client_0,client_1,client_2,client_3",4,client_4,glass_blur,50,50,0.7814,0.8308,0.93,0.86,0.89,0.78,0.94,0.88,0.009999999999999898,0.04999999999999993,0.020000000000000018,0.09999999999999998,0.00026833851716167,0.03183954365184216,0.03210788216900383,/Users/deepakkanneganti/Documents/TTA-Composition/Service-level TTA Model/TTA techniques/artifacts/client_4_glass_blur
tent,perf_0_plus_4_on_stripe,client_0,1,client_4,stripe,50,50,0.8682,0.9216,0.93,0.86,0.92,0.86,0.91,0.82,-0.020000000000000018,-0.010000000000000009,-0.040000000000000036,-0.040000000000000036,3.517293562926736e-05,0.014914123820858594,0.014949296756487861,/Users/deepakkanneganti/Documents/TTA-Composition/Service-level TTA Model/TTA techniques/artifacts/client_4_stripe
tent,perf_1_plus_4_on_stripe,client_1,1,client_4,stripe,50,50,0.8682,0.9216,0.91,0.84,0.91,0.84,0.94,0.9,0.029999999999999916,0.029999999999999916,0.06000000000000005,0.06000000000000005,4.552402718002308e-05,0.0097518215907267,0.009797345617906723,/Users/deepakkanneganti/Documents/TTA-Composition/Service-level TTA Model/TTA techniques/artifacts/client_4_stripe
tent,perf_2_plus_4_on_stripe,client_2,1,client_4,stripe,50,50,0.8682,0.9216,0.94,0.88,0.9,0.82,0.93,0.86,-0.009999999999999898,0.030000000000000027,-0.020000000000000018,0.040000000000000036,1.7546562480111453e-05,0.009117030663718113,0.009134577226198225,/Users/deepakkanneganti/Documents/TTA-Composition/Service-level TTA Model/TTA techniques/artifacts/client_4_stripe
tent,perf_3_plus_4_on_stripe,client_3,1,client_4,stripe,50,50,0.8682,0.9216,0.93,0.86,0.92,0.86,0.95,0.9,0.019999999999999907,0.029999999999999916,0.040000000000000036,0.040000000000000036,2.6041978625172744e-05,0.014139340069829509,0.014165382048454682,/Users/deepakkanneganti/Documents/TTA-Composition/Service-level TTA Model/TTA techniques/artifacts/client_4_stripe
tent,perf_0_1_plus_4_on_stripe,"client_0,client_1",2,client_4,stripe,50,50,0.8682,0.9216,0.92,0.86,0.91,0.84,0.92,0.86,0.0,0.010000000000000009,0.0,0.020000000000000018,0.00014961526180735257,0.01607637785456789,0.016225993116375244,/Users/deepakkanneganti/Documents/TTA-Composition/Service-level TTA Model/TTA techniques/artifacts/client_4_stripe
tent,perf_0_2_plus_4_on_stripe,"client_0,client_2",2,client_4,stripe,50,50,0.8682,0.9216,0.95,0.9,0.9,0.82,0.95,0.9,0.0,0.04999999999999993,0.0,0.08000000000000007,0.00010782179034040309,0.016215220160203804,0.016323041950544206,/Users/deepakkanneganti/Documents/TTA-Composition/Service-level TTA Model/TTA techniques/artifacts/client_4_stripe
tent,perf_0_3_plus_4_on_stripe,"client_0,client_3",2,client_4,stripe,50,50,0.8682,0.9216,0.94,0.88,0.92,0.86,0.94,0.88,0.0,0.019999999999999907,0.0,0.020000000000000018,0.00012323935755005256,0.019568538316649904,0.019691777674199957,/Users/deepakkanneganti/Documents/TTA-Composition/Service-level TTA Model/TTA techniques/artifacts/client_4_stripe
tent,perf_1_2_plus_4_on_stripe,"client_1,client_2",2,client_4,stripe,50,50,0.8682,0.9216,0.93,0.88,0.91,0.84,0.94,0.88,0.009999999999999898,0.029999999999999916,0.0,0.040000000000000036,0.00011937844897474902,0.011577248417080575,0.011696626866055325,/Users/deepakkanneganti/Documents/TTA-Composition/Service-level TTA Model/TTA techniques/artifacts/client_4_stripe
tent,perf_1_3_plus_4_on_stripe,"client_1,client_3",2,client_4,stripe,50,50,0.8682,0.9216,0.94,0.88,0.92,0.86,0.96,0.92,0.020000000000000018,0.039999999999999925,0.040000000000000036,0.06000000000000005,0.00013428972401116545,0.016235832125990116,0.016370121850001283,/Users/deepakkanneganti/Documents/TTA-Composition/Service-level TTA Model/TTA techniques/artifacts/client_4_stripe
tent,perf_2_3_plus_4_on_stripe,"client_2,client_3",2,client_4,stripe,50,50,0.8682,0.9216,0.93,0.86,0.91,0.84,0.93,0.86,0.0,0.020000000000000018,0.0,0.020000000000000018,9.602235259805241e-05,0.015068324618288807,0.01516434697088686,/Users/deepakkanneganti/Documents/TTA-Composition/Service-level TTA Model/TTA techniques/artifacts/client_4_stripe
tent,perf_0_1_2_plus_4_on_stripe,"client_0,client_1,client_2",3,client_4,stripe,50,50,0.8682,0.9216,0.95,0.9,0.9,0.82,0.95,0.9,0.0,0.04999999999999993,0.0,0.08000000000000007,0.00020996354414043786,0.015864215500407588,0.016074179044548026,/Users/deepakkanneganti/Documents/TTA-Composition/Service-level TTA Model/TTA techniques/artifacts/client_4_stripe
tent,perf_0_1_3_plus_4_on_stripe,"client_0,client_1,client_3",3,client_4,stripe,50,50,0.8682,0.9216,0.94,0.88,0.92,0.86,0.94,0.88,0.0,0.019999999999999907,0.0,0.020000000000000018,0.00022374294452172063,0.019149760731100817,0.019373503675622537,/Users/deepakkanneganti/Documents/TTA-Composition/Service-level TTA Model/TTA techniques/artifacts/client_4_stripe
tent,perf_0_2_3_plus_4_on_stripe,"client_0,client_2,client_3",3,client_4,stripe,50,50,0.8682,0.9216,0.94,0.88,0.91,0.84,0.94,0.88,0.0,0.029999999999999916,0.0,0.040000000000000036,0.00018641426190008136,0.018733351387985125,0.018919765649885206,/Users/deepakkanneganti/Documents/TTA-Composition/Service-level TTA Model/TTA techniques/artifacts/client_4_stripe
tent,perf_1_2_3_plus_4_on_stripe,"client_1,client_2,client_3",3,client_4,stripe,50,50,0.8682,0.9216,0.94,0.88,0.92,0.86,0.94,0.88,0.0,0.019999999999999907,0.0,0.020000000000000018,0.00019677051389587272,0.015515289116759416,0.01571205963065529,/Users/deepakkanneganti/Documents/TTA-Composition/Service-level TTA Model/TTA techniques/artifacts/client_4_stripe
tent,perf_0_1_2_3_plus_4_on_stripe,"client_0,client_1,client_2,client_3",4,client_4,stripe,50,50,0.8682,0.9216,0.94,0.88,0.91,0.84,0.94,0.88,0.0,0.029999999999999916,0.0,0.040000000000000036,0.00026833851716167,0.01812992839432915,0.01839826691149082,/Users/deepakkanneganti/Documents/TTA-Composition/Service-level TTA Model/TTA techniques/artifacts/client_4_stripe
tent,perf_0_plus_4_on_zigzag,client_0,1,client_4,zigzag,50,50,0.8118,0.841,0.9,0.8,0.92,0.84,0.89,0.78,-0.010000000000000009,-0.030000000000000027,-0.020000000000000018,-0.05999999999999994,3.517293562926736e-05,0.029201316924231245,0.029236489859860514,/Users/deepakkanneganti/Documents/TTA-Composition/Service-level TTA Model/TTA techniques/artifacts/client_4_zigzag
tent,perf_1_plus_4_on_zigzag,client_1,1,client_4,zigzag,50,50,0.8118,0.841,0.91,0.84,0.91,0.84,0.91,0.84,0.0,0.0,0.0,0.0,4.552402718002308e-05,0.018033819335561845,0.01807934336274187,/Users/deepakkanneganti/Documents/TTA-Composition/Service-level TTA Model/TTA techniques/artifacts/client_4_zigzag
tent,perf_2_plus_4_on_zigzag,client_2,1,client_4,zigzag,50,50,0.8118,0.841,0.88,0.76,0.9,0.8,0.88,0.76,0.0,-0.020000000000000018,0.0,-0.040000000000000036,1.7546562480111453e-05,0.016330665963345602,0.016348212525825714,/Users/deepakkanneganti/Documents/TTA-Composition/Service-level TTA Model/TTA techniques/artifacts/client_4_zigzag
tent,perf_3_plus_4_on_zigzag,client_3,1,client_4,zigzag,50,50,0.8118,0.841,0.89,0.78,0.91,0.82,0.88,0.76,-0.010000000000000009,-0.030000000000000027,-0.020000000000000018,-0.05999999999999994,2.6041978625172744e-05,0.026810102581114128,0.0268361445597393,/Users/deepakkanneganti/Documents/TTA-Composition/Service-level TTA Model/TTA techniques/artifacts/client_4_zigzag
tent,perf_0_1_plus_4_on_zigzag,"client_0,client_1",2,client_4,zigzag,50,50,0.8118,0.841,0.91,0.84,0.91,0.84,0.9,0.82,-0.010000000000000009,-0.010000000000000009,-0.020000000000000018,-0.020000000000000018,0.00014961526180735257,0.0321113457706727,0.03226096103248005,/Users/deepakkanneganti/Documents/TTA-Composition/Service-level TTA Model/TTA techniques/artifacts/client_4_zigzag
tent,perf_0_2_plus_4_on_zigzag,"client_0,client_2",2,client_4,zigzag,50,50,0.8118,0.841,0.9,0.8,0.92,0.84,0.89,0.78,-0.010000000000000009,-0.030000000000000027,-0.020000000000000018,-0.05999999999999994,0.00010782179034040309,0.03201820577974606,0.032126027570086466,/Users/deepakkanneganti/Documents/TTA-Composition/Service-level TTA Model/TTA techniques/artifacts/client_4_zigzag
tent,perf_0_3_plus_4_on_zigzag,"client_0,client_3",2,client_4,zigzag,50,50,0.8118,0.841,0.89,0.78,0.92,0.84,0.9,0.8,0.010000000000000009,-0.020000000000000018,0.020000000000000018,-0.039999999999999925,0.00012323935755005256,0.03987232303322158,0.03999556239077163,/Users/deepakkanneganti/Documents/TTA-Composition/Service-level TTA Model/TTA techniques/artifacts/client_4_zigzag
tent,perf_1_2_plus_4_on_zigzag,"client_1,client_2",2,client_4,zigzag,50,50,0.8118,0.841,0.9,0.82,0.91,0.84,0.9,0.8,0.0,-0.010000000000000009,-0.019999999999999907,-0.039999999999999925,0.00011937844897474902,0.0217182587336903,0.02183763718266505,/Users/deepakkanneganti/Documents/TTA-Composition/Service-level TTA Model/TTA techniques/artifacts/client_4_zigzag
tent,perf_1_3_plus_4_on_zigzag,"client_1,client_3",2,client_4,zigzag,50,50,0.8118,0.841,0.9,0.8,0.92,0.84,0.91,0.82,0.010000000000000009,-0.010000000000000009,0.019999999999999907,-0.020000000000000018,0.00013428972401116545,0.03210640407052083,0.032240693794532,/Users/deepakkanneganti/Documents/TTA-Composition/Service-level TTA Model/TTA techniques/artifacts/client_4_zigzag
tent,perf_2_3_plus_4_on_zigzag,"client_2,client_3",2,client_4,zigzag,50,50,0.8118,0.841,0.91,0.82,0.91,0.82,0.9,0.8,-0.010000000000000009,-0.010000000000000009,-0.019999999999999907,-0.019999999999999907,9.602235259805241e-05,0.02902292164316367,0.02911894399576172,/Users/deepakkanneganti/Documents/TTA-Composition/Service-level TTA Model/TTA techniques/artifacts/client_4_zigzag
tent,perf_0_1_2_plus_4_on_zigzag,"client_0,client_1,client_2",3,client_4,zigzag,50,50,0.8118,0.841,0.91,0.82,0.92,0.84,0.91,0.82,0.0,-0.010000000000000009,0.0,-0.020000000000000018,0.00020996354414043786,0.03140022758582982,0.03161019112997025,/Users/deepakkanneganti/Documents/TTA-Composition/Service-level TTA Model/TTA techniques/artifacts/client_4_zigzag
tent,perf_0_1_3_plus_4_on_zigzag,"client_0,client_1,client_3",3,client_4,zigzag,50,50,0.8118,0.841,0.91,0.82,0.92,0.84,0.91,0.82,0.0,-0.010000000000000009,0.0,-0.020000000000000018,0.00022374294452172063,0.03918276092314481,0.03940650386766653,/Users/deepakkanneganti/Documents/TTA-Composition/Service-level TTA Model/TTA techniques/artifacts/client_4_zigzag
tent,perf_0_2_3_plus_4_on_zigzag,"client_0,client_2,client_3",3,client_4,zigzag,50,50,0.8118,0.841,0.9,0.8,0.92,0.84,0.9,0.8,0.0,-0.020000000000000018,0.0,-0.039999999999999925,0.00018641426190008136,0.03781158031000691,0.037997994571906994,/Users/deepakkanneganti/Documents/TTA-Composition/Service-level TTA Model/TTA techniques/artifacts/client_4_zigzag
tent,perf_1_2_3_plus_4_on_zigzag,"client_1,client_2,client_3",3,client_4,zigzag,50,50,0.8118,0.841,0.9,0.8,0.92,0.84,0.9,0.8,0.0,-0.020000000000000018,0.0,-0.039999999999999925,0.00019677051389587272,0.030346776496671665,0.030543547010567537,/Users/deepakkanneganti/Documents/TTA-Composition/Service-level TTA Model/TTA techniques/artifacts/client_4_zigzag
tent,perf_0_1_2_3_plus_4_on_zigzag,"client_0,client_1,client_2,client_3",4,client_4,zigzag,50,50,0.8118,0.841,0.9,0.8,0.92,0.84,0.9,0.8,0.0,-0.020000000000000018,0.0,-0.039999999999999925,0.00026833851716167,0.03659421230528324,0.036862550822444905,/Users/deepakkanneganti/Documents/TTA-Composition/Service-level TTA Model/TTA techniques/artifacts/client_4_zigzag
tta_bn,perf_1_plus_0_on_brightness,client_1,1,client_0,brightness,50,50,0.2268,0.4424,0.66,0.34,0.78,0.98,0.67,0.36,0.010000000000000009,-0.10999999999999999,0.019999999999999962,-0.62,4.55042347391282e-05,6.671201714768975e-07,4.617135491060509e-05,/Users/deepakkanneganti/Documents/TTA-Composition/Service-level TTA Model/TTA techniques/artifacts_tta_bn/client_0_brightness_tta_bn
tta_bn,perf_2_plus_0_on_brightness,client_2,1,client_0,brightness,50,50,0.2268,0.4424,0.62,0.24,0.82,0.96,0.61,0.22,-0.010000000000000009,-0.20999999999999996,-0.01999999999999999,-0.74,2.0642804393469558e-05,4.466932915501847e-07,2.1089497685019743e-05,/Users/deepakkanneganti/Documents/TTA-Composition/Service-level TTA Model/TTA techniques/artifacts_tta_bn/client_0_brightness_tta_bn
tta_bn,perf_3_plus_0_on_brightness,client_3,1,client_0,brightness,50,50,0.2268,0.4424,0.6,0.2,0.77,0.96,0.56,0.12,-0.039999999999999925,-0.20999999999999996,-0.08000000000000002,-0.84,2.9095285933283444e-05,5.790875036718606e-07,2.9674373436955303e-05,/Users/deepakkanneganti/Documents/TTA-Composition/Service-level TTA Model/TTA techniques/artifacts_tta_bn/client_0_brightness_tta_bn
tta_bn,perf_4_plus_0_on_brightness,client_4,1,client_0,brightness,50,50,0.2268,0.4424,0.67,0.34,0.82,0.98,0.67,0.34,0.0,-0.1499999999999999,0.0,-0.6399999999999999,3.517293562926736e-05,6.766093716969137e-07,3.5849545000964275e-05,/Users/deepakkanneganti/Documents/TTA-Composition/Service-level TTA Model/TTA techniques/artifacts_tta_bn/client_0_brightness_tta_bn
tta_bn,perf_1_2_plus_0_on_brightness,"client_1,client_2",2,client_0,brightness,50,50,0.2268,0.4424,0.64,0.28,0.79,0.96,0.64,0.28,0.0,-0.15000000000000002,0.0,-0.6799999999999999,0.00013167685145582228,5.82111285826946e-07,0.0001322589627416492,/Users/deepakkanneganti/Documents/TTA-Composition/Service-level TTA Model/TTA techniques/artifacts_tta_bn/client_0_brightness_tta_bn
tta_bn,perf_1_3_plus_0_on_brightness,"client_1,client_3",2,client_0,brightness,50,50,0.2268,0.4424,0.64,0.28,0.79,0.98,0.63,0.26,-0.010000000000000009,-0.16000000000000003,-0.020000000000000018,-0.72,0.0001433463583450982,6.865588891109162e-07,0.00014403291723420912,/Users/deepakkanneganti/Documents/TTA-Composition/Service-level TTA Model/TTA techniques/artifacts_tta_bn/client_0_brightness_tta_bn
tta_bn,perf_1_4_plus_0_on_brightness,"client_1,client_4",2,client_0,brightness,50,50,0.2268,0.4424,0.66,0.34,0.8,0.98,0.68,0.38,0.020000000000000018,-0.12,0.03999999999999998,-0.6,0.00014955963193031698,7.540452882808339e-07,0.0001503136772185978,/Users/deepakkanneganti/Documents/TTA-Composition/Service-level TTA Model/TTA techniques/artifacts_tta_bn/client_0_brightness_tta_bn
tta_bn,perf_2_3_plus_0_on_brightness,"client_2,client_3",2,client_0,brightness,50,50,0.2268,0.4424,0.6,0.2,0.81,0.98,0.59,0.18,-0.010000000000000009,-0.22000000000000008,-0.020000000000000018,-0.8,0.0001126535541699376,5.547519541554766e-07,0.00011320830612409307,/Users/deepakkanneganti/Documents/TTA-Composition/Service-level TTA Model/TTA techniques/artifacts_tta_bn/client_0_brightness_tta_bn
tta_bn,perf_2_4_plus_0_on_brightness,"client_2,client_4",2,client_0,brightness,50,50,0.2268,0.4424,0.64,0.28,0.82,0.96,0.66,0.32,0.020000000000000018,-0.15999999999999992,0.03999999999999998,-0.6399999999999999,0.0001247931020937434,6.176841957302978e-07,0.0001254107862894737,/Users/deepakkanneganti/Documents/TTA-Composition/Service-level TTA Model/TTA techniques/artifacts_tta_bn/client_0_brightness_tta_bn
tta_bn,perf_3_4_plus_0_on_brightness,"client_3,client_4",2,client_0,brightness,50,50,0.2268,0.4424,0.62,0.24,0.82,0.98,0.63,0.26,0.010000000000000009,-0.18999999999999995,0.020000000000000018,-0.72,0.00013586094995780718,6.822328834833403e-07,0.0001365431828412905,/Users/deepakkanneganti/Documents/TTA-Composition/Service-level TTA Model/TTA techniques/artifacts_tta_bn/client_0_brightness_tta_bn
tta_bn,perf_1_2_3_plus_0_on_brightness,"client_1,client_2,client_3",3,client_0,brightness,50,50,0.2268,0.4424,0.62,0.24,0.8,0.98,0.62,0.24,0.0,-0.18000000000000005,0.0,-0.74,0.00022076163686378324,6.223530241489039e-07,0.00022138398988793214,/Users/deepakkanneganti/Documents/TTA-Composition/Service-level TTA Model/TTA techniques/artifacts_tta_bn/client_0_brightness_tta_bn
tta_bn,perf_1_2_4_plus_0_on_brightness,"client_1,client_2,client_4",3,client_0,brightness,50,50,0.2268,0.4424,0.66,0.32,0.79,0.96,0.66,0.34,0.0,-0.13,0.020000000000000018,-0.6199999999999999,0.00023041729139906518,6.688873741648626e-07,0.00023108617877323006,/Users/deepakkanneganti/Documents/TTA-Composition/Service-level TTA Model/TTA techniques/artifacts_tta_bn/client_0_brightness_tta_bn
tta_bn,perf_1_3_4_plus_0_on_brightness,"client_1,client_3,client_4",3,client_0,brightness,50,50,0.2268,0.4424,0.66,0.32,0.8,0.98,0.66,0.32,0.0,-0.14,0.0,-0.6599999999999999,0.000237939988303369,7.309907686960984e-07,0.00023867097907206508,/Users/deepakkanneganti/Documents/TTA-Composition/Service-level TTA Model/TTA techniques/artifacts_tta_bn/client_0_brightness_tta_bn
tta_bn,perf_2_3_4_plus_0_on_brightness,"client_2,client_3,client_4",3,client_0,brightness,50,50,0.2268,0.4424,0.62,0.24,0.81,0.98,0.63,0.26,0.010000000000000009,-0.18000000000000005,0.020000000000000018,-0.72,0.00021723723744227155,6.362586122030719e-07,0.00021787349605447462,/Users/deepakkanneganti/Documents/TTA-Composition/Service-level TTA Model/TTA techniques/artifacts_tta_bn/client_0_brightness_tta_bn
tta_bn,perf_1_2_3_4_plus_0_on_brightness,"client_1,client_2,client_3,client_4",4,client_0,brightness,50,50,0.2268,0.4424,0.64,0.28,0.8,0.98,0.64,0.28,0.0,-0.16000000000000003,0.0,-0.7,0.0003001200739096516,6.739368251251552e-07,0.00030079401073477674,/Users/deepakkanneganti/Documents/TTA-Composition/Service-level TTA Model/TTA techniques/artifacts_tta_bn/client_0_brightness_tta_bn
tta_bn,perf_1_plus_0_on_glass_blur,client_1,1,client_0,glass_blur,50,50,0.7441,0.7722,0.91,0.84,0.92,0.86,0.9,0.82,-0.010000000000000009,-0.020000000000000018,-0.020000000000000018,-0.040000000000000036,4.55042347391282e-05,0.004174559393052816,0.004220063627791945,/Users/deepakkanneganti/Documents/TTA-Composition/Service-level TTA Model/TTA techniques/artifacts_tta_bn/client_0_glass_blur_tta_bn
tta_bn,perf_2_plus_0_on_glass_blur,client_2,1,client_0,glass_blur,50,50,0.7441,0.7722,0.92,0.84,0.94,0.88,0.9,0.8,-0.020000000000000018,-0.039999999999999925,-0.039999999999999925,-0.07999999999999996,2.0642804393469558e-05,0.002418599127301016,0.002439241931694486,/Users/deepakkanneganti/Documents/TTA-Composition/Service-level TTA Model/TTA techniques/artifacts_tta_bn/client_0_glass_blur_tta_bn
tta_bn,perf_3_plus_0_on_glass_blur,client_3,1,client_0,glass_blur,50,50,0.7441,0.7722,0.93,0.86,0.94,0.88,0.91,0.82,-0.020000000000000018,-0.029999999999999916,-0.040000000000000036,-0.06000000000000005,2.9095285933283444e-05,0.002881276932357118,0.0029103722182904014,/Users/deepakkanneganti/Documents/TTA-Composition/Service-level TTA Model/TTA techniques/artifacts_tta_bn/client_0_glass_blur_tta_bn
tta_bn,perf_4_plus_0_on_glass_blur,client_4,1,client_0,glass_blur,50,50,0.7441,0.7722,0.93,0.86,0.94,0.88,0.92,0.84,-0.010000000000000009,-0.019999999999999907,-0.020000000000000018,-0.040000000000000036,3.517293562926736e-05,0.003483149433812436,0.0035183223694417033,/Users/deepakkanneganti/Documents/TTA-Composition/Service-level TTA Model/TTA techniques/artifacts_tta_bn/client_0_glass_blur_tta_bn
tta_bn,perf_1_2_plus_0_on_glass_blur,"client_1,client_2",2,client_0,glass_blur,50,50,0.7441,0.7722,0.91,0.82,0.93,0.86,0.93,0.86,0.020000000000000018,0.0,0.040000000000000036,0.0,0.00013167685145582228,0.003727251975203586,0.003858928826659408,/Users/deepakkanneganti/Documents/TTA-Composition/Service-level TTA Model/TTA techniques/artifacts_tta_bn/client_0_glass_blur_tta_bn
tta_bn,perf_1_3_plus_0_on_glass_blur,"client_1,client_3",2,client_0,glass_blur,50,50,0.7441,0.7722,0.94,0.88,0.94,0.88,0.94,0.88,0.0,0.0,0.0,0.0,0.0001433463583450982,0.004463864114849825,0.004607210473194923,/Users/deepakkanneganti/Documents/TTA-Composition/Service-level TTA Model/TTA techniques/artifacts_tta_bn/client_0_glass_blur_tta_bn
tta_bn,perf_1_4_plus_0_on_glass_blur,"client_1,client_4",2,client_0,glass_blur,50,50,0.7441,0.7722,0.91,0.84,0.93,0.86,0.9,0.82,-0.010000000000000009,-0.030000000000000027,-0.020000000000000018,-0.040000000000000036,0.00014955963193031698,0.005145487867280441,0.005295047499210758,/Users/deepakkanneganti/Documents/TTA-Composition/Service-level TTA Model/TTA techniques/artifacts_tta_bn/client_0_glass_blur_tta_bn
tta_bn,perf_2_3_plus_0_on_glass_blur,"client_2,client_3",2,client_0,glass_blur,50,50,0.7441,0.7722,0.94,0.88,0.95,0.9,0.92,0.84,-0.019999999999999907,-0.029999999999999916,-0.040000000000000036,-0.06000000000000005,0.0001126535541699376,0.003274807675246219,0.0033874612294161567,/Users/deepakkanneganti/Documents/TTA-Composition/Service-level TTA Model/TTA techniques/artifacts_tta_bn/client_0_glass_blur_tta_bn
tta_bn,perf_2_4_plus_0_on_glass_blur,"client_2,client_4",2,client_0,glass_blur,50,50,0.7441,0.7722,0.92,0.84,0.94,0.88,0.92,0.84,0.0,-0.019999999999999907,0.0,-0.040000000000000036,0.0001247931020937434,0.0038933705037608223,0.004018163605854566,/Users/deepakkanneganti/Documents/TTA-Composition/Service-level TTA Model/TTA techniques/artifacts_tta_bn/client_0_glass_blur_tta_bn
tta_bn,perf_3_4_plus_0_on_glass_blur,"client_3,client_4",2,client_0,glass_blur,50,50,0.7441,0.7722,0.93,0.86,0.93,0.86,0.93,0.86,0.0,0.0,0.0,0.0,0.00013586094995780718,0.003932780233905498,0.004068641183863305,/Users/deepakkanneganti/Documents/TTA-Composition/Service-level TTA Model/TTA techniques/artifacts_tta_bn/client_0_glass_blur_tta_bn
tta_bn,perf_1_2_3_plus_0_on_glass_blur,"client_1,client_2,client_3",3,client_0,glass_blur,50,50,0.7441,0.7722,0.94,0.88,0.94,0.88,0.93,0.86,-0.009999999999999898,-0.009999999999999898,-0.020000000000000018,-0.020000000000000018,0.00022076163686378324,0.004070361802051879,0.004291123438915662,/Users/deepakkanneganti/Documents/TTA-Composition/Service-level TTA Model/TTA techniques/artifacts_tta_bn/client_0_glass_blur_tta_bn
tta_bn,perf_1_2_4_plus_0_on_glass_blur,"client_1,client_2,client_4",3,client_0,glass_blur,50,50,0.7441,0.7722,0.92,0.84,0.94,0.88,0.91,0.84,-0.010000000000000009,-0.029999999999999916,0.0,-0.040000000000000036,0.00023041729139906518,0.004585927252092807,0.004816344543491872,/Users/deepakkanneganti/Documents/TTA-Composition/Service-level TTA Model/TTA techniques/artifacts_tta_bn/client_0_glass_blur_tta_bn
tta_bn,perf_1_3_4_plus_0_on_glass_blur,"client_1,client_3,client_4",3,client_0,glass_blur,50,50,0.7441,0.7722,0.94,0.88,0.94,0.88,0.94,0.88,0.0,0.0,0.0,0.0,0.000237939988303369,0.004896104143633794,0.005134044131937163,/Users/deepakkanneganti/Documents/TTA-Composition/Service-level TTA Model/TTA techniques/artifacts_tta_bn/client_0_glass_blur_tta_bn
tta_bn,perf_2_3_4_plus_0_on_glass_blur,"client_2,client_3,client_4",3,client_0,glass_blur,50,50,0.7441,0.7722,0.93,0.86,0.94,0.88,0.93,0.86,0.0,-0.009999999999999898,0.0,-0.020000000000000018,0.00021723723744227155,0.004005669713185223,0.0042229069506274945,/Users/deepakkanneganti/Documents/TTA-Composition/Service-level TTA Model/TTA techniques/artifacts_tta_bn/client_0_glass_blur_tta_bn
tta_bn,perf_1_2_3_4_plus_0_on_glass_blur,"client_1,client_2,client_3,client_4",4,client_0,glass_blur,50,50,0.7441,0.7722,0.93,0.86,0.94,0.88,0.93,0.86,0.0,-0.009999999999999898,0.0,-0.020000000000000018,0.0003001200739096516,0.004558274775763363,0.0048583948496730145,/Users/deepakkanneganti/Documents/TTA-Composition/Service-level TTA Model/TTA techniques/artifacts_tta_bn/client_0_glass_blur_tta_bn
tta_bn,perf_1_plus_0_on_stripe,client_1,1,client_0,stripe,50,50,0.8262,0.3402,0.92,0.86,0.74,0.84,0.94,0.9,0.019999999999999907,0.19999999999999996,0.040000000000000036,0.06000000000000005,4.55042347391282e-05,2.4152556704147428e-08,4.552838729583234e-05,/Users/deepakkanneganti/Documents/TTA-Composition/Service-level TTA Model/TTA techniques/artifacts_tta_bn/client_0_stripe_tta_bn
tta_bn,perf_2_plus_0_on_stripe,client_2,1,client_0,stripe,50,50,0.8262,0.3402,0.95,0.9,0.81,0.9,0.93,0.86,-0.019999999999999907,0.12,-0.040000000000000036,-0.040000000000000036,2.0642804393469558e-05,2.8899383383842227e-08,2.06717037768534e-05,/Users/deepakkanneganti/Documents/TTA-Composition/Service-level TTA Model/TTA techniques/artifacts_tta_bn/client_0_stripe_tta_bn
tta_bn,perf_3_plus_0_on_stripe,client_3,1,client_0,stripe,50,50,0.8262,0.3402,0.94,0.88,0.79,0.9,0.95,0.9,0.010000000000000009,0.15999999999999992,0.020000000000000018,0.0,2.9095285933283444e-05,4.9558772405607875e-08,2.914484470568905e-05,/Users/deepakkanneganti/Documents/TTA-Composition/Service-level TTA Model/TTA techniques/artifacts_tta_bn/client_0_stripe_tta_bn
tta_bn,perf_4_plus_0_on_stripe,client_4,1,client_0,stripe,50,50,0.8262,0.3402,0.93,0.86,0.77,0.86,0.92,0.84,-0.010000000000000009,0.15000000000000002,-0.020000000000000018,-0.020000000000000018,3.517293562926736e-05,4.719028855922423e-08,3.5220125917826586e-05,/Users/deepakkanneganti/Documents/TTA-Composition/Service-level TTA Model/TTA techniques/artifacts_tta_bn/client_0_stripe_tta_bn
tta_bn,perf_1_2_plus_0_on_stripe,"client_1,client_2",2,client_0,stripe,50,50,0.8262,0.3402,0.95,0.9,0.78,0.88,0.94,0.88,-0.010000000000000009,0.15999999999999992,-0.020000000000000018,0.0,0.00013167685145582228,2.7884866970618834e-08,0.0001317047363227929,/Users/deepakkanneganti/Documents/TTA-Composition/Service-level TTA Model/TTA techniques/artifacts_tta_bn/client_0_stripe_tta_bn
tta_bn,perf_1_3_plus_0_on_stripe,"client_1,client_3",2,client_0,stripe,50,50,0.8262,0.3402,0.94,0.88,0.78,0.88,0.96,0.92,0.020000000000000018,0.17999999999999994,0.040000000000000036,0.040000000000000036,0.0001433463583450982,3.7442616493117505e-08,0.00014338380096159132,/Users/deepakkanneganti/Documents/TTA-Composition/Service-level TTA Model/TTA techniques/artifacts_tta_bn/client_0_stripe_tta_bn
tta_bn,perf_1_4_plus_0_on_stripe,"client_1,client_4",2,client_0,stripe,50,50,0.8262,0.3402,0.92,0.86,0.77,0.86,0.91,0.84,-0.010000000000000009,0.14,-0.020000000000000018,-0.020000000000000018,0.00014955963193031698,3.701211644514162e-08,0.00014959664404676212,/Users/deepakkanneganti/Documents/TTA-Composition/Service-level TTA Model/TTA techniques/artifacts_tta_bn/client_0_stripe_tta_bn
tta_bn,perf_2_3_plus_0_on_stripe,"client_2,client_3",2,client_0,stripe,50,50,0.8262,0.3402,0.94,0.88,0.79,0.9,0.93,0.86,-0.009999999999999898,0.14,-0.020000000000000018,-0.040000000000000036,0.0001126535541699376,4.06678478785092e-08,0.00011269422201781611,/Users/deepakkanneganti/Documents/TTA-Composition/Service-level TTA Model/TTA techniques/artifacts_tta_bn/client_0_stripe_tta_bn
tta_bn,perf_2_4_plus_0_on_stripe,"client_2,client_4",2,client_0,stripe,50,50,0.8262,0.3402,0.95,0.9,0.81,0.88,0.94,0.88,-0.010000000000000009,0.1299999999999999,-0.020000000000000018,0.0,0.0001247931020937434,4.071107729503488e-08,0.00012483381317103843,/Users/deepakkanneganti/Documents/TTA-Composition/Service-level TTA Model/TTA techniques/artifacts_tta_bn/client_0_stripe_tta_bn
tta_bn,perf_3_4_plus_0_on_stripe,"client_3,client_4",2,client_0,stripe,50,50,0.8262,0.3402,0.94,0.88,0.79,0.9,0.93,0.86,-0.009999999999999898,0.14,-0.020000000000000018,-0.040000000000000036,0.00013586094995780718,5.202806803364181e-08,0.0001359129780258408,/Users/deepakkanneganti/Documents/TTA-Composition/Service-level TTA Model/TTA techniques/artifacts_tta_bn/client_0_stripe_tta_bn
tta_bn,perf_1_2_3_plus_0_on_stripe,"client_1,client_2,client_3",3,client_0,stripe,50,50,0.8262,0.3402,0.94,0.88,0.78,0.88,0.94,0.88,0.0,0.15999999999999992,0.0,0.0,0.00022076163686378324,3.5688627667310376e-08,0.00022079732549145056,/Users/deepakkanneganti/Documents/TTA-Composition/Service-level TTA Model/TTA techniques/artifacts_tta_bn/client_0_stripe_tta_bn
tta_bn,perf_1_2_4_plus_0_on_stripe,"client_1,client_2,client_4",3,client_0,stripe,50,50,0.8262,0.3402,0.95,0.9,0.78,0.88,0.93,0.88,-0.019999999999999907,0.15000000000000002,-0.020000000000000018,0.0,0.00023041729139906518,3.571314138994377e-08,0.00023045300454045513,/Users/deepakkanneganti/Documents/TTA-Composition/Service-level TTA Model/TTA techniques/artifacts_tta_bn/client_0_stripe_tta_bn
tta_bn,perf_1_3_4_plus_0_on_stripe,"client_1,client_3,client_4",3,client_0,stripe,50,50,0.8262,0.3402,0.94,0.88,0.78,0.88,0.94,0.88,0.0,0.15999999999999992,0.0,0.0,0.000237939988303369,4.277263871103506e-08,0.00023798276094208002,/Users/deepakkanneganti/Documents/TTA-Composition/Service-level TTA Model/TTA techniques/artifacts_tta_bn/client_0_stripe_tta_bn
tta_bn,perf_2_3_4_plus_0_on_stripe,"client_2,client_3,client_4",3,client_0,stripe,50,50,0.8262,0.3402,0.94,0.88,0.78,0.88,0.93,0.86,-0.009999999999999898,0.15000000000000002,-0.020000000000000018,-0.020000000000000018,0.00021723723744227155,4.537674563362228e-08,0.00021728261418790516,/Users/deepakkanneganti/Documents/TTA-Composition/Service-level TTA Model/TTA techniques/artifacts_tta_bn/client_0_stripe_tta_bn
tta_bn,perf_1_2_3_4_plus_0_on_stripe,"client_1,client_2,client_3,client_4",4,client_0,stripe,50,50,0.8262,0.3402,0.94,0.88,0.78,0.88,0.94,0.88,0.0,0.15999999999999992,0.0,0.0,0.0003001200739096516,4.0177957123517653e-08,0.0003001602518667751,/Users/deepakkanneganti/Documents/TTA-Composition/Service-level TTA Model/TTA techniques/artifacts_tta_bn/client_0_stripe_tta_bn
tta_bn,perf_1_plus_0_on_zigzag,client_1,1,client_0,zigzag,50,50,0.8229,0.7053,0.9,0.82,0.93,0.88,0.91,0.84,0.010000000000000009,-0.020000000000000018,0.020000000000000018,-0.040000000000000036,4.55042347391282e-05,0.0005725010382346286,0.0006180052729737568,/Users/deepakkanneganti/Documents/TTA-Composition/Service-level TTA Model/TTA techniques/artifacts_tta_bn/client_0_zigzag_tta_bn
tta_bn,perf_2_plus_0_on_zigzag,client_2,1,client_0,zigzag,50,50,0.8229,0.7053,0.89,0.78,0.9,0.8,0.88,0.76,-0.010000000000000009,-0.020000000000000018,-0.020000000000000018,-0.040000000000000036,2.0642804393469558e-05,0.0010224251651612024,0.001043067969554672,/Users/deepakkanneganti/Documents/TTA-Composition/Service-level TTA Model/TTA techniques/artifacts_tta_bn/client_0_zigzag_tta_bn
tta_bn,perf_3_plus_0_on_zigzag,client_3,1,client_0,zigzag,50,50,0.8229,0.7053,0.9,0.8,0.94,0.88,0.88,0.76,-0.020000000000000018,-0.05999999999999994,-0.040000000000000036,-0.12,2.9095285933283444e-05,0.0011138895240992413,0.0011429848100325247,/Users/deepakkanneganti/Documents/TTA-Composition/Service-level TTA Model/TTA techniques/artifacts_tta_bn/client_0_zigzag_tta_bn
tta_bn,perf_4_plus_0_on_zigzag,client_4,1,client_0,zigzag,50,50,0.8229,0.7053,0.9,0.8,0.93,0.86,0.87,0.74,-0.030000000000000027,-0.06000000000000005,-0.06000000000000005,-0.12,3.517293562926736e-05,0.0011715167091137567,0.001206689644743024,/Users/deepakkanneganti/Documents/TTA-Composition/Service-level TTA Model/TTA techniques/artifacts_tta_bn/client_0_zigzag_tta_bn
tta_bn,perf_1_2_plus_0_on_zigzag,"client_1,client_2",2,client_0,zigzag,50,50,0.8229,0.7053,0.91,0.82,0.93,0.86,0.9,0.8,-0.010000000000000009,-0.030000000000000027,-0.019999999999999907,-0.05999999999999994,0.00013167685145582228,0.0008685203783990428,0.0010001972298548652,/Users/deepakkanneganti/Documents/TTA-Composition/Service-level TTA Model/TTA techniques/artifacts_tta_bn/client_0_zigzag_tta_bn
tta_bn,perf_1_3_plus_0_on_zigzag,"client_1,client_3",2,client_0,zigzag,50,50,0.8229,0.7053,0.91,0.82,0.94,0.88,0.91,0.82,0.0,-0.029999999999999916,0.0,-0.06000000000000005,0.0001433463583450982,0.0009692711804110801,0.0011126175387561783,/Users/deepakkanneganti/Documents/TTA-Composition/Service-level TTA Model/TTA techniques/artifacts_tta_bn/client_0_zigzag_tta_bn
tta_bn,perf_1_4_plus_0_on_zigzag,"client_1,client_4",2,client_0,zigzag,50,50,0.8229,0.7053,0.91,0.84,0.92,0.86,0.91,0.84,0.0,-0.010000000000000009,0.0,-0.020000000000000018,0.00014955963193031698,0.0010248490843783994,0.0011744087163087164,/Users/deepakkanneganti/Documents/TTA-Composition/Service-level TTA Model/TTA techniques/artifacts_tta_bn/client_0_zigzag_tta_bn
tta_bn,perf_2_3_plus_0_on_zigzag,"client_2,client_3",2,client_0,zigzag,50,50,0.8229,0.7053,0.9,0.8,0.92,0.84,0.9,0.8,0.0,-0.020000000000000018,0.0,-0.039999999999999925,0.0001126535541699376,0.0012864388980649106,0.0013990924522348483,/Users/deepakkanneganti/Documents/TTA-Composition/Service-level TTA Model/TTA techniques/artifacts_tta_bn/client_0_zigzag_tta_bn
tta_bn,perf_2_4_plus_0_on_zigzag,"client_2,client_4",2,client_0,zigzag,50,50,0.8229,0.7053,0.9,0.8,0.93,0.86,0.88,0.76,-0.020000000000000018,-0.050000000000000044,-0.040000000000000036,-0.09999999999999998,0.0001247931020937434,0.001408855664188183,0.0015336487662819265,/Users/deepakkanneganti/Documents/TTA-Composition/Service-level TTA Model/TTA techniques/artifacts_tta_bn/client_0_zigzag_tta_bn
tta_bn,perf_3_4_plus_0_on_zigzag,"client_3,client_4",2,client_0,zigzag,50,50,0.8229,0.7053,0.89,0.78,0.94,0.88,0.89,0.78,0.0,-0.04999999999999993,0.0,-0.09999999999999998,0.00013586094995780718,0.0013726719601868476,0.0015085329101446547,/Users/deepakkanneganti/Documents/TTA-Composition/Service-level TTA Model/TTA techniques/artifacts_tta_bn/client_0_zigzag_tta_bn
tta_bn,perf_1_2_3_plus_0_on_zigzag,"client_1,client_2,client_3",3,client_0,zigzag,50,50,0.8229,0.7053,0.9,0.8,0.94,0.88,0.9,0.8,0.0,-0.039999999999999925,0.0,-0.07999999999999996,0.00022076163686378324,0.0010869073550918765,0.0013076689919556597,/Users/deepakkanneganti/Documents/TTA-Composition/Service-level TTA Model/TTA techniques/artifacts_tta_bn/client_0_zigzag_tta_bn
tta_bn,perf_1_2_4_plus_0_on_zigzag,"client_1,client_2,client_4",3,client_0,zigzag,50,50,0.8229,0.7053,0.91,0.82,0.93,0.86,0.9,0.82,-0.010000000000000009,-0.030000000000000027,0.0,-0.040000000000000036,0.00023041729139906518,0.0011528768489647413,0.0013832941403638065,/Users/deepakkanneganti/Documents/TTA-Composition/Service-level TTA Model/TTA techniques/artifacts_tta_bn/client_0_zigzag_tta_bn
tta_bn,perf_1_3_4_plus_0_on_zigzag,"client_1,client_3,client_4",3,client_0,zigzag,50,50,0.8229,0.7053,0.91,0.82,0.94,0.88,0.9,0.8,-0.010000000000000009,-0.039999999999999925,-0.019999999999999907,-0.07999999999999996,0.000237939988303369,0.0011875197576336621,0.0014254597459370311,/Users/deepakkanneganti/Documents/TTA-Composition/Service-level TTA Model/TTA techniques/artifacts_tta_bn/client_0_zigzag_tta_bn
tta_bn,perf_2_3_4_plus_0_on_zigzag,"client_2,client_3,client_4",3,client_0,zigzag,50,50,0.8229,0.7053,0.9,0.8,0.94,0.88,0.91,0.82,0.010000000000000009,-0.029999999999999916,0.019999999999999907,-0.06000000000000005,0.00021723723744227155,0.0014541542131668325,0.001671391450609104,/Users/deepakkanneganti/Documents/TTA-Composition/Service-level TTA Model/TTA techniques/artifacts_tta_bn/client_0_zigzag_tta_bn
tta_bn,perf_1_2_3_4_plus_0_on_zigzag,"client_1,client_2,client_3,client_4",4,client_0,zigzag,50,50,0.8229,0.7053,0.9,0.8,0.94,0.88,0.9,0.8,0.0,-0.039999999999999925,0.0,-0.07999999999999996,0.0003001200739096516,0.0012535588757561983,0.00155367894966585,/Users/deepakkanneganti/Documents/TTA-Composition/Service-level TTA Model/TTA techniques/artifacts_tta_bn/client_0_zigzag_tta_bn
tta_bn,perf_0_plus_1_on_brightness,client_0,1,client_1,brightness,50,50,0.3328,0.5802,0.66,0.34,0.82,0.98,0.62,0.24,-0.040000000000000036,-0.19999999999999996,-0.10000000000000003,-0.74,4.55042347391282e-05,2.6481914475832647e-06,4.815242618671146e-05,/Users/deepakkanneganti/Documents/TTA-Composition/Service-level TTA Model/TTA techniques/artifacts_tta_bn/client_1_brightness_tta_bn
tta_bn,perf_2_plus_1_on_brightness,client_2,1,client_1,brightness,50,50,0.3328,0.5802,0.64,0.28,0.85,0.96,0.61,0.22,-0.030000000000000027,-0.24,-0.060000000000000026,-0.74,2.37976303668143e-05,2.115562282607426e-06,2.5913192649421725e-05,/Users/deepakkanneganti/Documents/TTA-Composition/Service-level TTA Model/TTA techniques/artifacts_tta_bn/client_1_brightness_tta_bn
tta_bn,perf_3_plus_1_on_brightness,client_3,1,client_1,brightness,50,50,0.3328,0.5802,0.63,0.26,0.81,0.96,0.56,0.12,-0.06999999999999995,-0.25,-0.14,-0.84,3.5808911043040873e-05,2.3911968248038758e-06,3.820010786784475e-05,/Users/deepakkanneganti/Documents/TTA-Composition/Service-level TTA Model/TTA techniques/artifacts_tta_bn/client_1_brightness_tta_bn
tta_bn,perf_4_plus_1_on_brightness,client_4,1,client_1,brightness,50,50,0.3328,0.5802,0.68,0.38,0.84,0.98,0.67,0.34,-0.010000000000000009,-0.16999999999999993,-0.03999999999999998,-0.6399999999999999,4.552402718002308e-05,2.700489159573407e-06,4.8224516339596484e-05,/Users/deepakkanneganti/Documents/TTA-Composition/Service-level TTA Model/TTA techniques/artifacts_tta_bn/client_1_brightness_tta_bn
tta_bn,perf_0_2_plus_1_on_brightness,"client_0,client_2",2,client_1,brightness,50,50,0.3328,0.5802,0.64,0.28,0.83,0.98,0.62,0.24,-0.020000000000000018,-0.20999999999999996,-0.040000000000000036,-0.74,0.00014978484269922965,2.6489063066321652e-06,0.00015243374900586183,/Users/deepakkanneganti/Documents/TTA-Composition/Service-level TTA Model/TTA techniques/artifacts_tta_bn/client_1_brightness_tta_bn
tta_bn,perf_0_3_plus_1_on_brightness,"client_0,client_3",2,client_1,brightness,50,50,0.3328,0.5802,0.64,0.28,0.82,0.96,0.6,0.2,-0.040000000000000036,-0.21999999999999997,-0.08000000000000002,-0.76,0.00017227759357919605,2.7698811793539983e-06,0.00017504747475855005,/Users/deepakkanneganti/Documents/TTA-Composition/Service-level TTA Model/TTA techniques/artifacts_tta_bn/client_1_brightness_tta_bn
tta_bn,perf_0_4_plus_1_on_brightness,"client_0,client_4",2,client_1,brightness,50,50,0.3328,0.5802,0.66,0.34,0.82,0.98,0.67,0.34,0.010000000000000009,-0.1499999999999999,0.0,-0.6399999999999999,0.00018734779659409378,2.9261937791335686e-06,0.00019027399037322736,/Users/deepakkanneganti/Documents/TTA-Composition/Service-level TTA Model/TTA techniques/artifacts_tta_bn/client_1_brightness_tta_bn
tta_bn,perf_2_3_plus_1_on_brightness,"client_2,client_3",2,client_1,brightness,50,50,0.3328,0.5802,0.62,0.24,0.84,0.96,0.59,0.18,-0.030000000000000027,-0.25,-0.06,-0.78,0.00013817290664125458,2.479165452402808e-06,0.0001406520720936574,/Users/deepakkanneganti/Documents/TTA-Composition/Service-level TTA Model/TTA techniques/artifacts_tta_bn/client_1_brightness_tta_bn
tta_bn,perf_2_4_plus_1_on_brightness,"client_2,client_4",2,client_1,brightness,50,50,0.3328,0.5802,0.66,0.34,0.86,0.98,0.66,0.32,0.0,-0.19999999999999996,-0.020000000000000018,-0.6599999999999999,0.00015755070432988227,2.7246092829572e-06,0.00016027531361283948,/Users/deepakkanneganti/Documents/TTA-Composition/Service-level TTA Model/TTA techniques/artifacts_tta_bn/client_1_brightness_tta_bn
tta_bn,perf_3_4_plus_1_on_brightness,"client_3,client_4",2,client_1,brightness,50,50,0.3328,0.5802,0.66,0.32,0.83,0.96,0.63,0.26,-0.030000000000000027,-0.19999999999999996,-0.06,-0.7,0.00017821622910536999,2.796121774433711e-06,0.0001810123508798037,/Users/deepakkanneganti/Documents/TTA-Composition/Service-level TTA Model/TTA techniques/artifacts_tta_bn/client_1_brightness_tta_bn
tta_bn,perf_0_2_3_plus_1_on_brightness,"client_0,client_2,client_3",3,client_1,brightness,50,50,0.3328,0.5802,0.62,0.24,0.83,0.96,0.6,0.2,-0.020000000000000018,-0.22999999999999998,-0.03999999999999998,-0.76,0.00026858117097724565,2.721344896876631e-06,0.0002713025158741223,/Users/deepakkanneganti/Documents/TTA-Composition/Service-level TTA Model/TTA techniques/artifacts_tta_bn/client_1_brightness_tta_bn
tta_bn,perf_0_2_4_plus_1_on_brightness,"client_0,client_2,client_4",3,client_1,brightness,50,50,0.3328,0.5802,0.66,0.32,0.84,0.98,0.64,0.28,-0.020000000000000018,-0.19999999999999996,-0.03999999999999998,-0.7,0.0002878068500397399,2.8693006677893074e-06,0.0002906761507075292,/Users/deepakkanneganti/Documents/TTA-Composition/Service-level TTA Model/TTA techniques/artifacts_tta_bn/client_1_brightness_tta_bn
tta_bn,perf_0_3_4_plus_1_on_brightness,"client_0,client_3,client_4",3,client_1,brightness,50,50,0.3328,0.5802,0.66,0.32,0.82,0.96,0.62,0.24,-0.040000000000000036,-0.19999999999999996,-0.08000000000000002,-0.72,0.0003078038177468655,2.920339395966252e-06,0.00031072415714283175,/Users/deepakkanneganti/Documents/TTA-Composition/Service-level TTA Model/TTA techniques/artifacts_tta_bn/client_1_brightness_tta_bn
tta_bn,perf_2_3_4_plus_1_on_brightness,"client_2,client_3,client_4",3,client_1,brightness,50,50,0.3328,0.5802,0.64,0.28,0.84,0.96,0.63,0.26,-0.010000000000000009,-0.20999999999999996,-0.020000000000000018,-0.7,0.0002795055029118437,2.761233069442397e-06,0.0002822667359812861,/Users/deepakkanneganti/Documents/TTA-Composition/Service-level TTA Model/TTA techniques/artifacts_tta_bn/client_1_brightness_tta_bn
tta_bn,perf_0_2_3_4_plus_1_on_brightness,"client_0,client_2,client_3,client_4",4,client_1,brightness,50,50,0.3328,0.5802,0.64,0.28,0.83,0.96,0.62,0.24,-0.020000000000000018,-0.20999999999999996,-0.040000000000000036,-0.72,0.00038371846123467975,2.866456466796904e-06,0.00038658491770147664,/Users/deepakkanneganti/Documents/TTA-Composition/Service-level TTA Model/TTA techniques/artifacts_tta_bn/client_1_brightness_tta_bn
tta_bn,perf_0_plus_1_on_glass_blur,client_0,1,client_1,glass_blur,50,50,0.6978,0.7147,0.91,0.84,0.95,0.9,0.92,0.84,0.010000000000000009,-0.029999999999999916,0.0,-0.06000000000000005,4.55042347391282e-05,0.002402999293226758,0.002448503527965886,/Users/deepakkanneganti/Documents/TTA-Composition/Service-level TTA Model/TTA techniques/artifacts_tta_bn/client_1_glass_blur_tta_bn
tta_bn,perf_2_plus_1_on_glass_blur,client_2,1,client_1,glass_blur,50,50,0.6978,0.7147,0.93,0.86,0.94,0.88,0.9,0.8,-0.030000000000000027,-0.039999999999999925,-0.05999999999999994,-0.07999999999999996,2.37976303668143e-05,0.001683440909785178,0.0017072385401519924,/Users/deepakkanneganti/Documents/TTA-Composition/Service-level TTA Model/TTA techniques/artifacts_tta_bn/client_1_glass_blur_tta_bn
tta_bn,perf_3_plus_1_on_glass_blur,client_3,1,client_1,glass_blur,50,50,0.6978,0.7147,0.94,0.88,0.94,0.88,0.91,0.82,-0.029999999999999916,-0.029999999999999916,-0.06000000000000005,-0.06000000000000005,3.5808911043040873e-05,0.0015294054372408977,0.0015652143482839387,/Users/deepakkanneganti/Documents/TTA-Composition/Service-level TTA Model/TTA techniques/artifacts_tta_bn/client_1_glass_blur_tta_bn
tta_bn,perf_4_plus_1_on_glass_blur,client_4,1,client_1,glass_blur,50,50,0.6978,0.7147,0.9,0.82,0.93,0.88,0.92,0.84,0.020000000000000018,-0.010000000000000009,0.020000000000000018,-0.040000000000000036,4.552402718002308e-05,0.0014696507159902587,0.0015151747431702818,/Users/deepakkanneganti/Documents/TTA-Composition/Service-level TTA Model/TTA techniques/artifacts_tta_bn/client_1_glass_blur_tta_bn
tta_bn,perf_0_2_plus_1_on_glass_blur,"client_0,client_2",2,client_1,glass_blur,50,50,0.6978,0.7147,0.91,0.82,0.94,0.88,0.92,0.84,0.010000000000000009,-0.019999999999999907,0.020000000000000018,-0.040000000000000036,0.00014978484269922965,0.0025475077216897957,0.0026972925643890255,/Users/deepakkanneganti/Documents/TTA-Composition/Service-level TTA Model/TTA techniques/artifacts_tta_bn/client_1_glass_blur_tta_bn
tta_bn,perf_0_3_plus_1_on_glass_blur,"client_0,client_3",2,client_1,glass_blur,50,50,0.6978,0.7147,0.94,0.88,0.95,0.9,0.93,0.86,-0.009999999999999898,-0.019999999999999907,-0.020000000000000018,-0.040000000000000036,0.00017227759357919605,0.002331931096275099,0.002504208689854295,/Users/deepakkanneganti/Documents/TTA-Composition/Service-level TTA Model/TTA techniques/artifacts_tta_bn/client_1_glass_blur_tta_bn
tta_bn,perf_0_4_plus_1_on_glass_blur,"client_0,client_4",2,client_1,glass_blur,50,50,0.6978,0.7147,0.91,0.84,0.93,0.88,0.93,0.86,0.020000000000000018,0.0,0.020000000000000018,-0.020000000000000018,0.00018734779659409378,0.0022520508861192104,0.002439398682713304,/Users/deepakkanneganti/Documents/TTA-Composition/Service-level TTA Model/TTA techniques/artifacts_tta_bn/client_1_glass_blur_tta_bn
tta_bn,perf_2_3_plus_1_on_glass_blur,"client_2,client_3",2,client_1,glass_blur,50,50,0.6978,0.7147,0.93,0.86,0.95,0.9,0.92,0.84,-0.010000000000000009,-0.029999999999999916,-0.020000000000000018,-0.06000000000000005,0.00013817290664125458,0.001957741604192785,0.0020959145108340395,/Users/deepakkanneganti/Documents/TTA-Composition/Service-level TTA Model/TTA techniques/artifacts_tta_bn/client_1_glass_blur_tta_bn
tta_bn,perf_2_4_plus_1_on_glass_blur,"client_2,client_4",2,client_1,glass_blur,50,50,0.6978,0.7147,0.91,0.84,0.93,0.88,0.92,0.84,0.010000000000000009,-0.010000000000000009,0.0,-0.040000000000000036,0.00015755070432988227,0.002054708325345034,0.0022122590296749164,/Users/deepakkanneganti/Documents/TTA-Composition/Service-level TTA Model/TTA techniques/artifacts_tta_bn/client_1_glass_blur_tta_bn
tta_bn,perf_3_4_plus_1_on_glass_blur,"client_3,client_4",2,client_1,glass_blur,50,50,0.6978,0.7147,0.94,0.88,0.94,0.88,0.93,0.86,-0.009999999999999898,-0.009999999999999898,-0.020000000000000018,-0.020000000000000018,0.00017821622910536999,0.0018157423653157435,0.0019939585944211136,/Users/deepakkanneganti/Documents/TTA-Composition/Service-level TTA Model/TTA techniques/artifacts_tta_bn/client_1_glass_blur_tta_bn
tta_bn,perf_0_2_3_plus_1_on_glass_blur,"client_0,client_2,client_3",3,client_1,glass_blur,50,50,0.6978,0.7147,0.94,0.88,0.95,0.9,0.94,0.88,0.0,-0.010000000000000009,0.0,-0.020000000000000018,0.00026858117097724565,0.0024335193647020727,0.0027021005356793184,/Users/deepakkanneganti/Documents/TTA-Composition/Service-level TTA Model/TTA techniques/artifacts_tta_bn/client_1_glass_blur_tta_bn
tta_bn,perf_0_2_4_plus_1_on_glass_blur,"client_0,client_2,client_4",3,client_1,glass_blur,50,50,0.6978,0.7147,0.92,0.84,0.94,0.88,0.92,0.84,0.0,-0.019999999999999907,0.0,-0.040000000000000036,0.0002878068500397399,0.0024612117031117056,0.0027490185531514454,/Users/deepakkanneganti/Documents/TTA-Composition/Service-level TTA Model/TTA techniques/artifacts_tta_bn/client_1_glass_blur_tta_bn
tta_bn,perf_0_3_4_plus_1_on_glass_blur,"client_0,client_3,client_4",3,client_1,glass_blur,50,50,0.6978,0.7147,0.94,0.88,0.94,0.88,0.93,0.86,-0.009999999999999898,-0.009999999999999898,-0.020000000000000018,-0.020000000000000018,0.0003078038177468655,0.0022617789610853726,0.0025695827788322382,/Users/deepakkanneganti/Documents/TTA-Composition/Service-level TTA Model/TTA techniques/artifacts_tta_bn/client_1_glass_blur_tta_bn
tta_bn,perf_2_3_4_plus_1_on_glass_blur,"client_2,client_3,client_4",3,client_1,glass_blur,50,50,0.6978,0.7147,0.93,0.86,0.94,0.88,0.93,0.86,0.0,-0.009999999999999898,0.0,-0.020000000000000018,0.0002795055029118437,0.0020905052685123555,0.0023700107714241993,/Users/deepakkanneganti/Documents/TTA-Composition/Service-level TTA Model/TTA techniques/artifacts_tta_bn/client_1_glass_blur_tta_bn
tta_bn,perf_0_2_3_4_plus_1_on_glass_blur,"client_0,client_2,client_3,client_4",4,client_1,glass_blur,50,50,0.6978,0.7147,0.93,0.86,0.94,0.88,0.93,0.86,0.0,-0.009999999999999898,0.0,-0.020000000000000018,0.00038371846123467975,0.002392431909725151,0.002776150370959831,/Users/deepakkanneganti/Documents/TTA-Composition/Service-level TTA Model/TTA techniques/artifacts_tta_bn/client_1_glass_blur_tta_bn
tta_bn,perf_0_plus_1_on_stripe,client_0,1,client_1,stripe,50,50,0.8793,0.476,0.92,0.86,0.82,0.94,0.91,0.82,-0.010000000000000009,0.09000000000000008,-0.040000000000000036,-0.12,4.55042347391282e-05,1.2252799927309837e-06,4.672951473185918e-05,/Users/deepakkanneganti/Documents/TTA-Composition/Service-level TTA Model/TTA techniques/artifacts_tta_bn/client_1_stripe_tta_bn
tta_bn,perf_2_plus_1_on_stripe,client_2,1,client_1,stripe,50,50,0.8793,0.476,0.94,0.88,0.79,0.92,0.93,0.86,-0.009999999999999898,0.14,-0.020000000000000018,-0.06000000000000005,2.37976303668143e-05,1.0506485398666252e-06,2.4848278906680923e-05,/Users/deepakkanneganti/Documents/TTA-Composition/Service-level TTA Model/TTA techniques/artifacts_tta_bn/client_1_stripe_tta_bn
tta_bn,perf_3_plus_1_on_stripe,client_3,1,client_1,stripe,50,50,0.8793,0.476,0.96,0.92,0.79,0.92,0.95,0.9,-0.010000000000000009,0.15999999999999992,-0.020000000000000018,-0.020000000000000018,3.5808911043040873e-05,1.5845184766049883e-06,3.739342951964586e-05,/Users/deepakkanneganti/Documents/TTA-Composition/Service-level TTA Model/TTA techniques/artifacts_tta_bn/client_1_stripe_tta_bn
tta_bn,perf_4_plus_1_on_stripe,client_4,1,client_1,stripe,50,50,0.8793,0.476,0.91,0.84,0.82,0.92,0.92,0.84,0.010000000000000009,0.10000000000000009,0.0,-0.08000000000000007,4.552402718002308e-05,1.2901436274595496e-06,4.681417080748263e-05,/Users/deepakkanneganti/Documents/TTA-Composition/Service-level TTA Model/TTA techniques/artifacts_tta_bn/client_1_stripe_tta_bn
tta_bn,perf_0_2_plus_1_on_stripe,"client_0,client_2",2,client_1,stripe,50,50,0.8793,0.476,0.95,0.9,0.82,0.94,0.95,0.9,0.0,0.13,0.0,-0.039999999999999925,0.00014978484269922965,1.2623673891061812e-06,0.00015104721008833583,/Users/deepakkanneganti/Documents/TTA-Composition/Service-level TTA Model/TTA techniques/artifacts_tta_bn/client_1_stripe_tta_bn
tta_bn,perf_0_3_plus_1_on_stripe,"client_0,client_3",2,client_1,stripe,50,50,0.8793,0.476,0.94,0.88,0.8,0.92,0.94,0.88,0.0,0.1399999999999999,0.0,-0.040000000000000036,0.00017227759357919605,1.5264390077539754e-06,0.00017380403258695002,/Users/deepakkanneganti/Documents/TTA-Composition/Service-level TTA Model/TTA techniques/artifacts_tta_bn/client_1_stripe_tta_bn
tta_bn,perf_0_4_plus_1_on_stripe,"client_0,client_4",2,client_1,stripe,50,50,0.8793,0.476,0.92,0.86,0.81,0.94,0.93,0.86,0.010000000000000009,0.12,0.0,-0.07999999999999996,0.00018734779659409378,1.3688251691397967e-06,0.00018871662176323358,/Users/deepakkanneganti/Documents/TTA-Composition/Service-level TTA Model/TTA techniques/artifacts_tta_bn/client_1_stripe_tta_bn
tta_bn,perf_2_3_plus_1_on_stripe,"client_2,client_3",2,client_1,stripe,50,50,0.8793,0.476,0.94,0.88,0.81,0.92,0.93,0.86,-0.009999999999999898,0.12,-0.020000000000000018,-0.06000000000000005,0.00013817290664125458,1.4144814487194319e-06,0.00013958738808997402,/Users/deepakkanneganti/Documents/TTA-Composition/Service-level TTA Model/TTA techniques/artifacts_tta_bn/client_1_stripe_tta_bn
tta_bn,perf_2_4_plus_1_on_stripe,"client_2,client_4",2,client_1,stripe,50,50,0.8793,0.476,0.93,0.88,0.81,0.92,0.94,0.88,0.009999999999999898,0.1299999999999999,0.0,-0.040000000000000036,0.00015755070432988227,1.318152580613235e-06,0.0001588688569104955,/Users/deepakkanneganti/Documents/TTA-Composition/Service-level TTA Model/TTA techniques/artifacts_tta_bn/client_1_stripe_tta_bn
tta_bn,perf_3_4_plus_1_on_stripe,"client_3,client_4",2,client_1,stripe,50,50,0.8793,0.476,0.94,0.88,0.81,0.92,0.93,0.86,-0.009999999999999898,0.12,-0.020000000000000018,-0.06000000000000005,0.00017821622910536999,1.5663749102810608e-06,0.00017978260401565105,/Users/deepakkanneganti/Documents/TTA-Composition/Service-level TTA Model/TTA techniques/artifacts_tta_bn/client_1_stripe_tta_bn
tta_bn,perf_0_2_3_plus_1_on_stripe,"client_0,client_2,client_3",3,client_1,stripe,50,50,0.8793,0.476,0.94,0.88,0.81,0.92,0.94,0.88,0.0,0.1299999999999999,0.0,-0.040000000000000036,0.00026858117097724565,1.4428803396362119e-06,0.00027002405131688184,/Users/deepakkanneganti/Documents/TTA-Composition/Service-level TTA Model/TTA techniques/artifacts_tta_bn/client_1_stripe_tta_bn
tta_bn,perf_0_2_4_plus_1_on_stripe,"client_0,client_2,client_4",3,client_1,stripe,50,50,0.8793,0.476,0.95,0.9,0.81,0.92,0.95,0.9,0.0,0.1399999999999999,0.0,-0.020000000000000018,0.0002878068500397399,1.363027042568814e-06,0.00028916987708230873,/Users/deepakkanneganti/Documents/TTA-Composition/Service-level TTA Model/TTA techniques/artifacts_tta_bn/client_1_stripe_tta_bn
tta_bn,perf_0_3_4_plus_1_on_stripe,"client_0,client_3,client_4",3,client_1,stripe,50,50,0.8793,0.476,0.94,0.88,0.8,0.92,0.94,0.88,0.0,0.1399999999999999,0.0,-0.040000000000000036,0.0003078038177468655,1.5296682725104558e-06,0.00030933348601937596,/Users/deepakkanneganti/Documents/TTA-Composition/Service-level TTA Model/TTA techniques/artifacts_tta_bn/client_1_stripe_tta_bn
tta_bn,perf_2_3_4_plus_1_on_stripe,"client_2,client_3,client_4",3,client_1,stripe,50,50,0.8793,0.476,0.94,0.88,0.82,0.92,0.93,0.86,-0.009999999999999898,0.1100000000000001,-0.020000000000000018,-0.06000000000000005,0.0002795055029118437,1.4794543116311752e-06,0.0002809849572234749,/Users/deepakkanneganti/Documents/TTA-Composition/Service-level TTA Model/TTA techniques/artifacts_tta_bn/client_1_stripe_tta_bn
tta_bn,perf_0_2_3_4_plus_1_on_stripe,"client_0,client_2,client_3,client_4",4,client_1,stripe,50,50,0.8793,0.476,0.94,0.88,0.81,0.92,0.94,0.88,0.0,0.1299999999999999,0.0,-0.040000000000000036,0.00038371846123467975,1.47669150226815e-06,0.0003851951527369479,/Users/deepakkanneganti/Documents/TTA-Composition/Service-level TTA Model/TTA techniques/artifacts_tta_bn/client_1_stripe_tta_bn
tta_bn,perf_0_plus_1_on_zigzag,client_0,1,client_1,zigzag,50,50,0.8231,0.7896,0.9,0.82,0.92,0.86,0.89,0.78,-0.010000000000000009,-0.030000000000000027,-0.039999999999999925,-0.07999999999999996,4.55042347391282e-05,0.00905508410285295,0.009100588337592077,/Users/deepakkanneganti/Documents/TTA-Composition/Service-level TTA Model/TTA techniques/artifacts_tta_bn/client_1_zigzag_tta_bn
tta_bn,perf_2_plus_1_on_zigzag,client_2,1,client_1,zigzag,50,50,0.8231,0.7896,0.9,0.8,0.89,0.8,0.88,0.76,-0.020000000000000018,-0.010000000000000009,-0.040000000000000036,-0.040000000000000036,2.37976303668143e-05,0.017862327596984275,0.01788612522735109,/Users/deepakkanneganti/Documents/TTA-Composition/Service-level TTA Model/TTA techniques/artifacts_tta_bn/client_1_zigzag_tta_bn
tta_bn,perf_3_plus_1_on_zigzag,client_3,1,client_1,zigzag,50,50,0.8231,0.7896,0.91,0.82,0.91,0.82,0.88,0.76,-0.030000000000000027,-0.030000000000000027,-0.05999999999999994,-0.05999999999999994,3.5808911043040873e-05,0.01129323235096455,0.01132904126200759,/Users/deepakkanneganti/Documents/TTA-Composition/Service-level TTA Model/TTA techniques/artifacts_tta_bn/client_1_zigzag_tta_bn
tta_bn,perf_4_plus_1_on_zigzag,client_4,1,client_1,zigzag,50,50,0.8231,0.7896,0.91,0.84,0.91,0.84,0.88,0.76,-0.030000000000000027,-0.030000000000000027,-0.07999999999999996,-0.07999999999999996,4.552402718002308e-05,0.007761255835487121,0.007806779862667144,/Users/deepakkanneganti/Documents/TTA-Composition/Service-level TTA Model/TTA techniques/artifacts_tta_bn/client_1_zigzag_tta_bn
tta_bn,perf_0_2_plus_1_on_zigzag,"client_0,client_2",2,client_1,zigzag,50,50,0.8231,0.7896,0.91,0.82,0.9,0.82,0.89,0.78,-0.020000000000000018,-0.010000000000000009,-0.039999999999999925,-0.039999999999999925,0.00014978484269922965,0.017690260116410467,0.017840044959109697,/Users/deepakkanneganti/Documents/TTA-Composition/Service-level TTA Model/TTA techniques/artifacts_tta_bn/client_1_zigzag_tta_bn
tta_bn,perf_0_3_plus_1_on_zigzag,"client_0,client_3",2,client_1,zigzag,50,50,0.8231,0.7896,0.91,0.82,0.91,0.84,0.9,0.8,-0.010000000000000009,-0.010000000000000009,-0.019999999999999907,-0.039999999999999925,0.00017227759357919605,0.013287021462696611,0.013459299056275808,/Users/deepakkanneganti/Documents/TTA-Composition/Service-level TTA Model/TTA techniques/artifacts_tta_bn/client_1_zigzag_tta_bn
tta_bn,perf_0_4_plus_1_on_zigzag,"client_0,client_4",2,client_1,zigzag,50,50,0.8231,0.7896,0.91,0.84,0.91,0.84,0.92,0.84,0.010000000000000009,0.010000000000000009,0.0,0.0,0.00018734779659409378,0.010707169957951118,0.010894517754545212,/Users/deepakkanneganti/Documents/TTA-Composition/Service-level TTA Model/TTA techniques/artifacts_tta_bn/client_1_zigzag_tta_bn
tta_bn,perf_2_3_plus_1_on_zigzag,"client_2,client_3",2,client_1,zigzag,50,50,0.8231,0.7896,0.9,0.8,0.91,0.82,0.9,0.8,0.0,-0.010000000000000009,0.0,-0.019999999999999907,0.00013817290664125458,0.019129211553695884,0.01926738446033714,/Users/deepakkanneganti/Documents/TTA-Composition/Service-level TTA Model/TTA techniques/artifacts_tta_bn/client_1_zigzag_tta_bn
tta_bn,perf_2_4_plus_1_on_zigzag,"client_2,client_4",2,client_1,zigzag,50,50,0.8231,0.7896,0.9,0.82,0.91,0.84,0.88,0.76,-0.020000000000000018,-0.030000000000000027,-0.05999999999999994,-0.07999999999999996,0.00015755070432988227,0.01711757133886387,0.01727512204319375,/Users/deepakkanneganti/Documents/TTA-Composition/Service-level TTA Model/TTA techniques/artifacts_tta_bn/client_1_zigzag_tta_bn
tta_bn,perf_3_4_plus_1_on_zigzag,"client_3,client_4",2,client_1,zigzag,50,50,0.8231,0.7896,0.9,0.8,0.91,0.84,0.89,0.78,-0.010000000000000009,-0.020000000000000018,-0.020000000000000018,-0.05999999999999994,0.00017821622910536999,0.012200550859124356,0.012378767088229726,/Users/deepakkanneganti/Documents/TTA-Composition/Service-level TTA Model/TTA techniques/artifacts_tta_bn/client_1_zigzag_tta_bn
tta_bn,perf_0_2_3_plus_1_on_zigzag,"client_0,client_2,client_3",3,client_1,zigzag,50,50,0.8231,0.7896,0.9,0.8,0.91,0.82,0.9,0.8,0.0,-0.010000000000000009,0.0,-0.019999999999999907,0.00026858117097724565,0.018316927592136267,0.018585508763113514,/Users/deepakkanneganti/Documents/TTA-Composition/Service-level TTA Model/TTA techniques/artifacts_tta_bn/client_1_zigzag_tta_bn
tta_bn,perf_0_2_4_plus_1_on_zigzag,"client_0,client_2,client_4",3,client_1,zigzag,50,50,0.8231,0.7896,0.91,0.82,0.91,0.84,0.9,0.8,-0.010000000000000009,-0.010000000000000009,-0.019999999999999907,-0.039999999999999925,0.0002878068500397399,0.01648130300919901,0.01676910985923875,/Users/deepakkanneganti/Documents/TTA-Composition/Service-level TTA Model/TTA techniques/artifacts_tta_bn/client_1_zigzag_tta_bn
tta_bn,perf_0_3_4_plus_1_on_zigzag,"client_0,client_3,client_4",3,client_1,zigzag,50,50,0.8231,0.7896,0.91,0.82,0.91,0.84,0.89,0.78,-0.020000000000000018,-0.020000000000000018,-0.039999999999999925,-0.05999999999999994,0.0003078038177468655,0.013149828346778285,0.013457632164525151,/Users/deepakkanneganti/Documents/TTA-Composition/Service-level TTA Model/TTA techniques/artifacts_tta_bn/client_1_zigzag_tta_bn
tta_bn,perf_2_3_4_plus_1_on_zigzag,"client_2,client_3,client_4",3,client_1,zigzag,50,50,0.8231,0.7896,0.9,0.8,0.91,0.84,0.9,0.8,0.0,-0.010000000000000009,0.0,-0.039999999999999925,0.0002795055029118437,0.01767773618428714,0.017957241687198984,/Users/deepakkanneganti/Documents/TTA-Composition/Service-level TTA Model/TTA techniques/artifacts_tta_bn/client_1_zigzag_tta_bn
tta_bn,perf_0_2_3_4_plus_1_on_zigzag,"client_0,client_2,client_3,client_4",4,client_1,zigzag,50,50,0.8231,0.7896,0.9,0.8,0.91,0.84,0.9,0.8,0.0,-0.010000000000000009,0.0,-0.039999999999999925,0.00038371846123467975,0.017142764414564454,0.017526482875799134,/Users/deepakkanneganti/Documents/TTA-Composition/Service-level TTA Model/TTA techniques/artifacts_tta_bn/client_1_zigzag_tta_bn
tta_bn,perf_0_plus_2_on_brightness,client_0,1,client_2,brightness,50,50,0.2148,0.7421,0.62,0.24,0.87,0.94,0.62,0.24,0.0,-0.25,0.0,-0.7,2.0642804393469558e-05,1.0289799873463333e-06,2.167178438081589e-05,/Users/deepakkanneganti/Documents/TTA-Composition/Service-level TTA Model/TTA techniques/artifacts_tta_bn/client_2_brightness_tta_bn
tta_bn,perf_1_plus_2_on_brightness,client_1,1,client_2,brightness,50,50,0.2148,0.7421,0.64,0.28,0.85,0.96,0.67,0.36,0.030000000000000027,-0.17999999999999994,0.07999999999999996,-0.6,2.37976303668143e-05,1.453211260034294e-06,2.5250841626848594e-05,/Users/deepakkanneganti/Documents/TTA-Composition/Service-level TTA Model/TTA techniques/artifacts_tta_bn/client_2_brightness_tta_bn
tta_bn,perf_3_plus_2_on_brightness,client_3,1,client_2,brightness,50,50,0.2148,0.7421,0.59,0.18,0.87,0.96,0.56,0.12,-0.029999999999999916,-0.30999999999999994,-0.06,-0.84,1.718796481322614e-05,1.0886616990998554e-06,1.8276626512325996e-05,/Users/deepakkanneganti/Documents/TTA-Composition/Service-level TTA Model/TTA techniques/artifacts_tta_bn/client_2_brightness_tta_bn
tta_bn,perf_4_plus_2_on_brightness,client_4,1,client_2,brightness,50,50,0.2148,0.7421,0.66,0.32,0.9,0.96,0.67,0.34,0.010000000000000009,-0.22999999999999998,0.020000000000000018,-0.6199999999999999,1.7546562480111453e-05,1.0139578940464004e-06,1.8560520374157852e-05,/Users/deepakkanneganti/Documents/TTA-Composition/Service-level TTA Model/TTA techniques/artifacts_tta_bn/client_2_brightness_tta_bn
tta_bn,perf_0_1_plus_2_on_brightness,"client_0,client_1",2,client_2,brightness,50,50,0.2148,0.7421,0.64,0.28,0.85,0.94,0.66,0.34,0.020000000000000018,-0.18999999999999995,0.06,-0.5999999999999999,7.63553009279341e-05,1.3407401625342014e-06,7.76960410904683e-05,/Users/deepakkanneganti/Documents/TTA-Composition/Service-level TTA Model/TTA techniques/artifacts_tta_bn/client_2_brightness_tta_bn
tta_bn,perf_0_3_plus_2_on_brightness,"client_0,client_3",2,client_2,brightness,50,50,0.2148,0.7421,0.6,0.2,0.87,0.96,0.6,0.2,0.0,-0.27,0.0,-0.76,7.157166632604196e-05,1.1580214282168667e-06,7.272968775425883e-05,/Users/deepakkanneganti/Documents/TTA-Composition/Service-level TTA Model/TTA techniques/artifacts_tta_bn/client_2_brightness_tta_bn
tta_bn,perf_0_4_plus_2_on_brightness,"client_0,client_4",2,client_2,brightness,50,50,0.2148,0.7421,0.64,0.28,0.89,0.96,0.67,0.34,0.030000000000000027,-0.21999999999999997,0.06,-0.6199999999999999,6.879993014095684e-05,1.1106440240089364e-06,6.991057416496578e-05,/Users/deepakkanneganti/Documents/TTA-Composition/Service-level TTA Model/TTA techniques/artifacts_tta_bn/client_2_brightness_tta_bn
tta_bn,perf_1_3_plus_2_on_brightness,"client_1,client_3",2,client_2,brightness,50,50,0.2148,0.7421,0.62,0.24,0.86,0.96,0.63,0.26,0.010000000000000009,-0.22999999999999998,0.020000000000000018,-0.7,7.32836257623124e-05,1.3957827449467399e-06,7.467940850725914e-05,/Users/deepakkanneganti/Documents/TTA-Composition/Service-level TTA Model/TTA techniques/artifacts_tta_bn/client_2_brightness_tta_bn
tta_bn,perf_1_4_plus_2_on_brightness,"client_1,client_4",2,client_2,brightness,50,50,0.2148,0.7421,0.66,0.34,0.87,0.96,0.68,0.38,0.020000000000000018,-0.18999999999999995,0.03999999999999998,-0.58,6.958817105396735e-05,1.3676546526617162e-06,7.095582570662906e-05,/Users/deepakkanneganti/Documents/TTA-Composition/Service-level TTA Model/TTA techniques/artifacts_tta_bn/client_2_brightness_tta_bn
tta_bn,perf_3_4_plus_2_on_brightness,"client_3,client_4",2,client_2,brightness,50,50,0.2148,0.7421,0.63,0.26,0.88,0.96,0.63,0.26,0.0,-0.25,0.0,-0.7,6.727868350239131e-05,1.1490523532208488e-06,6.842773585561216e-05,/Users/deepakkanneganti/Documents/TTA-Composition/Service-level TTA Model/TTA techniques/artifacts_tta_bn/client_2_brightness_tta_bn
tta_bn,perf_0_1_3_plus_2_on_brightness,"client_0,client_1,client_3",3,client_2,brightness,50,50,0.2148,0.7421,0.62,0.24,0.85,0.94,0.64,0.28,0.020000000000000018,-0.20999999999999996,0.040000000000000036,-0.6599999999999999,0.00011789187978229591,1.336025240934137e-06,0.00011922790502323005,/Users/deepakkanneganti/Documents/TTA-Composition/Service-level TTA Model/TTA techniques/artifacts_tta_bn/client_2_brightness_tta_bn
tta_bn,perf_0_1_4_plus_2_on_brightness,"client_0,client_1,client_4",3,client_2,brightness,50,50,0.2148,0.7421,0.66,0.32,0.86,0.94,0.66,0.34,0.0,-0.19999999999999996,0.020000000000000018,-0.5999999999999999,0.00011264926232207405,1.3098806343527647e-06,0.00011395914295642682,/Users/deepakkanneganti/Documents/TTA-Composition/Service-level TTA Model/TTA techniques/artifacts_tta_bn/client_2_brightness_tta_bn
tta_bn,perf_0_3_4_plus_2_on_brightness,"client_0,client_3,client_4",3,client_2,brightness,50,50,0.2148,0.7421,0.62,0.24,0.89,0.96,0.62,0.24,0.0,-0.27,0.0,-0.72,0.00011231900088131322,1.1729977015004076e-06,0.00011349199858281362,/Users/deepakkanneganti/Documents/TTA-Composition/Service-level TTA Model/TTA techniques/artifacts_tta_bn/client_2_brightness_tta_bn
tta_bn,perf_1_3_4_plus_2_on_brightness,"client_1,client_3,client_4",3,client_2,brightness,50,50,0.2148,0.7421,0.64,0.28,0.87,0.96,0.66,0.32,0.020000000000000018,-0.20999999999999996,0.03999999999999998,-0.6399999999999999,0.00011206331562803798,1.3454101779097412e-06,0.00011340872580594771,/Users/deepakkanneganti/Documents/TTA-Composition/Service-level TTA Model/TTA techniques/artifacts_tta_bn/client_2_brightness_tta_bn
tta_bn,perf_0_1_3_4_plus_2_on_brightness,"client_0,client_1,client_3,client_4",4,client_2,brightness,50,50,0.2148,0.7421,0.64,0.28,0.87,0.96,0.66,0.32,0.020000000000000018,-0.20999999999999996,0.03999999999999998,-0.6399999999999999,0.00014516133154193745,1.3101167612960593e-06,0.0001464714483032335,/Users/deepakkanneganti/Documents/TTA-Composition/Service-level TTA Model/TTA techniques/artifacts_tta_bn/client_2_brightness_tta_bn
tta_bn,perf_0_plus_2_on_glass_blur,client_0,1,client_2,glass_blur,50,50,0.7098,0.6827,0.92,0.84,0.93,0.86,0.92,0.84,0.0,-0.010000000000000009,0.0,-0.020000000000000018,2.0642804393469558e-05,0.0031043418624610527,0.0031249846668545225,/Users/deepakkanneganti/Documents/TTA-Composition/Service-level TTA Model/TTA techniques/artifacts_tta_bn/client_2_glass_blur_tta_bn
tta_bn,perf_1_plus_2_on_glass_blur,client_1,1,client_2,glass_blur,50,50,0.7098,0.6827,0.93,0.86,0.94,0.88,0.9,0.82,-0.030000000000000027,-0.039999999999999925,-0.040000000000000036,-0.06000000000000005,2.37976303668143e-05,0.004302346575768931,0.004326144206135745,/Users/deepakkanneganti/Documents/TTA-Composition/Service-level TTA Model/TTA techniques/artifacts_tta_bn/client_2_glass_blur_tta_bn
tta_bn,perf_3_plus_2_on_glass_blur,client_3,1,client_2,glass_blur,50,50,0.7098,0.6827,0.92,0.84,0.89,0.78,0.91,0.82,-0.010000000000000009,0.020000000000000018,-0.020000000000000018,0.039999999999999925,1.718796481322614e-05,0.0021794061545929956,0.0021965941194062215,/Users/deepakkanneganti/Documents/TTA-Composition/Service-level TTA Model/TTA techniques/artifacts_tta_bn/client_2_glass_blur_tta_bn
tta_bn,perf_4_plus_2_on_glass_blur,client_4,1,client_2,glass_blur,50,50,0.7098,0.6827,0.92,0.84,0.94,0.88,0.92,0.84,0.0,-0.019999999999999907,0.0,-0.040000000000000036,1.7546562480111453e-05,0.0018759006843718582,0.0018934472468519698,/Users/deepakkanneganti/Documents/TTA-Composition/Service-level TTA Model/TTA techniques/artifacts_tta_bn/client_2_glass_blur_tta_bn
tta_bn,perf_0_1_plus_2_on_glass_blur,"client_0,client_1",2,client_2,glass_blur,50,50,0.7098,0.6827,0.91,0.82,0.95,0.9,0.91,0.84,0.0,-0.039999999999999925,0.020000000000000018,-0.06000000000000005,7.63553009279341e-05,0.004584525516606198,0.004660880817534132,/Users/deepakkanneganti/Documents/TTA-Composition/Service-level TTA Model/TTA techniques/artifacts_tta_bn/client_2_glass_blur_tta_bn
tta_bn,perf_0_3_plus_2_on_glass_blur,"client_0,client_3",2,client_2,glass_blur,50,50,0.7098,0.6827,0.94,0.88,0.93,0.86,0.93,0.86,-0.009999999999999898,0.0,-0.020000000000000018,0.0,7.157166632604196e-05,0.0032020647308389585,0.0032736363971650004,/Users/deepakkanneganti/Documents/TTA-Composition/Service-level TTA Model/TTA techniques/artifacts_tta_bn/client_2_glass_blur_tta_bn
tta_bn,perf_0_4_plus_2_on_glass_blur,"client_0,client_4",2,client_2,glass_blur,50,50,0.7098,0.6827,0.92,0.84,0.94,0.88,0.93,0.86,0.010000000000000009,-0.009999999999999898,0.020000000000000018,-0.020000000000000018,6.879993014095684e-05,0.002913413543600665,0.002982213473741622,/Users/deepakkanneganti/Documents/TTA-Composition/Service-level TTA Model/TTA techniques/artifacts_tta_bn/client_2_glass_blur_tta_bn
tta_bn,perf_1_3_plus_2_on_glass_blur,"client_1,client_3",2,client_2,glass_blur,50,50,0.7098,0.6827,0.93,0.86,0.94,0.88,0.94,0.88,0.009999999999999898,0.0,0.020000000000000018,0.0,7.32836257623124e-05,0.0038911263589521683,0.00396440998471448,/Users/deepakkanneganti/Documents/TTA-Composition/Service-level TTA Model/TTA techniques/artifacts_tta_bn/client_2_glass_blur_tta_bn
tta_bn,perf_1_4_plus_2_on_glass_blur,"client_1,client_4",2,client_2,glass_blur,50,50,0.7098,0.6827,0.91,0.84,0.94,0.88,0.9,0.82,-0.010000000000000009,-0.039999999999999925,-0.020000000000000018,-0.06000000000000005,6.958817105396735e-05,0.0037200328760325216,0.0037896210470864887,/Users/deepakkanneganti/Documents/TTA-Composition/Service-level TTA Model/TTA techniques/artifacts_tta_bn/client_2_glass_blur_tta_bn
tta_bn,perf_3_4_plus_2_on_glass_blur,"client_3,client_4",2,client_2,glass_blur,50,50,0.7098,0.6827,0.93,0.86,0.92,0.84,0.93,0.86,0.0,0.010000000000000009,0.0,0.020000000000000018,6.727868350239131e-05,0.0024709994122693213,0.0025382780957717128,/Users/deepakkanneganti/Documents/TTA-Composition/Service-level TTA Model/TTA techniques/artifacts_tta_bn/client_2_glass_blur_tta_bn
tta_bn,perf_0_1_3_plus_2_on_glass_blur,"client_0,client_1,client_3",3,client_2,glass_blur,50,50,0.7098,0.6827,0.94,0.88,0.94,0.88,0.94,0.88,0.0,0.0,0.0,0.0,0.00011789187978229591,0.004158069824747027,0.004275961704529323,/Users/deepakkanneganti/Documents/TTA-Composition/Service-level TTA Model/TTA techniques/artifacts_tta_bn/client_2_glass_blur_tta_bn
tta_bn,perf_0_1_4_plus_2_on_glass_blur,"client_0,client_1,client_4",3,client_2,glass_blur,50,50,0.7098,0.6827,0.92,0.84,0.94,0.88,0.91,0.84,-0.010000000000000009,-0.029999999999999916,0.0,-0.040000000000000036,0.00011264926232207405,0.003972696397597974,0.004085345659920048,/Users/deepakkanneganti/Documents/TTA-Composition/Service-level TTA Model/TTA techniques/artifacts_tta_bn/client_2_glass_blur_tta_bn
tta_bn,perf_0_3_4_plus_2_on_glass_blur,"client_0,client_3,client_4",3,client_2,glass_blur,50,50,0.7098,0.6827,0.93,0.86,0.93,0.86,0.93,0.86,0.0,0.0,0.0,0.0,0.00011231900088131322,0.0030455713416812063,0.0031578903425625196,/Users/deepakkanneganti/Documents/TTA-Composition/Service-level TTA Model/TTA techniques/artifacts_tta_bn/client_2_glass_blur_tta_bn
tta_bn,perf_1_3_4_plus_2_on_glass_blur,"client_1,client_3,client_4",3,client_2,glass_blur,50,50,0.7098,0.6827,0.93,0.86,0.94,0.88,0.94,0.88,0.009999999999999898,0.0,0.020000000000000018,0.0,0.00011206331562803798,0.003569150377259399,0.003681213692887437,/Users/deepakkanneganti/Documents/TTA-Composition/Service-level TTA Model/TTA techniques/artifacts_tta_bn/client_2_glass_blur_tta_bn
tta_bn,perf_0_1_3_4_plus_2_on_glass_blur,"client_0,client_1,client_3,client_4",4,client_2,glass_blur,50,50,0.7098,0.6827,0.93,0.86,0.94,0.88,0.94,0.88,0.009999999999999898,0.0,0.020000000000000018,0.0,0.00014516133154193745,0.003802467156134907,0.003947628487676844,/Users/deepakkanneganti/Documents/TTA-Composition/Service-level TTA Model/TTA techniques/artifacts_tta_bn/client_2_glass_blur_tta_bn
tta_bn,perf_0_plus_2_on_stripe,client_0,1,client_2,stripe,50,50,0.8506,0.5059,0.95,0.9,0.87,0.94,0.91,0.82,-0.039999999999999925,0.040000000000000036,-0.08000000000000007,-0.12,2.0642804393469558e-05,3.667369204504795e-07,2.1009541313920037e-05,/Users/deepakkanneganti/Documents/TTA-Composition/Service-level TTA Model/TTA techniques/artifacts_tta_bn/client_2_stripe_tta_bn
tta_bn,perf_1_plus_2_on_stripe,client_1,1,client_2,stripe,50,50,0.8506,0.5059,0.94,0.88,0.79,0.92,0.94,0.9,0.0,0.1499999999999999,0.020000000000000018,-0.020000000000000018,2.37976303668143e-05,3.244696897515869e-07,2.4122100056565884e-05,/Users/deepakkanneganti/Documents/TTA-Composition/Service-level TTA Model/TTA techniques/artifacts_tta_bn/client_2_stripe_tta_bn
tta_bn,perf_3_plus_2_on_stripe,client_3,1,client_2,stripe,50,50,0.8506,0.5059,0.93,0.86,0.84,0.92,0.95,0.9,0.019999999999999907,0.10999999999999999,0.040000000000000036,-0.020000000000000018,1.718796481322614e-05,5.483229137306192e-07,1.773628772695676e-05,/Users/deepakkanneganti/Documents/TTA-Composition/Service-level TTA Model/TTA techniques/artifacts_tta_bn/client_2_stripe_tta_bn
tta_bn,perf_4_plus_2_on_stripe,client_4,1,client_2,stripe,50,50,0.8506,0.5059,0.94,0.88,0.86,0.92,0.92,0.84,-0.019999999999999907,0.06000000000000005,-0.040000000000000036,-0.08000000000000007,1.7546562480111453e-05,3.870294088320868e-07,1.793359188894354e-05,/Users/deepakkanneganti/Documents/TTA-Composition/Service-level TTA Model/TTA techniques/artifacts_tta_bn/client_2_stripe_tta_bn
tta_bn,perf_0_1_plus_2_on_stripe,"client_0,client_1",2,client_2,stripe,50,50,0.8506,0.5059,0.95,0.9,0.82,0.92,0.92,0.86,-0.029999999999999916,0.10000000000000009,-0.040000000000000036,-0.06000000000000005,7.63553009279341e-05,3.755806698353885e-07,7.673088159776948e-05,/Users/deepakkanneganti/Documents/TTA-Composition/Service-level TTA Model/TTA techniques/artifacts_tta_bn/client_2_stripe_tta_bn
tta_bn,perf_0_3_plus_2_on_stripe,"client_0,client_3",2,client_2,stripe,50,50,0.8506,0.5059,0.94,0.88,0.85,0.92,0.94,0.88,0.0,0.08999999999999997,0.0,-0.040000000000000036,7.157166632604196e-05,4.873723936096591e-07,7.205903871965161e-05,/Users/deepakkanneganti/Documents/TTA-Composition/Service-level TTA Model/TTA techniques/artifacts_tta_bn/client_2_stripe_tta_bn
tta_bn,perf_0_4_plus_2_on_stripe,"client_0,client_4",2,client_2,stripe,50,50,0.8506,0.5059,0.95,0.9,0.85,0.92,0.93,0.86,-0.019999999999999907,0.08000000000000007,-0.040000000000000036,-0.06000000000000005,6.879993014095684e-05,4.0732053214918235e-07,6.920725067310603e-05,/Users/deepakkanneganti/Documents/TTA-Composition/Service-level TTA Model/TTA techniques/artifacts_tta_bn/client_2_stripe_tta_bn
tta_bn,perf_1_3_plus_2_on_stripe,"client_1,client_3",2,client_2,stripe,50,50,0.8506,0.5059,0.94,0.88,0.83,0.92,0.96,0.92,0.020000000000000018,0.13,0.040000000000000036,0.0,7.32836257623124e-05,4.63670955800858e-07,7.374729671811327e-05,/Users/deepakkanneganti/Documents/TTA-Composition/Service-level TTA Model/TTA techniques/artifacts_tta_bn/client_2_stripe_tta_bn
tta_bn,perf_1_4_plus_2_on_stripe,"client_1,client_4",2,client_2,stripe,50,50,0.8506,0.5059,0.93,0.88,0.82,0.92,0.91,0.84,-0.020000000000000018,0.09000000000000008,-0.040000000000000036,-0.08000000000000007,6.958817105396735e-05,3.956370020613349e-07,6.998380805602869e-05,/Users/deepakkanneganti/Documents/TTA-Composition/Service-level TTA Model/TTA techniques/artifacts_tta_bn/client_2_stripe_tta_bn
tta_bn,perf_3_4_plus_2_on_stripe,"client_3,client_4",2,client_2,stripe,50,50,0.8506,0.5059,0.93,0.86,0.85,0.92,0.93,0.86,0.0,0.08000000000000007,0.0,-0.06000000000000005,6.727868350239131e-05,5.00758152873209e-07,6.777944165526451e-05,/Users/deepakkanneganti/Documents/TTA-Composition/Service-level TTA Model/TTA techniques/artifacts_tta_bn/client_2_stripe_tta_bn
tta_bn,perf_0_1_3_plus_2_on_stripe,"client_0,client_1,client_3",3,client_2,stripe,50,50,0.8506,0.5059,0.94,0.88,0.84,0.92,0.94,0.88,0.0,0.09999999999999998,0.0,-0.040000000000000036,0.00011789187978229591,4.525448899342792e-07,0.00011834442467223019,/Users/deepakkanneganti/Documents/TTA-Composition/Service-level TTA Model/TTA techniques/artifacts_tta_bn/client_2_stripe_tta_bn
tta_bn,perf_0_1_4_plus_2_on_stripe,"client_0,client_1,client_4",3,client_2,stripe,50,50,0.8506,0.5059,0.95,0.9,0.84,0.92,0.92,0.86,-0.029999999999999916,0.08000000000000007,-0.040000000000000036,-0.06000000000000005,0.00011264926232207405,4.047833282088046e-07,0.00011305404565028286,/Users/deepakkanneganti/Documents/TTA-Composition/Service-level TTA Model/TTA techniques/artifacts_tta_bn/client_2_stripe_tta_bn
tta_bn,perf_0_3_4_plus_2_on_stripe,"client_0,client_3,client_4",3,client_2,stripe,50,50,0.8506,0.5059,0.94,0.88,0.86,0.92,0.94,0.88,0.0,0.07999999999999996,0.0,-0.040000000000000036,0.00011231900088131322,4.7605107131264394e-07,0.00011279505195262586,/Users/deepakkanneganti/Documents/TTA-Composition/Service-level TTA Model/TTA techniques/artifacts_tta_bn/client_2_stripe_tta_bn
tta_bn,perf_1_3_4_plus_2_on_stripe,"client_1,client_3,client_4",3,client_2,stripe,50,50,0.8506,0.5059,0.94,0.88,0.84,0.92,0.94,0.88,0.0,0.09999999999999998,0.0,-0.040000000000000036,0.00011206331562803798,4.6600761604762475e-07,0.0001125293232440856,/Users/deepakkanneganti/Documents/TTA-Composition/Service-level TTA Model/TTA techniques/artifacts_tta_bn/client_2_stripe_tta_bn
tta_bn,perf_0_1_3_4_plus_2_on_stripe,"client_0,client_1,client_3,client_4",4,client_2,stripe,50,50,0.8506,0.5059,0.94,0.88,0.86,0.92,0.94,0.88,0.0,0.07999999999999996,0.0,-0.040000000000000036,0.00014516133154193745,4.5574727471393755e-07,0.00014561707881665138,/Users/deepakkanneganti/Documents/TTA-Composition/Service-level TTA Model/TTA techniques/artifacts_tta_bn/client_2_stripe_tta_bn
tta_bn,perf_0_plus_2_on_zigzag,client_0,1,client_2,zigzag,50,50,0.8266,0.8415,0.89,0.78,0.91,0.82,0.89,0.78,0.0,-0.020000000000000018,0.0,-0.039999999999999925,2.0642804393469558e-05,0.005957766554294864,0.005978409358688334,/Users/deepakkanneganti/Documents/TTA-Composition/Service-level TTA Model/TTA techniques/artifacts_tta_bn/client_2_zigzag_tta_bn
tta_bn,perf_1_plus_2_on_zigzag,client_1,1,client_2,zigzag,50,50,0.8266,0.8415,0.9,0.8,0.89,0.8,0.91,0.84,0.010000000000000009,0.020000000000000018,0.039999999999999925,0.039999999999999925,2.37976303668143e-05,0.007860312971685452,0.007884110602052267,/Users/deepakkanneganti/Documents/TTA-Composition/Service-level TTA Model/TTA techniques/artifacts_tta_bn/client_2_zigzag_tta_bn
tta_bn,perf_3_plus_2_on_zigzag,client_3,1,client_2,zigzag,50,50,0.8266,0.8415,0.9,0.8,0.92,0.84,0.88,0.76,-0.020000000000000018,-0.040000000000000036,-0.040000000000000036,-0.07999999999999996,1.718796481322614e-05,0.009946748652582589,0.009963936617395815,/Users/deepakkanneganti/Documents/TTA-Composition/Service-level TTA Model/TTA techniques/artifacts_tta_bn/client_2_zigzag_tta_bn
tta_bn,perf_4_plus_2_on_zigzag,client_4,1,client_2,zigzag,50,50,0.8266,0.8415,0.88,0.76,0.9,0.8,0.88,0.76,0.0,-0.020000000000000018,0.0,-0.040000000000000036,1.7546562480111453e-05,0.005402573478352525,0.005420120040832636,/Users/deepakkanneganti/Documents/TTA-Composition/Service-level TTA Model/TTA techniques/artifacts_tta_bn/client_2_zigzag_tta_bn
tta_bn,perf_0_1_plus_2_on_zigzag,"client_0,client_1",2,client_2,zigzag,50,50,0.8266,0.8415,0.91,0.82,0.9,0.8,0.9,0.82,-0.010000000000000009,0.0,0.0,0.019999999999999907,7.63553009279341e-05,0.00884617638821847,0.008922531689146404,/Users/deepakkanneganti/Documents/TTA-Composition/Service-level TTA Model/TTA techniques/artifacts_tta_bn/client_2_zigzag_tta_bn
tta_bn,perf_0_3_plus_2_on_zigzag,"client_0,client_3",2,client_2,zigzag,50,50,0.8266,0.8415,0.9,0.8,0.91,0.82,0.9,0.8,0.0,-0.010000000000000009,0.0,-0.019999999999999907,7.157166632604196e-05,0.009901999625723048,0.00997357129204909,/Users/deepakkanneganti/Documents/TTA-Composition/Service-level TTA Model/TTA techniques/artifacts_tta_bn/client_2_zigzag_tta_bn
tta_bn,perf_0_4_plus_2_on_zigzag,"client_0,client_4",2,client_2,zigzag,50,50,0.8266,0.8415,0.9,0.8,0.91,0.82,0.91,0.82,0.010000000000000009,0.0,0.019999999999999907,0.0,6.879993014095684e-05,0.007113583923692488,0.007182383853833445,/Users/deepakkanneganti/Documents/TTA-Composition/Service-level TTA Model/TTA techniques/artifacts_tta_bn/client_2_zigzag_tta_bn
tta_bn,perf_1_3_plus_2_on_zigzag,"client_1,client_3",2,client_2,zigzag,50,50,0.8266,0.8415,0.9,0.8,0.91,0.82,0.91,0.82,0.010000000000000009,0.0,0.019999999999999907,0.0,7.32836257623124e-05,0.01201041671274061,0.012083700338502923,/Users/deepakkanneganti/Documents/TTA-Composition/Service-level TTA Model/TTA techniques/artifacts_tta_bn/client_2_zigzag_tta_bn
tta_bn,perf_1_4_plus_2_on_zigzag,"client_1,client_4",2,client_2,zigzag,50,50,0.8266,0.8415,0.9,0.82,0.9,0.8,0.91,0.84,0.010000000000000009,0.010000000000000009,0.020000000000000018,0.039999999999999925,6.958817105396735e-05,0.009064703977142334,0.009134292148196301,/Users/deepakkanneganti/Documents/TTA-Composition/Service-level TTA Model/TTA techniques/artifacts_tta_bn/client_2_zigzag_tta_bn
tta_bn,perf_3_4_plus_2_on_zigzag,"client_3,client_4",2,client_2,zigzag,50,50,0.8266,0.8415,0.91,0.82,0.91,0.82,0.89,0.78,-0.020000000000000018,-0.020000000000000018,-0.039999999999999925,-0.039999999999999925,6.727868350239131e-05,0.009368702397024377,0.009435981080526767,/Users/deepakkanneganti/Documents/TTA-Composition/Service-level TTA Model/TTA techniques/artifacts_tta_bn/client_2_zigzag_tta_bn
tta_bn,perf_0_1_3_plus_2_on_zigzag,"client_0,client_1,client_3",3,client_2,zigzag,50,50,0.8266,0.8415,0.9,0.8,0.91,0.82,0.91,0.82,0.010000000000000009,0.0,0.019999999999999907,0.0,0.00011789187978229591,0.011165630668098746,0.011283522547881042,/Users/deepakkanneganti/Documents/TTA-Composition/Service-level TTA Model/TTA techniques/artifacts_tta_bn/client_2_zigzag_tta_bn
tta_bn,perf_0_1_4_plus_2_on_zigzag,"client_0,client_1,client_4",3,client_2,zigzag,50,50,0.8266,0.8415,0.91,0.82,0.9,0.8,0.91,0.84,0.0,0.010000000000000009,0.020000000000000018,0.039999999999999925,0.00011264926232207405,0.009101114959425111,0.009213764221747186,/Users/deepakkanneganti/Documents/TTA-Composition/Service-level TTA Model/TTA techniques/artifacts_tta_bn/client_2_zigzag_tta_bn
tta_bn,perf_0_3_4_plus_2_on_zigzag,"client_0,client_3,client_4",3,client_2,zigzag,50,50,0.8266,0.8415,0.9,0.8,0.91,0.82,0.89,0.78,-0.010000000000000009,-0.020000000000000018,-0.020000000000000018,-0.039999999999999925,0.00011231900088131322,0.009456296204193694,0.009568615205075008,/Users/deepakkanneganti/Documents/TTA-Composition/Service-level TTA Model/TTA techniques/artifacts_tta_bn/client_2_zigzag_tta_bn
tta_bn,perf_1_3_4_plus_2_on_zigzag,"client_1,client_3,client_4",3,client_2,zigzag,50,50,0.8266,0.8415,0.9,0.8,0.91,0.82,0.9,0.8,0.0,-0.010000000000000009,0.0,-0.019999999999999907,0.00011206331562803798,0.011148102337961426,0.011260165653589465,/Users/deepakkanneganti/Documents/TTA-Composition/Service-level TTA Model/TTA techniques/artifacts_tta_bn/client_2_zigzag_tta_bn
tta_bn,perf_0_1_3_4_plus_2_on_zigzag,"client_0,client_1,client_3,client_4",4,client_2,zigzag,50,50,0.8266,0.8415,0.9,0.8,0.91,0.82,0.91,0.82,0.010000000000000009,0.0,0.019999999999999907,0.0,0.00014516133154193745,0.010662712068757503,0.01080787340029944,/Users/deepakkanneganti/Documents/TTA-Composition/Service-level TTA Model/TTA techniques/artifacts_tta_bn/client_2_zigzag_tta_bn
tta_bn,perf_0_plus_3_on_brightness,client_0,1,client_3,brightness,50,50,0.189,0.6665,0.6,0.2,0.84,0.96,0.62,0.24,0.020000000000000018,-0.21999999999999997,0.03999999999999998,-0.72,2.9095285933283444e-05,1.8432268820274471e-06,3.0938512815310894e-05,/Users/deepakkanneganti/Documents/TTA-Composition/Service-level TTA Model/TTA techniques/artifacts_tta_bn/client_3_brightness_tta_bn
tta_bn,perf_1_plus_3_on_brightness,client_1,1,client_3,brightness,50,50,0.189,0.6665,0.63,0.26,0.83,0.98,0.67,0.36,0.040000000000000036,-0.15999999999999992,0.09999999999999998,-0.62,3.5808911043040873e-05,2.3001400066841306e-06,3.8109051049725005e-05,/Users/deepakkanneganti/Documents/TTA-Composition/Service-level TTA Model/TTA techniques/artifacts_tta_bn/client_3_brightness_tta_bn
tta_bn,perf_2_plus_3_on_brightness,client_2,1,client_3,brightness,50,50,0.189,0.6665,0.59,0.18,0.86,0.96,0.61,0.22,0.020000000000000018,-0.25,0.04000000000000001,-0.74,1.718796481322614e-05,1.4115680043626952e-06,1.8599532817588836e-05,/Users/deepakkanneganti/Documents/TTA-Composition/Service-level TTA Model/TTA techniques/artifacts_tta_bn/client_3_brightness_tta_bn
tta_bn,perf_4_plus_3_on_brightness,client_4,1,client_3,brightness,50,50,0.189,0.6665,0.63,0.26,0.88,0.96,0.67,0.34,0.040000000000000036,-0.20999999999999996,0.08000000000000002,-0.6199999999999999,2.6041978625172744e-05,1.983257721140067e-06,2.802523634631281e-05,/Users/deepakkanneganti/Documents/TTA-Composition/Service-level TTA Model/TTA techniques/artifacts_tta_bn/client_3_brightness_tta_bn
tta_bn,perf_0_1_plus_3_on_brightness,"client_0,client_1",2,client_3,brightness,50,50,0.189,0.6665,0.64,0.28,0.83,0.96,0.66,0.34,0.020000000000000018,-0.16999999999999993,0.06,-0.6199999999999999,0.00011700042788472369,2.267455417503333e-06,0.00011926788330222702,/Users/deepakkanneganti/Documents/TTA-Composition/Service-level TTA Model/TTA techniques/artifacts_tta_bn/client_3_brightness_tta_bn
tta_bn,perf_0_2_plus_3_on_brightness,"client_0,client_2",2,client_3,brightness,50,50,0.189,0.6665,0.6,0.2,0.86,0.96,0.62,0.24,0.020000000000000018,-0.24,0.03999999999999998,-0.72,9.571765026945278e-05,1.798942723107442e-06,9.751659299256023e-05,/Users/deepakkanneganti/Documents/TTA-Composition/Service-level TTA Model/TTA techniques/artifacts_tta_bn/client_3_brightness_tta_bn
tta_bn,perf_0_4_plus_3_on_brightness,"client_0,client_4",2,client_3,brightness,50,50,0.189,0.6665,0.62,0.24,0.86,0.96,0.67,0.34,0.050000000000000044,-0.18999999999999995,0.10000000000000003,-0.6199999999999999,0.00010479589736835736,2.0871895777610564e-06,0.00010688308694611841,/Users/deepakkanneganti/Documents/TTA-Composition/Service-level TTA Model/TTA techniques/artifacts_tta_bn/client_3_brightness_tta_bn
tta_bn,perf_1_2_plus_3_on_brightness,"client_1,client_2",2,client_3,brightness,50,50,0.189,0.6665,0.62,0.24,0.85,0.96,0.64,0.28,0.020000000000000018,-0.20999999999999996,0.040000000000000036,-0.6799999999999999,0.00010318689937957428,1.9312521081750702e-06,0.00010511815148774935,/Users/deepakkanneganti/Documents/TTA-Composition/Service-level TTA Model/TTA techniques/artifacts_tta_bn/client_3_brightness_tta_bn
tta_bn,perf_1_4_plus_3_on_brightness,"client_1,client_4",2,client_3,brightness,50,50,0.189,0.6665,0.66,0.32,0.84,0.96,0.68,0.38,0.020000000000000018,-0.15999999999999992,0.06,-0.58,0.00010972851309463825,2.4214955854795973e-06,0.00011215000868011784,/Users/deepakkanneganti/Documents/TTA-Composition/Service-level TTA Model/TTA techniques/artifacts_tta_bn/client_3_brightness_tta_bn
tta_bn,perf_2_4_plus_3_on_brightness,"client_2,client_4",2,client_3,brightness,50,50,0.189,0.6665,0.63,0.26,0.86,0.96,0.66,0.32,0.030000000000000027,-0.19999999999999996,0.06,-0.6399999999999999,9.427796089954778e-05,1.8995040434923753e-06,9.617746494304015e-05,/Users/deepakkanneganti/Documents/TTA-Composition/Service-level TTA Model/TTA techniques/artifacts_tta_bn/client_3_brightness_tta_bn
tta_bn,perf_0_1_2_plus_3_on_brightness,"client_0,client_1,client_2",3,client_3,brightness,50,50,0.189,0.6665,0.62,0.24,0.85,0.96,0.64,0.28,0.020000000000000018,-0.20999999999999996,0.040000000000000036,-0.6799999999999999,0.00017540321839343395,2.0518015127600875e-06,0.00017745501990619404,/Users/deepakkanneganti/Documents/TTA-Composition/Service-level TTA Model/TTA techniques/artifacts_tta_bn/client_3_brightness_tta_bn
tta_bn,perf_0_1_4_plus_3_on_brightness,"client_0,client_1,client_4",3,client_3,brightness,50,50,0.189,0.6665,0.66,0.32,0.84,0.96,0.66,0.34,0.0,-0.17999999999999994,0.020000000000000018,-0.6199999999999999,0.00017793403703148908,2.333707481590066e-06,0.00018026774451307913,/Users/deepakkanneganti/Documents/TTA-Composition/Service-level TTA Model/TTA techniques/artifacts_tta_bn/client_3_brightness_tta_bn
tta_bn,perf_0_2_4_plus_3_on_brightness,"client_0,client_2,client_4",3,client_3,brightness,50,50,0.189,0.6665,0.62,0.24,0.87,0.96,0.64,0.28,0.020000000000000018,-0.22999999999999998,0.040000000000000036,-0.6799999999999999,0.0001665706368959026,1.9959246581948067e-06,0.00016856656155409742,/Users/deepakkanneganti/Documents/TTA-Composition/Service-level TTA Model/TTA techniques/artifacts_tta_bn/client_3_brightness_tta_bn
tta_bn,perf_1_2_4_plus_3_on_brightness,"client_1,client_2,client_4",3,client_3,brightness,50,50,0.189,0.6665,0.64,0.28,0.86,0.96,0.66,0.34,0.020000000000000018,-0.19999999999999996,0.06,-0.6199999999999999,0.00017155404471081348,2.1466325355551736e-06,0.00017370067724636865,/Users/deepakkanneganti/Documents/TTA-Composition/Service-level TTA Model/TTA techniques/artifacts_tta_bn/client_3_brightness_tta_bn
tta_bn,perf_0_1_2_4_plus_3_on_brightness,"client_0,client_1,client_2,client_4",4,client_3,brightness,50,50,0.189,0.6665,0.64,0.28,0.85,0.96,0.66,0.32,0.020000000000000018,-0.18999999999999995,0.03999999999999998,-0.6399999999999999,0.00022556684760611031,2.1651675029106236e-06,0.00022773201510902093,/Users/deepakkanneganti/Documents/TTA-Composition/Service-level TTA Model/TTA techniques/artifacts_tta_bn/client_3_brightness_tta_bn
tta_bn,perf_0_plus_3_on_glass_blur,client_0,1,client_3,glass_blur,50,50,0.8118,0.6881,0.93,0.86,0.94,0.88,0.92,0.84,-0.010000000000000009,-0.019999999999999907,-0.020000000000000018,-0.040000000000000036,2.9095285933283444e-05,0.00287683344516327,0.0029059287310965534,/Users/deepakkanneganti/Documents/TTA-Composition/Service-level TTA Model/TTA techniques/artifacts_tta_bn/client_3_glass_blur_tta_bn
tta_bn,perf_1_plus_3_on_glass_blur,client_1,1,client_3,glass_blur,50,50,0.8118,0.6881,0.94,0.88,0.94,0.88,0.9,0.82,-0.039999999999999925,-0.039999999999999925,-0.06000000000000005,-0.06000000000000005,3.5808911043040873e-05,0.003273533165492601,0.003309342076535642,/Users/deepakkanneganti/Documents/TTA-Composition/Service-level TTA Model/TTA techniques/artifacts_tta_bn/client_3_glass_blur_tta_bn
tta_bn,perf_2_plus_3_on_glass_blur,client_2,1,client_3,glass_blur,50,50,0.8118,0.6881,0.92,0.84,0.93,0.86,0.9,0.8,-0.020000000000000018,-0.030000000000000027,-0.039999999999999925,-0.05999999999999994,1.718796481322614e-05,0.0017967425912407203,0.0018139305560539464,/Users/deepakkanneganti/Documents/TTA-Composition/Service-level TTA Model/TTA techniques/artifacts_tta_bn/client_3_glass_blur_tta_bn
tta_bn,perf_4_plus_3_on_glass_blur,client_4,1,client_3,glass_blur,50,50,0.8118,0.6881,0.93,0.86,0.95,0.9,0.92,0.84,-0.010000000000000009,-0.029999999999999916,-0.020000000000000018,-0.06000000000000005,2.6041978625172744e-05,0.001979178890820455,0.0020052208694456277,/Users/deepakkanneganti/Documents/TTA-Composition/Service-level TTA Model/TTA techniques/artifacts_tta_bn/client_3_glass_blur_tta_bn
tta_bn,perf_0_1_plus_3_on_glass_blur,"client_0,client_1",2,client_3,glass_blur,50,50,0.8118,0.6881,0.94,0.88,0.94,0.88,0.91,0.84,-0.029999999999999916,-0.029999999999999916,-0.040000000000000036,-0.040000000000000036,0.00011700042788472369,0.0038303977726904972,0.003947398200575221,/Users/deepakkanneganti/Documents/TTA-Composition/Service-level TTA Model/TTA techniques/artifacts_tta_bn/client_3_glass_blur_tta_bn
tta_bn,perf_0_2_plus_3_on_glass_blur,"client_0,client_2",2,client_3,glass_blur,50,50,0.8118,0.6881,0.94,0.88,0.93,0.86,0.92,0.84,-0.019999999999999907,-0.010000000000000009,-0.040000000000000036,-0.020000000000000018,9.571765026945278e-05,0.002887986418801008,0.002983704069070461,/Users/deepakkanneganti/Documents/TTA-Composition/Service-level TTA Model/TTA techniques/artifacts_tta_bn/client_3_glass_blur_tta_bn
tta_bn,perf_0_4_plus_3_on_glass_blur,"client_0,client_4",2,client_3,glass_blur,50,50,0.8118,0.6881,0.93,0.86,0.94,0.88,0.93,0.86,0.0,-0.009999999999999898,0.0,-0.020000000000000018,0.00010479589736835736,0.002886693094996647,0.0029914889923650045,/Users/deepakkanneganti/Documents/TTA-Composition/Service-level TTA Model/TTA techniques/artifacts_tta_bn/client_3_glass_blur_tta_bn
tta_bn,perf_1_2_plus_3_on_glass_blur,"client_1,client_2",2,client_3,glass_blur,50,50,0.8118,0.6881,0.93,0.86,0.94,0.88,0.93,0.86,0.0,-0.009999999999999898,0.0,-0.020000000000000018,0.00010318689937957428,0.002820546694868379,0.0029237335942479533,/Users/deepakkanneganti/Documents/TTA-Composition/Service-level TTA Model/TTA techniques/artifacts_tta_bn/client_3_glass_blur_tta_bn
tta_bn,perf_1_4_plus_3_on_glass_blur,"client_1,client_4",2,client_3,glass_blur,50,50,0.8118,0.6881,0.94,0.88,0.94,0.88,0.9,0.82,-0.039999999999999925,-0.039999999999999925,-0.06000000000000005,-0.06000000000000005,0.00010972851309463825,0.0033473915251516703,0.0034571200382463086,/Users/deepakkanneganti/Documents/TTA-Composition/Service-level TTA Model/TTA techniques/artifacts_tta_bn/client_3_glass_blur_tta_bn
tta_bn,perf_2_4_plus_3_on_glass_blur,"client_2,client_4",2,client_3,glass_blur,50,50,0.8118,0.6881,0.93,0.86,0.93,0.86,0.92,0.84,-0.010000000000000009,-0.010000000000000009,-0.020000000000000018,-0.020000000000000018,9.427796089954778e-05,0.0024836006370086506,0.0025778785979081982,/Users/deepakkanneganti/Documents/TTA-Composition/Service-level TTA Model/TTA techniques/artifacts_tta_bn/client_3_glass_blur_tta_bn
tta_bn,perf_0_1_2_plus_3_on_glass_blur,"client_0,client_1,client_2",3,client_3,glass_blur,50,50,0.8118,0.6881,0.94,0.88,0.94,0.88,0.91,0.82,-0.029999999999999916,-0.029999999999999916,-0.06000000000000005,-0.06000000000000005,0.00017540321839343395,0.0033740137470191565,0.0035494169654125907,/Users/deepakkanneganti/Documents/TTA-Composition/Service-level TTA Model/TTA techniques/artifacts_tta_bn/client_3_glass_blur_tta_bn
tta_bn,perf_0_1_4_plus_3_on_glass_blur,"client_0,client_1,client_4",3,client_3,glass_blur,50,50,0.8118,0.6881,0.94,0.88,0.94,0.88,0.91,0.84,-0.029999999999999916,-0.029999999999999916,-0.040000000000000036,-0.040000000000000036,0.00017793403703148908,0.003603072266864974,0.003781006303896463,/Users/deepakkanneganti/Documents/TTA-Composition/Service-level TTA Model/TTA techniques/artifacts_tta_bn/client_3_glass_blur_tta_bn
tta_bn,perf_0_2_4_plus_3_on_glass_blur,"client_0,client_2,client_4",3,client_3,glass_blur,50,50,0.8118,0.6881,0.93,0.86,0.94,0.88,0.92,0.84,-0.010000000000000009,-0.019999999999999907,-0.020000000000000018,-0.040000000000000036,0.0001665706368959026,0.0029776729142900558,0.0031442435511859585,/Users/deepakkanneganti/Documents/TTA-Composition/Service-level TTA Model/TTA techniques/artifacts_tta_bn/client_3_glass_blur_tta_bn
tta_bn,perf_1_2_4_plus_3_on_glass_blur,"client_1,client_2,client_4",3,client_3,glass_blur,50,50,0.8118,0.6881,0.93,0.86,0.94,0.88,0.91,0.84,-0.020000000000000018,-0.029999999999999916,-0.020000000000000018,-0.040000000000000036,0.00017155404471081348,0.0031010927111855663,0.00327264675589638,/Users/deepakkanneganti/Documents/TTA-Composition/Service-level TTA Model/TTA techniques/artifacts_tta_bn/client_3_glass_blur_tta_bn
tta_bn,perf_0_1_2_4_plus_3_on_glass_blur,"client_0,client_1,client_2,client_4",4,client_3,glass_blur,50,50,0.8118,0.6881,0.93,0.86,0.94,0.88,0.92,0.84,-0.010000000000000009,-0.019999999999999907,-0.020000000000000018,-0.040000000000000036,0.00022556684760611031,0.003384666030159611,0.0036102328777657213,/Users/deepakkanneganti/Documents/TTA-Composition/Service-level TTA Model/TTA techniques/artifacts_tta_bn/client_3_glass_blur_tta_bn
tta_bn,perf_0_plus_3_on_stripe,client_0,1,client_3,stripe,50,50,0.8855,0.391,0.94,0.88,0.81,0.92,0.91,0.82,-0.029999999999999916,0.09999999999999998,-0.06000000000000005,-0.10000000000000009,2.9095285933283444e-05,1.4178050740067443e-06,3.051309100729019e-05,/Users/deepakkanneganti/Documents/TTA-Composition/Service-level TTA Model/TTA techniques/artifacts_tta_bn/client_3_stripe_tta_bn
tta_bn,perf_1_plus_3_on_stripe,client_1,1,client_3,stripe,50,50,0.8855,0.391,0.96,0.92,0.8,0.92,0.94,0.9,-0.020000000000000018,0.1399999999999999,-0.020000000000000018,-0.020000000000000018,3.5808911043040873e-05,1.0195138721947514e-06,3.682842491523563e-05,/Users/deepakkanneganti/Documents/TTA-Composition/Service-level TTA Model/TTA techniques/artifacts_tta_bn/client_3_stripe_tta_bn
tta_bn,perf_2_plus_3_on_stripe,client_2,1,client_3,stripe,50,50,0.8855,0.391,0.93,0.86,0.84,0.92,0.93,0.86,0.0,0.09000000000000008,0.0,-0.06000000000000005,1.718796481322614e-05,1.1184223464205859e-06,1.8306387159646726e-05,/Users/deepakkanneganti/Documents/TTA-Composition/Service-level TTA Model/TTA techniques/artifacts_tta_bn/client_3_stripe_tta_bn
tta_bn,perf_4_plus_3_on_stripe,client_4,1,client_3,stripe,50,50,0.8855,0.391,0.93,0.86,0.83,0.92,0.92,0.84,-0.010000000000000009,0.09000000000000008,-0.020000000000000018,-0.08000000000000007,2.6041978625172744e-05,1.6407954398157932e-06,2.7682774064988536e-05,/Users/deepakkanneganti/Documents/TTA-Composition/Service-level TTA Model/TTA techniques/artifacts_tta_bn/client_3_stripe_tta_bn
tta_bn,perf_0_1_plus_3_on_stripe,"client_0,client_1",2,client_3,stripe,50,50,0.8855,0.391,0.94,0.88,0.81,0.92,0.92,0.86,-0.019999999999999907,0.10999999999999999,-0.020000000000000018,-0.06000000000000005,0.00011700042788472369,1.3181752042342982e-06,0.00011831860308895799,/Users/deepakkanneganti/Documents/TTA-Composition/Service-level TTA Model/TTA techniques/artifacts_tta_bn/client_3_stripe_tta_bn
tta_bn,perf_0_2_plus_3_on_stripe,"client_0,client_2",2,client_3,stripe,50,50,0.8855,0.391,0.94,0.88,0.83,0.92,0.95,0.9,0.010000000000000009,0.12,0.020000000000000018,-0.020000000000000018,9.571765026945278e-05,1.401773683474132e-06,9.711942395292691e-05,/Users/deepakkanneganti/Documents/TTA-Composition/Service-level TTA Model/TTA techniques/artifacts_tta_bn/client_3_stripe_tta_bn
tta_bn,perf_0_4_plus_3_on_stripe,"client_0,client_4",2,client_3,stripe,50,50,0.8855,0.391,0.94,0.88,0.82,0.92,0.93,0.86,-0.009999999999999898,0.1100000000000001,-0.020000000000000018,-0.06000000000000005,0.00010479589736835736,1.6622879791820762e-06,0.00010645818534753943,/Users/deepakkanneganti/Documents/TTA-Composition/Service-level TTA Model/TTA techniques/artifacts_tta_bn/client_3_stripe_tta_bn
tta_bn,perf_1_2_plus_3_on_stripe,"client_1,client_2",2,client_3,stripe,50,50,0.8855,0.391,0.94,0.88,0.81,0.92,0.94,0.88,0.0,0.1299999999999999,0.0,-0.040000000000000036,0.00010318689937957428,1.1438546029181948e-06,0.00010433075398249247,/Users/deepakkanneganti/Documents/TTA-Composition/Service-level TTA Model/TTA techniques/artifacts_tta_bn/client_3_stripe_tta_bn
tta_bn,perf_1_4_plus_3_on_stripe,"client_1,client_4",2,client_3,stripe,50,50,0.8855,0.391,0.94,0.88,0.82,0.92,0.91,0.84,-0.029999999999999916,0.09000000000000008,-0.040000000000000036,-0.08000000000000007,0.00010972851309463825,1.4567300847958574e-06,0.00011118524317943411,/Users/deepakkanneganti/Documents/TTA-Composition/Service-level TTA Model/TTA techniques/artifacts_tta_bn/client_3_stripe_tta_bn
tta_bn,perf_2_4_plus_3_on_stripe,"client_2,client_4",2,client_3,stripe,50,50,0.8855,0.391,0.93,0.86,0.83,0.92,0.94,0.88,0.009999999999999898,0.10999999999999999,0.020000000000000018,-0.040000000000000036,9.427796089954778e-05,1.5343830785980054e-06,9.581234397814578e-05,/Users/deepakkanneganti/Documents/TTA-Composition/Service-level TTA Model/TTA techniques/artifacts_tta_bn/client_3_stripe_tta_bn
tta_bn,perf_0_1_2_plus_3_on_stripe,"client_0,client_1,client_2",3,client_3,stripe,50,50,0.8855,0.391,0.94,0.88,0.82,0.92,0.95,0.9,0.010000000000000009,0.13,0.020000000000000018,-0.020000000000000018,0.00017540321839343395,1.322146161304453e-06,0.00017672536455473842,/Users/deepakkanneganti/Documents/TTA-Composition/Service-level TTA Model/TTA techniques/artifacts_tta_bn/client_3_stripe_tta_bn
tta_bn,perf_0_1_4_plus_3_on_stripe,"client_0,client_1,client_4",3,client_3,stripe,50,50,0.8855,0.391,0.94,0.88,0.82,0.92,0.92,0.86,-0.019999999999999907,0.10000000000000009,-0.020000000000000018,-0.06000000000000005,0.00017793403703148908,1.5220955016733417e-06,0.0001794561325331624,/Users/deepakkanneganti/Documents/TTA-Composition/Service-level TTA Model/TTA techniques/artifacts_tta_bn/client_3_stripe_tta_bn
tta_bn,perf_0_2_4_plus_3_on_stripe,"client_0,client_2,client_4",3,client_3,stripe,50,50,0.8855,0.391,0.94,0.88,0.83,0.92,0.95,0.9,0.010000000000000009,0.12,0.020000000000000018,-0.020000000000000018,0.0001665706368959026,1.5844851664670961e-06,0.0001681551220623697,/Users/deepakkanneganti/Documents/TTA-Composition/Service-level TTA Model/TTA techniques/artifacts_tta_bn/client_3_stripe_tta_bn
tta_bn,perf_1_2_4_plus_3_on_stripe,"client_1,client_2,client_4",3,client_3,stripe,50,50,0.8855,0.391,0.94,0.88,0.83,0.92,0.93,0.88,-0.009999999999999898,0.10000000000000009,0.0,-0.040000000000000036,0.00017155404471081348,1.4155272509799972e-06,0.00017296957196179347,/Users/deepakkanneganti/Documents/TTA-Composition/Service-level TTA Model/TTA techniques/artifacts_tta_bn/client_3_stripe_tta_bn
tta_bn,perf_0_1_2_4_plus_3_on_stripe,"client_0,client_1,client_2,client_4",4,client_3,stripe,50,50,0.8855,0.391,0.94,0.88,0.82,0.92,0.95,0.9,0.010000000000000009,0.13,0.020000000000000018,-0.020000000000000018,0.00022556684760611031,1.4820767181505442e-06,0.00022704892432426086,/Users/deepakkanneganti/Documents/TTA-Composition/Service-level TTA Model/TTA techniques/artifacts_tta_bn/client_3_stripe_tta_bn
tta_bn,perf_0_plus_3_on_zigzag,client_0,1,client_3,zigzag,50,50,0.8483,0.8701,0.9,0.8,0.92,0.84,0.89,0.78,-0.010000000000000009,-0.030000000000000027,-0.020000000000000018,-0.05999999999999994,2.9095285933283444e-05,0.010404960267265374,0.010434055553198658,/Users/deepakkanneganti/Documents/TTA-Composition/Service-level TTA Model/TTA techniques/artifacts_tta_bn/client_3_zigzag_tta_bn
tta_bn,perf_1_plus_3_on_zigzag,client_1,1,client_3,zigzag,50,50,0.8483,0.8701,0.91,0.82,0.91,0.82,0.91,0.84,0.0,0.0,0.020000000000000018,0.020000000000000018,3.5808911043040873e-05,0.009696307675639745,0.009732116586682786,/Users/deepakkanneganti/Documents/TTA-Composition/Service-level TTA Model/TTA techniques/artifacts_tta_bn/client_3_zigzag_tta_bn
tta_bn,perf_2_plus_3_on_zigzag,client_2,1,client_3,zigzag,50,50,0.8483,0.8701,0.9,0.8,0.91,0.82,0.89,0.78,-0.010000000000000009,-0.020000000000000018,-0.020000000000000018,-0.039999999999999925,1.718796481322614e-05,0.0164791390985235,0.016496327063336726,/Users/deepakkanneganti/Documents/TTA-Composition/Service-level TTA Model/TTA techniques/artifacts_tta_bn/client_3_zigzag_tta_bn
tta_bn,perf_4_plus_3_on_zigzag,client_4,1,client_3,zigzag,50,50,0.8483,0.8701,0.89,0.78,0.92,0.84,0.88,0.76,-0.010000000000000009,-0.040000000000000036,-0.020000000000000018,-0.07999999999999996,2.6041978625172744e-05,0.012653792928875607,0.01267983490750078,/Users/deepakkanneganti/Documents/TTA-Composition/Service-level TTA Model/TTA techniques/artifacts_tta_bn/client_3_zigzag_tta_bn
tta_bn,perf_0_1_plus_3_on_zigzag,"client_0,client_1",2,client_3,zigzag,50,50,0.8483,0.8701,0.91,0.82,0.92,0.84,0.9,0.82,-0.010000000000000009,-0.020000000000000018,0.0,-0.020000000000000018,0.00011700042788472369,0.013298911374668695,0.013415911802553419,/Users/deepakkanneganti/Documents/TTA-Composition/Service-level TTA Model/TTA techniques/artifacts_tta_bn/client_3_zigzag_tta_bn
tta_bn,perf_0_2_plus_3_on_zigzag,"client_0,client_2",2,client_3,zigzag,50,50,0.8483,0.8701,0.9,0.8,0.91,0.82,0.89,0.78,-0.010000000000000009,-0.020000000000000018,-0.020000000000000018,-0.039999999999999925,9.571765026945278e-05,0.018392769108032777,0.01848848675830223,/Users/deepakkanneganti/Documents/TTA-Composition/Service-level TTA Model/TTA techniques/artifacts_tta_bn/client_3_zigzag_tta_bn
tta_bn,perf_0_4_plus_3_on_zigzag,"client_0,client_4",2,client_3,zigzag,50,50,0.8483,0.8701,0.89,0.78,0.92,0.84,0.92,0.84,0.030000000000000027,0.0,0.05999999999999994,0.0,0.00010479589736835736,0.014907945747048658,0.015012741644417016,/Users/deepakkanneganti/Documents/TTA-Composition/Service-level TTA Model/TTA techniques/artifacts_tta_bn/client_3_zigzag_tta_bn
tta_bn,perf_1_2_plus_3_on_zigzag,"client_1,client_2",2,client_3,zigzag,50,50,0.8483,0.8701,0.9,0.8,0.91,0.82,0.9,0.8,0.0,-0.010000000000000009,0.0,-0.019999999999999907,0.00010318689937957428,0.01561228164821491,0.015715468547594483,/Users/deepakkanneganti/Documents/TTA-Composition/Service-level TTA Model/TTA techniques/artifacts_tta_bn/client_3_zigzag_tta_bn
tta_bn,perf_1_4_plus_3_on_zigzag,"client_1,client_4",2,client_3,zigzag,50,50,0.8483,0.8701,0.9,0.8,0.92,0.84,0.91,0.84,0.010000000000000009,-0.010000000000000009,0.039999999999999925,0.0,0.00010972851309463825,0.016078657141330194,0.016188385654424833,/Users/deepakkanneganti/Documents/TTA-Composition/Service-level TTA Model/TTA techniques/artifacts_tta_bn/client_3_zigzag_tta_bn
tta_bn,perf_2_4_plus_3_on_zigzag,"client_2,client_4",2,client_3,zigzag,50,50,0.8483,0.8701,0.91,0.82,0.92,0.84,0.89,0.78,-0.020000000000000018,-0.030000000000000027,-0.039999999999999925,-0.05999999999999994,9.427796089954778e-05,0.021812826331305844,0.021907104292205392,/Users/deepakkanneganti/Documents/TTA-Composition/Service-level TTA Model/TTA techniques/artifacts_tta_bn/client_3_zigzag_tta_bn
tta_bn,perf_0_1_2_plus_3_on_zigzag,"client_0,client_1,client_2",3,client_3,zigzag,50,50,0.8483,0.8701,0.9,0.8,0.91,0.82,0.91,0.82,0.010000000000000009,0.0,0.019999999999999907,0.0,0.00017540321839343395,0.017202728851425615,0.017378132069819047,/Users/deepakkanneganti/Documents/TTA-Composition/Service-level TTA Model/TTA techniques/artifacts_tta_bn/client_3_zigzag_tta_bn
tta_bn,perf_0_1_4_plus_3_on_zigzag,"client_0,client_1,client_4",3,client_3,zigzag,50,50,0.8483,0.8701,0.91,0.82,0.92,0.84,0.91,0.84,0.0,-0.010000000000000009,0.020000000000000018,0.0,0.00017793403703148908,0.016363490256743954,0.016541424293775444,/Users/deepakkanneganti/Documents/TTA-Composition/Service-level TTA Model/TTA techniques/artifacts_tta_bn/client_3_zigzag_tta_bn
tta_bn,perf_0_2_4_plus_3_on_zigzag,"client_0,client_2,client_4",3,client_3,zigzag,50,50,0.8483,0.8701,0.9,0.8,0.92,0.84,0.9,0.8,0.0,-0.020000000000000018,0.0,-0.039999999999999925,0.0001665706368959026,0.02039230226465548,0.02055887290155138,/Users/deepakkanneganti/Documents/TTA-Composition/Service-level TTA Model/TTA techniques/artifacts_tta_bn/client_3_zigzag_tta_bn
tta_bn,perf_1_2_4_plus_3_on_zigzag,"client_1,client_2,client_4",3,client_3,zigzag,50,50,0.8483,0.8701,0.9,0.8,0.92,0.84,0.9,0.82,0.0,-0.020000000000000018,0.019999999999999907,-0.020000000000000018,0.00017155404471081348,0.01977059483002544,0.019942148874736252,/Users/deepakkanneganti/Documents/TTA-Composition/Service-level TTA Model/TTA techniques/artifacts_tta_bn/client_3_zigzag_tta_bn
tta_bn,perf_0_1_2_4_plus_3_on_zigzag,"client_0,client_1,client_2,client_4",4,client_3,zigzag,50,50,0.8483,0.8701,0.9,0.8,0.92,0.84,0.91,0.82,0.010000000000000009,-0.010000000000000009,0.019999999999999907,-0.020000000000000018,0.00022556684760611031,0.019395409665963415,0.019620976513569525,/Users/deepakkanneganti/Documents/TTA-Composition/Service-level TTA Model/TTA techniques/artifacts_tta_bn/client_3_zigzag_tta_bn
tta_bn,perf_0_plus_4_on_brightness,client_0,1,client_4,brightness,50,50,0.4112,0.6782,0.67,0.34,0.88,0.98,0.62,0.24,-0.050000000000000044,-0.26,-0.10000000000000003,-0.74,3.517293562926736e-05,1.482526234574255e-06,3.665546186384162e-05,/Users/deepakkanneganti/Documents/TTA-Composition/Service-level TTA Model/TTA techniques/artifacts_tta_bn/client_4_brightness_tta_bn
tta_bn,perf_1_plus_4_on_brightness,client_1,1,client_4,brightness,50,50,0.4112,0.6782,0.68,0.38,0.84,0.96,0.67,0.36,-0.010000000000000009,-0.16999999999999993,-0.020000000000000018,-0.6,4.552402718002308e-05,1.78170513174665e-06,4.7305732311769725e-05,/Users/deepakkanneganti/Documents/TTA-Composition/Service-level TTA Model/TTA techniques/artifacts_tta_bn/client_4_brightness_tta_bn
tta_bn,perf_2_plus_4_on_brightness,client_2,1,client_4,brightness,50,50,0.4112,0.6782,0.66,0.32,0.87,0.96,0.61,0.22,-0.050000000000000044,-0.26,-0.1,-0.74,1.7546562480111453e-05,1.175375115067779e-06,1.8721937595179233e-05,/Users/deepakkanneganti/Documents/TTA-Composition/Service-level TTA Model/TTA techniques/artifacts_tta_bn/client_4_brightness_tta_bn
tta_bn,perf_3_plus_4_on_brightness,client_3,1,client_4,brightness,50,50,0.4112,0.6782,0.63,0.26,0.85,0.96,0.56,0.12,-0.06999999999999995,-0.2899999999999999,-0.14,-0.84,2.6041978625172744e-05,1.5790863093102453e-06,2.7621064934482987e-05,/Users/deepakkanneganti/Documents/TTA-Composition/Service-level TTA Model/TTA techniques/artifacts_tta_bn/client_4_brightness_tta_bn
tta_bn,perf_0_1_plus_4_on_brightness,"client_0,client_1",2,client_4,brightness,50,50,0.4112,0.6782,0.66,0.34,0.86,0.96,0.66,0.34,0.0,-0.19999999999999996,0.0,-0.6199999999999999,0.00014961526180735257,1.7869190188917852e-06,0.00015140218082624436,/Users/deepakkanneganti/Documents/TTA-Composition/Service-level TTA Model/TTA techniques/artifacts_tta_bn/client_4_brightness_tta_bn
tta_bn,perf_0_2_plus_4_on_brightness,"client_0,client_2",2,client_4,brightness,50,50,0.4112,0.6782,0.64,0.28,0.88,0.96,0.62,0.24,-0.020000000000000018,-0.26,-0.040000000000000036,-0.72,0.00010782179034040309,1.4700383407561186e-06,0.00010929182868115921,/Users/deepakkanneganti/Documents/TTA-Composition/Service-level TTA Model/TTA techniques/artifacts_tta_bn/client_4_brightness_tta_bn
tta_bn,perf_0_3_plus_4_on_brightness,"client_0,client_3",2,client_4,brightness,50,50,0.4112,0.6782,0.62,0.24,0.9,0.96,0.6,0.2,-0.020000000000000018,-0.30000000000000004,-0.03999999999999998,-0.76,0.00012323935755005256,1.6782214773231392e-06,0.00012491757902737569,/Users/deepakkanneganti/Documents/TTA-Composition/Service-level TTA Model/TTA techniques/artifacts_tta_bn/client_4_brightness_tta_bn
tta_bn,perf_1_2_plus_4_on_brightness,"client_1,client_2",2,client_4,brightness,50,50,0.4112,0.6782,0.66,0.34,0.87,0.96,0.64,0.28,-0.020000000000000018,-0.22999999999999998,-0.06,-0.6799999999999999,0.00011937844897474902,1.5502033490757279e-06,0.00012092865232382475,/Users/deepakkanneganti/Documents/TTA-Composition/Service-level TTA Model/TTA techniques/artifacts_tta_bn/client_4_brightness_tta_bn
tta_bn,perf_1_3_plus_4_on_brightness,"client_1,client_3",2,client_4,brightness,50,50,0.4112,0.6782,0.66,0.32,0.86,0.96,0.63,0.26,-0.030000000000000027,-0.22999999999999998,-0.06,-0.7,0.00013428972401116545,1.8667995329999477e-06,0.0001361565235441654,/Users/deepakkanneganti/Documents/TTA-Composition/Service-level TTA Model/TTA techniques/artifacts_tta_bn/client_4_brightness_tta_bn
tta_bn,perf_2_3_plus_4_on_brightness,"client_2,client_3",2,client_4,brightness,50,50,0.4112,0.6782,0.63,0.26,0.88,0.94,0.59,0.18,-0.040000000000000036,-0.29000000000000004,-0.08000000000000002,-0.76,9.602235259805241e-05,1.4952114878406291e-06,9.751756408589303e-05,/Users/deepakkanneganti/Documents/TTA-Composition/Service-level TTA Model/TTA techniques/artifacts_tta_bn/client_4_brightness_tta_bn
tta_bn,perf_0_1_2_plus_4_on_brightness,"client_0,client_1,client_2",3,client_4,brightness,50,50,0.4112,0.6782,0.66,0.32,0.87,0.96,0.64,0.28,-0.020000000000000018,-0.22999999999999998,-0.03999999999999998,-0.6799999999999999,0.00020996354414043786,1.6460113747866481e-06,0.0002116095555152245,/Users/deepakkanneganti/Documents/TTA-Composition/Service-level TTA Model/TTA techniques/artifacts_tta_bn/client_4_brightness_tta_bn
tta_bn,perf_0_1_3_plus_4_on_brightness,"client_0,client_1,client_3",3,client_4,brightness,50,50,0.4112,0.6782,0.66,0.32,0.88,0.96,0.64,0.28,-0.020000000000000018,-0.24,-0.03999999999999998,-0.6799999999999999,0.00022374294452172063,1.8348960548879356e-06,0.00022557784057660856,/Users/deepakkanneganti/Documents/TTA-Composition/Service-level TTA Model/TTA techniques/artifacts_tta_bn/client_4_brightness_tta_bn
tta_bn,perf_0_2_3_plus_4_on_brightness,"client_0,client_2,client_3",3,client_4,brightness,50,50,0.4112,0.6782,0.62,0.24,0.89,0.94,0.6,0.2,-0.020000000000000018,-0.29000000000000004,-0.03999999999999998,-0.74,0.00018641426190008136,1.59656071658324e-06,0.0001880108226166646,/Users/deepakkanneganti/Documents/TTA-Composition/Service-level TTA Model/TTA techniques/artifacts_tta_bn/client_4_brightness_tta_bn
tta_bn,perf_1_2_3_plus_4_on_brightness,"client_1,client_2,client_3",3,client_4,brightness,50,50,0.4112,0.6782,0.64,0.28,0.87,0.94,0.62,0.24,-0.020000000000000018,-0.25,-0.040000000000000036,-0.7,0.00019677051389587272,1.6790186467529473e-06,0.00019844953254262568,/Users/deepakkanneganti/Documents/TTA-Composition/Service-level TTA Model/TTA techniques/artifacts_tta_bn/client_4_brightness_tta_bn
tta_bn,perf_0_1_2_3_plus_4_on_brightness,"client_0,client_1,client_2,client_3",4,client_4,brightness,50,50,0.4112,0.6782,0.64,0.28,0.88,0.94,0.62,0.24,-0.020000000000000018,-0.26,-0.040000000000000036,-0.7,0.00026833851716167,1.713615935205809e-06,0.0002700521330968758,/Users/deepakkanneganti/Documents/TTA-Composition/Service-level TTA Model/TTA techniques/artifacts_tta_bn/client_4_brightness_tta_bn
tta_bn,perf_0_plus_4_on_glass_blur,client_0,1,client_4,glass_blur,50,50,0.7814,0.7601,0.93,0.86,0.94,0.88,0.92,0.84,-0.010000000000000009,-0.019999999999999907,-0.020000000000000018,-0.040000000000000036,3.517293562926736e-05,0.002477366208639742,0.0025125391442690093,/Users/deepakkanneganti/Documents/TTA-Composition/Service-level TTA Model/TTA techniques/artifacts_tta_bn/client_4_glass_blur_tta_bn
tta_bn,perf_1_plus_4_on_glass_blur,client_1,1,client_4,glass_blur,50,50,0.7814,0.7601,0.9,0.82,0.93,0.88,0.9,0.82,0.0,-0.030000000000000027,0.0,-0.06000000000000005,4.552402718002308e-05,0.002077765657418474,0.002123289684598497,/Users/deepakkanneganti/Documents/TTA-Composition/Service-level TTA Model/TTA techniques/artifacts_tta_bn/client_4_glass_blur_tta_bn
tta_bn,perf_2_plus_4_on_glass_blur,client_2,1,client_4,glass_blur,50,50,0.7814,0.7601,0.92,0.84,0.94,0.88,0.9,0.8,-0.020000000000000018,-0.039999999999999925,-0.039999999999999925,-0.07999999999999996,1.7546562480111453e-05,0.001134913687526372,0.0011524602500064835,/Users/deepakkanneganti/Documents/TTA-Composition/Service-level TTA Model/TTA techniques/artifacts_tta_bn/client_4_glass_blur_tta_bn
tta_bn,perf_3_plus_4_on_glass_blur,client_3,1,client_4,glass_blur,50,50,0.7814,0.7601,0.93,0.86,0.95,0.9,0.91,0.82,-0.020000000000000018,-0.039999999999999925,-0.040000000000000036,-0.08000000000000007,2.6041978625172744e-05,0.0016838088207867987,0.0017098507994119715,/Users/deepakkanneganti/Documents/TTA-Composition/Service-level TTA Model/TTA techniques/artifacts_tta_bn/client_4_glass_blur_tta_bn
tta_bn,perf_0_1_plus_4_on_glass_blur,"client_0,client_1",2,client_4,glass_blur,50,50,0.7814,0.7601,0.91,0.84,0.94,0.88,0.91,0.84,0.0,-0.029999999999999916,0.0,-0.040000000000000036,0.00014961526180735257,0.0027993492837060496,0.002948964545513402,/Users/deepakkanneganti/Documents/TTA-Composition/Service-level TTA Model/TTA techniques/artifacts_tta_bn/client_4_glass_blur_tta_bn
tta_bn,perf_0_2_plus_4_on_glass_blur,"client_0,client_2",2,client_4,glass_blur,50,50,0.7814,0.7601,0.92,0.84,0.94,0.88,0.92,0.84,0.0,-0.019999999999999907,0.0,-0.040000000000000036,0.00010782179034040309,0.0020888337999936052,0.0021966555903340083,/Users/deepakkanneganti/Documents/TTA-Composition/Service-level TTA Model/TTA techniques/artifacts_tta_bn/client_4_glass_blur_tta_bn
tta_bn,perf_0_3_plus_4_on_glass_blur,"client_0,client_3",2,client_4,glass_blur,50,50,0.7814,0.7601,0.93,0.86,0.94,0.88,0.93,0.86,0.0,-0.009999999999999898,0.0,-0.020000000000000018,0.00012323935755005256,0.002492308087040401,0.0026155474445904536,/Users/deepakkanneganti/Documents/TTA-Composition/Service-level TTA Model/TTA techniques/artifacts_tta_bn/client_4_glass_blur_tta_bn
tta_bn,perf_1_2_plus_4_on_glass_blur,"client_1,client_2",2,client_4,glass_blur,50,50,0.7814,0.7601,0.91,0.84,0.94,0.88,0.93,0.86,0.020000000000000018,-0.009999999999999898,0.020000000000000018,-0.020000000000000018,0.00011937844897474902,0.0017665235519345641,0.001885902000909313,/Users/deepakkanneganti/Documents/TTA-Composition/Service-level TTA Model/TTA techniques/artifacts_tta_bn/client_4_glass_blur_tta_bn
tta_bn,perf_1_3_plus_4_on_glass_blur,"client_1,client_3",2,client_4,glass_blur,50,50,0.7814,0.7601,0.94,0.88,0.94,0.88,0.94,0.88,0.0,0.0,0.0,0.0,0.00013428972401116545,0.0023513999312095727,0.002485689655220738,/Users/deepakkanneganti/Documents/TTA-Composition/Service-level TTA Model/TTA techniques/artifacts_tta_bn/client_4_glass_blur_tta_bn
tta_bn,perf_2_3_plus_4_on_glass_blur,"client_2,client_3",2,client_4,glass_blur,50,50,0.7814,0.7601,0.93,0.86,0.94,0.88,0.92,0.84,-0.010000000000000009,-0.019999999999999907,-0.020000000000000018,-0.040000000000000036,9.602235259805241e-05,0.0016741338662915749,0.0017701562188896273,/Users/deepakkanneganti/Documents/TTA-Composition/Service-level TTA Model/TTA techniques/artifacts_tta_bn/client_4_glass_blur_tta_bn
tta_bn,perf_0_1_2_plus_4_on_glass_blur,"client_0,client_1,client_2",3,client_4,glass_blur,50,50,0.7814,0.7601,0.92,0.84,0.94,0.88,0.91,0.82,-0.010000000000000009,-0.029999999999999916,-0.020000000000000018,-0.06000000000000005,0.00020996354414043786,0.0023211927971256304,0.002531156341266068,/Users/deepakkanneganti/Documents/TTA-Composition/Service-level TTA Model/TTA techniques/artifacts_tta_bn/client_4_glass_blur_tta_bn
tta_bn,perf_0_1_3_plus_4_on_glass_blur,"client_0,client_1,client_3",3,client_4,glass_blur,50,50,0.7814,0.7601,0.94,0.88,0.94,0.88,0.94,0.88,0.0,0.0,0.0,0.0,0.00022374294452172063,0.0027325165290240454,0.002956259473545766,/Users/deepakkanneganti/Documents/TTA-Composition/Service-level TTA Model/TTA techniques/artifacts_tta_bn/client_4_glass_blur_tta_bn
tta_bn,perf_0_2_3_plus_4_on_glass_blur,"client_0,client_2,client_3",3,client_4,glass_blur,50,50,0.7814,0.7601,0.93,0.86,0.94,0.88,0.94,0.88,0.009999999999999898,0.0,0.020000000000000018,0.0,0.00018641426190008136,0.0022053501939062444,0.0023917644558063256,/Users/deepakkanneganti/Documents/TTA-Composition/Service-level TTA Model/TTA techniques/artifacts_tta_bn/client_4_glass_blur_tta_bn
tta_bn,perf_1_2_3_plus_4_on_glass_blur,"client_1,client_2,client_3",3,client_4,glass_blur,50,50,0.7814,0.7601,0.93,0.86,0.94,0.88,0.93,0.86,0.0,-0.009999999999999898,0.0,-0.020000000000000018,0.00019677051389587272,0.00203247706280178,0.0022292475766976525,/Users/deepakkanneganti/Documents/TTA-Composition/Service-level TTA Model/TTA techniques/artifacts_tta_bn/client_4_glass_blur_tta_bn
tta_bn,perf_0_1_2_3_plus_4_on_glass_blur,"client_0,client_1,client_2,client_3",4,client_4,glass_blur,50,50,0.7814,0.7601,0.93,0.86,0.94,0.88,0.94,0.88,0.009999999999999898,0.0,0.020000000000000018,0.0,0.00026833851716167,0.0023884190027590726,0.002656757519920743,/Users/deepakkanneganti/Documents/TTA-Composition/Service-level TTA Model/TTA techniques/artifacts_tta_bn/client_4_glass_blur_tta_bn
tta_bn,perf_0_plus_4_on_stripe,client_0,1,client_4,stripe,50,50,0.8682,0.5213,0.93,0.86,0.82,0.9,0.91,0.82,-0.020000000000000018,0.09000000000000008,-0.040000000000000036,-0.08000000000000007,3.517293562926736e-05,5.956082849923998e-07,3.576854391425976e-05,/Users/deepakkanneganti/Documents/TTA-Composition/Service-level TTA Model/TTA techniques/artifacts_tta_bn/client_4_stripe_tta_bn
tta_bn,perf_1_plus_4_on_stripe,client_1,1,client_4,stripe,50,50,0.8682,0.5213,0.91,0.84,0.81,0.92,0.94,0.9,0.029999999999999916,0.1299999999999999,0.06000000000000005,-0.020000000000000018,4.552402718002308e-05,3.784300009007781e-07,4.590245718092386e-05,/Users/deepakkanneganti/Documents/TTA-Composition/Service-level TTA Model/TTA techniques/artifacts_tta_bn/client_4_stripe_tta_bn
tta_bn,perf_2_plus_4_on_stripe,client_2,1,client_4,stripe,50,50,0.8682,0.5213,0.94,0.88,0.86,0.92,0.93,0.86,-0.009999999999999898,0.07000000000000006,-0.020000000000000018,-0.06000000000000005,1.7546562480111453e-05,4.3248324513599435e-07,1.7979045725247446e-05,/Users/deepakkanneganti/Documents/TTA-Composition/Service-level TTA Model/TTA techniques/artifacts_tta_bn/client_4_stripe_tta_bn
tta_bn,perf_3_plus_4_on_stripe,client_3,1,client_4,stripe,50,50,0.8682,0.5213,0.93,0.86,0.84,0.92,0.95,0.9,0.019999999999999907,0.10999999999999999,0.040000000000000036,-0.020000000000000018,2.6041978625172744e-05,9.032686788613437e-07,2.6945247304034087e-05,/Users/deepakkanneganti/Documents/TTA-Composition/Service-level TTA Model/TTA techniques/artifacts_tta_bn/client_4_stripe_tta_bn
tta_bn,perf_0_1_plus_4_on_stripe,"client_0,client_1",2,client_4,stripe,50,50,0.8682,0.5213,0.92,0.86,0.82,0.92,0.92,0.86,0.0,0.10000000000000009,0.0,-0.06000000000000005,0.00014961526180735257,5.170250743358129e-07,0.00015013228688168839,/Users/deepakkanneganti/Documents/TTA-Composition/Service-level TTA Model/TTA techniques/artifacts_tta_bn/client_4_stripe_tta_bn
tta_bn,perf_0_2_plus_4_on_stripe,"client_0,client_2",2,client_4,stripe,50,50,0.8682,0.5213,0.95,0.9,0.86,0.92,0.95,0.9,0.0,0.08999999999999997,0.0,-0.020000000000000018,0.00010782179034040309,5.609402060455685e-07,0.00010838273054644866,/Users/deepakkanneganti/Documents/TTA-Composition/Service-level TTA Model/TTA techniques/artifacts_tta_bn/client_4_stripe_tta_bn
tta_bn,perf_0_3_plus_4_on_stripe,"client_0,client_3",2,client_4,stripe,50,50,0.8682,0.5213,0.94,0.88,0.84,0.92,0.94,0.88,0.0,0.09999999999999998,0.0,-0.040000000000000036,0.00012323935755005256,7.994218411374611e-07,0.00012403877939119002,/Users/deepakkanneganti/Documents/TTA-Composition/Service-level TTA Model/TTA techniques/artifacts_tta_bn/client_4_stripe_tta_bn
tta_bn,perf_1_2_plus_4_on_stripe,"client_1,client_2",2,client_4,stripe,50,50,0.8682,0.5213,0.93,0.88,0.83,0.92,0.94,0.88,0.009999999999999898,0.10999999999999999,0.0,-0.040000000000000036,0.00011937844897474902,4.313562684871876e-07,0.0001198098052432362,/Users/deepakkanneganti/Documents/TTA-Composition/Service-level TTA Model/TTA techniques/artifacts_tta_bn/client_4_stripe_tta_bn
tta_bn,perf_1_3_plus_4_on_stripe,"client_1,client_3",2,client_4,stripe,50,50,0.8682,0.5213,0.94,0.88,0.84,0.92,0.96,0.92,0.020000000000000018,0.12,0.040000000000000036,0.0,0.00013428972401116545,6.413772418448989e-07,0.00013493110125301034,/Users/deepakkanneganti/Documents/TTA-Composition/Service-level TTA Model/TTA techniques/artifacts_tta_bn/client_4_stripe_tta_bn
tta_bn,perf_2_3_plus_4_on_stripe,"client_2,client_3",2,client_4,stripe,50,50,0.8682,0.5213,0.93,0.86,0.85,0.92,0.93,0.86,0.0,0.08000000000000007,0.0,-0.06000000000000005,9.602235259805241e-05,6.797448504284518e-07,9.670209744848087e-05,/Users/deepakkanneganti/Documents/TTA-Composition/Service-level TTA Model/TTA techniques/artifacts_tta_bn/client_4_stripe_tta_bn
tta_bn,perf_0_1_2_plus_4_on_stripe,"client_0,client_1,client_2",3,client_4,stripe,50,50,0.8682,0.5213,0.95,0.9,0.83,0.92,0.95,0.9,0.0,0.12,0.0,-0.020000000000000018,0.00020996354414043786,5.141770514575193e-07,0.00021047772119189539,/Users/deepakkanneganti/Documents/TTA-Composition/Service-level TTA Model/TTA techniques/artifacts_tta_bn/client_4_stripe_tta_bn
tta_bn,perf_0_1_3_plus_4_on_stripe,"client_0,client_1,client_3",3,client_4,stripe,50,50,0.8682,0.5213,0.94,0.88,0.84,0.92,0.94,0.88,0.0,0.09999999999999998,0.0,-0.040000000000000036,0.00022374294452172063,6.615897120740563e-07,0.0002244045342337947,/Users/deepakkanneganti/Documents/TTA-Composition/Service-level TTA Model/TTA techniques/artifacts_tta_bn/client_4_stripe_tta_bn
tta_bn,perf_0_2_3_plus_4_on_stripe,"client_0,client_2,client_3",3,client_4,stripe,50,50,0.8682,0.5213,0.94,0.88,0.85,0.92,0.94,0.88,0.0,0.08999999999999997,0.0,-0.040000000000000036,0.00018641426190008136,6.936436156856844e-07,0.00018710790551576705,/Users/deepakkanneganti/Documents/TTA-Composition/Service-level TTA Model/TTA techniques/artifacts_tta_bn/client_4_stripe_tta_bn
tta_bn,perf_1_2_3_plus_4_on_stripe,"client_1,client_2,client_3",3,client_4,stripe,50,50,0.8682,0.5213,0.94,0.88,0.84,0.92,0.94,0.88,0.0,0.09999999999999998,0.0,-0.040000000000000036,0.00019677051389587272,5.883964552935396e-07,0.00019735891035116627,/Users/deepakkanneganti/Documents/TTA-Composition/Service-level TTA Model/TTA techniques/artifacts_tta_bn/client_4_stripe_tta_bn
tta_bn,perf_0_1_2_3_plus_4_on_stripe,"client_0,client_1,client_2,client_3",4,client_4,stripe,50,50,0.8682,0.5213,0.94,0.88,0.84,0.92,0.94,0.88,0.0,0.09999999999999998,0.0,-0.040000000000000036,0.00026833851716167,6.19184007481869e-07,0.0002689577011691519,/Users/deepakkanneganti/Documents/TTA-Composition/Service-level TTA Model/TTA techniques/artifacts_tta_bn/client_4_stripe_tta_bn
tta_bn,perf_0_plus_4_on_zigzag,client_0,1,client_4,zigzag,50,50,0.8118,0.7865,0.9,0.8,0.91,0.82,0.89,0.78,-0.010000000000000009,-0.020000000000000018,-0.020000000000000018,-0.039999999999999925,3.517293562926736e-05,0.002479584988307108,0.002514757923936375,/Users/deepakkanneganti/Documents/TTA-Composition/Service-level TTA Model/TTA techniques/artifacts_tta_bn/client_4_zigzag_tta_bn
tta_bn,perf_1_plus_4_on_zigzag,client_1,1,client_4,zigzag,50,50,0.8118,0.7865,0.91,0.84,0.92,0.86,0.91,0.84,0.0,-0.010000000000000009,0.0,-0.020000000000000018,4.552402718002308e-05,0.0013800358714276758,0.001425559898607699,/Users/deepakkanneganti/Documents/TTA-Composition/Service-level TTA Model/TTA techniques/artifacts_tta_bn/client_4_zigzag_tta_bn
tta_bn,perf_2_plus_4_on_zigzag,client_2,1,client_4,zigzag,50,50,0.8118,0.7865,0.88,0.76,0.91,0.82,0.88,0.76,0.0,-0.030000000000000027,0.0,-0.05999999999999994,1.7546562480111453e-05,0.002160724841210002,0.0021782714036901133,/Users/deepakkanneganti/Documents/TTA-Composition/Service-level TTA Model/TTA techniques/artifacts_tta_bn/client_4_zigzag_tta_bn
tta_bn,perf_3_plus_4_on_zigzag,client_3,1,client_4,zigzag,50,50,0.8118,0.7865,0.89,0.78,0.92,0.84,0.88,0.76,-0.010000000000000009,-0.040000000000000036,-0.020000000000000018,-0.07999999999999996,2.6041978625172744e-05,0.0035619622758469613,0.003588004254472134,/Users/deepakkanneganti/Documents/TTA-Composition/Service-level TTA Model/TTA techniques/artifacts_tta_bn/client_4_zigzag_tta_bn
tta_bn,perf_0_1_plus_4_on_zigzag,"client_0,client_1",2,client_4,zigzag,50,50,0.8118,0.7865,0.91,0.84,0.92,0.84,0.9,0.82,-0.010000000000000009,-0.020000000000000018,-0.020000000000000018,-0.020000000000000018,0.00014961526180735257,0.0022522404846848257,0.0024018557464921785,/Users/deepakkanneganti/Documents/TTA-Composition/Service-level TTA Model/TTA techniques/artifacts_tta_bn/client_4_zigzag_tta_bn
tta_bn,perf_0_2_plus_4_on_zigzag,"client_0,client_2",2,client_4,zigzag,50,50,0.8118,0.7865,0.9,0.8,0.92,0.84,0.89,0.78,-0.010000000000000009,-0.030000000000000027,-0.020000000000000018,-0.05999999999999994,0.00010782179034040309,0.002955053634623624,0.003062875424964027,/Users/deepakkanneganti/Documents/TTA-Composition/Service-level TTA Model/TTA techniques/artifacts_tta_bn/client_4_zigzag_tta_bn
tta_bn,perf_0_3_plus_4_on_zigzag,"client_0,client_3",2,client_4,zigzag,50,50,0.8118,0.7865,0.89,0.78,0.92,0.84,0.9,0.8,0.010000000000000009,-0.020000000000000018,0.020000000000000018,-0.039999999999999925,0.00012323935755005256,0.0036759339674732145,0.0037991733250232673,/Users/deepakkanneganti/Documents/TTA-Composition/Service-level TTA Model/TTA techniques/artifacts_tta_bn/client_4_zigzag_tta_bn
tta_bn,perf_1_2_plus_4_on_zigzag,"client_1,client_2",2,client_4,zigzag,50,50,0.8118,0.7865,0.9,0.82,0.92,0.84,0.9,0.8,0.0,-0.020000000000000018,-0.019999999999999907,-0.039999999999999925,0.00011937844897474902,0.0019982450013637837,0.002117623450338533,/Users/deepakkanneganti/Documents/TTA-Composition/Service-level TTA Model/TTA techniques/artifacts_tta_bn/client_4_zigzag_tta_bn
tta_bn,perf_1_3_plus_4_on_zigzag,"client_1,client_3",2,client_4,zigzag,50,50,0.8118,0.7865,0.9,0.8,0.92,0.84,0.91,0.82,0.010000000000000009,-0.010000000000000009,0.019999999999999907,-0.020000000000000018,0.00013428972401116545,0.002755610163221811,0.0028898998872329764,/Users/deepakkanneganti/Documents/TTA-Composition/Service-level TTA Model/TTA techniques/artifacts_tta_bn/client_4_zigzag_tta_bn
tta_bn,perf_2_3_plus_4_on_zigzag,"client_2,client_3",2,client_4,zigzag,50,50,0.8118,0.7865,0.91,0.82,0.92,0.84,0.9,0.8,-0.010000000000000009,-0.020000000000000018,-0.019999999999999907,-0.039999999999999925,9.602235259805241e-05,0.003431582901534836,0.0035276052541328884,/Users/deepakkanneganti/Documents/TTA-Composition/Service-level TTA Model/TTA techniques/artifacts_tta_bn/client_4_zigzag_tta_bn
tta_bn,perf_0_1_2_plus_4_on_zigzag,"client_0,client_1,client_2",3,client_4,zigzag,50,50,0.8118,0.7865,0.91,0.82,0.92,0.84,0.91,0.82,0.0,-0.010000000000000009,0.0,-0.020000000000000018,0.00020996354414043786,0.0025294012561778213,0.002739364800318259,/Users/deepakkanneganti/Documents/TTA-Composition/Service-level TTA Model/TTA techniques/artifacts_tta_bn/client_4_zigzag_tta_bn
tta_bn,perf_0_1_3_plus_4_on_zigzag,"client_0,client_1,client_3",3,client_4,zigzag,50,50,0.8118,0.7865,0.91,0.82,0.92,0.84,0.91,0.82,0.0,-0.010000000000000009,0.0,-0.020000000000000018,0.00022374294452172063,0.0030450383935757197,0.0032687813380974404,/Users/deepakkanneganti/Documents/TTA-Composition/Service-level TTA Model/TTA techniques/artifacts_tta_bn/client_4_zigzag_tta_bn
tta_bn,perf_0_2_3_plus_4_on_zigzag,"client_0,client_2,client_3",3,client_4,zigzag,50,50,0.8118,0.7865,0.9,0.8,0.92,0.84,0.9,0.8,0.0,-0.020000000000000018,0.0,-0.039999999999999925,0.00018641426190008136,0.003606621190066673,0.003793035451966754,/Users/deepakkanneganti/Documents/TTA-Composition/Service-level TTA Model/TTA techniques/artifacts_tta_bn/client_4_zigzag_tta_bn
tta_bn,perf_1_2_3_plus_4_on_zigzag,"client_1,client_2,client_3",3,client_4,zigzag,50,50,0.8118,0.7865,0.9,0.8,0.92,0.84,0.9,0.8,0.0,-0.020000000000000018,0.0,-0.039999999999999925,0.00019677051389587272,0.002839732080094066,0.003036502593989939,/Users/deepakkanneganti/Documents/TTA-Composition/Service-level TTA Model/TTA techniques/artifacts_tta_bn/client_4_zigzag_tta_bn
tta_bn,perf_0_1_2_3_plus_4_on_zigzag,"client_0,client_1,client_2,client_3",4,client_4,zigzag,50,50,0.8118,0.7865,0.9,0.8,0.92,0.84,0.9,0.8,0.0,-0.020000000000000018,0.0,-0.039999999999999925,0.00026833851716167,0.0030858404835070025,0.0033541790006686727,/Users/deepakkanneganti/Documents/TTA-Composition/Service-level TTA Model/TTA techniques/artifacts_tta_bn/client_4_zigzag_tta_bn
tta_memo,perf_1_plus_0_on_brightness,client_1,1,client_0,brightness,50,50,0.2268,0.9722,0.66,0.34,0.85,0.78,0.67,0.36,0.010000000000000009,-0.17999999999999994,0.019999999999999962,-0.42000000000000004,4.565767433438727e-05,0.00031429709012479885,0.0003599547644591861,/Users/deepakkanneganti/Documents/TTA-Composition/Service-level TTA Model/TTA techniques/artifacts_tta_memo/client_0_brightness_tta_memo
tta_memo,perf_2_plus_0_on_brightness,client_2,1,client_0,brightness,50,50,0.2268,0.9722,0.62,0.24,0.82,0.68,0.61,0.22,-0.010000000000000009,-0.20999999999999996,-0.01999999999999999,-0.4600000000000001,2.0772745795707638e-05,0.00035668132886087887,0.0003774540746565865,/Users/deepakkanneganti/Documents/TTA-Composition/Service-level TTA Model/TTA techniques/artifacts_tta_memo/client_0_brightness_tta_memo
tta_memo,perf_3_plus_0_on_brightness,client_3,1,client_0,brightness,50,50,0.2268,0.9722,0.6,0.2,0.76,0.54,0.56,0.12,-0.039999999999999925,-0.19999999999999996,-0.08000000000000002,-0.42000000000000004,2.9294380887798404e-05,0.00042691355585639895,0.0004562079367441974,/Users/deepakkanneganti/Documents/TTA-Composition/Service-level TTA Model/TTA techniques/artifacts_tta_memo/client_0_brightness_tta_memo
tta_memo,perf_4_plus_0_on_brightness,client_4,1,client_0,brightness,50,50,0.2268,0.9722,0.67,0.34,0.87,0.8,0.67,0.34,0.0,-0.19999999999999996,0.0,-0.46,3.5347349860760214e-05,0.0003408812637120372,0.00037622861357279743,/Users/deepakkanneganti/Documents/TTA-Composition/Service-level TTA Model/TTA techniques/artifacts_tta_memo/client_0_brightness_tta_memo
tta_memo,perf_1_2_plus_0_on_brightness,"client_1,client_2",2,client_0,brightness,50,50,0.2268,0.9722,0.64,0.28,0.85,0.76,0.64,0.28,0.0,-0.20999999999999996,0.0,-0.48,0.00013242517519836838,0.0003769874156327907,0.0005094125908311591,/Users/deepakkanneganti/Documents/TTA-Composition/Service-level TTA Model/TTA techniques/artifacts_tta_memo/client_0_brightness_tta_memo
tta_memo,perf_1_3_plus_0_on_brightness,"client_1,client_3",2,client_0,brightness,50,50,0.2268,0.9722,0.64,0.28,0.83,0.72,0.63,0.26,-0.010000000000000009,-0.19999999999999996,-0.020000000000000018,-0.45999999999999996,0.00014419798253003125,0.0004384911328446491,0.0005826891153746804,/Users/deepakkanneganti/Documents/TTA-Composition/Service-level TTA Model/TTA techniques/artifacts_tta_memo/client_0_brightness_tta_memo
tta_memo,perf_1_4_plus_0_on_brightness,"client_1,client_4",2,client_0,brightness,50,50,0.2268,0.9722,0.66,0.34,0.88,0.82,0.68,0.38,0.020000000000000018,-0.19999999999999996,0.03999999999999998,-0.43999999999999995,0.00015027781549454967,0.00040222997593748007,0.0005525077914320298,/Users/deepakkanneganti/Documents/TTA-Composition/Service-level TTA Model/TTA techniques/artifacts_tta_memo/client_0_brightness_tta_memo
tta_memo,perf_2_3_plus_0_on_brightness,"client_2,client_3",2,client_0,brightness,50,50,0.2268,0.9722,0.6,0.2,0.78,0.6,0.59,0.18,-0.010000000000000009,-0.19000000000000006,-0.020000000000000018,-0.42,0.00011351817163080212,0.00045887310222615576,0.0005723912738569578,/Users/deepakkanneganti/Documents/TTA-Composition/Service-level TTA Model/TTA techniques/artifacts_tta_memo/client_0_brightness_tta_memo
tta_memo,perf_2_4_plus_0_on_brightness,"client_2,client_4",2,client_0,brightness,50,50,0.2268,0.9722,0.64,0.28,0.87,0.78,0.66,0.32,0.020000000000000018,-0.20999999999999996,0.03999999999999998,-0.46,0.00012561809092535557,0.0004325805528589596,0.0005581986437843151,/Users/deepakkanneganti/Documents/TTA-Composition/Service-level TTA Model/TTA techniques/artifacts_tta_memo/client_0_brightness_tta_memo
tta_memo,perf_3_4_plus_0_on_brightness,"client_3,client_4",2,client_0,brightness,50,50,0.2268,0.9722,0.62,0.24,0.85,0.74,0.63,0.26,0.010000000000000009,-0.21999999999999997,0.020000000000000018,-0.48,0.00013679495730459213,0.00044626492660870923,0.0005830598839133014,/Users/deepakkanneganti/Documents/TTA-Composition/Service-level TTA Model/TTA techniques/artifacts_tta_memo/client_0_brightness_tta_memo
tta_memo,perf_1_2_3_plus_0_on_brightness,"client_1,client_2,client_3",3,client_0,brightness,50,50,0.2268,0.9722,0.62,0.24,0.84,0.72,0.62,0.24,0.0,-0.21999999999999997,0.0,-0.48,0.00022227516563105032,0.00044571968735439364,0.000667994852985444,/Users/deepakkanneganti/Documents/TTA-Composition/Service-level TTA Model/TTA techniques/artifacts_tta_memo/client_0_brightness_tta_memo
tta_memo,perf_1_2_4_plus_0_on_brightness,"client_1,client_2,client_4",3,client_0,brightness,50,50,0.2268,0.9722,0.66,0.32,0.85,0.76,0.66,0.34,0.0,-0.18999999999999995,0.020000000000000018,-0.42,0.0002318147932200159,0.00042855328811493293,0.0006603680813349488,/Users/deepakkanneganti/Documents/TTA-Composition/Service-level TTA Model/TTA techniques/artifacts_tta_memo/client_0_brightness_tta_memo
tta_memo,perf_1_3_4_plus_0_on_brightness,"client_1,client_3,client_4",3,client_0,brightness,50,50,0.2268,0.9722,0.66,0.32,0.84,0.74,0.66,0.32,0.0,-0.17999999999999994,0.0,-0.42,0.0002394264841822767,0.00045571450213056984,0.0006951409863128465,/Users/deepakkanneganti/Documents/TTA-Composition/Service-level TTA Model/TTA techniques/artifacts_tta_memo/client_0_brightness_tta_memo
tta_memo,perf_2_3_4_plus_0_on_brightness,"client_2,client_3,client_4",3,client_0,brightness,50,50,0.2268,0.9722,0.62,0.24,0.84,0.72,0.63,0.26,0.010000000000000009,-0.20999999999999996,0.020000000000000018,-0.45999999999999996,0.00021887034128255622,0.00047356081892206735,0.0006924311602046235,/Users/deepakkanneganti/Documents/TTA-Composition/Service-level TTA Model/TTA techniques/artifacts_tta_memo/client_0_brightness_tta_memo
tta_memo,perf_1_2_3_4_plus_0_on_brightness,"client_1,client_2,client_3,client_4",4,client_0,brightness,50,50,0.2268,0.9722,0.64,0.28,0.84,0.72,0.64,0.28,0.0,-0.19999999999999996,0.0,-0.43999999999999995,0.0003021922112574123,0.0004640663663727368,0.0007662585776301491,/Users/deepakkanneganti/Documents/TTA-Composition/Service-level TTA Model/TTA techniques/artifacts_tta_memo/client_0_brightness_tta_memo
tta_memo,perf_1_plus_0_on_glass_blur,client_1,1,client_0,glass_blur,50,50,0.7441,0.8281,0.91,0.84,0.92,0.86,0.9,0.82,-0.010000000000000009,-0.020000000000000018,-0.020000000000000018,-0.040000000000000036,4.5620941377556264e-05,0.006066442713472176,0.006112063654849733,/Users/deepakkanneganti/Documents/TTA-Composition/Service-level TTA Model/TTA techniques/artifacts_tta_memo/client_0_glass_blur_tta_memo
tta_memo,perf_2_plus_0_on_glass_blur,client_2,1,client_0,glass_blur,50,50,0.7441,0.8281,0.92,0.84,0.93,0.86,0.9,0.8,-0.020000000000000018,-0.030000000000000027,-0.039999999999999925,-0.05999999999999994,2.0747108204566848e-05,0.005206845385813275,0.005227592494017842,/Users/deepakkanneganti/Documents/TTA-Composition/Service-level TTA Model/TTA techniques/artifacts_tta_memo/client_0_glass_blur_tta_memo
tta_memo,perf_3_plus_0_on_glass_blur,client_3,1,client_0,glass_blur,50,50,0.7441,0.8281,0.93,0.86,0.92,0.84,0.91,0.82,-0.020000000000000018,-0.010000000000000009,-0.040000000000000036,-0.020000000000000018,2.9289659067942237e-05,0.0057638196873182525,0.005793109346386195,/Users/deepakkanneganti/Documents/TTA-Composition/Service-level TTA Model/TTA techniques/artifacts_tta_memo/client_0_glass_blur_tta_memo
tta_memo,perf_4_plus_0_on_glass_blur,client_4,1,client_0,glass_blur,50,50,0.7441,0.8281,0.93,0.86,0.93,0.86,0.92,0.84,-0.010000000000000009,-0.010000000000000009,-0.020000000000000018,-0.020000000000000018,3.5303860896832206e-05,0.006149010069254721,0.006184313930151553,/Users/deepakkanneganti/Documents/TTA-Composition/Service-level TTA Model/TTA techniques/artifacts_tta_memo/client_0_glass_blur_tta_memo
tta_memo,perf_1_2_plus_0_on_glass_blur,"client_1,client_2",2,client_0,glass_blur,50,50,0.7441,0.8281,0.91,0.82,0.93,0.86,0.93,0.86,0.020000000000000018,0.0,0.040000000000000036,0.0,0.00013226792517792487,0.006756237508477036,0.0068885054336549605,/Users/deepakkanneganti/Documents/TTA-Composition/Service-level TTA Model/TTA techniques/artifacts_tta_memo/client_0_glass_blur_tta_memo
tta_memo,perf_1_3_plus_0_on_glass_blur,"client_1,client_3",2,client_0,glass_blur,50,50,0.7441,0.8281,0.94,0.88,0.93,0.86,0.94,0.88,0.0,0.009999999999999898,0.0,0.020000000000000018,0.0001441212724028223,0.007846231658611251,0.007990352931014074,/Users/deepakkanneganti/Documents/TTA-Composition/Service-level TTA Model/TTA techniques/artifacts_tta_memo/client_0_glass_blur_tta_memo
tta_memo,perf_1_4_plus_0_on_glass_blur,"client_1,client_4",2,client_0,glass_blur,50,50,0.7441,0.8281,0.91,0.84,0.92,0.86,0.9,0.82,-0.010000000000000009,-0.020000000000000018,-0.020000000000000018,-0.040000000000000036,0.00015010224118056458,0.008489184022252622,0.008639286263433186,/Users/deepakkanneganti/Documents/TTA-Composition/Service-level TTA Model/TTA techniques/artifacts_tta_memo/client_0_glass_blur_tta_memo
tta_memo,perf_2_3_plus_0_on_glass_blur,"client_2,client_3",2,client_0,glass_blur,50,50,0.7441,0.8281,0.94,0.88,0.94,0.88,0.92,0.84,-0.019999999999999907,-0.019999999999999907,-0.040000000000000036,-0.040000000000000036,0.00011342457312929727,0.00701339227398998,0.007126816847119278,/Users/deepakkanneganti/Documents/TTA-Composition/Service-level TTA Model/TTA techniques/artifacts_tta_memo/client_0_glass_blur_tta_memo
tta_memo,perf_2_4_plus_0_on_glass_blur,"client_2,client_4",2,client_0,glass_blur,50,50,0.7441,0.8281,0.92,0.84,0.94,0.88,0.92,0.84,0.0,-0.019999999999999907,0.0,-0.040000000000000036,0.00012543615035906242,0.007916633310544915,0.008042069460903977,/Users/deepakkanneganti/Documents/TTA-Composition/Service-level TTA Model/TTA techniques/artifacts_tta_memo/client_0_glass_blur_tta_memo
tta_memo,perf_3_4_plus_0_on_glass_blur,"client_3,client_4",2,client_0,glass_blur,50,50,0.7441,0.8281,0.93,0.86,0.94,0.88,0.93,0.86,0.0,-0.009999999999999898,0.0,-0.020000000000000018,0.0001366849021699268,0.007600879020275092,0.007737563922445019,/Users/deepakkanneganti/Documents/TTA-Composition/Service-level TTA Model/TTA techniques/artifacts_tta_memo/client_0_glass_blur_tta_memo
tta_memo,perf_1_2_3_plus_0_on_glass_blur,"client_1,client_2,client_3",3,client_0,glass_blur,50,50,0.7441,0.8281,0.94,0.88,0.93,0.86,0.93,0.86,-0.009999999999999898,0.0,-0.020000000000000018,0.0,0.00022207624205982263,0.007800775442471645,0.008022851684531467,/Users/deepakkanneganti/Documents/TTA-Composition/Service-level TTA Model/TTA techniques/artifacts_tta_memo/client_0_glass_blur_tta_memo
tta_memo,perf_1_2_4_plus_0_on_glass_blur,"client_1,client_2,client_4",3,client_0,glass_blur,50,50,0.7441,0.8281,0.92,0.84,0.93,0.86,0.91,0.84,-0.010000000000000009,-0.020000000000000018,0.0,-0.020000000000000018,0.0002315031483251937,0.0084684228710418,0.008699926019366993,/Users/deepakkanneganti/Documents/TTA-Composition/Service-level TTA Model/TTA techniques/artifacts_tta_memo/client_0_glass_blur_tta_memo
tta_memo,perf_1_3_4_plus_0_on_glass_blur,"client_1,client_3,client_4",3,client_0,glass_blur,50,50,0.7441,0.8281,0.94,0.88,0.93,0.86,0.94,0.88,0.0,0.009999999999999898,0.0,0.020000000000000018,0.0002392131388419094,0.008796038166322458,0.009035251305164367,/Users/deepakkanneganti/Documents/TTA-Composition/Service-level TTA Model/TTA techniques/artifacts_tta_memo/client_0_glass_blur_tta_memo
tta_memo,perf_2_3_4_plus_0_on_glass_blur,"client_2,client_3,client_4",3,client_0,glass_blur,50,50,0.7441,0.8281,0.93,0.86,0.94,0.88,0.93,0.86,0.0,-0.009999999999999898,0.0,-0.020000000000000018,0.00021863193972742148,0.00824961660993511,0.008468248549662532,/Users/deepakkanneganti/Documents/TTA-Composition/Service-level TTA Model/TTA techniques/artifacts_tta_memo/client_0_glass_blur_tta_memo
tta_memo,perf_1_2_3_4_plus_0_on_glass_blur,"client_1,client_2,client_3,client_4",4,client_0,glass_blur,50,50,0.7441,0.8281,0.93,0.86,0.93,0.86,0.93,0.86,0.0,0.0,0.0,0.0,0.0003018604825434939,0.00872286850716232,0.009024728989705815,/Users/deepakkanneganti/Documents/TTA-Composition/Service-level TTA Model/TTA techniques/artifacts_tta_memo/client_0_glass_blur_tta_memo
tta_memo,perf_1_plus_0_on_stripe,client_1,1,client_0,stripe,50,50,0.8262,0.6969,0.92,0.86,0.96,0.92,0.94,0.9,0.019999999999999907,-0.020000000000000018,0.040000000000000036,-0.020000000000000018,4.558732224397369e-05,2.0315312403207183e-05,6.590263464718087e-05,/Users/deepakkanneganti/Documents/TTA-Composition/Service-level TTA Model/TTA techniques/artifacts_tta_memo/client_0_stripe_tta_memo
tta_memo,perf_2_plus_0_on_stripe,client_2,1,client_0,stripe,50,50,0.8262,0.6969,0.95,0.9,0.96,0.92,0.93,0.86,-0.019999999999999907,-0.029999999999999916,-0.040000000000000036,-0.06000000000000005,2.0672867408219224e-05,2.9502713865177135e-05,5.017558127339636e-05,/Users/deepakkanneganti/Documents/TTA-Composition/Service-level TTA Model/TTA techniques/artifacts_tta_memo/client_0_stripe_tta_memo
tta_memo,perf_3_plus_0_on_stripe,client_3,1,client_0,stripe,50,50,0.8262,0.6969,0.94,0.88,0.96,0.94,0.95,0.9,0.010000000000000009,-0.010000000000000009,0.020000000000000018,-0.039999999999999925,2.9221918409372716e-05,3.819485929779002e-05,6.741677770716274e-05,/Users/deepakkanneganti/Documents/TTA-Composition/Service-level TTA Model/TTA techniques/artifacts_tta_memo/client_0_stripe_tta_memo
tta_memo,perf_4_plus_0_on_stripe,client_4,1,client_0,stripe,50,50,0.8262,0.6969,0.93,0.86,0.95,0.9,0.92,0.84,-0.010000000000000009,-0.029999999999999916,-0.020000000000000018,-0.06000000000000005,3.52360173780067e-05,2.0051771486217224e-05,5.5287788864223925e-05,/Users/deepakkanneganti/Documents/TTA-Composition/Service-level TTA Model/TTA techniques/artifacts_tta_memo/client_0_stripe_tta_memo
tta_memo,perf_1_2_plus_0_on_stripe,"client_1,client_2",2,client_0,stripe,50,50,0.8262,0.6969,0.95,0.9,0.96,0.92,0.94,0.88,-0.010000000000000009,-0.020000000000000018,-0.020000000000000018,-0.040000000000000036,0.0001319267001739216,2.672505131760478e-05,0.00015865175149152637,/Users/deepakkanneganti/Documents/TTA-Composition/Service-level TTA Model/TTA techniques/artifacts_tta_memo/client_0_stripe_tta_memo
tta_memo,perf_1_3_plus_0_on_stripe,"client_1,client_3",2,client_0,stripe,50,50,0.8262,0.6969,0.94,0.88,0.97,0.94,0.96,0.92,0.020000000000000018,-0.010000000000000009,0.040000000000000036,-0.019999999999999907,0.00014386149368054584,3.176681494914928e-05,0.00017562830862969512,/Users/deepakkanneganti/Documents/TTA-Composition/Service-level TTA Model/TTA techniques/artifacts_tta_memo/client_0_stripe_tta_memo
tta_memo,perf_1_4_plus_0_on_stripe,"client_1,client_4",2,client_0,stripe,50,50,0.8262,0.6969,0.92,0.86,0.95,0.9,0.91,0.84,-0.010000000000000009,-0.039999999999999925,-0.020000000000000018,-0.06000000000000005,0.00014987212802906286,2.350112729088813e-05,0.000173373255319951,/Users/deepakkanneganti/Documents/TTA-Composition/Service-level TTA Model/TTA techniques/artifacts_tta_memo/client_0_stripe_tta_memo
tta_memo,perf_2_3_plus_0_on_stripe,"client_2,client_3",2,client_0,stripe,50,50,0.8262,0.6969,0.94,0.88,0.97,0.94,0.93,0.86,-0.009999999999999898,-0.039999999999999925,-0.020000000000000018,-0.07999999999999996,0.00011303296792411145,3.794511651726315e-05,0.0001509780844413746,/Users/deepakkanneganti/Documents/TTA-Composition/Service-level TTA Model/TTA techniques/artifacts_tta_memo/client_0_stripe_tta_memo
tta_memo,perf_2_4_plus_0_on_stripe,"client_2,client_4",2,client_0,stripe,50,50,0.8262,0.6969,0.95,0.9,0.96,0.92,0.94,0.88,-0.010000000000000009,-0.020000000000000018,-0.020000000000000018,-0.040000000000000036,0.00012502954074123784,2.8510381749068876e-05,0.0001535399224903067,/Users/deepakkanneganti/Documents/TTA-Composition/Service-level TTA Model/TTA techniques/artifacts_tta_memo/client_0_stripe_tta_memo
tta_memo,perf_3_4_plus_0_on_stripe,"client_3,client_4",2,client_0,stripe,50,50,0.8262,0.6969,0.94,0.88,0.96,0.92,0.93,0.86,-0.009999999999999898,-0.029999999999999916,-0.020000000000000018,-0.06000000000000005,0.00013634775360593066,3.0978183370596946e-05,0.0001673259369765276,/Users/deepakkanneganti/Documents/TTA-Composition/Service-level TTA Model/TTA techniques/artifacts_tta_memo/client_0_stripe_tta_memo
tta_memo,perf_1_2_3_plus_0_on_stripe,"client_1,client_2,client_3",3,client_0,stripe,50,50,0.8262,0.6969,0.94,0.88,0.96,0.92,0.94,0.88,0.0,-0.020000000000000018,0.0,-0.040000000000000036,0.00022145692539211434,3.305096733192647e-05,0.0002545078927240408,/Users/deepakkanneganti/Documents/TTA-Composition/Service-level TTA Model/TTA techniques/artifacts_tta_memo/client_0_stripe_tta_memo
tta_memo,perf_1_2_4_plus_0_on_stripe,"client_1,client_2,client_4",3,client_0,stripe,50,50,0.8262,0.6969,0.95,0.9,0.96,0.92,0.93,0.88,-0.019999999999999907,-0.029999999999999916,-0.020000000000000018,-0.040000000000000036,0.0002308973849141728,2.736005345767317e-05,0.000258257438371846,/Users/deepakkanneganti/Documents/TTA-Composition/Service-level TTA Model/TTA techniques/artifacts_tta_memo/client_0_stripe_tta_memo
tta_memo,perf_1_3_4_plus_0_on_stripe,"client_1,client_3,client_4",3,client_0,stripe,50,50,0.8262,0.6969,0.94,0.88,0.96,0.92,0.94,0.88,0.0,-0.020000000000000018,0.0,-0.040000000000000036,0.00023872396270820383,2.9792314366386718e-05,0.00026851627707459054,/Users/deepakkanneganti/Documents/TTA-Composition/Service-level TTA Model/TTA techniques/artifacts_tta_memo/client_0_stripe_tta_memo
tta_memo,perf_2_3_4_plus_0_on_stripe,"client_2,client_3,client_4",3,client_0,stripe,50,50,0.8262,0.6969,0.94,0.88,0.96,0.92,0.93,0.86,-0.009999999999999898,-0.029999999999999916,-0.020000000000000018,-0.06000000000000005,0.0002179195562211351,3.37035880762662e-05,0.0002516231442974013,/Users/deepakkanneganti/Documents/TTA-Composition/Service-level TTA Model/TTA techniques/artifacts_tta_memo/client_0_stripe_tta_memo
tta_memo,perf_1_2_3_4_plus_0_on_stripe,"client_1,client_2,client_3,client_4",4,client_0,stripe,50,50,0.8262,0.6969,0.94,0.88,0.96,0.92,0.94,0.88,0.0,-0.020000000000000018,0.0,-0.040000000000000036,0.000301025037127066,3.154195116369248e-05,0.00033256698829075843,/Users/deepakkanneganti/Documents/TTA-Composition/Service-level TTA Model/TTA techniques/artifacts_tta_memo/client_0_stripe_tta_memo
tta_memo,perf_1_plus_0_on_zigzag,client_1,1,client_0,zigzag,50,50,0.8229,0.8664,0.9,0.82,0.92,0.86,0.91,0.84,0.010000000000000009,-0.010000000000000009,0.020000000000000018,-0.020000000000000018,4.56288568971015e-05,0.016874798016018735,0.016920426872915836,/Users/deepakkanneganti/Documents/TTA-Composition/Service-level TTA Model/TTA techniques/artifacts_tta_memo/client_0_zigzag_tta_memo
tta_memo,perf_2_plus_0_on_zigzag,client_2,1,client_0,zigzag,50,50,0.8229,0.8664,0.89,0.78,0.9,0.8,0.88,0.76,-0.010000000000000009,-0.020000000000000018,-0.020000000000000018,-0.040000000000000036,2.0742893780980717e-05,0.02038238716541112,0.0204031300591921,/Users/deepakkanneganti/Documents/TTA-Composition/Service-level TTA Model/TTA techniques/artifacts_tta_memo/client_0_zigzag_tta_memo
tta_memo,perf_3_plus_0_on_zigzag,client_3,1,client_0,zigzag,50,50,0.8229,0.8664,0.9,0.8,0.92,0.84,0.89,0.78,-0.010000000000000009,-0.030000000000000027,-0.020000000000000018,-0.05999999999999994,2.9265647994863532e-05,0.026225236859784198,0.02625450250777906,/Users/deepakkanneganti/Documents/TTA-Composition/Service-level TTA Model/TTA techniques/artifacts_tta_memo/client_0_zigzag_tta_memo
tta_memo,perf_4_plus_0_on_zigzag,client_4,1,client_0,zigzag,50,50,0.8229,0.8664,0.9,0.8,0.92,0.84,0.88,0.76,-0.020000000000000018,-0.040000000000000036,-0.040000000000000036,-0.07999999999999996,3.526849132513685e-05,0.020992686127365563,0.0210279546186907,/Users/deepakkanneganti/Documents/TTA-Composition/Service-level TTA Model/TTA techniques/artifacts_tta_memo/client_0_zigzag_tta_memo
tta_memo,perf_1_2_plus_0_on_zigzag,"client_1,client_2",2,client_0,zigzag,50,50,0.8229,0.8664,0.91,0.82,0.91,0.82,0.9,0.8,-0.010000000000000009,-0.010000000000000009,-0.019999999999999907,-0.019999999999999907,0.00013226465186306872,0.02355971068818324,0.023691975340046308,/Users/deepakkanneganti/Documents/TTA-Composition/Service-level TTA Model/TTA techniques/artifacts_tta_memo/client_0_zigzag_tta_memo
tta_memo,perf_1_3_plus_0_on_zigzag,"client_1,client_3",2,client_0,zigzag,50,50,0.8229,0.8664,0.91,0.82,0.91,0.84,0.91,0.82,0.0,0.0,0.0,-0.020000000000000018,0.00014406370706731498,0.03054105240948972,0.030685116116557033,/Users/deepakkanneganti/Documents/TTA-Composition/Service-level TTA Model/TTA techniques/artifacts_tta_memo/client_0_zigzag_tta_memo
tta_memo,perf_1_4_plus_0_on_zigzag,"client_1,client_4",2,client_0,zigzag,50,50,0.8229,0.8664,0.91,0.84,0.92,0.86,0.91,0.84,0.0,-0.010000000000000009,0.0,-0.020000000000000018,0.00015002912520396542,0.028806016503131398,0.028956045628335363,/Users/deepakkanneganti/Documents/TTA-Composition/Service-level TTA Model/TTA techniques/artifacts_tta_memo/client_0_zigzag_tta_memo
tta_memo,perf_2_3_plus_0_on_zigzag,"client_2,client_3",2,client_0,zigzag,50,50,0.8229,0.8664,0.9,0.8,0.91,0.82,0.91,0.82,0.010000000000000009,0.0,0.019999999999999907,0.0,0.00011335786045385416,0.03255624439617171,0.03266960225662557,/Users/deepakkanneganti/Documents/TTA-Composition/Service-level TTA Model/TTA techniques/artifacts_tta_memo/client_0_zigzag_tta_memo
tta_memo,perf_2_4_plus_0_on_zigzag,"client_2,client_4",2,client_0,zigzag,50,50,0.8229,0.8664,0.9,0.8,0.92,0.84,0.89,0.78,-0.010000000000000009,-0.030000000000000027,-0.020000000000000018,-0.05999999999999994,0.00012535149399911164,0.03260903676083019,0.0327343882548293,/Users/deepakkanneganti/Documents/TTA-Composition/Service-level TTA Model/TTA techniques/artifacts_tta_memo/client_0_zigzag_tta_memo
tta_memo,perf_3_4_plus_0_on_zigzag,"client_3,client_4",2,client_0,zigzag,50,50,0.8229,0.8664,0.89,0.78,0.92,0.84,0.89,0.78,0.0,-0.030000000000000027,0.0,-0.05999999999999994,0.00013654057206169081,0.03277903699070629,0.032915577562767986,/Users/deepakkanneganti/Documents/TTA-Composition/Service-level TTA Model/TTA techniques/artifacts_tta_memo/client_0_zigzag_tta_memo
tta_memo,perf_1_2_3_plus_0_on_zigzag,"client_1,client_2,client_3",3,client_0,zigzag,50,50,0.8229,0.8664,0.9,0.8,0.91,0.82,0.9,0.8,0.0,-0.010000000000000009,0.0,-0.019999999999999907,0.000221996009336419,0.03194257350363869,0.032164569512975104,/Users/deepakkanneganti/Documents/TTA-Composition/Service-level TTA Model/TTA techniques/artifacts_tta_memo/client_0_zigzag_tta_memo
tta_memo,perf_1_2_4_plus_0_on_zigzag,"client_1,client_2,client_4",3,client_0,zigzag,50,50,0.8229,0.8664,0.91,0.82,0.92,0.84,0.9,0.82,-0.010000000000000009,-0.020000000000000018,0.0,-0.020000000000000018,0.00023140472109340688,0.031974355440028565,0.03220576016112197,/Users/deepakkanneganti/Documents/TTA-Composition/Service-level TTA Model/TTA techniques/artifacts_tta_memo/client_0_zigzag_tta_memo
tta_memo,perf_1_3_4_plus_0_on_zigzag,"client_1,client_3,client_4",3,client_0,zigzag,50,50,0.8229,0.8664,0.91,0.82,0.91,0.84,0.91,0.82,0.0,0.0,0.0,-0.020000000000000018,0.00023905080258348246,0.03512036566782249,0.035359416470405976,/Users/deepakkanneganti/Documents/TTA-Composition/Service-level TTA Model/TTA techniques/artifacts_tta_memo/client_0_zigzag_tta_memo
tta_memo,perf_2_3_4_plus_0_on_zigzag,"client_2,client_3,client_4",3,client_0,zigzag,50,50,0.8229,0.8664,0.9,0.8,0.92,0.84,0.9,0.8,0.0,-0.020000000000000018,0.0,-0.039999999999999925,0.00021845065846879557,0.037376515556988954,0.03759496621545775,/Users/deepakkanneganti/Documents/TTA-Composition/Service-level TTA Model/TTA techniques/artifacts_tta_memo/client_0_zigzag_tta_memo
tta_memo,perf_1_2_3_4_plus_0_on_zigzag,"client_1,client_2,client_3,client_4",4,client_0,zigzag,50,50,0.8229,0.8664,0.9,0.8,0.92,0.84,0.9,0.8,0.0,-0.020000000000000018,0.0,-0.039999999999999925,0.0003016821255499246,0.03633525260733902,0.03663693473288894,/Users/deepakkanneganti/Documents/TTA-Composition/Service-level TTA Model/TTA techniques/artifacts_tta_memo/client_0_zigzag_tta_memo
tta_memo,perf_0_plus_1_on_brightness,client_0,1,client_1,brightness,50,50,0.3328,0.9798,0.66,0.34,0.82,0.7,0.62,0.24,-0.040000000000000036,-0.19999999999999996,-0.10000000000000003,-0.45999999999999996,4.5565852850191444e-05,0.0003847403840784423,0.0004303062369286337,/Users/deepakkanneganti/Documents/TTA-Composition/Service-level TTA Model/TTA techniques/artifacts_tta_memo/client_1_brightness_tta_memo
tta_memo,perf_2_plus_1_on_brightness,client_2,1,client_1,brightness,50,50,0.3328,0.9798,0.64,0.28,0.78,0.62,0.61,0.22,-0.030000000000000027,-0.17000000000000004,-0.060000000000000026,-0.4,2.3863103588770972e-05,0.0005720804458314262,0.0005959435494201972,/Users/deepakkanneganti/Documents/TTA-Composition/Service-level TTA Model/TTA techniques/artifacts_tta_memo/client_1_brightness_tta_memo
tta_memo,perf_3_plus_1_on_brightness,client_3,1,client_1,brightness,50,50,0.3328,0.9798,0.63,0.26,0.79,0.6,0.56,0.12,-0.06999999999999995,-0.22999999999999998,-0.14,-0.48,3.5971040482224315e-05,0.0005357767082819984,0.0005717477487642228,/Users/deepakkanneganti/Documents/TTA-Composition/Service-level TTA Model/TTA techniques/artifacts_tta_memo/client_1_brightness_tta_memo
tta_memo,perf_4_plus_1_on_brightness,client_4,1,client_1,brightness,50,50,0.3328,0.9798,0.68,0.38,0.87,0.82,0.67,0.34,-0.010000000000000009,-0.19999999999999996,-0.03999999999999998,-0.4799999999999999,4.570873233961745e-05,0.0003631189709321016,0.000408827703271719,/Users/deepakkanneganti/Documents/TTA-Composition/Service-level TTA Model/TTA techniques/artifacts_tta_memo/client_1_brightness_tta_memo
tta_memo,perf_0_2_plus_1_on_brightness,"client_0,client_2",2,client_1,brightness,50,50,0.3328,0.9798,0.64,0.28,0.82,0.7,0.62,0.24,-0.020000000000000018,-0.19999999999999996,-0.040000000000000036,-0.45999999999999996,0.0001501492006600946,0.0005672767484866916,0.0007174259491467862,/Users/deepakkanneganti/Documents/TTA-Composition/Service-level TTA Model/TTA techniques/artifacts_tta_memo/client_1_brightness_tta_memo
tta_memo,perf_0_3_plus_1_on_brightness,"client_0,client_3",2,client_1,brightness,50,50,0.3328,0.9798,0.64,0.28,0.79,0.6,0.6,0.2,-0.040000000000000036,-0.19000000000000006,-0.08000000000000002,-0.39999999999999997,0.00017286931755035976,0.0005328706556335369,0.0007057399731838967,/Users/deepakkanneganti/Documents/TTA-Composition/Service-level TTA Model/TTA techniques/artifacts_tta_memo/client_1_brightness_tta_memo
tta_memo,perf_0_4_plus_1_on_brightness,"client_0,client_4",2,client_1,brightness,50,50,0.3328,0.9798,0.66,0.34,0.83,0.76,0.67,0.34,0.010000000000000009,-0.15999999999999992,0.0,-0.42,0.00018793876085877772,0.0004330368549268972,0.0006209756157856749,/Users/deepakkanneganti/Documents/TTA-Composition/Service-level TTA Model/TTA techniques/artifacts_tta_memo/client_1_brightness_tta_memo
tta_memo,perf_2_3_plus_1_on_brightness,"client_2,client_3",2,client_1,brightness,50,50,0.3328,0.9798,0.62,0.24,0.78,0.6,0.59,0.18,-0.030000000000000027,-0.19000000000000006,-0.06,-0.42,0.0001387612376822048,0.0006563806347723623,0.0007951418724545671,/Users/deepakkanneganti/Documents/TTA-Composition/Service-level TTA Model/TTA techniques/artifacts_tta_memo/client_1_brightness_tta_memo
tta_memo,perf_2_4_plus_1_on_brightness,"client_2,client_4",2,client_1,brightness,50,50,0.3328,0.9798,0.66,0.34,0.84,0.74,0.66,0.32,0.0,-0.17999999999999994,-0.020000000000000018,-0.42,0.00015817930862256676,0.0005678599087950168,0.0007260392174175835,/Users/deepakkanneganti/Documents/TTA-Composition/Service-level TTA Model/TTA techniques/artifacts_tta_memo/client_1_brightness_tta_memo
tta_memo,perf_3_4_plus_1_on_brightness,"client_3,client_4",2,client_1,brightness,50,50,0.3328,0.9798,0.66,0.32,0.81,0.66,0.63,0.26,-0.030000000000000027,-0.18000000000000005,-0.06,-0.4,0.00017911316505894086,0.0005166789249565529,0.0006957920900154937,/Users/deepakkanneganti/Documents/TTA-Composition/Service-level TTA Model/TTA techniques/artifacts_tta_memo/client_1_brightness_tta_memo
tta_memo,perf_0_2_3_plus_1_on_brightness,"client_0,client_2,client_3",3,client_1,brightness,50,50,0.3328,0.9798,0.62,0.24,0.79,0.6,0.6,0.2,-0.020000000000000018,-0.19000000000000006,-0.03999999999999998,-0.39999999999999997,0.0002695511160343356,0.0006185182439394574,0.000888069359973793,/Users/deepakkanneganti/Documents/TTA-Composition/Service-level TTA Model/TTA techniques/artifacts_tta_memo/client_1_brightness_tta_memo
tta_memo,perf_0_2_4_plus_1_on_brightness,"client_0,client_2,client_4",3,client_1,brightness,50,50,0.3328,0.9798,0.66,0.32,0.85,0.76,0.64,0.28,-0.020000000000000018,-0.20999999999999996,-0.03999999999999998,-0.48,0.0002887881017306606,0.0005519999153653077,0.0008407880170959684,/Users/deepakkanneganti/Documents/TTA-Composition/Service-level TTA Model/TTA techniques/artifacts_tta_memo/client_1_brightness_tta_memo
tta_memo,perf_0_3_4_plus_1_on_brightness,"client_0,client_3,client_4",3,client_1,brightness,50,50,0.3328,0.9798,0.66,0.32,0.8,0.64,0.62,0.24,-0.040000000000000036,-0.18000000000000005,-0.08000000000000002,-0.4,0.00030907856459144934,0.0005186247118681529,0.0008277032764596023,/Users/deepakkanneganti/Documents/TTA-Composition/Service-level TTA Model/TTA techniques/artifacts_tta_memo/client_1_brightness_tta_memo
tta_memo,perf_2_3_4_plus_1_on_brightness,"client_2,client_3,client_4",3,client_1,brightness,50,50,0.3328,0.9798,0.64,0.28,0.79,0.64,0.63,0.26,-0.010000000000000009,-0.16000000000000003,-0.020000000000000018,-0.38,0.000280826105631873,0.0006143940819101107,0.0008952201875419837,/Users/deepakkanneganti/Documents/TTA-Composition/Service-level TTA Model/TTA techniques/artifacts_tta_memo/client_1_brightness_tta_memo
tta_memo,perf_0_2_3_4_plus_1_on_brightness,"client_0,client_2,client_3,client_4",4,client_1,brightness,50,50,0.3328,0.9798,0.64,0.28,0.79,0.64,0.62,0.24,-0.020000000000000018,-0.17000000000000004,-0.040000000000000036,-0.4,0.00038530287697299045,0.0005915457006412738,0.0009768485776142644,/Users/deepakkanneganti/Documents/TTA-Composition/Service-level TTA Model/TTA techniques/artifacts_tta_memo/client_1_brightness_tta_memo
tta_memo,perf_0_plus_1_on_glass_blur,client_0,1,client_1,glass_blur,50,50,0.6978,0.8281,0.91,0.84,0.92,0.86,0.92,0.84,0.010000000000000009,0.0,0.0,-0.020000000000000018,4.55233323893341e-05,0.008557197598116024,0.008602720930505358,/Users/deepakkanneganti/Documents/TTA-Composition/Service-level TTA Model/TTA techniques/artifacts_tta_memo/client_1_glass_blur_tta_memo
tta_memo,perf_2_plus_1_on_glass_blur,client_2,1,client_1,glass_blur,50,50,0.6978,0.8281,0.93,0.86,0.92,0.86,0.9,0.8,-0.030000000000000027,-0.020000000000000018,-0.05999999999999994,-0.05999999999999994,2.384194975118879e-05,0.008396120583732554,0.008419962533483743,/Users/deepakkanneganti/Documents/TTA-Composition/Service-level TTA Model/TTA techniques/artifacts_tta_memo/client_1_glass_blur_tta_memo
tta_memo,perf_3_plus_1_on_glass_blur,client_3,1,client_1,glass_blur,50,50,0.6978,0.8281,0.94,0.88,0.94,0.88,0.91,0.82,-0.029999999999999916,-0.029999999999999916,-0.06000000000000005,-0.06000000000000005,3.592513612818314e-05,0.005232722321418788,0.005268647457546971,/Users/deepakkanneganti/Documents/TTA-Composition/Service-level TTA Model/TTA techniques/artifacts_tta_memo/client_1_glass_blur_tta_memo
tta_memo,perf_4_plus_1_on_glass_blur,client_4,1,client_1,glass_blur,50,50,0.6978,0.8281,0.9,0.82,0.92,0.86,0.92,0.84,0.020000000000000018,0.0,0.020000000000000018,-0.020000000000000018,4.5601323547554945e-05,0.0043493804305078905,0.004394981754055446,/Users/deepakkanneganti/Documents/TTA-Composition/Service-level TTA Model/TTA techniques/artifacts_tta_memo/client_1_glass_blur_tta_memo
tta_memo,perf_0_2_plus_1_on_glass_blur,"client_0,client_2",2,client_1,glass_blur,50,50,0.6978,0.8281,0.91,0.82,0.93,0.88,0.92,0.84,0.010000000000000009,-0.010000000000000009,0.020000000000000018,-0.040000000000000036,0.00014998964315405752,0.01159757478745099,0.011747564430605047,/Users/deepakkanneganti/Documents/TTA-Composition/Service-level TTA Model/TTA techniques/artifacts_tta_memo/client_1_glass_blur_tta_memo
tta_memo,perf_0_3_plus_1_on_glass_blur,"client_0,client_3",2,client_1,glass_blur,50,50,0.6978,0.8281,0.94,0.88,0.93,0.88,0.93,0.86,-0.009999999999999898,0.0,-0.020000000000000018,-0.020000000000000018,0.00017264808848187335,0.0085501092045472,0.008722757293029074,/Users/deepakkanneganti/Documents/TTA-Composition/Service-level TTA Model/TTA techniques/artifacts_tta_memo/client_1_glass_blur_tta_memo
tta_memo,perf_0_4_plus_1_on_glass_blur,"client_0,client_4",2,client_1,glass_blur,50,50,0.6978,0.8281,0.91,0.84,0.93,0.88,0.93,0.86,0.020000000000000018,0.0,0.020000000000000018,-0.020000000000000018,0.00018757837252911157,0.007589004565683128,0.0077765829382122394,/Users/deepakkanneganti/Documents/TTA-Composition/Service-level TTA Model/TTA techniques/artifacts_tta_memo/client_1_glass_blur_tta_memo
tta_memo,perf_2_3_plus_1_on_glass_blur,"client_2,client_3",2,client_1,glass_blur,50,50,0.6978,0.8281,0.93,0.86,0.94,0.88,0.92,0.84,-0.010000000000000009,-0.019999999999999907,-0.020000000000000018,-0.040000000000000036,0.00013858590663755397,0.008521139388721106,0.00865972529535866,/Users/deepakkanneganti/Documents/TTA-Composition/Service-level TTA Model/TTA techniques/artifacts_tta_memo/client_1_glass_blur_tta_memo
tta_memo,perf_2_4_plus_1_on_glass_blur,"client_2,client_4",2,client_1,glass_blur,50,50,0.6978,0.8281,0.91,0.84,0.92,0.86,0.92,0.84,0.010000000000000009,0.0,0.0,-0.020000000000000018,0.0001578807976918465,0.00840566900905826,0.008563549806750106,/Users/deepakkanneganti/Documents/TTA-Composition/Service-level TTA Model/TTA techniques/artifacts_tta_memo/client_1_glass_blur_tta_memo
tta_memo,perf_3_4_plus_1_on_glass_blur,"client_3,client_4",2,client_1,glass_blur,50,50,0.6978,0.8281,0.94,0.88,0.93,0.88,0.93,0.86,-0.009999999999999898,0.0,-0.020000000000000018,-0.020000000000000018,0.00017873476153537274,0.0060239158493245164,0.006202650610859889,/Users/deepakkanneganti/Documents/TTA-Composition/Service-level TTA Model/TTA techniques/artifacts_tta_memo/client_1_glass_blur_tta_memo
tta_memo,perf_0_2_3_plus_1_on_glass_blur,"client_0,client_2,client_3",3,client_1,glass_blur,50,50,0.6978,0.8281,0.94,0.88,0.94,0.88,0.94,0.88,0.0,0.0,0.0,0.0,0.00026920412346044943,0.010368039403207836,0.010637243526668285,/Users/deepakkanneganti/Documents/TTA-Composition/Service-level TTA Model/TTA techniques/artifacts_tta_memo/client_1_glass_blur_tta_memo
tta_memo,perf_0_2_4_plus_1_on_glass_blur,"client_0,client_2,client_4",3,client_1,glass_blur,50,50,0.6978,0.8281,0.92,0.84,0.93,0.88,0.92,0.84,0.0,-0.010000000000000009,0.0,-0.040000000000000036,0.00028828992803599625,0.009980780839907924,0.01026907076794392,/Users/deepakkanneganti/Documents/TTA-Composition/Service-level TTA Model/TTA techniques/artifacts_tta_memo/client_1_glass_blur_tta_memo
tta_memo,perf_0_3_4_plus_1_on_glass_blur,"client_0,client_3,client_4",3,client_1,glass_blur,50,50,0.6978,0.8281,0.94,0.88,0.93,0.88,0.93,0.86,-0.009999999999999898,0.0,-0.020000000000000018,-0.020000000000000018,0.0003084959748267244,0.0079183382488355,0.008226834223662225,/Users/deepakkanneganti/Documents/TTA-Composition/Service-level TTA Model/TTA techniques/artifacts_tta_memo/client_1_glass_blur_tta_memo
tta_memo,perf_2_3_4_plus_1_on_glass_blur,"client_2,client_3,client_4",3,client_1,glass_blur,50,50,0.6978,0.8281,0.93,0.86,0.93,0.88,0.93,0.86,0.0,0.0,0.0,-0.020000000000000018,0.0002803010180493976,0.008292386480163788,0.008572687498213185,/Users/deepakkanneganti/Documents/TTA-Composition/Service-level TTA Model/TTA techniques/artifacts_tta_memo/client_1_glass_blur_tta_memo
tta_memo,perf_0_2_3_4_plus_1_on_glass_blur,"client_0,client_2,client_3,client_4",4,client_1,glass_blur,50,50,0.6978,0.8281,0.93,0.86,0.93,0.88,0.93,0.86,0.0,0.0,0.0,-0.020000000000000018,0.0003846243200382175,0.009505940042489332,0.00989056436252755,/Users/deepakkanneganti/Documents/TTA-Composition/Service-level TTA Model/TTA techniques/artifacts_tta_memo/client_1_glass_blur_tta_memo
tta_memo,perf_0_plus_1_on_stripe,client_0,1,client_1,stripe,50,50,0.8793,0.862,0.92,0.86,0.97,0.94,0.91,0.82,-0.010000000000000009,-0.05999999999999994,-0.040000000000000036,-0.12,4.5440834172861576e-05,2.46570248370254e-05,7.009785900988697e-05,/Users/deepakkanneganti/Documents/TTA-Composition/Service-level TTA Model/TTA techniques/artifacts_tta_memo/client_1_stripe_tta_memo
tta_memo,perf_2_plus_1_on_stripe,client_2,1,client_1,stripe,50,50,0.8793,0.862,0.94,0.88,0.98,0.96,0.93,0.86,-0.009999999999999898,-0.04999999999999993,-0.020000000000000018,-0.09999999999999998,2.3849021644712242e-05,4.772531930587136e-05,7.15743409505836e-05,/Users/deepakkanneganti/Documents/TTA-Composition/Service-level TTA Model/TTA techniques/artifacts_tta_memo/client_1_stripe_tta_memo
tta_memo,perf_3_plus_1_on_stripe,client_3,1,client_1,stripe,50,50,0.8793,0.862,0.96,0.92,0.98,0.96,0.95,0.9,-0.010000000000000009,-0.030000000000000027,-0.020000000000000018,-0.05999999999999994,3.591126551146058e-05,4.831075575003771e-05,8.42220212614983e-05,/Users/deepakkanneganti/Documents/TTA-Composition/Service-level TTA Model/TTA techniques/artifacts_tta_memo/client_1_stripe_tta_memo
tta_memo,perf_4_plus_1_on_stripe,client_4,1,client_1,stripe,50,50,0.8793,0.862,0.91,0.84,0.97,0.94,0.92,0.84,0.010000000000000009,-0.04999999999999993,0.0,-0.09999999999999998,4.55291926395653e-05,2.1944092191964178e-05,6.747328483152948e-05,/Users/deepakkanneganti/Documents/TTA-Composition/Service-level TTA Model/TTA techniques/artifacts_tta_memo/client_1_stripe_tta_memo
tta_memo,perf_0_2_plus_1_on_stripe,"client_0,client_2",2,client_1,stripe,50,50,0.8793,0.862,0.95,0.9,0.97,0.94,0.95,0.9,0.0,-0.020000000000000018,0.0,-0.039999999999999925,0.000149861130078343,3.935774725866595e-05,0.00018921887733700895,/Users/deepakkanneganti/Documents/TTA-Composition/Service-level TTA Model/TTA techniques/artifacts_tta_memo/client_1_stripe_tta_memo
tta_memo,perf_0_3_plus_1_on_stripe,"client_0,client_3",2,client_1,stripe,50,50,0.8793,0.862,0.94,0.88,0.97,0.94,0.94,0.88,0.0,-0.030000000000000027,0.0,-0.05999999999999994,0.000172428794052833,3.872963014691493e-05,0.00021115842419974795,/Users/deepakkanneganti/Documents/TTA-Composition/Service-level TTA Model/TTA techniques/artifacts_tta_memo/client_1_stripe_tta_memo
tta_memo,perf_0_4_plus_1_on_stripe,"client_0,client_4",2,client_1,stripe,50,50,0.8793,0.862,0.92,0.86,0.97,0.94,0.93,0.86,0.010000000000000009,-0.039999999999999925,0.0,-0.07999999999999996,0.00018720618675477867,2.592215346809892e-05,0.00021312834022287758,/Users/deepakkanneganti/Documents/TTA-Composition/Service-level TTA Model/TTA techniques/artifacts_tta_memo/client_1_stripe_tta_memo
tta_memo,perf_2_3_plus_1_on_stripe,"client_2,client_3",2,client_1,stripe,50,50,0.8793,0.862,0.94,0.88,0.98,0.96,0.93,0.86,-0.009999999999999898,-0.04999999999999993,-0.020000000000000018,-0.09999999999999998,0.00013857917096808377,5.456647888859076e-05,0.00019314564985667453,/Users/deepakkanneganti/Documents/TTA-Composition/Service-level TTA Model/TTA techniques/artifacts_tta_memo/client_1_stripe_tta_memo
tta_memo,perf_2_4_plus_1_on_stripe,"client_2,client_4",2,client_1,stripe,50,50,0.8793,0.862,0.93,0.88,0.97,0.94,0.94,0.88,0.009999999999999898,-0.030000000000000027,0.0,-0.05999999999999994,0.00015776567018292538,3.789142038445205e-05,0.00019565709056737742,/Users/deepakkanneganti/Documents/TTA-Composition/Service-level TTA Model/TTA techniques/artifacts_tta_memo/client_1_stripe_tta_memo
tta_memo,perf_3_4_plus_1_on_stripe,"client_3,client_4",2,client_1,stripe,50,50,0.8793,0.862,0.94,0.88,0.97,0.94,0.93,0.86,-0.009999999999999898,-0.039999999999999925,-0.020000000000000018,-0.07999999999999996,0.0001785281545161931,3.641958534884732e-05,0.0002149477398650404,/Users/deepakkanneganti/Documents/TTA-Composition/Service-level TTA Model/TTA techniques/artifacts_tta_memo/client_1_stripe_tta_memo
tta_memo,perf_0_2_3_plus_1_on_stripe,"client_0,client_2,client_3",3,client_1,stripe,50,50,0.8793,0.862,0.94,0.88,0.97,0.94,0.94,0.88,0.0,-0.030000000000000027,0.0,-0.05999999999999994,0.000268998615547856,4.5552295338597186e-05,0.0003145509108864532,/Users/deepakkanneganti/Documents/TTA-Composition/Service-level TTA Model/TTA techniques/artifacts_tta_memo/client_1_stripe_tta_memo
tta_memo,perf_0_2_4_plus_1_on_stripe,"client_0,client_2,client_4",3,client_1,stripe,50,50,0.8793,0.862,0.95,0.9,0.97,0.94,0.95,0.9,0.0,-0.020000000000000018,0.0,-0.039999999999999925,0.0002879256998357325,3.536255553692491e-05,0.0003232882553726574,/Users/deepakkanneganti/Documents/TTA-Composition/Service-level TTA Model/TTA techniques/artifacts_tta_memo/client_1_stripe_tta_memo
tta_memo,perf_0_3_4_plus_1_on_stripe,"client_0,client_3,client_4",3,client_1,stripe,50,50,0.8793,0.862,0.94,0.88,0.97,0.94,0.94,0.88,0.0,-0.030000000000000027,0.0,-0.05999999999999994,0.00030801253824133955,3.4458919231915434e-05,0.000342471457473255,/Users/deepakkanneganti/Documents/TTA-Composition/Service-level TTA Model/TTA techniques/artifacts_tta_memo/client_1_stripe_tta_memo
tta_memo,perf_2_3_4_plus_1_on_stripe,"client_2,client_3,client_4",3,client_1,stripe,50,50,0.8793,0.862,0.94,0.88,0.97,0.94,0.93,0.86,-0.009999999999999898,-0.039999999999999925,-0.020000000000000018,-0.07999999999999996,0.0002801110765267984,4.415553501087178e-05,0.0003242666115376702,/Users/deepakkanneganti/Documents/TTA-Composition/Service-level TTA Model/TTA techniques/artifacts_tta_memo/client_1_stripe_tta_memo
tta_memo,perf_0_2_3_4_plus_1_on_stripe,"client_0,client_2,client_3,client_4",4,client_1,stripe,50,50,0.8793,0.862,0.94,0.88,0.97,0.94,0.94,0.88,0.0,-0.030000000000000027,0.0,-0.05999999999999994,0.00038419830574424083,4.041658019124315e-05,0.00042461488593548396,/Users/deepakkanneganti/Documents/TTA-Composition/Service-level TTA Model/TTA techniques/artifacts_tta_memo/client_1_stripe_tta_memo
tta_memo,perf_0_plus_1_on_zigzag,client_0,1,client_1,zigzag,50,50,0.8231,0.8538,0.9,0.82,0.9,0.82,0.89,0.78,-0.010000000000000009,-0.010000000000000009,-0.039999999999999925,-0.039999999999999925,4.5522030111495615e-05,0.017319667958980534,0.01736518998909203,/Users/deepakkanneganti/Documents/TTA-Composition/Service-level TTA Model/TTA techniques/artifacts_tta_memo/client_1_zigzag_tta_memo
tta_memo,perf_2_plus_1_on_zigzag,client_2,1,client_1,zigzag,50,50,0.8231,0.8538,0.9,0.8,0.89,0.8,0.89,0.78,-0.010000000000000009,0.0,-0.020000000000000018,-0.020000000000000018,2.3860669897098136e-05,0.031169127608756807,0.031192988278653903,/Users/deepakkanneganti/Documents/TTA-Composition/Service-level TTA Model/TTA techniques/artifacts_tta_memo/client_1_zigzag_tta_memo
tta_memo,perf_3_plus_1_on_zigzag,client_3,1,client_1,zigzag,50,50,0.8231,0.8538,0.91,0.82,0.9,0.82,0.88,0.76,-0.030000000000000027,-0.020000000000000018,-0.05999999999999994,-0.05999999999999994,3.593394304198428e-05,0.019554386317155312,0.019590320260197296,/Users/deepakkanneganti/Documents/TTA-Composition/Service-level TTA Model/TTA techniques/artifacts_tta_memo/client_1_zigzag_tta_memo
tta_memo,perf_4_plus_1_on_zigzag,client_4,1,client_1,zigzag,50,50,0.8231,0.8538,0.91,0.84,0.91,0.84,0.88,0.76,-0.030000000000000027,-0.030000000000000027,-0.07999999999999996,-0.07999999999999996,4.557597642246761e-05,0.01181921170513405,0.011864787681556518,/Users/deepakkanneganti/Documents/TTA-Composition/Service-level TTA Model/TTA techniques/artifacts_tta_memo/client_1_zigzag_tta_memo
tta_memo,perf_0_2_plus_1_on_zigzag,"client_0,client_2",2,client_1,zigzag,50,50,0.8231,0.8538,0.91,0.82,0.9,0.82,0.89,0.78,-0.020000000000000018,-0.010000000000000009,-0.039999999999999925,-0.039999999999999925,0.00015005744928132635,0.03428160817081526,0.03443166562009659,/Users/deepakkanneganti/Documents/TTA-Composition/Service-level TTA Model/TTA techniques/artifacts_tta_memo/client_1_zigzag_tta_memo
tta_memo,perf_0_3_plus_1_on_zigzag,"client_0,client_3",2,client_1,zigzag,50,50,0.8231,0.8538,0.91,0.82,0.9,0.82,0.9,0.8,-0.010000000000000009,0.0,-0.019999999999999907,-0.019999999999999907,0.00017267081072500746,0.02524201480076169,0.025414685611486697,/Users/deepakkanneganti/Documents/TTA-Composition/Service-level TTA Model/TTA techniques/artifacts_tta_memo/client_1_zigzag_tta_memo
tta_memo,perf_0_4_plus_1_on_zigzag,"client_0,client_4",2,client_1,zigzag,50,50,0.8231,0.8538,0.91,0.84,0.91,0.84,0.92,0.84,0.010000000000000009,0.010000000000000009,0.0,0.0,0.00018751398990853545,0.018787085641414222,0.018974599631322756,/Users/deepakkanneganti/Documents/TTA-Composition/Service-level TTA Model/TTA techniques/artifacts_tta_memo/client_1_zigzag_tta_memo
tta_memo,perf_2_3_plus_1_on_zigzag,"client_2,client_3",2,client_1,zigzag,50,50,0.8231,0.8538,0.9,0.8,0.9,0.82,0.9,0.8,0.0,0.0,0.0,-0.019999999999999907,0.00013867010977221462,0.03479480520675963,0.03493347531653184,/Users/deepakkanneganti/Documents/TTA-Composition/Service-level TTA Model/TTA techniques/artifacts_tta_memo/client_1_zigzag_tta_memo
tta_memo,perf_2_4_plus_1_on_zigzag,"client_2,client_4",2,client_1,zigzag,50,50,0.8231,0.8538,0.9,0.82,0.91,0.84,0.89,0.78,-0.010000000000000009,-0.020000000000000018,-0.039999999999999925,-0.05999999999999994,0.00015790368062671328,0.029058007159476488,0.0292159108401032,/Users/deepakkanneganti/Documents/TTA-Composition/Service-level TTA Model/TTA techniques/artifacts_tta_memo/client_1_zigzag_tta_memo
tta_memo,perf_3_4_plus_1_on_zigzag,"client_3,client_4",2,client_1,zigzag,50,50,0.8231,0.8538,0.9,0.8,0.91,0.84,0.89,0.78,-0.010000000000000009,-0.020000000000000018,-0.020000000000000018,-0.05999999999999994,0.00017870016944869518,0.020372688155911894,0.02055138832536059,/Users/deepakkanneganti/Documents/TTA-Composition/Service-level TTA Model/TTA techniques/artifacts_tta_memo/client_1_zigzag_tta_memo
tta_memo,perf_0_2_3_plus_1_on_zigzag,"client_0,client_2,client_3",3,client_1,zigzag,50,50,0.8231,0.8538,0.9,0.8,0.9,0.82,0.9,0.8,0.0,0.0,0.0,-0.019999999999999907,0.00026931861445621133,0.0351788987019752,0.03544821731643141,/Users/deepakkanneganti/Documents/TTA-Composition/Service-level TTA Model/TTA techniques/artifacts_tta_memo/client_1_zigzag_tta_memo
tta_memo,perf_0_2_4_plus_1_on_zigzag,"client_0,client_2,client_4",3,client_1,zigzag,50,50,0.8231,0.8538,0.91,0.82,0.9,0.82,0.9,0.8,-0.010000000000000009,0.0,-0.019999999999999907,-0.019999999999999907,0.0002883171244290571,0.030020679782329907,0.030308996906758964,/Users/deepakkanneganti/Documents/TTA-Composition/Service-level TTA Model/TTA techniques/artifacts_tta_memo/client_1_zigzag_tta_memo
tta_memo,perf_0_3_4_plus_1_on_zigzag,"client_0,client_3,client_4",3,client_1,zigzag,50,50,0.8231,0.8538,0.91,0.82,0.91,0.84,0.9,0.8,-0.010000000000000009,-0.010000000000000009,-0.019999999999999907,-0.039999999999999925,0.0003084503972563316,0.02358689737211337,0.0238953477693697,/Users/deepakkanneganti/Documents/TTA-Composition/Service-level TTA Model/TTA techniques/artifacts_tta_memo/client_1_zigzag_tta_memo
tta_memo,perf_2_3_4_plus_1_on_zigzag,"client_2,client_3,client_4",3,client_1,zigzag,50,50,0.8231,0.8538,0.9,0.8,0.9,0.82,0.9,0.8,0.0,0.0,0.0,-0.019999999999999907,0.0002803622181815806,0.03097735262892093,0.03125771484710251,/Users/deepakkanneganti/Documents/TTA-Composition/Service-level TTA Model/TTA techniques/artifacts_tta_memo/client_1_zigzag_tta_memo
tta_memo,perf_0_2_3_4_plus_1_on_zigzag,"client_0,client_2,client_3,client_4",4,client_1,zigzag,50,50,0.8231,0.8538,0.9,0.8,0.91,0.84,0.9,0.8,0.0,-0.010000000000000009,0.0,-0.039999999999999925,0.0003846820757879875,0.03146303938840654,0.031847721464194526,/Users/deepakkanneganti/Documents/TTA-Composition/Service-level TTA Model/TTA techniques/artifacts_tta_memo/client_1_zigzag_tta_memo
tta_memo,perf_0_plus_2_on_brightness,client_0,1,client_2,brightness,50,50,0.2148,0.977,0.62,0.24,0.75,0.5,0.62,0.24,0.0,-0.13,0.0,-0.26,2.0699598170541873e-05,0.00032814222565503694,0.0003488418238255788,/Users/deepakkanneganti/Documents/TTA-Composition/Service-level TTA Model/TTA techniques/artifacts_tta_memo/client_2_brightness_tta_memo
tta_memo,perf_1_plus_2_on_brightness,client_1,1,client_2,brightness,50,50,0.2148,0.977,0.64,0.28,0.8,0.62,0.67,0.36,0.030000000000000027,-0.13,0.07999999999999996,-0.26,2.3836380271188135e-05,0.00046775989451082386,0.000491596274782012,/Users/deepakkanneganti/Documents/TTA-Composition/Service-level TTA Model/TTA techniques/artifacts_tta_memo/client_2_brightness_tta_memo
tta_memo,perf_3_plus_2_on_brightness,client_3,1,client_2,brightness,50,50,0.2148,0.977,0.59,0.18,0.71,0.44,0.56,0.12,-0.029999999999999916,-0.1499999999999999,-0.06,-0.32,1.7222553525477734e-05,0.00048800689424546156,0.0005052294477709393,/Users/deepakkanneganti/Documents/TTA-Composition/Service-level TTA Model/TTA techniques/artifacts_tta_memo/client_2_brightness_tta_memo
tta_memo,perf_4_plus_2_on_brightness,client_4,1,client_2,brightness,50,50,0.2148,0.977,0.66,0.32,0.83,0.7,0.67,0.34,0.010000000000000009,-0.15999999999999992,0.020000000000000018,-0.35999999999999993,1.7607225463119243e-05,0.00032563258498113364,0.0003432398104442529,/Users/deepakkanneganti/Documents/TTA-Composition/Service-level TTA Model/TTA techniques/artifacts_tta_memo/client_2_brightness_tta_memo
tta_memo,perf_0_1_plus_2_on_brightness,"client_0,client_1",2,client_2,brightness,50,50,0.2148,0.977,0.64,0.28,0.79,0.58,0.66,0.34,0.020000000000000018,-0.13,0.06,-0.23999999999999994,7.654484701862252e-05,0.0004600782313644955,0.000536623078383118,/Users/deepakkanneganti/Documents/TTA-Composition/Service-level TTA Model/TTA techniques/artifacts_tta_memo/client_2_brightness_tta_memo
tta_memo,perf_0_3_plus_2_on_brightness,"client_0,client_3",2,client_2,brightness,50,50,0.2148,0.977,0.6,0.2,0.71,0.44,0.6,0.2,0.0,-0.10999999999999999,0.0,-0.24,7.176487351173255e-05,0.0004680692113881897,0.0005398340848999223,/Users/deepakkanneganti/Documents/TTA-Composition/Service-level TTA Model/TTA techniques/artifacts_tta_memo/client_2_brightness_tta_memo
tta_memo,perf_0_4_plus_2_on_brightness,"client_0,client_4",2,client_2,brightness,50,50,0.2148,0.977,0.64,0.28,0.81,0.62,0.67,0.34,0.030000000000000027,-0.14,0.06,-0.27999999999999997,6.904245530623716e-05,0.0003777896971169378,0.000446832152423175,/Users/deepakkanneganti/Documents/TTA-Composition/Service-level TTA Model/TTA techniques/artifacts_tta_memo/client_2_brightness_tta_memo
tta_memo,perf_1_3_plus_2_on_brightness,"client_1,client_3",2,client_2,brightness,50,50,0.2148,0.977,0.62,0.24,0.76,0.54,0.63,0.26,0.010000000000000009,-0.13,0.020000000000000018,-0.28,7.343500895112689e-05,0.0005764815318617433,0.0006499165408128702,/Users/deepakkanneganti/Documents/TTA-Composition/Service-level TTA Model/TTA techniques/artifacts_tta_memo/client_2_brightness_tta_memo
tta_memo,perf_1_4_plus_2_on_brightness,"client_1,client_4",2,client_2,brightness,50,50,0.2148,0.977,0.66,0.34,0.82,0.68,0.68,0.38,0.020000000000000018,-0.1399999999999999,0.03999999999999998,-0.30000000000000004,6.978886492162914e-05,0.00048089484768165815,0.0005506837126032873,/Users/deepakkanneganti/Documents/TTA-Composition/Service-level TTA Model/TTA techniques/artifacts_tta_memo/client_2_brightness_tta_memo
tta_memo,perf_3_4_plus_2_on_brightness,"client_3,client_4",2,client_2,brightness,50,50,0.2148,0.977,0.63,0.26,0.79,0.6,0.63,0.26,0.0,-0.16000000000000003,0.0,-0.33999999999999997,6.748880666552796e-05,0.0004658971561976273,0.0005333859628631552,/Users/deepakkanneganti/Documents/TTA-Composition/Service-level TTA Model/TTA techniques/artifacts_tta_memo/client_2_brightness_tta_memo
tta_memo,perf_0_1_3_plus_2_on_brightness,"client_0,client_1,client_3",3,client_2,brightness,50,50,0.2148,0.977,0.62,0.24,0.76,0.54,0.64,0.28,0.020000000000000018,-0.12,0.040000000000000036,-0.26,0.00011818993449182194,0.000527980699413057,0.000646170633904879,/Users/deepakkanneganti/Documents/TTA-Composition/Service-level TTA Model/TTA techniques/artifacts_tta_memo/client_2_brightness_tta_memo
tta_memo,perf_0_1_4_plus_2_on_brightness,"client_0,client_1,client_4",3,client_2,brightness,50,50,0.2148,0.977,0.66,0.32,0.81,0.62,0.66,0.34,0.0,-0.15000000000000002,0.020000000000000018,-0.27999999999999997,0.00011299848040564803,0.00046317696367332,0.000576175444078968,/Users/deepakkanneganti/Documents/TTA-Composition/Service-level TTA Model/TTA techniques/artifacts_tta_memo/client_2_brightness_tta_memo
tta_memo,perf_0_3_4_plus_2_on_brightness,"client_0,client_3,client_4",3,client_2,brightness,50,50,0.2148,0.977,0.62,0.24,0.78,0.58,0.62,0.24,0.0,-0.16000000000000003,0.0,-0.33999999999999997,0.00011268729245745283,0.00045807638832076397,0.0005707636807782167,/Users/deepakkanneganti/Documents/TTA-Composition/Service-level TTA Model/TTA techniques/artifacts_tta_memo/client_2_brightness_tta_memo
tta_memo,perf_1_3_4_plus_2_on_brightness,"client_1,client_3,client_4",3,client_2,brightness,50,50,0.2148,0.977,0.64,0.28,0.79,0.6,0.66,0.32,0.020000000000000018,-0.13,0.03999999999999998,-0.27999999999999997,0.00011238038889144593,0.0005379989587529078,0.0006503793476443538,/Users/deepakkanneganti/Documents/TTA-Composition/Service-level TTA Model/TTA techniques/artifacts_tta_memo/client_2_brightness_tta_memo
tta_memo,perf_0_1_3_4_plus_2_on_brightness,"client_0,client_1,client_3,client_4",4,client_2,brightness,50,50,0.2148,0.977,0.64,0.28,0.77,0.56,0.66,0.32,0.020000000000000018,-0.10999999999999999,0.03999999999999998,-0.24000000000000005,0.00014560091892109903,0.0005098696868476485,0.0006554706057687475,/Users/deepakkanneganti/Documents/TTA-Composition/Service-level TTA Model/TTA techniques/artifacts_tta_memo/client_2_brightness_tta_memo
tta_memo,perf_0_plus_2_on_glass_blur,client_0,1,client_2,glass_blur,50,50,0.7098,0.8325,0.92,0.84,0.94,0.88,0.92,0.84,0.0,-0.019999999999999907,0.0,-0.040000000000000036,2.069622226596157e-05,0.011256548908664137,0.011277245130930098,/Users/deepakkanneganti/Documents/TTA-Composition/Service-level TTA Model/TTA techniques/artifacts_tta_memo/client_2_glass_blur_tta_memo
tta_memo,perf_1_plus_2_on_glass_blur,client_1,1,client_2,glass_blur,50,50,0.7098,0.8325,0.93,0.86,0.92,0.86,0.9,0.82,-0.030000000000000027,-0.020000000000000018,-0.040000000000000036,-0.040000000000000036,2.3838697553207702e-05,0.014438452148910668,0.014462290846463876,/Users/deepakkanneganti/Documents/TTA-Composition/Service-level TTA Model/TTA techniques/artifacts_tta_memo/client_2_glass_blur_tta_memo
tta_memo,perf_3_plus_2_on_glass_blur,client_3,1,client_2,glass_blur,50,50,0.7098,0.8325,0.92,0.84,0.94,0.88,0.91,0.82,-0.010000000000000009,-0.029999999999999916,-0.020000000000000018,-0.06000000000000005,1.7209073459160657e-05,0.008258929696278996,0.008276138769738157,/Users/deepakkanneganti/Documents/TTA-Composition/Service-level TTA Model/TTA techniques/artifacts_tta_memo/client_2_glass_blur_tta_memo
tta_memo,perf_4_plus_2_on_glass_blur,client_4,1,client_2,glass_blur,50,50,0.7098,0.8325,0.92,0.84,0.93,0.86,0.92,0.84,0.0,-0.010000000000000009,0.0,-0.020000000000000018,1.758222433356672e-05,0.005378516258669495,0.005396098483003062,/Users/deepakkanneganti/Documents/TTA-Composition/Service-level TTA Model/TTA techniques/artifacts_tta_memo/client_2_glass_blur_tta_memo
tta_memo,perf_0_1_plus_2_on_glass_blur,"client_0,client_1",2,client_2,glass_blur,50,50,0.7098,0.8325,0.91,0.82,0.93,0.86,0.91,0.84,0.0,-0.020000000000000018,0.020000000000000018,-0.020000000000000018,7.654287553595354e-05,0.01711785204877213,0.017194394924308087,/Users/deepakkanneganti/Documents/TTA-Composition/Service-level TTA Model/TTA techniques/artifacts_tta_memo/client_2_glass_blur_tta_memo
tta_memo,perf_0_3_plus_2_on_glass_blur,"client_0,client_3",2,client_2,glass_blur,50,50,0.7098,0.8325,0.94,0.88,0.94,0.88,0.93,0.86,-0.009999999999999898,-0.009999999999999898,-0.020000000000000018,-0.020000000000000018,7.172683298845508e-05,0.012616208887916779,0.012687935720905234,/Users/deepakkanneganti/Documents/TTA-Composition/Service-level TTA Model/TTA techniques/artifacts_tta_memo/client_2_glass_blur_tta_memo
tta_memo,perf_0_4_plus_2_on_glass_blur,"client_0,client_4",2,client_2,glass_blur,50,50,0.7098,0.8325,0.92,0.84,0.93,0.86,0.93,0.86,0.010000000000000009,0.0,0.020000000000000018,0.0,6.898026172960863e-05,0.009765460746188847,0.009834441007918455,/Users/deepakkanneganti/Documents/TTA-Composition/Service-level TTA Model/TTA techniques/artifacts_tta_memo/client_2_glass_blur_tta_memo
tta_memo,perf_1_3_plus_2_on_glass_blur,"client_1,client_3",2,client_2,glass_blur,50,50,0.7098,0.8325,0.93,0.86,0.94,0.88,0.94,0.88,0.009999999999999898,0.0,0.020000000000000018,0.0,7.340497820829512e-05,0.014943274318517018,0.015016679296725313,/Users/deepakkanneganti/Documents/TTA-Composition/Service-level TTA Model/TTA techniques/artifacts_tta_memo/client_2_glass_blur_tta_memo
tta_memo,perf_1_4_plus_2_on_glass_blur,"client_1,client_4",2,client_2,glass_blur,50,50,0.7098,0.8325,0.91,0.84,0.93,0.86,0.9,0.82,-0.010000000000000009,-0.030000000000000027,-0.020000000000000018,-0.040000000000000036,6.973557596799482e-05,0.012245663901610526,0.012315399477578521,/Users/deepakkanneganti/Documents/TTA-Composition/Service-level TTA Model/TTA techniques/artifacts_tta_memo/client_2_glass_blur_tta_memo
tta_memo,perf_3_4_plus_2_on_glass_blur,"client_3,client_4",2,client_2,glass_blur,50,50,0.7098,0.8325,0.93,0.86,0.94,0.88,0.93,0.86,0.0,-0.009999999999999898,0.0,-0.020000000000000018,6.740454789153915e-05,0.00851825091994717,0.00858565546783871,/Users/deepakkanneganti/Documents/TTA-Composition/Service-level TTA Model/TTA techniques/artifacts_tta_memo/client_2_glass_blur_tta_memo
tta_memo,perf_0_1_3_plus_2_on_glass_blur,"client_0,client_1,client_3",3,client_2,glass_blur,50,50,0.7098,0.8325,0.94,0.88,0.94,0.88,0.94,0.88,0.0,0.0,0.0,0.0,0.0001181500498442315,0.016356476102136554,0.016474626151980785,/Users/deepakkanneganti/Documents/TTA-Composition/Service-level TTA Model/TTA techniques/artifacts_tta_memo/client_2_glass_blur_tta_memo
tta_memo,perf_0_1_4_plus_2_on_glass_blur,"client_0,client_1,client_4",3,client_2,glass_blur,50,50,0.7098,0.8325,0.92,0.84,0.93,0.86,0.91,0.84,-0.010000000000000009,-0.020000000000000018,0.0,-0.020000000000000018,0.00011293147670077347,0.013993740631250725,0.014106672107951497,/Users/deepakkanneganti/Documents/TTA-Composition/Service-level TTA Model/TTA techniques/artifacts_tta_memo/client_2_glass_blur_tta_memo
tta_memo,perf_0_3_4_plus_2_on_glass_blur,"client_0,client_3,client_4",3,client_2,glass_blur,50,50,0.7098,0.8325,0.93,0.86,0.94,0.88,0.93,0.86,0.0,-0.009999999999999898,0.0,-0.020000000000000018,0.0001125812838115933,0.011061508843183415,0.011174090126995008,/Users/deepakkanneganti/Documents/TTA-Composition/Service-level TTA Model/TTA techniques/artifacts_tta_memo/client_2_glass_blur_tta_memo
tta_memo,perf_1_3_4_plus_2_on_glass_blur,"client_1,client_3,client_4",3,client_2,glass_blur,50,50,0.7098,0.8325,0.93,0.86,0.94,0.88,0.94,0.88,0.009999999999999898,0.0,0.020000000000000018,0.0,0.00011228558991351233,0.012827504875595887,0.0129397904655094,/Users/deepakkanneganti/Documents/TTA-Composition/Service-level TTA Model/TTA techniques/artifacts_tta_memo/client_2_glass_blur_tta_memo
tta_memo,perf_0_1_3_4_plus_2_on_glass_blur,"client_0,client_1,client_3,client_4",4,client_2,glass_blur,50,50,0.7098,0.8325,0.93,0.86,0.94,0.88,0.94,0.88,0.009999999999999898,0.0,0.020000000000000018,0.0,0.00014549806682711265,0.014093146063294778,0.01423864413012189,/Users/deepakkanneganti/Documents/TTA-Composition/Service-level TTA Model/TTA techniques/artifacts_tta_memo/client_2_glass_blur_tta_memo
tta_memo,perf_0_plus_2_on_stripe,client_0,1,client_2,stripe,50,50,0.8506,0.9131,0.95,0.9,0.97,0.94,0.91,0.82,-0.039999999999999925,-0.05999999999999994,-0.08000000000000007,-0.12,2.0644379573256277e-05,1.7728876994612883e-05,3.837325656786916e-05,/Users/deepakkanneganti/Documents/TTA-Composition/Service-level TTA Model/TTA techniques/artifacts_tta_memo/client_2_stripe_tta_memo
tta_memo,perf_1_plus_2_on_stripe,client_1,1,client_2,stripe,50,50,0.8506,0.9131,0.94,0.88,0.98,0.96,0.94,0.9,0.0,-0.040000000000000036,0.020000000000000018,-0.05999999999999994,2.381438609939706e-05,2.350533987232119e-05,4.7319725971718246e-05,/Users/deepakkanneganti/Documents/TTA-Composition/Service-level TTA Model/TTA techniques/artifacts_tta_memo/client_2_stripe_tta_memo
tta_memo,perf_3_plus_2_on_stripe,client_3,1,client_2,stripe,50,50,0.8506,0.9131,0.93,0.86,0.98,0.96,0.95,0.9,0.019999999999999907,-0.030000000000000027,0.040000000000000036,-0.05999999999999994,1.7210781431420913e-05,3.570105996020968e-05,5.291184139163059e-05,/Users/deepakkanneganti/Documents/TTA-Composition/Service-level TTA Model/TTA techniques/artifacts_tta_memo/client_2_stripe_tta_memo
tta_memo,perf_4_plus_2_on_stripe,client_4,1,client_2,stripe,50,50,0.8506,0.9131,0.94,0.88,0.96,0.92,0.92,0.84,-0.019999999999999907,-0.039999999999999925,-0.040000000000000036,-0.08000000000000007,1.7541960598397962e-05,1.7694250119962353e-05,3.5236210718360315e-05,/Users/deepakkanneganti/Documents/TTA-Composition/Service-level TTA Model/TTA techniques/artifacts_tta_memo/client_2_stripe_tta_memo
tta_memo,perf_0_1_plus_2_on_stripe,"client_0,client_1",2,client_2,stripe,50,50,0.8506,0.9131,0.95,0.9,0.98,0.96,0.92,0.86,-0.029999999999999916,-0.05999999999999994,-0.040000000000000036,-0.09999999999999998,7.638909258897386e-05,2.2941570292959405e-05,9.933066288193326e-05,/Users/deepakkanneganti/Documents/TTA-Composition/Service-level TTA Model/TTA techniques/artifacts_tta_memo/client_2_stripe_tta_memo
tta_memo,perf_0_3_plus_2_on_stripe,"client_0,client_3",2,client_2,stripe,50,50,0.8506,0.9131,0.94,0.88,0.97,0.94,0.94,0.88,0.0,-0.030000000000000027,0.0,-0.05999999999999994,7.162902176165213e-05,2.8120787196897828e-05,9.974980895854996e-05,/Users/deepakkanneganti/Documents/TTA-Composition/Service-level TTA Model/TTA techniques/artifacts_tta_memo/client_2_stripe_tta_memo
tta_memo,perf_0_4_plus_2_on_stripe,"client_0,client_4",2,client_2,stripe,50,50,0.8506,0.9131,0.95,0.9,0.97,0.94,0.93,0.86,-0.019999999999999907,-0.039999999999999925,-0.040000000000000036,-0.07999999999999996,6.879264790946946e-05,1.9687153179343128e-05,8.847980108881259e-05,/Users/deepakkanneganti/Documents/TTA-Composition/Service-level TTA Model/TTA techniques/artifacts_tta_memo/client_2_stripe_tta_memo
tta_memo,perf_1_3_plus_2_on_stripe,"client_1,client_3",2,client_2,stripe,50,50,0.8506,0.9131,0.94,0.88,0.98,0.96,0.96,0.92,0.020000000000000018,-0.020000000000000018,0.040000000000000036,-0.039999999999999925,7.336816726621991e-05,3.31418962310455e-05,0.00010651006349726541,/Users/deepakkanneganti/Documents/TTA-Composition/Service-level TTA Model/TTA techniques/artifacts_tta_memo/client_2_stripe_tta_memo
tta_memo,perf_1_4_plus_2_on_stripe,"client_1,client_4",2,client_2,stripe,50,50,0.8506,0.9131,0.93,0.88,0.98,0.96,0.91,0.84,-0.020000000000000018,-0.06999999999999995,-0.040000000000000036,-0.12,6.960509257577019e-05,2.3727608059691453e-05,9.333270063546164e-05,/Users/deepakkanneganti/Documents/TTA-Composition/Service-level TTA Model/TTA techniques/artifacts_tta_memo/client_2_stripe_tta_memo
tta_memo,perf_3_4_plus_2_on_stripe,"client_3,client_4",2,client_2,stripe,50,50,0.8506,0.9131,0.93,0.86,0.98,0.96,0.93,0.86,0.0,-0.04999999999999993,0.0,-0.09999999999999998,6.732027455339429e-05,2.8079036460611755e-05,9.539931101400604e-05,/Users/deepakkanneganti/Documents/TTA-Composition/Service-level TTA Model/TTA techniques/artifacts_tta_memo/client_2_stripe_tta_memo
tta_memo,perf_0_1_3_plus_2_on_stripe,"client_0,client_1,client_3",3,client_2,stripe,50,50,0.8506,0.9131,0.94,0.88,0.98,0.96,0.94,0.88,0.0,-0.040000000000000036,0.0,-0.07999999999999996,0.0001179898347176621,2.8901678473335216e-05,0.0001468915131909973,/Users/deepakkanneganti/Documents/TTA-Composition/Service-level TTA Model/TTA techniques/artifacts_tta_memo/client_2_stripe_tta_memo
tta_memo,perf_0_1_4_plus_2_on_stripe,"client_0,client_1,client_4",3,client_2,stripe,50,50,0.8506,0.9131,0.95,0.9,0.97,0.94,0.92,0.86,-0.029999999999999916,-0.04999999999999993,-0.040000000000000036,-0.07999999999999996,0.00011267096161352159,2.298674827674437e-05,0.00013565770989026595,/Users/deepakkanneganti/Documents/TTA-Composition/Service-level TTA Model/TTA techniques/artifacts_tta_memo/client_2_stripe_tta_memo
tta_memo,perf_0_3_4_plus_2_on_stripe,"client_0,client_3,client_4",3,client_2,stripe,50,50,0.8506,0.9131,0.94,0.88,0.97,0.94,0.94,0.88,0.0,-0.030000000000000027,0.0,-0.05999999999999994,0.00011237042306971865,2.588845661633112e-05,0.00013825887968604977,/Users/deepakkanneganti/Documents/TTA-Composition/Service-level TTA Model/TTA techniques/artifacts_tta_memo/client_2_stripe_tta_memo
tta_memo,perf_1_3_4_plus_2_on_stripe,"client_1,client_3,client_4",3,client_2,stripe,50,50,0.8506,0.9131,0.94,0.88,0.98,0.96,0.94,0.88,0.0,-0.040000000000000036,0.0,-0.07999999999999996,0.00011214167467201462,2.9334245341255003e-05,0.00014147592001326962,/Users/deepakkanneganti/Documents/TTA-Composition/Service-level TTA Model/TTA techniques/artifacts_tta_memo/client_2_stripe_tta_memo
tta_memo,perf_0_1_3_4_plus_2_on_stripe,"client_0,client_1,client_3,client_4",4,client_2,stripe,50,50,0.8506,0.9131,0.94,0.88,0.98,0.96,0.94,0.88,0.0,-0.040000000000000036,0.0,-0.07999999999999996,0.00014524371510806045,2.720288497822719e-05,0.00017244660008628764,/Users/deepakkanneganti/Documents/TTA-Composition/Service-level TTA Model/TTA techniques/artifacts_tta_memo/client_2_stripe_tta_memo
tta_memo,perf_0_plus_2_on_zigzag,client_0,1,client_2,zigzag,50,50,0.8266,0.8631,0.89,0.78,0.9,0.8,0.89,0.78,0.0,-0.010000000000000009,0.0,-0.020000000000000018,2.0664529505471253e-05,0.017925946316568925,0.017946610846074396,/Users/deepakkanneganti/Documents/TTA-Composition/Service-level TTA Model/TTA techniques/artifacts_tta_memo/client_2_zigzag_tta_memo
tta_memo,perf_1_plus_2_on_zigzag,client_1,1,client_2,zigzag,50,50,0.8266,0.8631,0.9,0.8,0.89,0.8,0.91,0.84,0.010000000000000009,0.020000000000000018,0.039999999999999925,0.039999999999999925,2.383010687577672e-05,0.0321112410741588,0.03213507118103458,/Users/deepakkanneganti/Documents/TTA-Composition/Service-level TTA Model/TTA techniques/artifacts_tta_memo/client_2_zigzag_tta_memo
tta_memo,perf_3_plus_2_on_zigzag,client_3,1,client_2,zigzag,50,50,0.8266,0.8631,0.9,0.8,0.91,0.82,0.88,0.76,-0.020000000000000018,-0.030000000000000027,-0.040000000000000036,-0.05999999999999994,1.7214031853586983e-05,0.027072543493232987,0.027089757525086574,/Users/deepakkanneganti/Documents/TTA-Composition/Service-level TTA Model/TTA techniques/artifacts_tta_memo/client_2_zigzag_tta_memo
tta_memo,perf_4_plus_2_on_zigzag,client_4,1,client_2,zigzag,50,50,0.8266,0.8631,0.88,0.76,0.9,0.8,0.88,0.76,0.0,-0.020000000000000018,0.0,-0.040000000000000036,1.755960235735334e-05,0.013310028495961196,0.013327588098318549,/Users/deepakkanneganti/Documents/TTA-Composition/Service-level TTA Model/TTA techniques/artifacts_tta_memo/client_2_zigzag_tta_memo
tta_memo,perf_0_1_plus_2_on_zigzag,"client_0,client_1",2,client_2,zigzag,50,50,0.8266,0.8631,0.91,0.82,0.9,0.8,0.9,0.82,-0.010000000000000009,0.0,0.0,0.019999999999999907,7.645956401768432e-05,0.03358620209044632,0.03366266165446401,/Users/deepakkanneganti/Documents/TTA-Composition/Service-level TTA Model/TTA techniques/artifacts_tta_memo/client_2_zigzag_tta_memo
tta_memo,perf_0_3_plus_2_on_zigzag,"client_0,client_3",2,client_2,zigzag,50,50,0.8266,0.8631,0.9,0.8,0.9,0.8,0.9,0.8,0.0,0.0,0.0,0.0,7.167657788078533e-05,0.03052035277550462,0.030592029353385404,/Users/deepakkanneganti/Documents/TTA-Composition/Service-level TTA Model/TTA techniques/artifacts_tta_memo/client_2_zigzag_tta_memo
tta_memo,perf_0_4_plus_2_on_zigzag,"client_0,client_4",2,client_2,zigzag,50,50,0.8266,0.8631,0.9,0.8,0.9,0.8,0.91,0.82,0.010000000000000009,0.010000000000000009,0.019999999999999907,0.019999999999999907,6.887016984081674e-05,0.02042193733017716,0.020490807500017978,/Users/deepakkanneganti/Documents/TTA-Composition/Service-level TTA Model/TTA techniques/artifacts_tta_memo/client_2_zigzag_tta_memo
tta_memo,perf_1_3_plus_2_on_zigzag,"client_1,client_3",2,client_2,zigzag,50,50,0.8266,0.8631,0.9,0.8,0.9,0.8,0.91,0.82,0.010000000000000009,0.010000000000000009,0.019999999999999907,0.019999999999999907,7.340294851412876e-05,0.04469931280888231,0.04477271575739644,/Users/deepakkanneganti/Documents/TTA-Composition/Service-level TTA Model/TTA techniques/artifacts_tta_memo/client_2_zigzag_tta_memo
tta_memo,perf_1_4_plus_2_on_zigzag,"client_1,client_4",2,client_2,zigzag,50,50,0.8266,0.8631,0.9,0.82,0.9,0.8,0.91,0.84,0.010000000000000009,0.010000000000000009,0.020000000000000018,0.039999999999999925,6.967010147793722e-05,0.03120495677772477,0.031274626879202704,/Users/deepakkanneganti/Documents/TTA-Composition/Service-level TTA Model/TTA techniques/artifacts_tta_memo/client_2_zigzag_tta_memo
tta_memo,perf_3_4_plus_2_on_zigzag,"client_3,client_4",2,client_2,zigzag,50,50,0.8266,0.8631,0.91,0.82,0.91,0.82,0.89,0.78,-0.020000000000000018,-0.020000000000000018,-0.039999999999999925,-0.039999999999999925,6.736567768908207e-05,0.02566015368823375,0.02572751936592283,/Users/deepakkanneganti/Documents/TTA-Composition/Service-level TTA Model/TTA techniques/artifacts_tta_memo/client_2_zigzag_tta_memo
tta_memo,perf_0_1_3_plus_2_on_zigzag,"client_0,client_1,client_3",3,client_2,zigzag,50,50,0.8266,0.8631,0.9,0.8,0.9,0.8,0.91,0.82,0.010000000000000009,0.010000000000000009,0.019999999999999907,0.019999999999999907,0.00011807447050147773,0.04058712201297493,0.04070519648347641,/Users/deepakkanneganti/Documents/TTA-Composition/Service-level TTA Model/TTA techniques/artifacts_tta_memo/client_2_zigzag_tta_memo
tta_memo,perf_0_1_4_plus_2_on_zigzag,"client_0,client_1,client_4",3,client_2,zigzag,50,50,0.8266,0.8631,0.91,0.82,0.9,0.8,0.91,0.84,0.0,0.010000000000000009,0.020000000000000018,0.039999999999999925,0.00011278909652596723,0.031260015313958285,0.031372804410484255,/Users/deepakkanneganti/Documents/TTA-Composition/Service-level TTA Model/TTA techniques/artifacts_tta_memo/client_2_zigzag_tta_memo
tta_memo,perf_0_3_4_plus_2_on_zigzag,"client_0,client_3,client_4",3,client_2,zigzag,50,50,0.8266,0.8631,0.9,0.8,0.91,0.82,0.89,0.78,-0.010000000000000009,-0.020000000000000018,-0.020000000000000018,-0.039999999999999925,0.00011246701151455903,0.02798586999797041,0.02809833700948497,/Users/deepakkanneganti/Documents/TTA-Composition/Service-level TTA Model/TTA techniques/artifacts_tta_memo/client_2_zigzag_tta_memo
tta_memo,perf_1_3_4_plus_2_on_zigzag,"client_1,client_3,client_4",3,client_2,zigzag,50,50,0.8266,0.8631,0.9,0.8,0.9,0.8,0.91,0.82,0.010000000000000009,0.010000000000000009,0.019999999999999907,0.019999999999999907,0.00011222490022690311,0.03758063495419666,0.03769285985442356,/Users/deepakkanneganti/Documents/TTA-Composition/Service-level TTA Model/TTA techniques/artifacts_tta_memo/client_2_zigzag_tta_memo
tta_memo,perf_0_1_3_4_plus_2_on_zigzag,"client_0,client_1,client_3,client_4",4,client_2,zigzag,50,50,0.8266,0.8631,0.9,0.8,0.9,0.8,0.91,0.82,0.010000000000000009,0.010000000000000009,0.019999999999999907,0.019999999999999907,0.00014536965443056276,0.03613038650572625,0.03627575616015682,/Users/deepakkanneganti/Documents/TTA-Composition/Service-level TTA Model/TTA techniques/artifacts_tta_memo/client_2_zigzag_tta_memo
tta_memo,perf_0_plus_3_on_brightness,client_0,1,client_3,brightness,50,50,0.189,0.9807,0.6,0.2,0.83,0.66,0.62,0.24,0.020000000000000018,-0.20999999999999996,0.03999999999999998,-0.42000000000000004,2.919236701483253e-05,0.0003451900094618985,0.000374382376476731,/Users/deepakkanneganti/Documents/TTA-Composition/Service-level TTA Model/TTA techniques/artifacts_tta_memo/client_3_brightness_tta_memo
tta_memo,perf_1_plus_3_on_brightness,client_1,1,client_3,brightness,50,50,0.189,0.9807,0.63,0.26,0.83,0.68,0.67,0.36,0.040000000000000036,-0.15999999999999992,0.09999999999999998,-0.32000000000000006,3.588640898700848e-05,0.0003896256058898879,0.0004255120148768964,/Users/deepakkanneganti/Documents/TTA-Composition/Service-level TTA Model/TTA techniques/artifacts_tta_memo/client_3_brightness_tta_memo
tta_memo,perf_2_plus_3_on_brightness,client_2,1,client_3,brightness,50,50,0.189,0.9807,0.59,0.18,0.79,0.6,0.61,0.22,0.020000000000000018,-0.18000000000000005,0.04000000000000001,-0.38,1.722027077240278e-05,0.00041359572619650067,0.00043081599696890346,/Users/deepakkanneganti/Documents/TTA-Composition/Service-level TTA Model/TTA techniques/artifacts_tta_memo/client_3_brightness_tta_memo
tta_memo,perf_4_plus_3_on_brightness,client_4,1,client_3,brightness,50,50,0.189,0.9807,0.63,0.26,0.87,0.78,0.67,0.34,0.040000000000000036,-0.19999999999999996,0.08000000000000002,-0.44,2.6132810578683537e-05,0.0003784343830268442,0.00040456719360552776,/Users/deepakkanneganti/Documents/TTA-Composition/Service-level TTA Model/TTA techniques/artifacts_tta_memo/client_3_brightness_tta_memo
tta_memo,perf_0_1_plus_3_on_brightness,"client_0,client_1",2,client_3,brightness,50,50,0.189,0.9807,0.64,0.28,0.85,0.7,0.66,0.34,0.020000000000000018,-0.18999999999999995,0.06,-0.35999999999999993,0.00011736929067795628,0.00043084839245281114,0.0005482176831307674,/Users/deepakkanneganti/Documents/TTA-Composition/Service-level TTA Model/TTA techniques/artifacts_tta_memo/client_3_brightness_tta_memo
tta_memo,perf_0_2_plus_3_on_brightness,"client_0,client_2",2,client_3,brightness,50,50,0.189,0.9807,0.6,0.2,0.79,0.6,0.62,0.24,0.020000000000000018,-0.17000000000000004,0.03999999999999998,-0.36,9.600559928523469e-05,0.0004553688600220169,0.0005513744593072516,/Users/deepakkanneganti/Documents/TTA-Composition/Service-level TTA Model/TTA techniques/artifacts_tta_memo/client_3_brightness_tta_memo
tta_memo,perf_0_4_plus_3_on_brightness,"client_0,client_4",2,client_3,brightness,50,50,0.189,0.9807,0.62,0.24,0.85,0.7,0.67,0.34,0.050000000000000044,-0.17999999999999994,0.10000000000000003,-0.35999999999999993,0.0001052056150741696,0.0004184373084729523,0.0005236429235471219,/Users/deepakkanneganti/Documents/TTA-Composition/Service-level TTA Model/TTA techniques/artifacts_tta_memo/client_3_brightness_tta_memo
tta_memo,perf_1_2_plus_3_on_brightness,"client_1,client_2",2,client_3,brightness,50,50,0.189,0.9807,0.62,0.24,0.81,0.64,0.64,0.28,0.020000000000000018,-0.17000000000000004,0.040000000000000036,-0.36,0.00010342737101785398,0.00045334213689689017,0.0005567695079147442,/Users/deepakkanneganti/Documents/TTA-Composition/Service-level TTA Model/TTA techniques/artifacts_tta_memo/client_3_brightness_tta_memo
tta_memo,perf_1_4_plus_3_on_brightness,"client_1,client_4",2,client_3,brightness,50,50,0.189,0.9807,0.66,0.32,0.88,0.76,0.68,0.38,0.020000000000000018,-0.19999999999999996,0.06,-0.38,0.00011008326900318077,0.00047394061304413434,0.0005840238820473151,/Users/deepakkanneganti/Documents/TTA-Composition/Service-level TTA Model/TTA techniques/artifacts_tta_memo/client_3_brightness_tta_memo
tta_memo,perf_2_4_plus_3_on_brightness,"client_2,client_4",2,client_3,brightness,50,50,0.189,0.9807,0.63,0.26,0.82,0.66,0.66,0.32,0.030000000000000027,-0.15999999999999992,0.06,-0.34,9.456996268643862e-05,0.0004925096697580842,0.0005870796324445229,/Users/deepakkanneganti/Documents/TTA-Composition/Service-level TTA Model/TTA techniques/artifacts_tta_memo/client_3_brightness_tta_memo
tta_memo,perf_0_1_2_plus_3_on_brightness,"client_0,client_1,client_2",3,client_3,brightness,50,50,0.189,0.9807,0.62,0.24,0.83,0.66,0.64,0.28,0.020000000000000018,-0.18999999999999995,0.040000000000000036,-0.38,0.00017592815433129362,0.00047064065130579275,0.0006465688056370864,/Users/deepakkanneganti/Documents/TTA-Composition/Service-level TTA Model/TTA techniques/artifacts_tta_memo/client_3_brightness_tta_memo
tta_memo,perf_0_1_4_plus_3_on_brightness,"client_0,client_1,client_4",3,client_3,brightness,50,50,0.189,0.9807,0.66,0.32,0.85,0.7,0.66,0.34,0.0,-0.18999999999999995,0.020000000000000018,-0.35999999999999993,0.00017857871891179634,0.00046685697773680035,0.0006454356966485966,/Users/deepakkanneganti/Documents/TTA-Composition/Service-level TTA Model/TTA techniques/artifacts_tta_memo/client_3_brightness_tta_memo
tta_memo,perf_0_2_4_plus_3_on_brightness,"client_0,client_2,client_4",3,client_3,brightness,50,50,0.189,0.9807,0.62,0.24,0.81,0.64,0.64,0.28,0.020000000000000018,-0.17000000000000004,0.040000000000000036,-0.36,0.00016715902180049124,0.0004835295484696617,0.0006506885702701529,/Users/deepakkanneganti/Documents/TTA-Composition/Service-level TTA Model/TTA techniques/artifacts_tta_memo/client_3_brightness_tta_memo
tta_memo,perf_1_2_4_plus_3_on_brightness,"client_1,client_2,client_4",3,client_3,brightness,50,50,0.189,0.9807,0.64,0.28,0.82,0.66,0.66,0.34,0.020000000000000018,-0.15999999999999992,0.06,-0.32,0.00017207927562867798,0.0005033223757874075,0.0006754016514160855,/Users/deepakkanneganti/Documents/TTA-Composition/Service-level TTA Model/TTA techniques/artifacts_tta_memo/client_3_brightness_tta_memo
tta_memo,perf_0_1_2_4_plus_3_on_brightness,"client_0,client_1,client_2,client_4",4,client_3,brightness,50,50,0.189,0.9807,0.64,0.28,0.81,0.64,0.66,0.32,0.020000000000000018,-0.15000000000000002,0.03999999999999998,-0.32,0.00022633443428553735,0.0004953274528086614,0.0007216618870941987,/Users/deepakkanneganti/Documents/TTA-Composition/Service-level TTA Model/TTA techniques/artifacts_tta_memo/client_3_brightness_tta_memo
tta_memo,perf_0_plus_3_on_glass_blur,client_0,1,client_3,glass_blur,50,50,0.8118,0.8786,0.93,0.86,0.93,0.86,0.92,0.84,-0.010000000000000009,-0.010000000000000009,-0.020000000000000018,-0.020000000000000018,2.9228106249628306e-05,0.014098115899286185,0.014127344005535813,/Users/deepakkanneganti/Documents/TTA-Composition/Service-level TTA Model/TTA techniques/artifacts_tta_memo/client_3_glass_blur_tta_memo
tta_memo,perf_1_plus_3_on_glass_blur,client_1,1,client_3,glass_blur,50,50,0.8118,0.8786,0.94,0.88,0.93,0.88,0.9,0.82,-0.039999999999999925,-0.030000000000000027,-0.06000000000000005,-0.06000000000000005,3.591993055452513e-05,0.011784781923441184,0.011820701853995709,/Users/deepakkanneganti/Documents/TTA-Composition/Service-level TTA Model/TTA techniques/artifacts_tta_memo/client_3_glass_blur_tta_memo
tta_memo,perf_2_plus_3_on_glass_blur,client_2,1,client_3,glass_blur,50,50,0.8118,0.8786,0.92,0.84,0.93,0.86,0.9,0.8,-0.020000000000000018,-0.030000000000000027,-0.039999999999999925,-0.05999999999999994,1.7202756326351854e-05,0.009441073107137626,0.009458275863463978,/Users/deepakkanneganti/Documents/TTA-Composition/Service-level TTA Model/TTA techniques/artifacts_tta_memo/client_3_glass_blur_tta_memo
tta_memo,perf_4_plus_3_on_glass_blur,client_4,1,client_3,glass_blur,50,50,0.8118,0.8786,0.93,0.86,0.94,0.88,0.92,0.84,-0.010000000000000009,-0.019999999999999907,-0.020000000000000018,-0.040000000000000036,2.610478869178596e-05,0.008930173395620527,0.008956278184312313,/Users/deepakkanneganti/Documents/TTA-Composition/Service-level TTA Model/TTA techniques/artifacts_tta_memo/client_3_glass_blur_tta_memo
tta_memo,perf_0_1_plus_3_on_glass_blur,"client_0,client_1",2,client_3,glass_blur,50,50,0.8118,0.8786,0.94,0.88,0.94,0.88,0.91,0.84,-0.029999999999999916,-0.029999999999999916,-0.040000000000000036,-0.040000000000000036,0.00011751308075241159,0.0173356777763958,0.01745319085714821,/Users/deepakkanneganti/Documents/TTA-Composition/Service-level TTA Model/TTA techniques/artifacts_tta_memo/client_3_glass_blur_tta_memo
tta_memo,perf_0_2_plus_3_on_glass_blur,"client_0,client_2",2,client_3,glass_blur,50,50,0.8118,0.8786,0.94,0.88,0.94,0.88,0.92,0.84,-0.019999999999999907,-0.019999999999999907,-0.040000000000000036,-0.040000000000000036,9.601292476772124e-05,0.016067954860682573,0.016163967785450293,/Users/deepakkanneganti/Documents/TTA-Composition/Service-level TTA Model/TTA techniques/artifacts_tta_memo/client_3_glass_blur_tta_memo
tta_memo,perf_0_4_plus_3_on_glass_blur,"client_0,client_4",2,client_3,glass_blur,50,50,0.8118,0.8786,0.93,0.86,0.93,0.86,0.93,0.86,0.0,0.0,0.0,0.0,0.00010521384245075787,0.014488518679955478,0.014593732522406236,/Users/deepakkanneganti/Documents/TTA-Composition/Service-level TTA Model/TTA techniques/artifacts_tta_memo/client_3_glass_blur_tta_memo
tta_memo,perf_1_2_plus_3_on_glass_blur,"client_1,client_2",2,client_3,glass_blur,50,50,0.8118,0.8786,0.93,0.86,0.94,0.88,0.93,0.86,0.0,-0.009999999999999898,0.0,-0.020000000000000018,0.00010341711403954655,0.013001201978356833,0.01310461909239638,/Users/deepakkanneganti/Documents/TTA-Composition/Service-level TTA Model/TTA techniques/artifacts_tta_memo/client_3_glass_blur_tta_memo
tta_memo,perf_1_4_plus_3_on_glass_blur,"client_1,client_4",2,client_3,glass_blur,50,50,0.8118,0.8786,0.94,0.88,0.94,0.88,0.9,0.82,-0.039999999999999925,-0.039999999999999925,-0.06000000000000005,-0.06000000000000005,0.00011007213923871355,0.014791937933557356,0.01490201007279607,/Users/deepakkanneganti/Documents/TTA-Composition/Service-level TTA Model/TTA techniques/artifacts_tta_memo/client_3_glass_blur_tta_memo
tta_memo,perf_2_4_plus_3_on_glass_blur,"client_2,client_4",2,client_3,glass_blur,50,50,0.8118,0.8786,0.93,0.86,0.94,0.88,0.92,0.84,-0.010000000000000009,-0.019999999999999907,-0.020000000000000018,-0.040000000000000036,9.44543332000424e-05,0.013329737853484985,0.013424192186685028,/Users/deepakkanneganti/Documents/TTA-Composition/Service-level TTA Model/TTA techniques/artifacts_tta_memo/client_3_glass_blur_tta_memo
tta_memo,perf_0_1_2_plus_3_on_glass_blur,"client_0,client_1,client_2",3,client_3,glass_blur,50,50,0.8118,0.8786,0.94,0.88,0.94,0.88,0.91,0.82,-0.029999999999999916,-0.029999999999999916,-0.06000000000000005,-0.06000000000000005,0.00017600449590822538,0.016899758708603094,0.01707576320451132,/Users/deepakkanneganti/Documents/TTA-Composition/Service-level TTA Model/TTA techniques/artifacts_tta_memo/client_3_glass_blur_tta_memo
tta_memo,perf_0_1_4_plus_3_on_glass_blur,"client_0,client_1,client_4",3,client_3,glass_blur,50,50,0.8118,0.8786,0.94,0.88,0.94,0.88,0.91,0.84,-0.029999999999999916,-0.029999999999999916,-0.040000000000000036,-0.040000000000000036,0.00017865604926065785,0.01724166187475086,0.017420317924011518,/Users/deepakkanneganti/Documents/TTA-Composition/Service-level TTA Model/TTA techniques/artifacts_tta_memo/client_3_glass_blur_tta_memo
tta_memo,perf_0_2_4_plus_3_on_glass_blur,"client_0,client_2,client_4",3,client_3,glass_blur,50,50,0.8118,0.8786,0.93,0.86,0.94,0.88,0.92,0.84,-0.010000000000000009,-0.019999999999999907,-0.020000000000000018,-0.040000000000000036,0.000167096556761024,0.01632452366809377,0.016491620224854793,/Users/deepakkanneganti/Documents/TTA-Composition/Service-level TTA Model/TTA techniques/artifacts_tta_memo/client_3_glass_blur_tta_memo
tta_memo,perf_1_2_4_plus_3_on_glass_blur,"client_1,client_2,client_4",3,client_3,glass_blur,50,50,0.8118,0.8786,0.93,0.86,0.94,0.88,0.91,0.84,-0.020000000000000018,-0.029999999999999916,-0.020000000000000018,-0.040000000000000036,0.00017199298336598065,0.015284478652976751,0.015456471636342731,/Users/deepakkanneganti/Documents/TTA-Composition/Service-level TTA Model/TTA techniques/artifacts_tta_memo/client_3_glass_blur_tta_memo
tta_memo,perf_0_1_2_4_plus_3_on_glass_blur,"client_0,client_1,client_2,client_4",4,client_3,glass_blur,50,50,0.8118,0.8786,0.93,0.86,0.94,0.88,0.92,0.84,-0.010000000000000009,-0.019999999999999907,-0.020000000000000018,-0.040000000000000036,0.0002263339979256739,0.017339927907682774,0.01756626190560845,/Users/deepakkanneganti/Documents/TTA-Composition/Service-level TTA Model/TTA techniques/artifacts_tta_memo/client_3_glass_blur_tta_memo
tta_memo,perf_0_plus_3_on_stripe,client_0,1,client_3,stripe,50,50,0.8855,0.8702,0.94,0.88,0.97,0.94,0.91,0.82,-0.029999999999999916,-0.05999999999999994,-0.06000000000000005,-0.12,2.913451925006976e-05,1.8608733852086085e-05,4.7743253102155845e-05,/Users/deepakkanneganti/Documents/TTA-Composition/Service-level TTA Model/TTA techniques/artifacts_tta_memo/client_3_stripe_tta_memo
tta_memo,perf_1_plus_3_on_stripe,client_1,1,client_3,stripe,50,50,0.8855,0.8702,0.96,0.92,0.96,0.94,0.94,0.9,-0.020000000000000018,-0.020000000000000018,-0.020000000000000018,-0.039999999999999925,3.5894179151963384e-05,2.0865266658203267e-05,5.675944581016665e-05,/Users/deepakkanneganti/Documents/TTA-Composition/Service-level TTA Model/TTA techniques/artifacts_tta_memo/client_3_stripe_tta_memo
tta_memo,perf_2_plus_3_on_stripe,client_2,1,client_3,stripe,50,50,0.8855,0.8702,0.93,0.86,0.97,0.94,0.93,0.86,0.0,-0.039999999999999925,0.0,-0.07999999999999996,1.72117982114964e-05,3.0077442073993616e-05,4.728924028549002e-05,/Users/deepakkanneganti/Documents/TTA-Composition/Service-level TTA Model/TTA techniques/artifacts_tta_memo/client_3_stripe_tta_memo
tta_memo,perf_4_plus_3_on_stripe,client_4,1,client_3,stripe,50,50,0.8855,0.8702,0.93,0.86,0.97,0.94,0.92,0.84,-0.010000000000000009,-0.04999999999999993,-0.020000000000000018,-0.09999999999999998,2.6060536807091377e-05,1.835206210642793e-05,4.4412598913519304e-05,/Users/deepakkanneganti/Documents/TTA-Composition/Service-level TTA Model/TTA techniques/artifacts_tta_memo/client_3_stripe_tta_memo
tta_memo,perf_0_1_plus_3_on_stripe,"client_0,client_1",2,client_3,stripe,50,50,0.8855,0.8702,0.94,0.88,0.97,0.94,0.92,0.86,-0.019999999999999907,-0.04999999999999993,-0.020000000000000018,-0.07999999999999996,0.00011724870542503542,2.215332677301212e-05,0.00013940203219804754,/Users/deepakkanneganti/Documents/TTA-Composition/Service-level TTA Model/TTA techniques/artifacts_tta_memo/client_3_stripe_tta_memo
tta_memo,perf_0_2_plus_3_on_stripe,"client_0,client_2",2,client_3,stripe,50,50,0.8855,0.8702,0.94,0.88,0.97,0.94,0.95,0.9,0.010000000000000009,-0.020000000000000018,0.020000000000000018,-0.039999999999999925,9.586901211645263e-05,2.7078003582707628e-05,0.00012294701569916025,/Users/deepakkanneganti/Documents/TTA-Composition/Service-level TTA Model/TTA techniques/artifacts_tta_memo/client_3_stripe_tta_memo
tta_memo,perf_0_4_plus_3_on_stripe,"client_0,client_4",2,client_3,stripe,50,50,0.8855,0.8702,0.94,0.88,0.97,0.94,0.93,0.86,-0.009999999999999898,-0.039999999999999925,-0.020000000000000018,-0.07999999999999996,0.00010491798415767414,2.054978146936659e-05,0.00012546776562704073,/Users/deepakkanneganti/Documents/TTA-Composition/Service-level TTA Model/TTA techniques/artifacts_tta_memo/client_3_stripe_tta_memo
tta_memo,perf_1_2_plus_3_on_stripe,"client_1,client_2",2,client_3,stripe,50,50,0.8855,0.8702,0.94,0.88,0.97,0.94,0.94,0.88,0.0,-0.030000000000000027,0.0,-0.05999999999999994,0.00010340863202753904,2.735394926323349e-05,0.00013076258129077252,/Users/deepakkanneganti/Documents/TTA-Composition/Service-level TTA Model/TTA techniques/artifacts_tta_memo/client_3_stripe_tta_memo
tta_memo,perf_1_4_plus_3_on_stripe,"client_1,client_4",2,client_3,stripe,50,50,0.8855,0.8702,0.94,0.88,0.97,0.94,0.91,0.84,-0.029999999999999916,-0.05999999999999994,-0.040000000000000036,-0.09999999999999998,0.00010992089080709099,2.2770900500240693e-05,0.0001326917913073317,/Users/deepakkanneganti/Documents/TTA-Composition/Service-level TTA Model/TTA techniques/artifacts_tta_memo/client_3_stripe_tta_memo
tta_memo,perf_2_4_plus_3_on_stripe,"client_2,client_4",2,client_3,stripe,50,50,0.8855,0.8702,0.93,0.86,0.97,0.94,0.94,0.88,0.009999999999999898,-0.030000000000000027,0.020000000000000018,-0.05999999999999994,9.439247014078725e-05,2.7494127449765746e-05,0.000121886597590553,/Users/deepakkanneganti/Documents/TTA-Composition/Service-level TTA Model/TTA techniques/artifacts_tta_memo/client_3_stripe_tta_memo
tta_memo,perf_0_1_2_plus_3_on_stripe,"client_0,client_1,client_2",3,client_3,stripe,50,50,0.8855,0.8702,0.94,0.88,0.97,0.94,0.95,0.9,0.010000000000000009,-0.020000000000000018,0.020000000000000018,-0.039999999999999925,0.0001757656811460013,2.6398645552742078e-05,0.00020216432669874337,/Users/deepakkanneganti/Documents/TTA-Composition/Service-level TTA Model/TTA techniques/artifacts_tta_memo/client_3_stripe_tta_memo
tta_memo,perf_0_1_4_plus_3_on_stripe,"client_0,client_1,client_4",3,client_3,stripe,50,50,0.8855,0.8702,0.94,0.88,0.97,0.94,0.92,0.86,-0.019999999999999907,-0.04999999999999993,-0.020000000000000018,-0.07999999999999996,0.00017825106851990894,2.2737527201482627e-05,0.00020098859572139158,/Users/deepakkanneganti/Documents/TTA-Composition/Service-level TTA Model/TTA techniques/artifacts_tta_memo/client_3_stripe_tta_memo
tta_memo,perf_0_2_4_plus_3_on_stripe,"client_0,client_2,client_4",3,client_3,stripe,50,50,0.8855,0.8702,0.94,0.88,0.97,0.94,0.95,0.9,0.010000000000000009,-0.020000000000000018,0.020000000000000018,-0.039999999999999925,0.0001668042772970575,2.5950424553847075e-05,0.00019275470185090457,/Users/deepakkanneganti/Documents/TTA-Composition/Service-level TTA Model/TTA techniques/artifacts_tta_memo/client_3_stripe_tta_memo
tta_memo,perf_1_2_4_plus_3_on_stripe,"client_1,client_2,client_4",3,client_3,stripe,50,50,0.8855,0.8702,0.94,0.88,0.97,0.94,0.93,0.88,-0.009999999999999898,-0.039999999999999925,0.0,-0.05999999999999994,0.00017186364677240242,2.6953000290276024e-05,0.00019881664706267844,/Users/deepakkanneganti/Documents/TTA-Composition/Service-level TTA Model/TTA techniques/artifacts_tta_memo/client_3_stripe_tta_memo
tta_memo,perf_0_1_2_4_plus_3_on_stripe,"client_0,client_1,client_2,client_4",4,client_3,stripe,50,50,0.8855,0.8702,0.94,0.88,0.97,0.94,0.95,0.9,0.010000000000000009,-0.020000000000000018,0.020000000000000018,-0.039999999999999925,0.00022597670634165123,2.6000165872874265e-05,0.0002519768722145255,/Users/deepakkanneganti/Documents/TTA-Composition/Service-level TTA Model/TTA techniques/artifacts_tta_memo/client_3_stripe_tta_memo
tta_memo,perf_0_plus_3_on_zigzag,client_0,1,client_3,zigzag,50,50,0.8483,0.8983,0.9,0.8,0.91,0.82,0.89,0.78,-0.010000000000000009,-0.020000000000000018,-0.020000000000000018,-0.039999999999999925,2.9154168647208617e-05,0.022945011042984784,0.02297416521163199,/Users/deepakkanneganti/Documents/TTA-Composition/Service-level TTA Model/TTA techniques/artifacts_tta_memo/client_3_zigzag_tta_memo
tta_memo,perf_1_plus_3_on_zigzag,client_1,1,client_3,zigzag,50,50,0.8483,0.8983,0.91,0.82,0.9,0.82,0.91,0.84,0.0,0.010000000000000009,0.020000000000000018,0.020000000000000018,3.587593963534737e-05,0.02559451070969492,0.025630386649330265,/Users/deepakkanneganti/Documents/TTA-Composition/Service-level TTA Model/TTA techniques/artifacts_tta_memo/client_3_zigzag_tta_memo
tta_memo,perf_2_plus_3_on_zigzag,client_2,1,client_3,zigzag,50,50,0.8483,0.8983,0.9,0.8,0.92,0.84,0.89,0.78,-0.010000000000000009,-0.030000000000000027,-0.020000000000000018,-0.05999999999999994,1.7208860644725265e-05,0.031178869265112697,0.031196078125757424,/Users/deepakkanneganti/Documents/TTA-Composition/Service-level TTA Model/TTA techniques/artifacts_tta_memo/client_3_zigzag_tta_memo
tta_memo,perf_4_plus_3_on_zigzag,client_4,1,client_3,zigzag,50,50,0.8483,0.8983,0.89,0.78,0.92,0.84,0.89,0.78,0.0,-0.030000000000000027,0.0,-0.05999999999999994,2.606675196989104e-05,0.02213608782195685,0.02216215457392674,/Users/deepakkanneganti/Documents/TTA-Composition/Service-level TTA Model/TTA techniques/artifacts_tta_memo/client_3_zigzag_tta_memo
tta_memo,perf_0_1_plus_3_on_zigzag,"client_0,client_1",2,client_3,zigzag,50,50,0.8483,0.8983,0.91,0.82,0.91,0.82,0.9,0.82,-0.010000000000000009,-0.010000000000000009,0.0,0.0,0.00011726133352551636,0.03434242804338931,0.03445968937691482,/Users/deepakkanneganti/Documents/TTA-Composition/Service-level TTA Model/TTA techniques/artifacts_tta_memo/client_3_zigzag_tta_memo
tta_memo,perf_0_2_plus_3_on_zigzag,"client_0,client_2",2,client_3,zigzag,50,50,0.8483,0.8983,0.9,0.8,0.91,0.82,0.89,0.78,-0.010000000000000009,-0.020000000000000018,-0.020000000000000018,-0.039999999999999925,9.589699008344214e-05,0.040456283271822935,0.04055218026190638,/Users/deepakkanneganti/Documents/TTA-Composition/Service-level TTA Model/TTA techniques/artifacts_tta_memo/client_3_zigzag_tta_memo
tta_memo,perf_0_4_plus_3_on_zigzag,"client_0,client_4",2,client_3,zigzag,50,50,0.8483,0.8983,0.89,0.78,0.92,0.84,0.92,0.84,0.030000000000000027,0.0,0.05999999999999994,0.0,0.00010497362627681231,0.03074158161127215,0.030846555237548964,/Users/deepakkanneganti/Documents/TTA-Composition/Service-level TTA Model/TTA techniques/artifacts_tta_memo/client_3_zigzag_tta_memo
tta_memo,perf_1_2_plus_3_on_zigzag,"client_1,client_2",2,client_3,zigzag,50,50,0.8483,0.8983,0.9,0.8,0.91,0.82,0.9,0.8,0.0,-0.010000000000000009,0.0,-0.019999999999999907,0.00010336919721682187,0.03691180506896995,0.03701517426618677,/Users/deepakkanneganti/Documents/TTA-Composition/Service-level TTA Model/TTA techniques/artifacts_tta_memo/client_3_zigzag_tta_memo
tta_memo,perf_1_4_plus_3_on_zigzag,"client_1,client_4",2,client_3,zigzag,50,50,0.8483,0.8983,0.9,0.8,0.92,0.84,0.91,0.84,0.010000000000000009,-0.010000000000000009,0.039999999999999925,0.0,0.00010990381061388038,0.03750632153630188,0.03761622534691576,/Users/deepakkanneganti/Documents/TTA-Composition/Service-level TTA Model/TTA techniques/artifacts_tta_memo/client_3_zigzag_tta_memo
tta_memo,perf_2_4_plus_3_on_zigzag,"client_2,client_4",2,client_3,zigzag,50,50,0.8483,0.8983,0.91,0.82,0.91,0.82,0.89,0.78,-0.020000000000000018,-0.020000000000000018,-0.039999999999999925,-0.039999999999999925,9.439679124371673e-05,0.04256935535057817,0.04266375214182189,/Users/deepakkanneganti/Documents/TTA-Composition/Service-level TTA Model/TTA techniques/artifacts_tta_memo/client_3_zigzag_tta_memo
tta_memo,perf_0_1_2_plus_3_on_zigzag,"client_0,client_1,client_2",3,client_3,zigzag,50,50,0.8483,0.8983,0.9,0.8,0.91,0.82,0.91,0.82,0.010000000000000009,0.0,0.019999999999999907,0.0,0.00017576719401322222,0.04197202525948966,0.042147792453502884,/Users/deepakkanneganti/Documents/TTA-Composition/Service-level TTA Model/TTA techniques/artifacts_tta_memo/client_3_zigzag_tta_memo
tta_memo,perf_0_1_4_plus_3_on_zigzag,"client_0,client_1,client_4",3,client_3,zigzag,50,50,0.8483,0.8983,0.91,0.82,0.92,0.84,0.91,0.84,0.0,-0.010000000000000009,0.020000000000000018,0.0,0.00017827895459651902,0.038870721723884075,0.03904900067848059,/Users/deepakkanneganti/Documents/TTA-Composition/Service-level TTA Model/TTA techniques/artifacts_tta_memo/client_3_zigzag_tta_memo
tta_memo,perf_0_2_4_plus_3_on_zigzag,"client_0,client_2,client_4",3,client_3,zigzag,50,50,0.8483,0.8983,0.9,0.8,0.92,0.84,0.9,0.8,0.0,-0.020000000000000018,0.0,-0.039999999999999925,0.00016685423190200077,0.04327060152349725,0.04343745575539925,/Users/deepakkanneganti/Documents/TTA-Composition/Service-level TTA Model/TTA techniques/artifacts_tta_memo/client_3_zigzag_tta_memo
tta_memo,perf_1_2_4_plus_3_on_zigzag,"client_1,client_2,client_4",3,client_3,zigzag,50,50,0.8483,0.8983,0.9,0.8,0.91,0.82,0.9,0.82,0.0,-0.010000000000000009,0.019999999999999907,0.0,0.00017183513482060456,0.04497266885307968,0.04514450398790028,/Users/deepakkanneganti/Documents/TTA-Composition/Service-level TTA Model/TTA techniques/artifacts_tta_memo/client_3_zigzag_tta_memo
tta_memo,perf_0_1_2_4_plus_3_on_zigzag,"client_0,client_1,client_2,client_4",4,client_3,zigzag,50,50,0.8483,0.8983,0.9,0.8,0.91,0.82,0.91,0.82,0.010000000000000009,0.0,0.019999999999999907,0.0,0.00022599437892844706,0.04525885050228703,0.04548484488121547,/Users/deepakkanneganti/Documents/TTA-Composition/Service-level TTA Model/TTA techniques/artifacts_tta_memo/client_3_zigzag_tta_memo
tta_memo,perf_0_plus_4_on_brightness,client_0,1,client_4,brightness,50,50,0.4112,0.9828,0.67,0.34,0.86,0.76,0.62,0.24,-0.050000000000000044,-0.24,-0.10000000000000003,-0.52,3.520323786006282e-05,0.00029400928238811254,0.00032921252024817533,/Users/deepakkanneganti/Documents/TTA-Composition/Service-level TTA Model/TTA techniques/artifacts_tta_memo/client_4_brightness_tta_memo
tta_memo,perf_1_plus_4_on_brightness,client_1,1,client_4,brightness,50,50,0.4112,0.9828,0.68,0.38,0.86,0.82,0.67,0.36,-0.010000000000000009,-0.18999999999999995,-0.020000000000000018,-0.45999999999999996,4.558680206043479e-05,0.0002832488546878229,0.0003288356567482577,/Users/deepakkanneganti/Documents/TTA-Composition/Service-level TTA Model/TTA techniques/artifacts_tta_memo/client_4_brightness_tta_memo
tta_memo,perf_2_plus_4_on_brightness,client_2,1,client_4,brightness,50,50,0.4112,0.9828,0.66,0.32,0.85,0.74,0.61,0.22,-0.050000000000000044,-0.24,-0.1,-0.52,1.758826134706679e-05,0.00029691067422568245,0.00031449893557274923,/Users/deepakkanneganti/Documents/TTA-Composition/Service-level TTA Model/TTA techniques/artifacts_tta_memo/client_4_brightness_tta_memo
tta_memo,perf_3_plus_4_on_brightness,client_3,1,client_4,brightness,50,50,0.4112,0.9828,0.63,0.26,0.79,0.62,0.56,0.12,-0.06999999999999995,-0.22999999999999998,-0.14,-0.5,2.6128898136955413e-05,0.00042746820812991084,0.00045359710626686627,/Users/deepakkanneganti/Documents/TTA-Composition/Service-level TTA Model/TTA techniques/artifacts_tta_memo/client_4_brightness_tta_memo
tta_memo,perf_0_1_plus_4_on_brightness,"client_0,client_1",2,client_4,brightness,50,50,0.4112,0.9828,0.66,0.34,0.88,0.8,0.66,0.34,0.0,-0.21999999999999997,0.0,-0.46,0.00014980669312822788,0.00033746812926877386,0.00048727482239700173,/Users/deepakkanneganti/Documents/TTA-Composition/Service-level TTA Model/TTA techniques/artifacts_tta_memo/client_4_brightness_tta_memo
tta_memo,perf_0_2_plus_4_on_brightness,"client_0,client_2",2,client_4,brightness,50,50,0.4112,0.9828,0.64,0.28,0.84,0.74,0.62,0.24,-0.020000000000000018,-0.21999999999999997,-0.040000000000000036,-0.5,0.00010802823017427886,0.0003542078365012409,0.00046223606667551974,/Users/deepakkanneganti/Documents/TTA-Composition/Service-level TTA Model/TTA techniques/artifacts_tta_memo/client_4_brightness_tta_memo
tta_memo,perf_0_3_plus_4_on_brightness,"client_0,client_3",2,client_4,brightness,50,50,0.4112,0.9828,0.62,0.24,0.81,0.68,0.6,0.2,-0.020000000000000018,-0.21000000000000008,-0.03999999999999998,-0.48000000000000004,0.00012354114798976583,0.000413774188657868,0.0005373153366476338,/Users/deepakkanneganti/Documents/TTA-Composition/Service-level TTA Model/TTA techniques/artifacts_tta_memo/client_4_brightness_tta_memo
tta_memo,perf_1_2_plus_4_on_brightness,"client_1,client_2",2,client_4,brightness,50,50,0.4112,0.9828,0.66,0.34,0.87,0.8,0.64,0.28,-0.020000000000000018,-0.22999999999999998,-0.06,-0.52,0.00011964157928483633,0.0003259012419383969,0.00044554282122323324,/Users/deepakkanneganti/Documents/TTA-Composition/Service-level TTA Model/TTA techniques/artifacts_tta_memo/client_4_brightness_tta_memo
tta_memo,perf_1_3_plus_4_on_brightness,"client_1,client_3",2,client_4,brightness,50,50,0.4112,0.9828,0.66,0.32,0.83,0.72,0.63,0.26,-0.030000000000000027,-0.19999999999999996,-0.06,-0.45999999999999996,0.00013465786119643737,0.0004155436883501716,0.000550201549546609,/Users/deepakkanneganti/Documents/TTA-Composition/Service-level TTA Model/TTA techniques/artifacts_tta_memo/client_4_brightness_tta_memo
tta_memo,perf_2_3_plus_4_on_brightness,"client_2,client_3",2,client_4,brightness,50,50,0.4112,0.9828,0.63,0.26,0.8,0.64,0.59,0.18,-0.040000000000000036,-0.21000000000000008,-0.08000000000000002,-0.46,9.634014894146526e-05,0.00041747053116924365,0.0005138106801107089,/Users/deepakkanneganti/Documents/TTA-Composition/Service-level TTA Model/TTA techniques/artifacts_tta_memo/client_4_brightness_tta_memo
tta_memo,perf_0_1_2_plus_4_on_brightness,"client_0,client_1,client_2",3,client_4,brightness,50,50,0.4112,0.9828,0.66,0.32,0.86,0.76,0.64,0.28,-0.020000000000000018,-0.21999999999999997,-0.03999999999999998,-0.48,0.00021036532820817744,0.0003567530767957681,0.0005671184050039456,/Users/deepakkanneganti/Documents/TTA-Composition/Service-level TTA Model/TTA techniques/artifacts_tta_memo/client_4_brightness_tta_memo
tta_memo,perf_0_1_3_plus_4_on_brightness,"client_0,client_1,client_3",3,client_4,brightness,50,50,0.4112,0.9828,0.66,0.32,0.82,0.7,0.64,0.28,-0.020000000000000018,-0.17999999999999994,-0.03999999999999998,-0.41999999999999993,0.00022425402612713473,0.0004090196849777676,0.0006332737111049023,/Users/deepakkanneganti/Documents/TTA-Composition/Service-level TTA Model/TTA techniques/artifacts_tta_memo/client_4_brightness_tta_memo
tta_memo,perf_0_2_3_plus_4_on_brightness,"client_0,client_2,client_3",3,client_4,brightness,50,50,0.4112,0.9828,0.62,0.24,0.82,0.7,0.6,0.2,-0.020000000000000018,-0.21999999999999997,-0.03999999999999998,-0.49999999999999994,0.00018692222508555153,0.00041669404880792147,0.000603616273893473,/Users/deepakkanneganti/Documents/TTA-Composition/Service-level TTA Model/TTA techniques/artifacts_tta_memo/client_4_brightness_tta_memo
tta_memo,perf_1_2_3_plus_4_on_brightness,"client_1,client_2,client_3",3,client_4,brightness,50,50,0.4112,0.9828,0.64,0.28,0.86,0.76,0.62,0.24,-0.020000000000000018,-0.24,-0.040000000000000036,-0.52,0.00019734678993396477,0.00040369777901730217,0.000601044568951267,/Users/deepakkanneganti/Documents/TTA-Composition/Service-level TTA Model/TTA techniques/artifacts_tta_memo/client_4_brightness_tta_memo
tta_memo,perf_0_1_2_3_plus_4_on_brightness,"client_0,client_1,client_2,client_3",4,client_4,brightness,50,50,0.4112,0.9828,0.64,0.28,0.82,0.7,0.62,0.24,-0.020000000000000018,-0.19999999999999996,-0.040000000000000036,-0.45999999999999996,0.0002690209261774163,0.00040652310024312315,0.0006755440264205395,/Users/deepakkanneganti/Documents/TTA-Composition/Service-level TTA Model/TTA techniques/artifacts_tta_memo/client_4_brightness_tta_memo
tta_memo,perf_0_plus_4_on_glass_blur,client_0,1,client_4,glass_blur,50,50,0.7814,0.8619,0.93,0.86,0.94,0.88,0.92,0.84,-0.010000000000000009,-0.019999999999999907,-0.020000000000000018,-0.040000000000000036,3.524895675654355e-05,0.010540294358924476,0.01057554331568102,/Users/deepakkanneganti/Documents/TTA-Composition/Service-level TTA Model/TTA techniques/artifacts_tta_memo/client_4_glass_blur_tta_memo
tta_memo,perf_1_plus_4_on_glass_blur,client_1,1,client_4,glass_blur,50,50,0.7814,0.8619,0.9,0.82,0.93,0.88,0.9,0.82,0.0,-0.030000000000000027,0.0,-0.06000000000000005,4.5585801707473863e-05,0.0058874924936411725,0.005933078295348646,/Users/deepakkanneganti/Documents/TTA-Composition/Service-level TTA Model/TTA techniques/artifacts_tta_memo/client_4_glass_blur_tta_memo
tta_memo,perf_2_plus_4_on_glass_blur,client_2,1,client_4,glass_blur,50,50,0.7814,0.8619,0.92,0.84,0.93,0.86,0.9,0.8,-0.020000000000000018,-0.030000000000000027,-0.039999999999999925,-0.05999999999999994,1.758416876485867e-05,0.004272960856409931,0.00429054502517479,/Users/deepakkanneganti/Documents/TTA-Composition/Service-level TTA Model/TTA techniques/artifacts_tta_memo/client_4_glass_blur_tta_memo
tta_memo,perf_3_plus_4_on_glass_blur,client_3,1,client_4,glass_blur,50,50,0.7814,0.8619,0.93,0.86,0.94,0.88,0.91,0.82,-0.020000000000000018,-0.029999999999999916,-0.040000000000000036,-0.06000000000000005,2.6138192686989397e-05,0.006816396537878133,0.006842534730565123,/Users/deepakkanneganti/Documents/TTA-Composition/Service-level TTA Model/TTA techniques/artifacts_tta_memo/client_4_glass_blur_tta_memo
tta_memo,perf_0_1_plus_4_on_glass_blur,"client_0,client_1",2,client_4,glass_blur,50,50,0.7814,0.8619,0.91,0.84,0.93,0.88,0.91,0.84,0.0,-0.020000000000000018,0.0,-0.040000000000000036,0.00014991815648685773,0.01019039493853301,0.010340313095019867,/Users/deepakkanneganti/Documents/TTA-Composition/Service-level TTA Model/TTA techniques/artifacts_tta_memo/client_4_glass_blur_tta_memo
tta_memo,perf_0_2_plus_4_on_glass_blur,"client_0,client_2",2,client_4,glass_blur,50,50,0.7814,0.8619,0.92,0.84,0.94,0.88,0.92,0.84,0.0,-0.019999999999999907,0.0,-0.040000000000000036,0.00010809150277693224,0.008856789325321385,0.008964880828098317,/Users/deepakkanneganti/Documents/TTA-Composition/Service-level TTA Model/TTA techniques/artifacts_tta_memo/client_4_glass_blur_tta_memo
tta_memo,perf_0_3_plus_4_on_glass_blur,"client_0,client_3",2,client_4,glass_blur,50,50,0.7814,0.8619,0.93,0.86,0.94,0.88,0.93,0.86,0.0,-0.009999999999999898,0.0,-0.020000000000000018,0.00012365747634239088,0.010981176878984667,0.011104834355327057,/Users/deepakkanneganti/Documents/TTA-Composition/Service-level TTA Model/TTA techniques/artifacts_tta_memo/client_4_glass_blur_tta_memo
tta_memo,perf_1_2_plus_4_on_glass_blur,"client_1,client_2",2,client_4,glass_blur,50,50,0.7814,0.8619,0.91,0.84,0.92,0.86,0.93,0.86,0.020000000000000018,0.010000000000000009,0.020000000000000018,0.0,0.0001196251541032484,0.005994010991246016,0.006113636145349264,/Users/deepakkanneganti/Documents/TTA-Composition/Service-level TTA Model/TTA techniques/artifacts_tta_memo/client_4_glass_blur_tta_memo
tta_memo,perf_1_3_plus_4_on_glass_blur,"client_1,client_3",2,client_4,glass_blur,50,50,0.7814,0.8619,0.94,0.88,0.93,0.88,0.94,0.88,0.0,0.009999999999999898,0.0,0.0,0.00013468444038521334,0.008435203220626245,0.008569887661011459,/Users/deepakkanneganti/Documents/TTA-Composition/Service-level TTA Model/TTA techniques/artifacts_tta_memo/client_4_glass_blur_tta_memo
tta_memo,perf_2_3_plus_4_on_glass_blur,"client_2,client_3",2,client_4,glass_blur,50,50,0.7814,0.8619,0.93,0.86,0.94,0.88,0.92,0.84,-0.010000000000000009,-0.019999999999999907,-0.020000000000000018,-0.040000000000000036,9.634649235403729e-05,0.006869081265779953,0.00696542775813399,/Users/deepakkanneganti/Documents/TTA-Composition/Service-level TTA Model/TTA techniques/artifacts_tta_memo/client_4_glass_blur_tta_memo
tta_memo,perf_0_1_2_plus_4_on_glass_blur,"client_0,client_1,client_2",3,client_4,glass_blur,50,50,0.7814,0.8619,0.92,0.84,0.94,0.88,0.91,0.82,-0.010000000000000009,-0.029999999999999916,-0.020000000000000018,-0.06000000000000005,0.00021045359207495188,0.008824149243819517,0.00903460283589447,/Users/deepakkanneganti/Documents/TTA-Composition/Service-level TTA Model/TTA techniques/artifacts_tta_memo/client_4_glass_blur_tta_memo
tta_memo,perf_0_1_3_plus_4_on_glass_blur,"client_0,client_1,client_3",3,client_4,glass_blur,50,50,0.7814,0.8619,0.94,0.88,0.94,0.88,0.94,0.88,0.0,0.0,0.0,0.0,0.00022440481815535804,0.010765589094576916,0.010989993912732275,/Users/deepakkanneganti/Documents/TTA-Composition/Service-level TTA Model/TTA techniques/artifacts_tta_memo/client_4_glass_blur_tta_memo
tta_memo,perf_0_2_3_plus_4_on_glass_blur,"client_0,client_2,client_3",3,client_4,glass_blur,50,50,0.7814,0.8619,0.93,0.86,0.94,0.88,0.94,0.88,0.009999999999999898,0.0,0.020000000000000018,0.0,0.00018702919985555096,0.009556948402895352,0.009743977602750902,/Users/deepakkanneganti/Documents/TTA-Composition/Service-level TTA Model/TTA techniques/artifacts_tta_memo/client_4_glass_blur_tta_memo
tta_memo,perf_1_2_3_plus_4_on_glass_blur,"client_1,client_2,client_3",3,client_4,glass_blur,50,50,0.7814,0.8619,0.93,0.86,0.94,0.88,0.93,0.86,0.0,-0.009999999999999898,0.0,-0.020000000000000018,0.00019735544490637717,0.007610927965937136,0.007808283410843513,/Users/deepakkanneganti/Documents/TTA-Composition/Service-level TTA Model/TTA techniques/artifacts_tta_memo/client_4_glass_blur_tta_memo
tta_memo,perf_0_1_2_3_plus_4_on_glass_blur,"client_0,client_1,client_2,client_3",4,client_4,glass_blur,50,50,0.7814,0.8619,0.93,0.86,0.94,0.88,0.94,0.88,0.009999999999999898,0.0,0.020000000000000018,0.0,0.0002691386750898118,0.00951859189223852,0.009787730567328333,/Users/deepakkanneganti/Documents/TTA-Composition/Service-level TTA Model/TTA techniques/artifacts_tta_memo/client_4_glass_blur_tta_memo
tta_memo,perf_0_plus_4_on_stripe,client_0,1,client_4,stripe,50,50,0.8682,0.8153,0.93,0.86,0.98,0.96,0.91,0.82,-0.020000000000000018,-0.06999999999999995,-0.040000000000000036,-0.14,3.5160425500075626e-05,3.0136444718316244e-05,6.529687021839187e-05,/Users/deepakkanneganti/Documents/TTA-Composition/Service-level TTA Model/TTA techniques/artifacts_tta_memo/client_4_stripe_tta_memo
tta_memo,perf_1_plus_4_on_stripe,client_1,1,client_4,stripe,50,50,0.8682,0.8153,0.91,0.84,0.97,0.94,0.94,0.9,0.029999999999999916,-0.030000000000000027,0.06000000000000005,-0.039999999999999925,4.5594801246403106e-05,3.2243952620008954e-05,7.783875386641205e-05,/Users/deepakkanneganti/Documents/TTA-Composition/Service-level TTA Model/TTA techniques/artifacts_tta_memo/client_4_stripe_tta_memo
tta_memo,perf_2_plus_4_on_stripe,client_2,1,client_4,stripe,50,50,0.8682,0.8153,0.94,0.88,0.96,0.94,0.93,0.86,-0.009999999999999898,-0.029999999999999916,-0.020000000000000018,-0.07999999999999996,1.7579792430247057e-05,4.176722524847119e-05,5.9347017678718244e-05,/Users/deepakkanneganti/Documents/TTA-Composition/Service-level TTA Model/TTA techniques/artifacts_tta_memo/client_4_stripe_tta_memo
tta_memo,perf_3_plus_4_on_stripe,client_3,1,client_4,stripe,50,50,0.8682,0.8153,0.93,0.86,0.97,0.96,0.95,0.9,0.019999999999999907,-0.020000000000000018,0.040000000000000036,-0.05999999999999994,2.6083935066640986e-05,6.196351222475974e-05,8.804744729140073e-05,/Users/deepakkanneganti/Documents/TTA-Composition/Service-level TTA Model/TTA techniques/artifacts_tta_memo/client_4_stripe_tta_memo
tta_memo,perf_0_1_plus_4_on_stripe,"client_0,client_1",2,client_4,stripe,50,50,0.8682,0.8153,0.92,0.86,0.97,0.94,0.92,0.86,0.0,-0.04999999999999993,0.0,-0.07999999999999996,0.00014971443252205917,3.5233700148809704e-05,0.00018494813267086886,/Users/deepakkanneganti/Documents/TTA-Composition/Service-level TTA Model/TTA techniques/artifacts_tta_memo/client_4_stripe_tta_memo
tta_memo,perf_0_2_plus_4_on_stripe,"client_0,client_2",2,client_4,stripe,50,50,0.8682,0.8153,0.95,0.9,0.97,0.94,0.95,0.9,0.0,-0.020000000000000018,0.0,-0.039999999999999925,0.00010792320985716535,4.089001736111559e-05,0.00014881322721828095,/Users/deepakkanneganti/Documents/TTA-Composition/Service-level TTA Model/TTA techniques/artifacts_tta_memo/client_4_stripe_tta_memo
tta_memo,perf_0_3_plus_4_on_stripe,"client_0,client_3",2,client_4,stripe,50,50,0.8682,0.8153,0.94,0.88,0.98,0.96,0.94,0.88,0.0,-0.040000000000000036,0.0,-0.07999999999999996,0.00012332941169666917,4.8576989984240625e-05,0.0001719064016809098,/Users/deepakkanneganti/Documents/TTA-Composition/Service-level TTA Model/TTA techniques/artifacts_tta_memo/client_4_stripe_tta_memo
tta_memo,perf_1_2_plus_4_on_stripe,"client_1,client_2",2,client_4,stripe,50,50,0.8682,0.8153,0.93,0.88,0.97,0.94,0.94,0.88,0.009999999999999898,-0.030000000000000027,0.0,-0.05999999999999994,0.0001196192183421875,4.023710043145896e-05,0.00015985631877364647,/Users/deepakkanneganti/Documents/TTA-Composition/Service-level TTA Model/TTA techniques/artifacts_tta_memo/client_4_stripe_tta_memo
tta_memo,perf_1_3_plus_4_on_stripe,"client_1,client_3",2,client_4,stripe,50,50,0.8682,0.8153,0.94,0.88,0.97,0.94,0.96,0.92,0.020000000000000018,-0.010000000000000009,0.040000000000000036,-0.019999999999999907,0.0001345341450194662,5.1277548491442956e-05,0.00018581169351090915,/Users/deepakkanneganti/Documents/TTA-Composition/Service-level TTA Model/TTA techniques/artifacts_tta_memo/client_4_stripe_tta_memo
tta_memo,perf_2_3_plus_4_on_stripe,"client_2,client_3",2,client_4,stripe,50,50,0.8682,0.8153,0.93,0.86,0.96,0.94,0.93,0.86,0.0,-0.029999999999999916,0.0,-0.07999999999999996,9.62172162087653e-05,5.774034259471242e-05,0.00015395755880347772,/Users/deepakkanneganti/Documents/TTA-Composition/Service-level TTA Model/TTA techniques/artifacts_tta_memo/client_4_stripe_tta_memo
tta_memo,perf_0_1_2_plus_4_on_stripe,"client_0,client_1,client_2",3,client_4,stripe,50,50,0.8682,0.8153,0.95,0.9,0.97,0.94,0.95,0.9,0.0,-0.020000000000000018,0.0,-0.039999999999999925,0.00021023399422199612,4.027967954485583e-05,0.00025051367376685194,/Users/deepakkanneganti/Documents/TTA-Composition/Service-level TTA Model/TTA techniques/artifacts_tta_memo/client_4_stripe_tta_memo
tta_memo,perf_0_1_3_plus_4_on_stripe,"client_0,client_1,client_3",3,client_4,stripe,50,50,0.8682,0.8153,0.94,0.88,0.97,0.94,0.94,0.88,0.0,-0.030000000000000027,0.0,-0.05999999999999994,0.00022399780902879432,4.635294452308904e-05,0.00027035075355188337,/Users/deepakkanneganti/Documents/TTA-Composition/Service-level TTA Model/TTA techniques/artifacts_tta_memo/client_4_stripe_tta_memo
tta_memo,perf_0_2_3_plus_4_on_stripe,"client_0,client_2,client_3",3,client_4,stripe,50,50,0.8682,0.8153,0.94,0.88,0.97,0.94,0.94,0.88,0.0,-0.030000000000000027,0.0,-0.05999999999999994,0.00018666113032711,5.0737869377447066e-05,0.00023739899970455706,/Users/deepakkanneganti/Documents/TTA-Composition/Service-level TTA Model/TTA techniques/artifacts_tta_memo/client_4_stripe_tta_memo
tta_memo,perf_1_2_3_plus_4_on_stripe,"client_1,client_2,client_3",3,client_4,stripe,50,50,0.8682,0.8153,0.94,0.88,0.97,0.94,0.94,0.88,0.0,-0.030000000000000027,0.0,-0.05999999999999994,0.00019717939255571216,5.1191118971984816e-05,0.00024837051152769697,/Users/deepakkanneganti/Documents/TTA-Composition/Service-level TTA Model/TTA techniques/artifacts_tta_memo/client_4_stripe_tta_memo
tta_memo,perf_0_1_2_3_plus_4_on_stripe,"client_0,client_1,client_2,client_3",4,client_4,stripe,50,50,0.8682,0.8153,0.94,0.88,0.97,0.94,0.94,0.88,0.0,-0.030000000000000027,0.0,-0.05999999999999994,0.00026874252319147,4.790789927619424e-05,0.00031665042246766423,/Users/deepakkanneganti/Documents/TTA-Composition/Service-level TTA Model/TTA techniques/artifacts_tta_memo/client_4_stripe_tta_memo
tta_memo,perf_0_plus_4_on_zigzag,client_0,1,client_4,zigzag,50,50,0.8118,0.8519,0.9,0.8,0.92,0.84,0.89,0.78,-0.010000000000000009,-0.030000000000000027,-0.020000000000000018,-0.05999999999999994,3.524005161217177e-05,0.016905067530534272,0.016940307582146444,/Users/deepakkanneganti/Documents/TTA-Composition/Service-level TTA Model/TTA techniques/artifacts_tta_memo/client_4_zigzag_tta_memo
tta_memo,perf_1_plus_4_on_zigzag,client_1,1,client_4,zigzag,50,50,0.8118,0.8519,0.91,0.84,0.91,0.84,0.91,0.84,0.0,0.0,0.0,0.0,4.5639955357429296e-05,0.010962518728344497,0.011008158683701925,/Users/deepakkanneganti/Documents/TTA-Composition/Service-level TTA Model/TTA techniques/artifacts_tta_memo/client_4_zigzag_tta_memo
tta_memo,perf_2_plus_4_on_zigzag,client_2,1,client_4,zigzag,50,50,0.8118,0.8519,0.88,0.76,0.92,0.84,0.88,0.76,0.0,-0.040000000000000036,0.0,-0.07999999999999996,1.7599485935697658e-05,0.011650264780887211,0.01166786426682291,/Users/deepakkanneganti/Documents/TTA-Composition/Service-level TTA Model/TTA techniques/artifacts_tta_memo/client_4_zigzag_tta_memo
tta_memo,perf_3_plus_4_on_zigzag,client_3,1,client_4,zigzag,50,50,0.8118,0.8519,0.89,0.78,0.92,0.84,0.88,0.76,-0.010000000000000009,-0.040000000000000036,-0.020000000000000018,-0.07999999999999996,2.6143154630654998e-05,0.022308321378937485,0.02233446453356814,/Users/deepakkanneganti/Documents/TTA-Composition/Service-level TTA Model/TTA techniques/artifacts_tta_memo/client_4_zigzag_tta_memo
tta_memo,perf_0_1_plus_4_on_zigzag,"client_0,client_1",2,client_4,zigzag,50,50,0.8118,0.8519,0.91,0.84,0.91,0.84,0.9,0.82,-0.010000000000000009,-0.010000000000000009,-0.020000000000000018,-0.020000000000000018,0.00014999493846233234,0.01829459506346435,0.01844459000192668,/Users/deepakkanneganti/Documents/TTA-Composition/Service-level TTA Model/TTA techniques/artifacts_tta_memo/client_4_zigzag_tta_memo
tta_memo,perf_0_2_plus_4_on_zigzag,"client_0,client_2",2,client_4,zigzag,50,50,0.8118,0.8519,0.9,0.8,0.92,0.84,0.89,0.78,-0.010000000000000009,-0.030000000000000027,-0.020000000000000018,-0.05999999999999994,0.00010813212293978642,0.01986906081198545,0.019977192934925236,/Users/deepakkanneganti/Documents/TTA-Composition/Service-level TTA Model/TTA techniques/artifacts_tta_memo/client_4_zigzag_tta_memo
tta_memo,perf_0_3_plus_4_on_zigzag,"client_0,client_3",2,client_4,zigzag,50,50,0.8118,0.8519,0.89,0.78,0.92,0.84,0.9,0.8,0.010000000000000009,-0.020000000000000018,0.020000000000000018,-0.039999999999999925,0.0001236526463012747,0.02669987565086378,0.026823528297165056,/Users/deepakkanneganti/Documents/TTA-Composition/Service-level TTA Model/TTA techniques/artifacts_tta_memo/client_4_zigzag_tta_memo
tta_memo,perf_1_2_plus_4_on_zigzag,"client_1,client_2",2,client_4,zigzag,50,50,0.8118,0.8519,0.9,0.82,0.91,0.84,0.9,0.8,0.0,-0.010000000000000009,-0.019999999999999907,-0.039999999999999925,0.00011976508819500088,0.013992596154296292,0.014112361242491293,/Users/deepakkanneganti/Documents/TTA-Composition/Service-level TTA Model/TTA techniques/artifacts_tta_memo/client_4_zigzag_tta_memo
tta_memo,perf_1_3_plus_4_on_zigzag,"client_1,client_3",2,client_4,zigzag,50,50,0.8118,0.8519,0.9,0.8,0.91,0.84,0.91,0.82,0.010000000000000009,0.0,0.019999999999999907,-0.020000000000000018,0.00013478851673532602,0.021876333480796487,0.022011121997531812,/Users/deepakkanneganti/Documents/TTA-Composition/Service-level TTA Model/TTA techniques/artifacts_tta_memo/client_4_zigzag_tta_memo
tta_memo,perf_2_3_plus_4_on_zigzag,"client_2,client_3",2,client_4,zigzag,50,50,0.8118,0.8519,0.91,0.82,0.92,0.84,0.9,0.8,-0.010000000000000009,-0.020000000000000018,-0.019999999999999907,-0.039999999999999925,9.640585999921889e-05,0.02177367002414781,0.02187007588414703,/Users/deepakkanneganti/Documents/TTA-Composition/Service-level TTA Model/TTA techniques/artifacts_tta_memo/client_4_zigzag_tta_memo
tta_memo,perf_0_1_2_plus_4_on_zigzag,"client_0,client_1,client_2",3,client_4,zigzag,50,50,0.8118,0.8519,0.91,0.82,0.92,0.84,0.91,0.82,0.0,-0.010000000000000009,0.0,-0.020000000000000018,0.00021060716651133792,0.018957734734625822,0.01916834190113716,/Users/deepakkanneganti/Documents/TTA-Composition/Service-level TTA Model/TTA techniques/artifacts_tta_memo/client_4_zigzag_tta_memo
tta_memo,perf_0_1_3_plus_4_on_zigzag,"client_0,client_1,client_3",3,client_4,zigzag,50,50,0.8118,0.8519,0.91,0.82,0.92,0.84,0.91,0.82,0.0,-0.010000000000000009,0.0,-0.020000000000000018,0.00022450411948835337,0.024606329706791295,0.02483083382627965,/Users/deepakkanneganti/Documents/TTA-Composition/Service-level TTA Model/TTA techniques/artifacts_tta_memo/client_4_zigzag_tta_memo
tta_memo,perf_0_2_3_plus_4_on_zigzag,"client_0,client_2,client_3",3,client_4,zigzag,50,50,0.8118,0.8519,0.9,0.8,0.92,0.84,0.9,0.8,0.0,-0.020000000000000018,0.0,-0.039999999999999925,0.00018709234608856056,0.02532827951464194,0.0255153718607305,/Users/deepakkanneganti/Documents/TTA-Composition/Service-level TTA Model/TTA techniques/artifacts_tta_memo/client_4_zigzag_tta_memo
tta_memo,perf_1_2_3_plus_4_on_zigzag,"client_1,client_2,client_3",3,client_4,zigzag,50,50,0.8118,0.8519,0.9,0.8,0.92,0.84,0.9,0.8,0.0,-0.020000000000000018,0.0,-0.039999999999999925,0.00019753429005907295,0.020712494757249227,0.0209100290473083,/Users/deepakkanneganti/Documents/TTA-Composition/Service-level TTA Model/TTA techniques/artifacts_tta_memo/client_4_zigzag_tta_memo
tta_memo,perf_0_1_2_3_plus_4_on_zigzag,"client_0,client_1,client_2,client_3",4,client_4,zigzag,50,50,0.8118,0.8519,0.9,0.8,0.92,0.84,0.91,0.82,0.010000000000000009,-0.010000000000000009,0.019999999999999907,-0.020000000000000018,0.0002693073282514934,0.02345225794854616,0.02372156527679765,/Users/deepakkanneganti/Documents/TTA-Composition/Service-level TTA Model/TTA techniques/artifacts_tta_memo/client_4_zigzag_tta_memo
