adapted_case,composition_name,prediction_distribution_similarity,weight_cosine_similarity,quality_gap,reliability_gap,latency_similarity,entropy_gap,rule_score,rule_composable,inference_score,inference_composable,semantic_score,semantic_composable,similarity_score,similarity_composable,mlaas_score,mlaas_composable
client_0_brightness,C1,0.6211,0.999985778293908,0.2695282386068967,0.9157547856526561,0.8322697231054551,0.003613703925301026,0.3833333333333333,False,0.2,False,0.92422,True,0.6942499871418026,False,0.7366325538989984,False
client_0_brightness,C1_C2,0.6375,0.9959837848899822,0.24405615754244886,0.8802506699386735,0.6088755612575197,0.07672008702067545,0.3833333333333333,False,0.2,False,0.9275,True,0.6735160422432764,False,0.703078150632914,False
client_0_brightness,C1_C2_C3,0.6238999999999999,0.994837774176742,0.2229205978778678,0.8663128989203903,0.4067773715326882,0.10438088184720384,0.3083333333333333,False,0.1,False,0.9247800000000002,True,0.6397144289157519,False,0.6653301995800442,False
client_0_brightness,C1_C2_C3_C4,0.5775,0.994216946779569,0.22278555768371572,0.855053777245476,0.30150602247919717,0.10642902513674224,0.3083333333333333,False,0.1,False,0.9155000000000002,True,0.6022217088940186,False,0.6360246844962332,False
client_0_brightness,C1_C2_C3_C4_C5,0.5632,0.9938626078612843,0.21744579641362632,0.8476348705513939,0.2464429429153697,0.11082053321086494,0.3083333333333333,False,0.1,False,0.9126400000000001,True,0.5783318922296627,False,0.6238910437232369,False
client_0_brightness,C1_C2_C3_C5,0.6001000000000001,0.994240359335404,0.21544288107662296,0.8403635298956131,0.30085631883423725,0.11157930487390821,0.3083333333333333,False,0.1,False,0.9200200000000001,True,0.612019195201683,False,0.6433569863348131,False
client_0_brightness,C1_C2_C4,0.5694,0.9947568860070618,0.23839166977993517,0.8745664386392247,0.40472468776371967,0.09020419480143271,0.3083333333333333,False,0.1,False,0.91388,True,0.6236836208320751,False,0.6500839168400177,False
client_0_brightness,C1_C2_C4_C5,0.5593,0.9941737148144638,0.2264965170797901,0.8531891681395635,0.30564881037079544,0.10539181699911693,0.3083333333333333,False,0.1,False,0.9118600000000001,True,0.600247539556749,False,0.6326488647129082,False
client_0_brightness,C1_C2_C5,0.6125,0.9947902013206006,0.22559302433990752,0.8518855845857258,0.40633013283338576,0.10552151746182004,0.3083333333333333,False,0.1,False,0.9225000000000001,True,0.6418449188799613,False,0.6638594834100138,False
client_0_brightness,C1_C3,0.6536000000000001,0.99615054164218,0.23253770434740487,0.8747833312456585,0.6139283815130488,0.09087451460622376,0.3833333333333333,False,0.2,False,0.9307200000000002,True,0.6790714374111584,False,0.7101924905427698,False
client_0_brightness,C1_C3_C4,0.5733,0.9948842165280141,0.22753860319095054,0.8702647947227821,0.4035191954452009,0.10217184566919102,0.3083333333333333,False,0.1,False,0.91466,True,0.6270472839462042,False,0.6532490621899454,False
client_0_brightness,C1_C3_C4_C5,0.5621,0.9942459191352722,0.2220881516145074,0.8499546454101408,0.3049454324673282,0.10757424326004417,0.3083333333333333,False,0.1,False,0.91242,True,0.602164024227077,False,0.6342877553623752,False
client_0_brightness,C1_C3_C5,0.6042,0.9948658980481963,0.22530033339478134,0.8556471690999095,0.4126078818527474,0.10623050246001653,0.3083333333333333,False,0.1,False,0.9208400000000001,True,0.6404543895423814,False,0.6631525522970122,False
client_0_brightness,C1_C4,0.5665,0.9960701131109406,0.24834940171214595,0.8926898159998004,0.6206219450163599,0.07202158725515562,0.3833333333333333,False,0.2,False,0.9133,True,0.6558191678951606,False,0.6891421295888216,False
client_0_brightness,C1_C4_C5,0.559,0.994792210749154,0.23236807828930955,0.8610795141967631,0.41160607203967237,0.09936166289588,0.3083333333333333,False,0.1,False,0.9118000000000002,True,0.6287257975574216,False,0.6519406693859977,False
client_0_brightness,C1_C5,0.6089,0.9960107020277448,0.23931465846887398,0.8686230549286018,0.6130158718183336,0.09333635002688134,0.3833333333333333,False,0.2,False,0.92178,True,0.6712557723252618,False,0.7003026574883514,False
client_0_brightness,C2,0.5033000000000001,0.9846630000217714,0.2660117195959121,0.9193639142281039,0.8086738710934122,0.04606973968205241,0.3833333333333333,False,0.2,False,0.8306600000000001,False,0.6512383633475056,False,0.7056312187868146,False
client_0_brightness,C2_C3,0.5369999999999999,0.9885600535954098,0.23424891600927425,0.86856382588154,0.6101626906792482,0.09385816738636721,0.3833333333333333,False,0.2,False,0.8374,False,0.6551252461918375,False,0.6848809629706935,False
client_0_brightness,C2_C3_C4,0.5061,0.9898186601697477,0.2304763394211461,0.8656857000244201,0.40916853533840597,0.09699487023223186,0.3083333333333333,False,0.1,False,0.8312200000000001,False,0.6149178838196819,False,0.6397961811207302,False
client_0_brightness,C2_C3_C4_C5,0.5166,0.9905159470836064,0.22487936562586916,0.8511716229235087,0.3075404969300207,0.10303148737528545,0.3083333333333333,False,0.1,False,0.8333200000000001,False,0.5919461360637769,False,0.6242808332909715,False
client_0_brightness,C2_C3_C5,0.534,0.9899259773106062,0.22490691619747405,0.857841375273523,0.41236140531304893,0.10254277145204915,0.3083333333333333,False,0.1,False,0.8368000000000001,False,0.6244781595127339,False,0.6479345356636546,False
client_0_brightness,C2_C4,0.4781000000000001,0.9884350022688547,0.25192951640133404,0.8955507446550022,0.6221234898652159,0.06939244373878961,0.3833333333333333,False,0.2,False,0.8256200000000001,False,0.6350505734576327,False,0.6692333005868178,False
client_0_brightness,C2_C4_C5,0.4881000000000001,0.9898328413923828,0.23802826769641486,0.8645272662846347,0.4067017113818816,0.09134655651530033,0.3083333333333333,False,0.1,False,0.8276200000000001,False,0.6102852134170728,False,0.6343111102928772,False
client_0_brightness,C2_C5,0.5082,0.9886545374176124,0.23957431097833418,0.8722768964978183,0.6074058790947024,0.08723382734401308,0.3833333333333333,False,0.2,False,0.83164,False,0.6479283417466883,False,0.6771521113627851,False
client_0_brightness,C3,0.5061,0.9846859651408337,0.2556116258280958,0.8999387069097017,0.8154721448885605,0.055037952602359885,0.3833333333333333,False,0.2,False,0.8312200000000001,False,0.6624183458386665,False,0.7115780060550603,False
client_0_brightness,C3_C4,0.4820000000000001,0.9885594812195723,0.24004356687131392,0.8794649817512828,0.6184128011906965,0.08726119421550438,0.3833333333333333,False,0.2,False,0.8264000000000001,False,0.6412866601997742,False,0.6732818248384335,False
client_0_brightness,C3_C4_C5,0.49439999999999995,0.9898911722147191,0.2314218369951037,0.8683897532750156,0.4135584661939747,0.09366424477347668,0.3083333333333333,False,0.1,False,0.8288800000000001,False,0.6125957407178553,False,0.6378891648609871,False
client_0_brightness,C3_C5,0.5037,0.9886704524150721,0.23936283922219972,0.8798216344548545,0.6214817025707224,0.08221102654276546,0.3833333333333333,False,0.2,False,0.8307400000000001,False,0.6466710567350329,False,0.6783582796130043,False
client_0_brightness,C4,0.41079999999999994,0.9845872654371075,0.27081335746366236,0.9274058103995232,0.8373310996913264,0.028819611060940553,0.3833333333333333,False,0.2,False,0.8121600000000001,False,0.6332077081597159,False,0.6910830003987726,False
client_0_brightness,C4_C5,0.4525,0.9885607529873962,0.24779889943908645,0.8871625069483843,0.6183035936853344,0.06891822798377778,0.3833333333333333,False,0.2,False,0.8205000000000001,False,0.6336234052514946,False,0.6650394186576611,False
client_0_brightness,C5,0.4116000000000001,0.9849511330529886,0.2689064550166016,0.9208380805690197,0.8098274191583731,0.01188735945768693,0.3833333333333333,False,0.2,False,0.8123200000000002,False,0.6381519701415542,False,0.6868531912878209,False
client_0_glass_blur,C1,0.5894,0.9999826759005566,0.1618282386068967,0.8996182598990647,0.8810603034149326,0.032776869355062854,0.45833333333333326,False,0.2,False,0.91788,True,0.6414228157699647,False,0.7599763969068645,False
client_0_glass_blur,C1_C2,0.5899000000000001,0.9959805118892211,0.13635615754244887,0.8641141441850821,0.5751577875082436,0.11311066030103933,0.45833333333333326,False,0.2,False,0.91798,True,0.6097979827228402,False,0.7067402887075475,False
client_0_glass_blur,C1_C2_C3,0.5572,0.9948344913193164,0.11522059787786781,0.850176373166799,0.38425121306553395,0.14077145512756772,0.3833333333333333,False,0.1,False,0.91144,True,0.575681366355957,False,0.667410658739769,False
client_0_glass_blur,C1_C2_C3_C4,0.49570000000000003,0.9942138521812034,0.11508555768371571,0.8389172514918847,0.2848094879212959,0.14281959841710612,0.3833333333333333,False,0.1,False,0.89914,True,0.5404596094628707,False,0.6362511060896205,False
client_0_glass_blur,C1_C2_C3_C4_C5,0.48350000000000004,0.9938596008356361,0.10974579641362632,0.8314983447978025,0.23279564300705277,0.14721110649122882,0.3833333333333333,False,0.1,False,0.8967,True,0.5209066333135216,False,0.6251473297610847,False
client_0_glass_blur,C1_C2_C3_C5,0.5234000000000001,0.9942372341009076,0.10774288107662296,0.8242270041420218,0.2841957629916906,0.1479698781542721,0.3833333333333333,False,0.1,False,0.9046800000000002,True,0.5511963123052901,False,0.6446105975440453,False
client_0_glass_blur,C1_C2_C4,0.5034000000000001,0.9947538595112455,0.13069166977993518,0.8584299128856333,0.38231220100767493,0.1265947680817966,0.3833333333333333,False,0.1,False,0.9006800000000001,True,0.5607250380427349,False,0.6523271616142862,False
client_0_glass_blur,C1_C2_C4_C5,0.4847,0.994170779696486,0.11879651707979011,0.8370526423859721,0.28872286015933823,0.1417823902794808,0.3833333333333333,False,0.1,False,0.8969400000000001,True,0.5398848081994925,False,0.634269435071662,False
client_0_glass_blur,C1_C2_C5,0.5432,0.9947871333780881,0.11789302433990753,0.8357490588321346,0.3838287411564174,0.14191209074218392,0.3833333333333333,False,0.1,False,0.9086400000000001,True,0.5778126525313011,False,0.6654249389107585,False
client_0_glass_blur,C1_C3,0.5929,0.9961473395897861,0.12483770434740488,0.8586468054920671,0.5799307971406961,0.12726508788658764,0.45833333333333326,False,0.2,False,0.9185800000000002,True,0.612181685495729,False,0.7111786806824612,False
client_0_glass_blur,C1_C3_C4,0.49330000000000007,0.9948812405339523,0.11983860319095055,0.8541282689691907,0.3811734653794203,0.1385624189495549,0.3833333333333333,False,0.1,False,0.89866,True,0.5605744313495378,False,0.6527056684026178,False
client_0_glass_blur,C1_C3_C4_C5,0.48160000000000003,0.9942430224507655,0.11438815161450741,0.8338181196565493,0.28805843329696773,0.14396481654040805,0.3833333333333333,False,0.1,False,0.89632,True,0.5404925271504087,False,0.6347361236160427,False
client_0_glass_blur,C1_C3_C5,0.5259,0.9948628795045428,0.11760033339478135,0.8395106433463181,0.38975884652811416,0.1426210757403804,0.3833333333333333,False,0.1,False,0.9051800000000001,True,0.574249283940515,False,0.6628484889479958,False
client_0_glass_blur,C1_C4,0.5194,0.9960672988816374,0.14064940171214596,0.876553290246209,0.5862536903886352,0.1084121605355195,0.45833333333333326,False,0.2,False,0.90388,True,0.5917862408379497,False,0.6927742632420568,False
client_0_glass_blur,C1_C4_C5,0.47939999999999994,0.9947894461587803,0.12466807828930955,0.8449429884431718,0.38881251405518286,0.13575223617624388,0.3833333333333333,False,0.1,False,0.89588,True,0.5626266108961033,False,0.6513877522956659,False
client_0_glass_blur,C1_C5,0.5384,0.9960078213970195,0.131614658468874,0.8524865291750104,0.5790688196029407,0.12972692330724522,0.45833333333333326,False,0.2,False,0.90768,True,0.6028449234716939,False,0.6993390183437687,False
client_0_glass_blur,C2,0.4546,0.9846595881195137,0.15831171959591206,0.9032273884745126,0.8560811795132569,0.0824603129624163,0.45833333333333326,False,0.2,False,0.8209200000000001,False,0.5940570240157065,False,0.7252983455149729,False
client_0_glass_blur,C2_C3,0.4688,0.9885566944981204,0.12654891600927426,0.8524273001279485,0.5763736394122176,0.1302487406667311,0.45833333333333326,False,0.2,False,0.8237600000000002,False,0.5870276343395002,False,0.6844088283224704,False
client_0_glass_blur,C2_C3_C4,0.42899999999999994,0.9898155759290829,0.12277633942114609,0.8495491742708288,0.3865099611112365,0.13338544351259574,0.3833333333333333,False,0.1,False,0.8158000000000001,False,0.5492975044404176,False,0.6397701968518043,False
client_0_glass_blur,C2_C3_C4_C5,0.4411999999999999,0.9905129689597993,0.11717936562586917,0.8350350971699173,0.2905097905689214,0.13942206065564933,0.3833333333333333,False,0.1,False,0.8182400000000001,False,0.5314788791709314,False,0.625720443818631,False
client_0_glass_blur,C2_C3_C5,0.4656,0.9899228523775042,0.11720691619747407,0.8417048495199316,0.38952601914881707,0.13893334473241303,0.3833333333333333,False,0.1,False,0.8231200000000001,False,0.5603318841318525,False,0.6496131808688288,False
client_0_glass_blur,C2_C4,0.40810000000000013,0.988432024245813,0.14422951640133408,0.8794142189014108,0.5876720840113464,0.10578301701915349,0.45833333333333326,False,0.2,False,0.8116200000000001,False,0.5664939574600352,False,0.6682687712360764,False
client_0_glass_blur,C2_C4_C5,0.4183000000000001,0.9898299675183662,0.13032826769641487,0.8483907405310434,0.3841797427558198,0.1277371297956642,0.3833333333333333,False,0.1,False,0.8136600000000002,False,0.5467669870736016,False,0.6357724892175024,False
client_0_glass_blur,C2_C5,0.44540000000000013,0.9886514972041509,0.13187431097833419,0.8561403707442269,0.5737694921078494,0.12362440062437696,0.45833333333333326,False,0.2,False,0.8190800000000001,False,0.5811189927767211,False,0.677790573347363,False
client_0_glass_blur,C3,0.4444999999999999,0.9846826880637432,0.14791162582809586,0.8838021811561103,0.863277992044538,0.09142852588272377,0.45833333333333326,False,0.2,False,0.8189000000000001,False,0.6030838826944049,False,0.7287448674954785,False
client_0_glass_blur,C3_C4,0.4063000000000001,0.9885565794812112,0.13234356687131393,0.8633284559976915,0.5841668825810894,0.12365176749586826,0.45833333333333326,False,0.2,False,0.8112600000000001,False,0.5714871297453227,False,0.6712184081934806,False
client_0_glass_blur,C3_C4_C5,0.4213000000000001,0.9898883500294471,0.12372183699510371,0.8522532275214242,0.3906567902481924,0.13005481805384056,0.3833333333333333,False,0.1,False,0.8142600000000001,False,0.5477113450807161,False,0.6386146126594172,False
client_0_glass_blur,C3_C5,0.4376000000000001,0.9886674859987427,0.13166283922219973,0.8636851087012631,0.5870658370475343,0.11860159982312934,0.45833333333333326,False,0.2,False,0.8175200000000001,False,0.5788065247843324,False,0.6781808606497416,False
client_0_glass_blur,C4,0.34219999999999995,0.9845847564905708,0.16311335746366237,0.9112692846459318,0.8864183957095864,0.06521018434130443,0.45833333333333326,False,0.2,False,0.79844,False,0.5720590334918353,False,0.7071063052377582,False
client_0_glass_blur,C4_C5,0.3862,0.9885581623489315,0.14009889943908643,0.8710259811947929,0.5840637226726285,0.10530880126414166,0.45833333333333326,False,0.2,False,0.8072400000000001,False,0.566064133758591,False,0.6648572737520678,False
client_0_glass_blur,C5,0.3558000000000001,0.9849484833710023,0.16120645501660164,0.9047015548154284,0.8573023526256536,0.04827793273805081,0.45833333333333326,False,0.2,False,0.8011600000000001,False,0.5798552035866543,False,0.7051139954695205,False
client_0_impulse_noise,C1,0.6476,0.9999842652143983,0.1726282386068967,0.8913840688194795,0.886778944606128,0.018526601850946567,0.45833333333333326,False,0.2,False,0.9295200000000001,True,0.6783922836566358,False,0.7697770238999134,False
client_0_impulse_noise,C1_C2,0.618,0.9959828027237578,0.14715615754244887,0.8558799531054969,0.5714487222050046,0.09886039279692305,0.45833333333333326,False,0.2,False,0.9236000000000002,True,0.6384020946798442,False,0.7086355147058484,False
client_0_impulse_noise,C1_C2_C3,0.5814999999999999,0.9948370572451962,0.12602059787786782,0.8419421820872137,0.38177326201790346,0.12652118762345144,0.3833333333333333,False,0.1,False,0.9163000000000001,True,0.6017099932922678,False,0.6687921626074604,False
client_0_impulse_noise,C1_C2_C3_C4,0.5168,0.9942166024057847,0.12588555768371573,0.8306830604122994,0.28297281455509027,0.12856933091298983,0.3833333333333333,False,0.1,False,0.9033600000000002,True,0.5631587884505137,False,0.6371209023533373,False
client_0_impulse_noise,C1_C2_C3_C4_C5,0.5006999999999999,0.9938623342306556,0.12054579641362632,0.8232641537182173,0.23129439541730276,0.13296083898711253,0.3833333333333333,False,0.1,False,0.9001400000000002,True,0.5407971045550211,False,0.6253042078141801,False
client_0_impulse_noise,C1_C2_C3_C5,0.5428999999999999,0.9942398264632553,0.11854288107662296,0.8159928130624365,0.2823630474017536,0.1337196106501558,0.3833333333333333,False,0.1,False,0.9085800000000002,True,0.5736292668941504,False,0.6451611537905689,False
client_0_impulse_noise,C1_C2_C4,0.5277,0.994756485796232,0.1414916697799352,0.8501957218060481,0.37984675421974945,0.1123445005776803,0.3833333333333333,False,0.1,False,0.90554,True,0.5863501297297898,False,0.6537111784057399,False
client_0_impulse_noise,C1_C2_C4_C5,0.5016,0.9941734168257933,0.1295965170797901,0.8288184513063869,0.2868609503215034,0.12753212277536452,0.3833333333333333,False,0.1,False,0.90032,True,0.5618148407951287,False,0.634294161421998,False
client_0_impulse_noise,C1_C2_C5,0.557,0.9947895526683239,0.12869302433990754,0.8275148677525492,0.3813535145366461,0.12766182323806763,0.3833333333333333,False,0.1,False,0.9114000000000002,True,0.6015971137872668,False,0.664706958336893,False
client_0_impulse_noise,C1_C3,0.6232,0.9961496962525059,0.13563770434740488,0.850412614412482,0.5761909517544881,0.11301482038247135,0.45833333333333326,False,0.2,False,0.9246400000000001,True,0.641436479558937,False,0.7135077638298051,False
client_0_impulse_noise,C1_C3_C4,0.5181,0.9948839153679824,0.13063860319095055,0.8458940778896055,0.37871536204558703,0.12431215144543861,0.3833333333333333,False,0.1,False,0.9036200000000001,True,0.5866157381819149,False,0.6541911635946986,False
client_0_impulse_noise,C1_C3_C4_C5,0.5014000000000001,0.9942456956324629,0.12518815161450741,0.8255839285769642,0.28620080820094684,0.12971454903629176,0.3833333333333333,False,0.1,False,0.9002800000000002,True,0.5630431765952034,False,0.6353417141252194,False
client_0_impulse_noise,C1_C3_C5,0.5498000000000001,0.994865343674249,0.12840033339478135,0.8312764522667329,0.38724537797098857,0.12837080823626412,0.3833333333333333,False,0.1,False,0.9099600000000001,True,0.6002266094234485,False,0.6641428689625534,False
client_0_impulse_noise,C1_C4,0.5408,0.9960697486754504,0.15144940171214596,0.8683190991666238,0.5824730700629734,0.09416189303140321,0.45833333333333326,False,0.2,False,0.9081600000000001,True,0.6192150843079715,False,0.6933152100277287,False
client_0_impulse_noise,C1_C4_C5,0.5037999999999999,0.99479197092555,0.13546807828930957,0.8367087973635865,0.38630514818677486,0.12150196867212759,0.3833333333333333,False,0.1,False,0.90076,True,0.5885401019107269,False,0.6527833649673798,False
client_0_impulse_noise,C1_C5,0.5620999999999999,0.9960099629292952,0.142414658468874,0.8442523380954252,0.5753345329191389,0.11547665580312894,0.45833333333333326,False,0.2,False,0.91242,True,0.6307142335392972,False,0.7003491702055049,False
client_0_impulse_noise,C2,0.4749,0.9846625340069534,0.16911171959591206,0.8949931973949273,0.8616376903186996,0.0682100454583,0.45833333333333326,False,0.2,False,0.8249800000000002,False,0.6238328039034926,False,0.7274868177455908,False
client_0_impulse_noise,C2_C3,0.4927,0.9885597303258371,0.13734891600927426,0.8441931090483634,0.5726567333490883,0.1159984731626148,0.45833333333333326,False,0.2,False,0.8285400000000002,False,0.6149388754183422,False,0.6854626351674293,False
client_0_impulse_noise,C2_C3_C4,0.4473999999999999,0.9898187005836284,0.1335763394211461,0.8413149831912435,0.38401744389726516,0.11913517600847945,0.3833333333333333,False,0.1,False,0.8194800000000001,False,0.5739537394289557,False,0.6399688992319605,False
client_0_impulse_noise,C2_C3_C4_C5,0.4514,0.9905159768041928,0.12797936562586917,0.8268009060903321,0.28863635721227926,0.12517179315153304,0.3833333333333333,False,0.1,False,0.8202800000000001,False,0.5520191496113395,False,0.6244029396082227,False
client_0_impulse_noise,C2_C3_C5,0.473,0.9899257634756596,0.12800691619747406,0.8334706584403464,0.3870140520439415,0.12468307722829675,0.3833333333333333,False,0.1,False,0.8246000000000001,False,0.5829281549690353,False,0.6476079505595262,False
client_0_impulse_noise,C2_C4,0.4313999999999999,0.9884351461108739,0.15502951640133408,0.8711800278218256,0.5838823167790678,0.0915327495150372,0.45833333333333326,False,0.2,False,0.8162800000000001,False,0.5942996488609554,False,0.6691880230546743,False
client_0_impulse_noise,C2_C4_C5,0.42710000000000004,0.9898329361263247,0.14112826769641487,0.8401565494514581,0.381702252604402,0.11348686229154792,0.3833333333333333,False,0.1,False,0.8154200000000001,False,0.569250556711337,False,0.6340541658008518,False
client_0_impulse_noise,C2_C5,0.4448000000000001,0.9886543043216264,0.1426743109783342,0.8479061796646417,0.5700693796144516,0.10937413312026067,0.45833333333333326,False,0.2,False,0.8189600000000001,False,0.6040497062959042,False,0.67394769316422,False
client_0_impulse_noise,C3,0.45530000000000004,0.9846857932756443,0.15871162582809586,0.8755679900765251,0.8688812147361333,0.07717825837860748,0.45833333333333326,False,0.2,False,0.8210600000000001,False,0.6307088160225219,False,0.7290427139682192,False
client_0_impulse_noise,C3_C4,0.42710000000000004,0.9885597845780976,0.14314356687131394,0.8550942649181063,0.5803997196172187,0.10940149999175197,0.45833333333333326,False,0.2,False,0.8154200000000001,False,0.5988610237497143,False,0.6716421975121253,False
client_0_impulse_noise,C3_C4_C5,0.43299999999999994,0.9898913710611114,0.13452183699510373,0.844019036441839,0.3881375310507091,0.11580455054972427,0.3833333333333333,False,0.1,False,0.8166000000000001,False,0.5710379125911179,False,0.6374679459182948,False
client_0_impulse_noise,C3_C5,0.4425,0.988670367813914,0.14246283922219974,0.8554509176216779,0.5832799793677776,0.10435133231901306,0.45833333333333326,False,0.2,False,0.8185000000000001,False,0.6029477666355066,False,0.675420846368866,False
client_0_impulse_noise,C4,0.3692,0.9845880347814309,0.17391335746366238,0.9030350935663466,0.8921718143242837,0.050959916837188146,0.45833333333333326,False,0.2,False,0.8038400000000001,False,0.6032394692086462,False,0.7106742255109112,False
client_0_impulse_noise,C4_C5,0.39660000000000006,0.9885611308025162,0.15089889943908646,0.8627917901152077,0.5802972249641808,0.09105853376002537,0.45833333333333326,False,0.2,False,0.8093200000000002,False,0.5911438165551754,False,0.6632011487931366,False
client_0_impulse_noise,C5,0.35840000000000005,0.9849511317554833,0.1720064550166016,0.8964673637358431,0.8628667896205241,0.03402766523393452,0.45833333333333326,False,0.2,False,0.8016800000000001,False,0.6059508579024898,False,0.7037639934374322,False
client_0_motion_blur,C1,0.5971,0.9999837958161972,0.2445282386068967,0.8886089150817578,0.8679632272226676,0.00634983511816789,0.3833333333333333,False,0.2,False,0.9194200000000001,True,0.6836807417690548,False,0.7412562711698089,False
client_0_motion_blur,C1_C2,0.6168,0.9959819917408494,0.2190561575424489,0.8531047993677752,0.583836594546733,0.08668362606414437,0.3833333333333333,False,0.2,False,0.9233600000000002,True,0.6567465277057941,False,0.6962154116038402,False
client_0_motion_blur,C1_C2_C3,0.606,0.9948360194083937,0.19792059787786784,0.839167028349492,0.3900493474295817,0.11434442089067276,0.3833333333333333,False,0.1,False,0.9212,True,0.6242185117761224,False,0.6606896567486634,False
client_0_motion_blur,C1_C2_C3_C4,0.558,0.9942154362187176,0.19778555768371575,0.8279079066745777,0.28910710266647477,0.11639256418021116,0.3833333333333333,False,0.1,False,0.9116000000000002,True,0.58718168351798,False,0.6319300113644286,False
client_0_motion_blur,C1_C2_C3_C4_C5,0.5471000000000001,0.9938612952764683,0.19244579641362636,0.8204889999804955,0.23630839813084617,0.12078407225433385,0.3833333333333333,False,0.1,False,0.9094200000000001,True,0.5645638841373732,False,0.6209292851922791,False
client_0_motion_blur,C1_C2_C3_C5,0.5873,0.9942389142762416,0.190442881076623,0.8132176593247148,0.28848411697338083,0.12154284391737713,0.3833333333333333,False,0.1,False,0.9174600000000002,True,0.598349383028786,False,0.6406076698937194,False
client_0_motion_blur,C1_C2_C4,0.5485,0.9947554295005512,0.2133916697799352,0.8474205680683263,0.38808107677197673,0.10016773384490163,0.3083333333333333,False,0.1,False,0.9097000000000002,True,0.6076522589758637,False,0.644860316283277,False
client_0_motion_blur,C1_C2_C4_C5,0.5431,0.9941724904790658,0.20149651707979013,0.8260432975686651,0.29307952548726396,0.11535535604258584,0.3083333333333333,False,0.1,False,0.9086200000000002,True,0.58586199041426,False,0.6291801758120324,False
client_0_motion_blur,C1_C2_C5,0.5973,0.994788830669651,0.20059302433990756,0.8247397140148276,0.3896205006573267,0.11548505650528895,0.3083333333333333,False,0.1,False,0.9194600000000002,True,0.6269969063344456,False,0.6597626957875223,False
client_0_motion_blur,C1_C3,0.6328,0.9961487120080277,0.2075377043474049,0.8476374606747601,0.5886816262059972,0.10083805364969267,0.3833333333333333,False,0.2,False,0.92656,True,0.6622544636803855,False,0.703268186497439,False
client_0_motion_blur,C1_C3_C4,0.5513,0.994882740486372,0.20253860319095057,0.8431189241518837,0.38692515826451906,0.11213538471265994,0.3083333333333333,False,0.1,False,0.9102600000000001,True,0.6107463580513477,False,0.6478153724883907,False
client_0_motion_blur,C1_C3_C4_C5,0.546,0.9942446827805518,0.19708815161450743,0.8228087748392423,0.2924050727977988,0.11753778230351308,0.3833333333333333,False,0.1,False,0.9092,True,0.5877926400063695,False,0.6308448491004355,False
client_0_motion_blur,C1_C3_C5,0.5888,0.9948645093976182,0.20030033339478137,0.8285012985290111,0.3956400879787712,0.11619404150348545,0.3083333333333333,False,0.1,False,0.9177600000000001,True,0.6255074346949112,False,0.6589641287350115,False
client_0_motion_blur,C1_C4,0.5428999999999999,0.9960687360215223,0.22334940171214598,0.865543945428902,0.595099928351487,0.08198512629862453,0.3833333333333333,False,0.2,False,0.9085800000000002,True,0.6383528863617861,False,0.6816028637808735,False
client_0_motion_blur,C1_C4_C5,0.5428999999999999,0.9947911172952097,0.2073680782893096,0.8339336436258649,0.39467947588187374,0.10932520193934891,0.3083333333333333,False,0.1,False,0.9085800000000002,True,0.6136560238244453,False,0.6476205444065593,False
client_0_motion_blur,C1_C5,0.588,0.9960094527015837,0.21431465846887401,0.8414771843577035,0.5878066419127319,0.10329988907035026,0.3833333333333333,False,0.2,False,0.9176000000000002,True,0.6545021069027476,False,0.6933659745849091,False
client_0_motion_blur,C2,0.4939,0.9846614017841135,0.24101171959591208,0.8922180436572056,0.8433554212519987,0.05603327872552133,0.3833333333333333,False,0.2,False,0.8287800000000001,False,0.6433524536322517,False,0.7129726221139105,False
client_0_motion_blur,C2_C3,0.5275,0.9885584172575107,0.20924891600927428,0.8414179553106416,0.5850707929710726,0.10382170642983612,0.3833333333333333,False,0.2,False,0.8355000000000001,False,0.6406357379717038,False,0.6802476691043886,False
client_0_motion_blur,C2_C3_C4,0.4919,0.9898173084382581,0.20547633942114613,0.8385398294535218,0.39234217871098576,0.10695840927570077,0.3083333333333333,False,0.1,False,0.8283800000000001,False,0.6002076489647212,False,0.6358760523918584,False
client_0_motion_blur,C2_C3_C4_C5,0.5028999999999999,0.9905148006224892,0.1998793656258692,0.8240257523526103,0.29489341967018523,0.11299502641875436,0.3833333333333333,False,0.1,False,0.8305800000000001,False,0.5780664901096739,False,0.621296601489691,False
client_0_motion_blur,C2_C3_C5,0.525,0.9899247100110327,0.19990691619747408,0.8306955047026247,0.3954037473654676,0.11250631049551807,0.3833333333333333,False,0.1,False,0.8350000000000001,False,0.6108061874591153,False,0.6450281635571339,False
client_0_motion_blur,C2_C4,0.4658000000000001,0.9884338077041285,0.2269295164013341,0.8684048740841038,0.5965397247350118,0.07935598278225853,0.3833333333333333,False,0.2,False,0.8231600000000001,False,0.6198342615752395,False,0.6639417215907419,False
client_0_motion_blur,C2_C4_C5,0.4744999999999999,0.9898318646649814,0.2130282676964149,0.8373813957137364,0.38997679867315177,0.10131009555876924,0.3083333333333333,False,0.1,False,0.8249000000000001,False,0.5957687258557719,False,0.630531345348561,False
client_0_motion_blur,C2_C5,0.4977999999999999,0.9886534642368363,0.2145743109783342,0.8451310259269199,0.5824273505507462,0.097197366387482,0.3833333333333333,False,0.2,False,0.8295600000000001,False,0.6332639568151983,False,0.6723616039607487,False
client_0_motion_blur,C3,0.5005,0.9846843022234432,0.23061162582809588,0.8727928363388033,0.8504452522274224,0.0650014916458288,0.3833333333333333,False,0.2,False,0.8301000000000001,False,0.6554182302060354,False,0.7197377078822647,False
client_0_motion_blur,C3_C4,0.4673999999999999,0.9885582629324063,0.21504356687131396,0.8523191111803845,0.5929816317895829,0.0972247332589733,0.3833333333333333,False,0.2,False,0.8234800000000001,False,0.6256959519661426,False,0.6675607602436876,False
client_0_motion_blur,C3_C4_C5,0.48209999999999986,0.989890182982913,0.20642183699510375,0.8412438827041172,0.39655158116379147,0.1036277838169456,0.3083333333333333,False,0.1,False,0.82642,False,0.5982389185234698,False,0.6343130029514994,False
client_0_motion_blur,C3_C5,0.49739999999999995,0.9886693586352668,0.21436283922219976,0.8526757638839562,0.5959243298460027,0.09217456558623438,0.3833333333333333,False,0.2,False,0.8294800000000001,False,0.6327249812551159,False,0.6742719992550094,False
client_0_motion_blur,C4,0.39659999999999995,0.9845864949747118,0.2458133574636624,0.9002599398286248,0.8732416707773245,0.03878315010440947,0.3833333333333333,False,0.2,False,0.8093200000000002,False,0.6244003578315578,False,0.6977103734664033,False
client_0_motion_blur,C4_C5,0.4397,0.9885600942484832,0.22279889943908648,0.8600166363774859,0.5928769152562112,0.0788817670272467,0.3833333333333333,False,0.2,False,0.8179400000000001,False,0.618368611029919,False,0.659679364166964,False
client_0_motion_blur,C5,0.404,0.9849505866340388,0.24390645501660163,0.8936922099981214,0.8445584414669888,0.021850898501155847,0.3833333333333333,False,0.2,False,0.8108000000000001,False,0.6306986009179762,False,0.694564699408664,False
client_0_zoom_blur,C1,0.6104,0.9999820979543188,0.2344282386068967,0.9192012457432593,0.8487588684620263,0.017614063219827836,0.3833333333333333,False,0.2,False,0.92208,True,0.663118312399282,False,0.7451542929114552,False
client_0_zoom_blur,C1_C2,0.6224000000000001,0.9959796323211144,0.2089561575424489,0.8836971300292767,0.5970467156257426,0.09794785416580432,0.3833333333333333,False,0.2,False,0.9244800000000002,True,0.6395612132483758,False,0.7050561970018453,False
client_0_zoom_blur,C1_C2_C3,0.6031,0.9948336312650914,0.18782059787786784,0.8697593590109935,0.39887476048943576,0.1256086489923327,0.3833333333333333,False,0.1,False,0.92062,True,0.6068475026393627,False,0.6669534947981238,False
client_0_zoom_blur,C1_C2_C3_C4,0.5510999999999999,0.9942129190966443,0.18768555768371575,0.8585002373360793,0.29564855598868534,0.1276567922818711,0.3833333333333333,False,0.1,False,0.91022,True,0.571446113148883,False,0.6369370316706062,False
client_0_zoom_blur,C1_C2_C3_C4_C5,0.5336000000000001,0.9938586471643547,0.18234579641362636,0.8510813306419971,0.24165520677636934,0.1320483003559938,0.3833333333333333,False,0.1,False,0.9067200000000002,True,0.54932298285044,False,0.6243773503651112,False
client_0_zoom_blur,C1_C2_C3_C5,0.5700000000000001,0.9942363295818367,0.180342881076623,0.8438099899862164,0.29501147437129827,0.13280707201903708,0.3833333333333333,False,0.1,False,0.9140000000000001,True,0.5804826902681746,False,0.6435318575005722,False
client_0_zoom_blur,C1_C2_C4,0.5503,0.994752889561287,0.2032916697799352,0.8780128987298279,0.39686195495007437,0.11143196194656158,0.3083333333333333,False,0.1,False,0.9100600000000001,True,0.5916306035175987,False,0.6520552169971938,False
client_0_zoom_blur,C1_C2_C4_C5,0.5337999999999998,0.9941697936217491,0.19139651707979013,0.8566356282301667,0.2997108604423317,0.1266195841442458,0.3833333333333333,False,0.1,False,0.90676,True,0.5695920646582232,False,0.6337251364977328,False
client_0_zoom_blur,C1_C2_C5,0.5804,0.9947862016887251,0.19049302433990756,0.8553320446763291,0.3984362104580176,0.1267492846069489,0.3833333333333333,False,0.1,False,0.91608,True,0.6069769125203419,False,0.6632245450176255,False
client_0_zoom_blur,C1_C3,0.6340000000000001,0.9961466410732022,0.1974377043474049,0.8782297913362618,0.6020013729156171,0.11210228175135262,0.45833333333333326,False,0.2,False,0.9268000000000001,True,0.6439591467449276,False,0.711250954718548,False
client_0_zoom_blur,C1_C3_C4,0.5446,0.9948803895332149,0.19243860319095057,0.8737112548133853,0.39567988216660244,0.12339961281431988,0.3833333333333333,False,0.1,False,0.9089200000000002,True,0.5927009192789996,False,0.6533050801443262,False
client_0_zoom_blur,C1_C3_C4_C5,0.5324,0.9942421243603903,0.18698815161450744,0.853401105500744,0.2990211473156601,0.12880201040517303,0.3833333333333333,False,0.1,False,0.9064800000000002,True,0.570619619840265,False,0.6345267853861256,False
client_0_zoom_blur,C1_C3_C5,0.5778,0.9948620657331828,0.19020033339478137,0.8590936291905127,0.4045919993778283,0.1274582696051454,0.3833333333333333,False,0.1,False,0.9155600000000002,True,0.6065048910019348,False,0.6636332553480861,False
client_0_zoom_blur,C1_C4,0.5490999999999999,0.9960664325758384,0.213249401712146,0.8961362760904036,0.6085648981410842,0.09324935440028448,0.3833333333333333,False,0.2,False,0.9098200000000001,True,0.6211416423968209,False,0.6906146301158064,False
client_0_zoom_blur,C1_C4_C5,0.5305,0.9947885227432582,0.1972680782893096,0.8645259742873663,0.40360965208613747,0.12058943004100886,0.3833333333333333,False,0.1,False,0.9061000000000001,True,0.5945404926609956,False,0.652005293803172,False
client_0_zoom_blur,C1_C5,0.5804,0.9960070106766175,0.20421465846887402,0.872069515019205,0.6011065908766053,0.1145641171720102,0.3833333333333333,False,0.2,False,0.91608,True,0.6345227242899298,False,0.6995847090388407,False
client_0_zoom_blur,C2,0.4838,0.9846584261268374,0.23091171959591208,0.9228103743187072,0.8246955292606295,0.06729750682718127,0.3833333333333333,False,0.2,False,0.82676,False,0.6177390760284264,False,0.7122992816503315,False
client_0_zoom_blur,C2_C3,0.5159,0.9885556991551344,0.19914891600927428,0.8720102859721433,0.5983088395189092,0.11508593453149607,0.45833333333333326,False,0.2,False,0.8331800000000001,False,0.6198431453879488,False,0.6856539678596308,False
client_0_zoom_blur,C2_C3_C4,0.48050000000000004,0.9898145285221341,0.19537633942114613,0.8691321601150234,0.40121947029151495,0.11822263737736072,0.3833333333333333,False,0.1,False,0.8261000000000002,False,0.5813395617705753,False,0.6404501877908896,False
client_0_zoom_blur,C2_C3_C4_C5,0.48529999999999995,0.9905119252631,0.1897793656258692,0.8546180830141119,0.30156579652294263,0.12425925452041431,0.3833333333333333,False,0.1,False,0.8270600000000001,False,0.5601859785201576,False,0.6241897348545148,False
client_0_zoom_blur,C2_C3_C5,0.5012,0.9899218442437124,0.18980691619747408,0.8612878353641262,0.40435031122696574,0.12377053859717801,0.3833333333333333,False,0.1,False,0.8302400000000001,False,0.58932113571797,False,0.6471361362421196,False
client_0_zoom_blur,C2_C4,0.45940000000000003,0.9884308668680776,0.2168295164013341,0.8989972047456054,0.6100372719353659,0.09062021088391847,0.3833333333333333,False,0.2,False,0.82188,False,0.6001146533770458,False,0.6704398759297527,False
client_0_zoom_blur,C2_C4_C5,0.45930000000000015,0.9898288522254245,0.2029282676964149,0.867973726375238,0.3988005702157294,0.11257432366042919,0.3083333333333333,False,0.1,False,0.8218600000000001,False,0.5763954721997444,False,0.6343347302353154,False
client_0_zoom_blur,C2_C5,0.47340000000000004,0.9886503998511972,0.2044743109783342,0.8757233565884215,0.5956055855095799,0.10846159448914194,0.3833333333333333,False,0.2,False,0.8246800000000001,False,0.6099998234390892,False,0.6751958711415379,False
client_0_zoom_blur,C3,0.47929999999999995,0.9846818744436564,0.2205116258280959,0.9033851670003049,0.8316284922336609,0.07626571974748875,0.3833333333333333,False,0.2,False,0.8258600000000001,False,0.6278194197610951,False,0.7168131033937051,False
client_0_zoom_blur,C3_C4,0.45420000000000005,0.9885555957682526,0.20494356687131396,0.8829114418418861,0.6063986721511082,0.10848896136063324,0.3833333333333333,False,0.2,False,0.8208400000000001,False,0.6045192082277703,False,0.6726828679493122,False
client_0_zoom_blur,C3_C4_C5,0.4639,0.9898873494682991,0.19632183699510375,0.8718362133656188,0.40552411637343067,0.11489201191860554,0.3833333333333333,False,0.1,False,0.8227800000000001,False,0.5780069856574923,False,0.6375461763566547,False
client_0_zoom_blur,C3_C5,0.47530000000000006,0.9886665601974789,0.20426283922219976,0.8832680945454577,0.6094079528746432,0.10343879368789433,0.3833333333333333,False,0.2,False,0.8250600000000001,False,0.6098252721396579,False,0.67762739723933,False
client_0_zoom_blur,C4,0.3923,0.984583612893603,0.2357133574636624,0.9308522704901264,0.8539205223641471,0.050047378206069415,0.3833333333333333,False,0.2,False,0.8084600000000001,False,0.5998608114508392,False,0.6980648004336962,False
client_0_zoom_blur,C4_C5,0.4263999999999999,0.9885570750412778,0.2126988994390865,0.8906089670389875,0.6062915862594304,0.09014599512890664,0.3833333333333333,False,0.2,False,0.8152800000000001,False,0.5974064823363043,False,0.6647809275923169,False
client_0_zoom_blur,C5,0.38880000000000003,0.984947458331598,0.23380645501660163,0.924284540659623,0.8258719317214563,0.03311512660281579,0.3833333333333333,False,0.2,False,0.8077600000000001,False,0.6042032556041785,False,0.6928660048652195,False
client_1_brightness,C1,0.3853,0.9846607781872648,0.2604282386068967,0.8959273436819104,0.8793932512187291,0.011908152130396754,0.3833333333333333,False,0.2,False,0.8070600000000001,False,0.6626643904863159,False,0.6956695153032499,False
client_1_brightness,C1_C2,0.5538000000000001,0.9963107931380115,0.23495615754244886,0.8604232279679278,0.576248105237542,0.06842563881557973,0.3833333333333333,False,0.2,False,0.91076,True,0.6657521605844758,False,0.6797153168814498,False
client_1_brightness,C1_C2_C3,0.5771,0.9949264560202361,0.2138205978778678,0.8464854569496446,0.384979632151929,0.09608643364210812,0.3083333333333333,False,0.1,False,0.9154200000000001,True,0.6381065871046299,False,0.6514656438755166,False
client_1_brightness,C1_C2_C3_C4,0.5872999999999999,0.9942873194201168,0.21368555768371572,0.8352263352747303,0.2853493968661061,0.09813457693164651,0.3083333333333333,False,0.1,False,0.9174600000000002,True,0.6099422073591663,False,0.63460468970465,False
client_1_brightness,C1_C2_C3_C4_C5,0.5934,0.9938164895420603,0.20834579641362633,0.8278074285806482,0.23323695010988035,0.10252608500576921,0.3083333333333333,False,0.1,False,0.9186800000000002,True,0.5886384251168637,False,0.6271178773012196,False
client_1_brightness,C1_C2_C3_C5,0.5898000000000001,0.9941790530360158,0.20634288107662296,0.8205360879248674,0.28473450850763626,0.10328485666881249,0.3083333333333333,False,0.1,False,0.9179600000000001,True,0.6157400603163691,False,0.6378976188125407,False
client_1_brightness,C1_C2_C4,0.5858000000000001,0.9949806943393902,0.22929166977993518,0.854738996668479,0.3830369443388773,0.08190974659633699,0.3083333333333333,False,0.1,False,0.9171600000000002,True,0.6344120537148773,False,0.6489083856244402,False
client_1_brightness,C1_C2_C4_C5,0.6015999999999999,0.99421344054692,0.2173965170797901,0.8333617261688178,0.28927018762342294,0.0970973687940212,0.3083333333333333,False,0.1,False,0.92032,True,0.6145248356142262,False,0.6376783411128504,False
client_1_brightness,C1_C2_C5,0.5955,0.9948378947669692,0.21649302433990752,0.8320581426149802,0.3845563593693432,0.09722706925672431,0.3083333333333333,False,0.1,False,0.9191,True,0.6461183434926436,False,0.6559515232094046,False
client_1_brightness,C1_C3,0.493,0.9882630702358157,0.22343770434740487,0.8549558892749127,0.5810301629905926,0.08258006640112803,0.3833333333333333,False,0.2,False,0.8286000000000001,False,0.65406511242476,False,0.6697526083599311,False
client_1_brightness,C1_C3_C4,0.5352,0.989650290359037,0.21843860319095054,0.8504373527520364,0.38189605002709026,0.09387739746409529,0.3083333333333333,False,0.1,False,0.8370400000000001,False,0.6257856683696784,False,0.6400949036754533,False
client_1_brightness,C1_C3_C4_C5,0.5496,0.990239469270737,0.2129881516145074,0.830127203439395,0.2886045012173175,0.09927979505494844,0.3083333333333333,False,0.1,False,0.8399200000000001,False,0.6044966283547394,False,0.6275555349423915,False
client_1_brightness,C1_C3_C5,0.5314000000000001,0.9895273292021041,0.21620033339478134,0.8358197271291637,0.3904977063501493,0.0979360542549208,0.3083333333333333,False,0.1,False,0.8362800000000001,False,0.63235009423015,False,0.6429400592301997,False
client_1_brightness,C1_C4,0.4951000000000001,0.9884451762261348,0.23924940171214595,0.8728623740290546,0.5873650424495479,0.06372713905005989,0.3833333333333333,False,0.2,False,0.8290200000000001,False,0.6486139118789546,False,0.6665230175014235,False
client_1_brightness,C1_C4_C5,0.5463,0.989614119026937,0.22326807828930956,0.8412520722260175,0.38954957992937367,0.09106721469078427,0.3083333333333333,False,0.1,False,0.8392600000000001,False,0.6325382708329893,False,0.64379100842242,False
client_1_brightness,C1_C5,0.5112,0.9882785589395908,0.23021465846887398,0.8487956129578561,0.5801665514153398,0.08504190182178561,0.3833333333333333,False,0.2,False,0.8322400000000001,False,0.658885280617909,False,0.6724836205930473,False
client_1_brightness,C2,0.6306,0.9999867569466262,0.2569117195959121,0.8995364722573582,0.8544613902605753,0.037775291476956685,0.3833333333333333,False,0.2,False,0.92612,True,0.70020024282616,False,0.7431507298081437,False
client_1_brightness,C2_C3,0.6172,0.9962172826004816,0.22514891600927425,0.8487363839107942,0.5774662620131805,0.08556371918127148,0.3833333333333333,False,0.2,False,0.92344,True,0.6821604149569364,False,0.6957503788414197,False
client_1_brightness,C2_C3_C4,0.6292,0.994946302406553,0.2213763394211461,0.8458582580536744,0.38724266207139507,0.08870042202713613,0.3083333333333333,False,0.1,False,0.92584,True,0.6483904808806912,False,0.6608937907176144,False
client_1_brightness,C2_C3_C4_C5,0.615,0.994203011695801,0.21577936562586916,0.831344180952763,0.29106050548936835,0.09473703917018972,0.3083333333333333,False,0.1,False,0.923,True,0.618298688033657,False,0.6412395037282053,False
client_1_brightness,C2_C3_C5,0.6112,0.9948123256478,0.21580691619747405,0.8380139333027773,0.39026443760358737,0.09424832324695342,0.3083333333333333,False,0.1,False,0.9222400000000002,True,0.6488376339641471,False,0.6597696675921265,False
client_1_brightness,C2_C4,0.6351,0.9962383489698795,0.24282951640133407,0.8757233026842565,0.58878612489913,0.06109799553369388,0.3833333333333333,False,0.2,False,0.9270200000000002,True,0.6773779896048728,False,0.695363752736731,False
client_1_brightness,C2_C4_C5,0.6383000000000001,0.9948290277152474,0.22892826769641486,0.844699824313889,0.3849080263570532,0.0830521083102046,0.3083333333333333,False,0.1,False,0.9276600000000002,True,0.6489549637468206,False,0.6608288663554098,False
client_1_brightness,C2_C5,0.6399,0.9960498610632015,0.23047431097833418,0.8524494545270725,0.574857178067012,0.07893937913891735,0.3833333333333333,False,0.2,False,0.92798,True,0.6851221984575386,False,0.6982986916892903,False
client_1_brightness,C3,0.4538,0.9842892638692899,0.24651162582809585,0.880111264938956,0.8616445857192345,0.04674350439726416,0.3833333333333333,False,0.2,False,0.82076,False,0.6713151365432966,False,0.7101104097698118,False
client_1_brightness,C3_C4,0.5435,0.9883694806957839,0.23094356687131393,0.8596375397805371,0.5852742787126908,0.07896674601040865,0.3833333333333333,False,0.2,False,0.8387000000000001,False,0.6626475567689418,False,0.678753376041,False
client_1_brightness,C3_C4_C5,0.5547000000000001,0.9895967367407016,0.22232183699510372,0.8485623113042698,0.39139735228826084,0.08536979656838095,0.3083333333333333,False,0.1,False,0.8409400000000001,False,0.6321371424911801,False,0.6452953107879663,False
client_1_brightness,C3_C5,0.5194,0.9882237357016682,0.23026283922219973,0.8599941924841088,0.5881787286823175,0.07391657833766974,0.3833333333333333,False,0.2,False,0.8338800000000001,False,0.6587247247697099,False,0.6745855972955679,False
client_1_brightness,C4,0.4951,0.9846024844599098,0.26171335746366237,0.9075783684287775,0.8847412054791389,0.020525162855844825,0.3833333333333333,False,0.2,False,0.8290200000000001,False,0.6698724227505256,False,0.717265321163821,False
client_1_brightness,C4_C5,0.5571999999999999,0.9883170483236425,0.23869889943908645,0.8673350649776386,0.5851709232455857,0.06062377977868205,0.3833333333333333,False,0.2,False,0.8414400000000001,False,0.6633540212072291,False,0.679141399439886,False
client_1_brightness,C5,0.47129999999999994,0.9844604288503507,0.2598064550166016,0.901010638598274,0.8556802527941035,0.003592911252591202,0.3833333333333333,False,0.2,False,0.8242600000000001,False,0.6695276679669203,False,0.7077028729773647,False
client_1_glass_blur,C1,0.3305999999999999,0.9846517884230483,0.13192823860689673,0.8758500137743843,0.841782625614893,0.06662974273554279,0.45833333333333326,False,0.1,False,0.79612,False,0.5211215550793558,False,0.7008978592388868,False
client_1_glass_blur,C1_C2,0.47230000000000005,0.9963023808823819,0.10645615754244889,0.8403458980604017,0.6019947185335551,0.14696353368151926,0.45833333333333326,False,0.1,False,0.89446,True,0.5330360272705291,False,0.6922552240987739,False
client_1_glass_blur,C1_C2_C3,0.49009999999999987,0.9949177695765785,0.08532059787786783,0.8264081270421185,0.40218042053763864,0.17462432850804765,0.3833333333333333,False,0.0,False,0.89802,True,0.5136723376587989,False,0.6611963312731743,False
client_1_glass_blur,C1_C2_C3_C4,0.507,0.9942787344030553,0.08518555768371573,0.8151490053672042,0.2980987326271907,0.17667247179758605,0.3833333333333333,False,0.0,False,0.9014000000000002,True,0.5011410878101352,False,0.644785106862702,False
client_1_glass_blur,C1_C2_C3_C4_C5,0.5115000000000001,0.993807916176371,0.07984579641362634,0.8077300986731221,0.2436579155000315,0.18106397987170875,0.3833333333333333,False,0.0,False,0.9023000000000001,True,0.49014484903241584,False,0.6365126227153594,False
client_1_glass_blur,C1_C2_C3_C5,0.5054000000000001,0.9941704071775159,0.07784288107662297,0.8004587580173413,0.29745637121910584,0.18182275153475203,0.3833333333333333,False,0.0,False,0.9010800000000001,True,0.5057295805312738,False,0.647252529192382,False
client_1_glass_blur,C1_C2_C4,0.5021,0.9949723260288557,0.1007916697799352,0.8346616667609529,0.4001509339456879,0.16044764146227652,0.3833333333333333,False,0.0,False,0.90042,True,0.513057640831347,False,0.6592817768929428,False
client_1_glass_blur,C1_C2_C4_C5,0.5205000000000001,0.9942050311966552,0.08889651707979013,0.8132843962612917,0.30219470328102377,0.17563526365996074,0.3833333333333333,False,0.0,False,0.9041000000000001,True,0.5052562399092808,False,0.6477338293835649,False
client_1_glass_blur,C1_C2_C5,0.5156000000000001,0.9948294430415195,0.08799302433990755,0.8119808127074541,0.4017382360388096,0.17576496412266385,0.3833333333333333,False,0.0,False,0.9031200000000001,True,0.523938127108,False,0.6670984752074552,False
client_1_glass_blur,C1_C3,0.41789999999999994,0.9882539524931483,0.0949377043474049,0.8348785593673866,0.6069904373652417,0.16111796126706757,0.45833333333333326,False,0.1,False,0.8135800000000001,False,0.5212685217402981,False,0.6836151066955747,False
client_1_glass_blur,C1_C3_C4,0.4606,0.9896414537672193,0.08993860319095057,0.8303600228445103,0.398959064777081,0.17241529233003483,0.3833333333333333,False,0.0,False,0.8221200000000001,False,0.504384510921973,False,0.6522780063163353,False
client_1_glass_blur,C1_C3_C4_C5,0.4675,0.990230712644865,0.08448815161450743,0.8100498735318689,0.3014992741819383,0.17781768992088798,0.3833333333333333,False,0.0,False,0.8235000000000001,False,0.4947411593675048,False,0.6374050052193887,False
client_1_glass_blur,C1_C3_C5,0.4505999999999999,0.9895184148201834,0.08770033339478137,0.8157423972216377,0.4079450408350634,0.17647394912086034,0.3833333333333333,False,0.0,False,0.8201200000000001,False,0.5090638233222865,False,0.6539600102600457,False
client_1_glass_blur,C1_C4,0.4280999999999999,0.9884365433434985,0.11074940171214598,0.8527850441215286,0.613608357566933,0.14226503391599943,0.45833333333333326,False,0.1,False,0.8156200000000001,False,0.5180084217278734,False,0.6820622209576205,False
client_1_glass_blur,C1_C4_C5,0.46789999999999987,0.9896055224061474,0.09476807828930957,0.8211747423184914,0.4069545523759755,0.1696051095567238,0.3833333333333333,False,0.0,False,0.8235800000000001,False,0.5107253005413737,False,0.6552825505968298,False
client_1_glass_blur,C1_C5,0.43889999999999996,0.9882698065364586,0.10171465846887401,0.82871828305033,0.6060882398526749,0.16357979668772515,0.45833333333333326,False,0.1,False,0.8177800000000001,False,0.5271767699258606,False,0.6868984748091352,False
client_1_glass_blur,C2,0.5394000000000001,0.9999789613290058,0.12841171959591208,0.8794591423498321,0.8179170713253476,0.11631318634289622,0.45833333333333326,False,0.1,False,0.90788,True,0.549447673783924,False,0.7412925739068215,False
client_1_glass_blur,C2_C3,0.5085,0.9962087778547597,0.09664891600927428,0.8286590540032681,0.6032673022325123,0.16410161404721102,0.45833333333333326,False,0.1,False,0.9017000000000002,True,0.5430423943317587,False,0.7028611529453892,False
client_1_glass_blur,C2_C3_C4,0.537,0.9949378719658891,0.0928763394211461,0.8257809281461483,0.40454456203679445,0.16723831689307567,0.3833333333333333,False,0.0,False,0.9074000000000002,True,0.5240699877686089,False,0.6696047516318091,False
client_1_glass_blur,C2_C3_C4_C5,0.5256000000000001,0.9941945560334896,0.08727936562586919,0.8112668510452369,0.30406501207683506,0.17327493403612926,0.3833333333333333,False,0.0,False,0.9051200000000001,True,0.5075938881089171,False,0.6496509809224837,False
client_1_glass_blur,C2_C3_C5,0.5144,0.994803812580827,0.08730691619747409,0.8179366033952512,0.40770134970245425,0.17278621811289296,0.3833333333333333,False,0.0,False,0.9028800000000001,True,0.5227574587988459,False,0.6675876144077526,False
client_1_glass_blur,C2_C4,0.5537,0.9962303153503522,0.1143295164013341,0.8556459727767304,0.6150929336054024,0.13963589039963342,0.45833333333333326,False,0.1,False,0.9107400000000001,True,0.5439981081594909,False,0.7080357747633275,False
client_1_glass_blur,C2_C4_C5,0.544,0.9948208264680262,0.10042826769641489,0.8246224944063629,0.4021056154147413,0.16159000317614414,0.3833333333333333,False,0.0,False,0.9088,True,0.5257022741494168,False,0.6690990109267506,False
client_1_glass_blur,C2_C5,0.5448000000000001,0.9960416975503994,0.1019743109783342,0.8323721246195465,0.6005416451040491,0.1574772740048569,0.45833333333333326,False,0.1,False,0.9089600000000002,True,0.5492592476246737,False,0.7081062194033846,False
client_1_glass_blur,C3,0.36240000000000006,0.9842800881253762,0.11801162582809588,0.8600339350314299,0.824793049876599,0.1252813992632037,0.45833333333333326,False,0.1,False,0.8024800000000001,False,0.5215872509286904,False,0.7081505344617492,False
client_1_glass_blur,C3_C4,0.45929999999999993,0.9883607539760854,0.10244356687131395,0.839560209873011,0.6114241790579718,0.1575046408763482,0.45833333333333326,False,0.1,False,0.8218600000000001,False,0.5280995920694067,False,0.6908338777753639,False
client_1_glass_blur,C3_C4_C5,0.4653999999999999,0.9895880781855299,0.09382183699510373,0.8284849813967438,0.4088848827163136,0.1639076914343205,0.3833333333333333,False,0.0,False,0.8230800000000001,False,0.5083455050616257,False,0.6546233521717899,False
client_1_glass_blur,C3_C5,0.42479999999999996,0.9882148912204863,0.10176283922219975,0.8399168625765827,0.6144583990858873,0.15245447320360928,0.45833333333333326,False,0.1,False,0.8149600000000001,False,0.5223376812646894,False,0.6846120294892928,False
client_1_glass_blur,C4,0.4385999999999999,0.984594269076403,0.1332133574636624,0.8875010385212514,0.846901854097437,0.09906305772178436,0.45833333333333326,False,0.1,False,0.8177200000000001,False,0.5258163113384531,False,0.7220880748200267,False
client_1_glass_blur,C4_C5,0.45809999999999995,0.9883086742470827,0.11019889943908646,0.8472577350701125,0.6113162056958672,0.1391616746446216,0.45833333333333326,False,0.1,False,0.8216200000000001,False,0.527101007767682,False,0.6882410481238778,False
client_1_glass_blur,C5,0.39960000000000007,0.9844519651785901,0.13130645501660165,0.8809333086907479,0.8190838045272628,0.08213080611853074,0.45833333333333326,False,0.1,False,0.8099200000000001,False,0.5233359869130082,False,0.7097341575988918,False
client_1_impulse_noise,C1,0.30700000000000005,0.9846534362552639,0.14252823860689662,0.8955561159257139,0.8764563845340527,0.06784651109863382,0.45833333333333326,False,0.2,False,0.7914000000000001,False,0.5157529133820897,False,0.7029635508042948,False
client_1_impulse_noise,C1_C2,0.45520000000000005,0.9963038872021038,0.11705615754244877,0.8600520002117313,0.578179021472786,0.1481803020446103,0.45833333333333326,False,0.2,False,0.89104,True,0.5216569310207465,False,0.6839229961656974,False
client_1_impulse_noise,C1_C2_C3,0.47950000000000004,0.9949194874355949,0.09592059787786772,0.8461142291934481,0.38626963799351693,0.1758410968711387,0.3833333333333333,False,0.1,False,0.8959000000000001,True,0.5036594365652293,False,0.6557451285512863,False
client_1_impulse_noise,C1_C2_C3_C4,0.491,0.9942803728735777,0.09578555768371562,0.8348551075185339,0.28630555755126574,0.1778892401606771,0.3833333333333333,False,0.1,False,0.8982000000000001,True,0.48990914566273625,False,0.6390774097567544,False
client_1_impulse_noise,C1_C2_C3_C4_C5,0.5008,0.9938093624295231,0.09044579641362623,0.8274362008244517,0.23401849023041635,0.18228074823479978,0.3833333333333333,False,0.1,False,0.9001600000000001,True,0.4799672457906162,False,0.6322956371271997,False
client_1_impulse_noise,C1_C2_C3_C5,0.492,0.9941718649071183,0.08844288107662286,0.820164860168671,0.2856886087991851,0.18303951989784306,0.3833333333333333,False,0.1,False,0.8984000000000001,True,0.4950730777736621,False,0.6420698784694514,False
client_1_impulse_noise,C1_C2_C4,0.48119999999999996,0.994973797063348,0.11139166977993509,0.8543677689122825,0.38432044054094694,0.16166440982536756,0.3833333333333333,False,0.1,False,0.8962400000000001,True,0.5008373956725592,False,0.6517865826340261,False
client_1_impulse_noise,C1_C2_C4_C5,0.5104,0.9942063062833698,0.09949651707979001,0.8329904984126213,0.29023948625812107,0.17685203202305178,0.3833333333333333,False,0.1,False,0.90208,True,0.49519513950958616,False,0.6431736512114603,False
client_1_impulse_noise,C1_C2_C5,0.5045,0.9948306774015598,0.09859302433990744,0.8316869148587838,0.3858449468908007,0.17698173248575488,0.3833333333333333,False,0.1,False,0.9009,True,0.5138354949268338,False,0.6615506744649945,False
client_1_impulse_noise,C1_C3,0.40539999999999987,0.988255851076409,0.10553770434740478,0.8545846615187163,0.582977103144821,0.1623347296301586,0.45833333333333326,False,0.2,False,0.8110800000000001,False,0.5109363004647935,False,0.6761634297832757,False
client_1_impulse_noise,C1_C3_C4,0.4488,0.9896431849010585,0.10053860319095045,0.8500661249958399,0.3831757232728164,0.17363206069312587,0.3833333333333333,False,0.1,False,0.8197600000000002,False,0.4940944249051963,False,0.6466122944573832,False
client_1_impulse_noise,C1_C3_C4_C5,0.46089999999999987,0.9902321783892292,0.09508815161450732,0.8297559756831985,0.2895715692421838,0.17903445828397901,0.3833333333333333,False,0.1,False,0.82218,False,0.48540484047575794,False,0.6335503675954436,False
client_1_impulse_noise,C1_C3_C5,0.44099999999999995,0.989519902384134,0.09830033339478125,0.8354484993729673,0.3918062023853878,0.17769071748395138,0.3833333333333333,False,0.1,False,0.8182000000000001,False,0.49927179233477575,False,0.6486631502980337,False
client_1_impulse_noise,C1_C4,0.40380000000000005,0.9884380665808091,0.12134940171214587,0.8724911462728582,0.5893332097826328,0.14348180227909046,0.45833333333333326,False,0.2,False,0.8107600000000001,False,0.5051337353479347,False,0.6721981062633557,False
client_1_impulse_noise,C1_C4_C5,0.4590000000000002,0.9896067653336421,0.10536807828930946,0.840880844469821,0.39085489894297465,0.17082187791981485,0.3833333333333333,False,0.1,False,0.8218000000000002,False,0.5010033124496233,False,0.6501334787108617,False
client_1_impulse_noise,C1_C5,0.4296000000000001,0.9882709723228754,0.1123146584688739,0.8484243852016596,0.5821105977438074,0.1647965650508162,0.45833333333333326,False,0.2,False,0.8159200000000001,False,0.5174752050240545,False,0.6800937897597781,False
client_1_impulse_noise,C2,0.5363,0.9999803207294112,0.13901171959591196,0.8991652445011618,0.8516077872940744,0.11752995470598726,0.45833333333333326,False,0.2,False,0.9072600000000002,True,0.5481168682897789,False,0.7472615991957808,False
client_1_impulse_noise,C2_C3,0.508,0.996210523615339,0.10724891600927416,0.8483651561545977,0.5794012600990611,0.16531838241030206,0.45833333333333326,False,0.2,False,0.9016000000000002,True,0.535123241081591,False,0.6978389038859477,False
client_1_impulse_noise,C2_C3_C4,0.5309,0.9949395032343531,0.103476339421146,0.845487030297478,0.3885402509682202,0.1684550852561667,0.3833333333333333,False,0.1,False,0.9061800000000002,True,0.5148932600033362,False,0.66503482588692,False
client_1_impulse_noise,C2_C3_C4_C5,0.5216,0.994195950345685,0.09787936562586907,0.8309729531965665,0.2920358031959978,0.1744917023992203,0.3833333333333333,False,0.1,False,0.90432,True,0.4987521801044781,False,0.6462960282238883,False
client_1_impulse_noise,C2_C3_C5,0.5099,0.9948052051014896,0.09790691619747398,0.8376427055465808,0.3915721519921605,0.174002986475984,0.3833333333333333,False,0.1,False,0.90198,True,0.5139642111294369,False,0.6633126635849594,False
client_1_impulse_noise,C2_C4,0.5321,0.996231694613999,0.12492951640133398,0.87535207492806,0.5907590540546809,0.14085265876272446,0.45833333333333326,False,0.2,False,0.90642,True,0.5316294606718288,False,0.6986998849210455,False
client_1_impulse_noise,C2_C4_C5,0.5451,0.9948219781489868,0.11102826769641477,0.8443285965576925,0.3861977922589509,0.16280677153923517,0.3833333333333333,False,0.1,False,0.9090200000000002,True,0.5179031101127279,False,0.6659882868469176,False
client_1_impulse_noise,C2_C5,0.5425,0.9960427297422131,0.11257431097833409,0.8520782267708761,0.5767834335253593,0.15869404236794793,0.45833333333333326,False,0.2,False,0.9085000000000001,True,0.5409223746784102,False,0.7027453937411423,False
client_1_impulse_noise,C3,0.3618999999999999,0.9842822226669673,0.12861162582809577,0.8797400371827595,0.8587669933857435,0.12649816762629473,0.45833333333333326,False,0.2,False,0.8023800000000001,False,0.5208507390073475,False,0.7146963602870293,False
client_1_impulse_noise,C3_C4,0.4535999999999999,0.9883625199961534,0.11304356687131384,0.8592663120243407,0.5872354402272632,0.15872140923943923,0.45833333333333326,False,0.2,False,0.8207200000000001,False,0.519075134611609,False,0.6847070934283688,False
client_1_impulse_noise,C3_C4_C5,0.46799999999999997,0.9895894807196295,0.10442183699510361,0.8481910835480734,0.3927088628947094,0.16512445979741153,0.3833333333333333,False,0.1,False,0.8236000000000001,False,0.5008898880449082,False,0.6517590389294221,False
client_1_impulse_noise,C3_C5,0.4292999999999998,0.9882162950688191,0.11236283922219964,0.8596229647279123,0.5901496225492391,0.1536712415667003,0.45833333333333326,False,0.2,False,0.81586,False,0.5153309028368643,False,0.6805011651667627,False
client_1_impulse_noise,C4,0.4223,0.9845956579714291,0.14381335746366228,0.907207140672581,0.8817864784928546,0.1002798260848754,0.45833333333333326,False,0.2,False,0.8144600000000001,False,0.521861557625696,False,0.7256558876932485,False
client_1_impulse_noise,C4_C5,0.4694999999999999,0.9883097164061431,0.12079889943908635,0.8669638372214421,0.5871317384323391,0.14037844300771263,0.45833333333333326,False,0.2,False,0.8239000000000001,False,0.5213561333103812,False,0.6855349733181173,False
client_1_impulse_noise,C5,0.40980000000000005,0.9844526662897652,0.14190645501660154,0.9006394108420775,0.852822579251938,0.08334757448162178,0.45833333333333326,False,0.2,False,0.8119600000000001,False,0.5246898103336102,False,0.7183726629811948,False
client_1_motion_blur,C1,0.3874000000000002,0.9846602295848891,0.23842823860689677,0.9003587147506812,0.9029129007315945,0.006753100985141036,0.3833333333333333,False,0.2,False,0.8074800000000001,False,0.6586263194799147,False,0.7056364725922251,False
client_1_motion_blur,C1_C2,0.5471999999999999,0.9963096070583607,0.21295615754244895,0.8648545990366986,0.5612376280844766,0.07358068996083544,0.3833333333333333,False,0.2,False,0.90944,True,0.6555560921483417,False,0.6802361213417836,False
client_1_motion_blur,C1_C2_C3,0.5701,0.9949253031713857,0.1918205978778679,0.8509168280184154,0.37495143783720764,0.10124148478736383,0.3833333333333333,False,0.1,False,0.91402,True,0.6282290980648289,False,0.6529029115496793,False
client_1_motion_blur,C1_C2_C3_C4,0.5818000000000001,0.9942862213234693,0.1916855576837158,0.8396577063435011,0.2779164342873675,0.10328962807690223,0.3833333333333333,False,0.1,False,0.9163600000000001,True,0.6009261658294415,False,0.6368610146764497,False
client_1_motion_blur,C1_C2_C3_C4_C5,0.5842,0.9938155138527374,0.18634579641362642,0.8322387996494189,0.22716144568903401,0.10768113615102493,0.3833333333333333,False,0.1,False,0.9168400000000001,True,0.5793016620651085,False,0.6289057183860629,False
client_1_motion_blur,C1_C2_C3_C5,0.5812,0.9941780669188215,0.18434288107662306,0.8249674589936382,0.27731756293194304,0.1084399078140682,0.3833333333333333,False,0.1,False,0.9162400000000002,True,0.6061194286366208,False,0.6395371695808402,False
client_1_motion_blur,C1_C2_C4,0.5809,0.9949795919084619,0.20729166977993527,0.8591703677372498,0.3730593543919072,0.0870647977415927,0.3083333333333333,False,0.1,False,0.91618,True,0.6250461843714075,False,0.6507757842557376,False
client_1_motion_blur,C1_C2_C4_C5,0.5916,0.9942124913361308,0.1953965170797902,0.8377930972375885,0.28173509379331924,0.10225241993927692,0.3833333333333333,False,0.1,False,0.91832,True,0.6046192157250097,False,0.6390142696115488,False
client_1_motion_blur,C1_C2_C5,0.587,0.9948369404167887,0.19449302433990762,0.8364895136837509,0.37453919073327446,0.10238212040198003,0.3833333333333333,False,0.1,False,0.9174,True,0.6360476618145412,False,0.6570910357190317,False
client_1_motion_blur,C1_C3,0.48749999999999993,0.988262254582258,0.20143770434740496,0.8593872603436836,0.5658951197556704,0.08773511754638375,0.3833333333333333,False,0.2,False,0.8275000000000001,False,0.6440328794230303,False,0.6704685736891121,False
client_1_motion_blur,C1_C3_C4,0.53,0.9896494351166722,0.19643860319095063,0.8548687238208071,0.3719481788207901,0.09903244860935101,0.3833333333333333,False,0.1,False,0.8360000000000001,False,0.6162896625061667,False,0.6419082954925973,False
client_1_motion_blur,C1_C3_C4_C5,0.5406,0.9902387048563369,0.1909881516145075,0.8345585745081658,0.2810867476101128,0.10443484620020416,0.3833333333333333,False,0.1,False,0.8381200000000001,False,0.5947762973603559,False,0.6290949684449475,False
client_1_motion_blur,C1_C3_C5,0.5230999999999999,0.9895266208095614,0.19420033339478143,0.8402510981979345,0.38032577372908305,0.10309110540017652,0.3833333333333333,False,0.1,False,0.83462,False,0.6222722087353091,False,0.6440886681343548,False
client_1_motion_blur,C1_C4,0.4901,0.9884444344908718,0.21724940171214605,0.8772937450978254,0.5720649842453412,0.0688821901953156,0.3833333333333333,False,0.2,False,0.8280200000000001,False,0.6386556063221973,False,0.6673059946204065,False
client_1_motion_blur,C1_C4_C5,0.5349999999999999,0.9896134587001225,0.20126807828930965,0.8456834432947882,0.3794023447083473,0.09622226583603999,0.3083333333333333,False,0.1,False,0.8370000000000001,False,0.6218908783457059,False,0.6443445664197289,False
client_1_motion_blur,C1_C5,0.5034,0.9882780329480929,0.20821465846887408,0.8532269840266269,0.5650540040840079,0.09019695296704133,0.3833333333333333,False,0.2,False,0.8306800000000001,False,0.6484912659339962,False,0.6727441430353583,False
client_1_motion_blur,C2,0.6216,0.9999849688884747,0.23491171959591214,0.903967843326129,0.8773142292985742,0.0429303426222124,0.3833333333333333,False,0.2,False,0.92432,True,0.6937587713868163,False,0.7507640771109902,False
client_1_motion_blur,C2_C3,0.6114999999999999,0.996215837380822,0.20314891600927434,0.8531677549795651,0.5624240535376459,0.0907187703265272,0.3833333333333333,False,0.2,False,0.9223000000000001,True,0.672152913304088,False,0.6964447852092579,False
client_1_motion_blur,C2_C3_C4,0.6254,0.994945026561358,0.1993763394211462,0.8502896291224452,0.3771555189139893,0.09385547317239185,0.3833333333333333,False,0.1,False,0.9250800000000001,True,0.6392142944590798,False,0.6629592440239713,False
client_1_motion_blur,C2_C3_C4_C5,0.6059,0.994201933473659,0.19377936562586925,0.8357755520215338,0.2834787763208067,0.09989209031544544,0.3833333333333333,False,0.1,False,0.9211800000000001,True,0.6085747960658554,False,0.6427460793569416,False
client_1_motion_blur,C2_C3_C5,0.6018999999999999,0.9948112001500196,0.19380691619747414,0.8424453043715481,0.3800985813151962,0.09940337439220914,0.3833333333333333,False,0.1,False,0.92038,True,0.6385512922195744,False,0.6607194083417692,False
client_1_motion_blur,C2_C4,0.6304000000000001,0.9962369807157531,0.22082951640133416,0.8801546737530273,0.5734490494354334,0.0662530466789496,0.3833333333333333,False,0.2,False,0.92608,True,0.6674842089308816,False,0.6961992011000434,False
client_1_motion_blur,C2_C4_C5,0.6285000000000001,0.9948279516313632,0.20692826769641495,0.8491311953826598,0.3748816972756198,0.08820715945546032,0.3083333333333333,False,0.1,False,0.9257000000000002,True,0.6386616804510437,False,0.6617065224292233,False
client_1_motion_blur,C2_C5,0.6265000000000001,0.9960487162771107,0.20847431097833427,0.8568808255958433,0.559882932669548,0.08409443028417307,0.3833333333333333,False,0.2,False,0.9253,True,0.6735928246049426,False,0.6974667507594563,False
client_1_motion_blur,C3,0.4466,0.9842881876641075,0.22451162582809595,0.8845426360077268,0.8846895415824829,0.051898555542519875,0.3833333333333333,False,0.2,False,0.8193200000000002,False,0.6653087421469931,False,0.718122322808302,False
client_1_motion_blur,C3_C4,0.5396000000000001,0.9883684760406504,0.20894356687131402,0.8640689108493079,0.5700286820520785,0.08412179715566437,0.3833333333333333,False,0.2,False,0.8379200000000001,False,0.652950450755402,False,0.6797671928847279,False
client_1_motion_blur,C3_C4_C5,0.5485,0.9895959036443633,0.2003218369951038,0.8529936823730406,0.38120198511760195,0.09052484771363667,0.3083333333333333,False,0.1,False,0.8397000000000001,False,0.6224623288511858,False,0.6468592078414439,False
client_1_motion_blur,C3_C5,0.5119,0.9882229519827999,0.20826283922219982,0.8644255635528796,0.5728574750615952,0.07907162948292545,0.3833333333333333,False,0.2,False,0.8323800000000001,False,0.6482929958377498,False,0.6748643269345268,False
client_1_motion_blur,C4,0.49360000000000004,0.984601558241219,0.23971335746366246,0.9120097394975483,0.9084038877133049,0.025680214001100543,0.3833333333333333,False,0.2,False,0.8287200000000001,False,0.6649585877943645,False,0.7265408094737931,False
client_1_motion_blur,C4_C5,0.5478999999999999,0.9883163363444041,0.21669889943908655,0.8717664360464094,0.5699280188539171,0.06577883092393777,0.3833333333333333,False,0.2,False,0.8395800000000001,False,0.65257845506532,False,0.6790758132725817,False
client_1_motion_blur,C5,0.4647,0.9844599281088976,0.2378064550166017,0.9054420096670448,0.8785656906945035,0.00874796239784692,0.3833333333333333,False,0.2,False,0.8229400000000001,False,0.6636211155455897,False,0.7158029975160312,False
client_1_zoom_blur,C1,0.3961,0.9846588542488984,0.2319282386068966,0.8976557847542423,0.8814214322978051,0.0023291322417844373,0.3833333333333333,False,0.2,False,0.8092200000000002,False,0.6460016860146155,False,0.7041076108386253,False
client_1_zoom_blur,C1_C2,0.5663,0.9963084875991779,0.20645615754244878,0.8621516690402597,0.5749221384966956,0.08266292318776092,0.3833333333333333,False,0.2,False,0.9132600000000002,True,0.6499621580009879,False,0.687822506532747,False
client_1_zoom_blur,C1_C2_C3,0.5783,0.9949238873283068,0.18532059787786773,0.8482138980219766,0.38409378075650213,0.11032371801428931,0.3833333333333333,False,0.1,False,0.9156600000000001,True,0.6214275058183583,False,0.6574008039652787,False
client_1_zoom_blur,C1_C2_C3_C4,0.5829000000000001,0.9942850399194021,0.18518555768371564,0.8369547763470623,0.28469279807415165,0.1123718613038277,0.3833333333333333,False,0.1,False,0.9165800000000002,True,0.5942436304993423,False,0.6394657581533493,False
client_1_zoom_blur,C1_C2_C3_C4_C5,0.5800000000000001,0.9938143708922224,0.17984579641362625,0.8295358696529801,0.23270026385309053,0.1167633693779504,0.3833333333333333,False,0.1,False,0.9160000000000001,True,0.5726910055795424,False,0.6302029604271273,False
client_1_zoom_blur,C1_C2_C3_C5,0.5782,0.9941767593180937,0.17784288107662288,0.8222645289971994,0.2840793245949765,0.11752214104099368,0.3833333333333333,False,0.1,False,0.91564,True,0.5985861652386786,False,0.6413189673936575,False
client_1_zoom_blur,C1_C2_C4,0.5879,0.9949786852803078,0.2007916697799351,0.8564674377408109,0.38215556313503035,0.09614703096851818,0.3083333333333333,False,0.1,False,0.9175800000000001,True,0.6182591389176735,False,0.6550245516790875,False
client_1_zoom_blur,C1_C2_C4_C5,0.5882000000000001,0.9942115620608646,0.18889651707979002,0.8350901672411497,0.2886045669568717,0.11133465316620239,0.3833333333333333,False,0.1,False,0.91764,True,0.5969964531126468,False,0.6407376853895622,False
client_1_zoom_blur,C1_C2_C5,0.5864,0.9948358632881901,0.18799302433990744,0.8337865836873122,0.3836714819391701,0.1114643536289055,0.3833333333333333,False,0.1,False,0.9172800000000001,True,0.6275677579405072,False,0.6598269855348472,False
client_1_zoom_blur,C1_C3,0.48830000000000007,0.9882605565232334,0.1949377043474048,0.8566843303472447,0.5796931925701233,0.09681735077330922,0.45833333333333326,False,0.2,False,0.8276600000000002,False,0.6346329069689163,False,0.674417555640554,False
client_1_zoom_blur,C1_C3_C4,0.5269000000000001,0.9896481471369852,0.18993860319095046,0.8521657938243683,0.38101729406035645,0.10811468183627648,0.3833333333333333,False,0.1,False,0.8353800000000001,False,0.6072785833859714,False,0.6441315679449294,False
client_1_zoom_blur,C1_C3_C4_C5,0.5353000000000001,0.9902374927781366,0.18448815161450732,0.8318556445117269,0.2879404123181184,0.11351707942712963,0.3833333333333333,False,0.1,False,0.8370600000000001,False,0.5867505012107733,False,0.6304351659712648,False
client_1_zoom_blur,C1_C3_C5,0.5181000000000001,0.9895251651731118,0.18770033339478126,0.8375481682014957,0.3895991576759048,0.11217333862710199,0.3833333333333333,False,0.1,False,0.8336200000000001,False,0.6128093564145639,False,0.6459727607967855,False
client_1_zoom_blur,C1_C4,0.49249999999999994,0.9884435102448742,0.21074940171214587,0.8745908151013866,0.5860134952532186,0.07796442342224108,0.3833333333333333,False,0.2,False,0.8285000000000001,False,0.6296331390070443,False,0.6716052189731387,False
client_1_zoom_blur,C1_C4_C5,0.5318,0.9896125102314197,0.19476807828930948,0.8429805132983494,0.3886532129266846,0.10530449906296546,0.3833333333333333,False,0.1,False,0.8363600000000001,False,0.6128933282582358,False,0.646584257370012,False
client_1_zoom_blur,C1_C5,0.5010000000000001,0.988276852484959,0.2017146584688739,0.850524054030188,0.5788315681948549,0.0992791861939668,0.3833333333333333,False,0.2,False,0.8302000000000002,False,0.6384754271138626,False,0.6760491267652572,False
client_1_zoom_blur,C2,0.6452,0.9999841030441222,0.22841171959591197,0.9012649133296902,0.8564320699560649,0.052012575849137876,0.3833333333333333,False,0.2,False,0.9290400000000001,True,0.6838790543290905,False,0.752337179073974,False
client_1_zoom_blur,C2_C3,0.603,0.9962144069866498,0.19664891600927417,0.8504648249831261,0.5761374922516301,0.09980100355345267,0.45833333333333326,False,0.2,False,0.9206000000000001,True,0.6609201302569576,False,0.6985168938735764,False
client_1_zoom_blur,C2_C3_C4,0.6214,0.9949439118361864,0.19287633942114601,0.8475866991260064,0.3863516033661663,0.10293770639931732,0.3833333333333333,False,0.1,False,0.92428,True,0.6300975060511984,False,0.6650279449697285,False
client_1_zoom_blur,C2_C3_C4_C5,0.599,0.9942008494179009,0.18727936562586908,0.8330726220250949,0.29039076523973445,0.10897432354237091,0.3833333333333333,False,0.1,False,0.9198000000000002,True,0.6002885476388092,False,0.6437779673299318,False
client_1_zoom_blur,C2_C3_C5,0.5921000000000001,0.9948099177271796,0.18730691619747397,0.8397423743751092,0.3893664256887644,0.10848560761913462,0.3833333333333333,False,0.1,False,0.91842,True,0.6281859340377773,False,0.661642427732271,False
client_1_zoom_blur,C2_C4,0.6460000000000001,0.9962363060208468,0.214329516401334,0.8774517437565884,0.5874313077431303,0.07533527990587507,0.3833333333333333,False,0.2,False,0.9292,True,0.6611060626155637,False,0.7031452248229577,False
client_1_zoom_blur,C2_C4_C5,0.6195,0.994827168558827,0.20042826769641478,0.846428265386221,0.38402233972902705,0.09728939268238579,0.3083333333333333,False,0.1,False,0.9239000000000002,True,0.6286992935832323,False,0.6627642013057539,False
client_1_zoom_blur,C2_C5,0.6185,0.9960477856417981,0.2019743109783341,0.8541778955994045,0.5735344118974999,0.09317666351109855,0.3833333333333333,False,0.2,False,0.9237000000000002,True,0.662516849018445,False,0.6996265674783403,False
client_1_zoom_blur,C3,0.4334000000000001,0.9842861802064236,0.21801162582809577,0.8818397060112879,0.8636318323159328,0.06098078876944535,0.3833333333333333,False,0.2,False,0.8166800000000002,False,0.6482329622124289,False,0.7123000864638114,False
client_1_zoom_blur,C3_C4,0.5314000000000001,0.9883672364501923,0.20244356687131385,0.8613659808528691,0.583927542435743,0.09320403038258984,0.3833333333333333,False,0.2,False,0.8362800000000001,False,0.6417400028501928,False,0.6819364240437253,False
client_1_zoom_blur,C3_C4_C5,0.5401,0.989594747985639,0.19382183699510364,0.8502907523766018,0.39049673349772157,0.09960708094056214,0.3833333333333333,False,0.1,False,0.8380200000000001,False,0.6124675844918871,False,0.6480676333860791,False
client_1_zoom_blur,C3_C5,0.4951,0.9882214625818909,0.20176283922219965,0.8617226335564407,0.5868253091659364,0.08815386270985093,0.3833333333333333,False,0.2,False,0.8290200000000001,False,0.6354098467814406,False,0.6753273028755694,False
client_1_zoom_blur,C4,0.4942,0.9846010852262622,0.23321335746366229,0.9093068095011094,0.8867817207666336,0.03476244722802602,0.3833333333333333,False,0.2,False,0.8288400000000001,False,0.6504064071485555,False,0.7233659884818238,False
client_1_zoom_blur,C4_C5,0.5371999999999999,0.9883155981901093,0.21019889943908637,0.8690635060499705,0.583824424793128,0.07486106415086324,0.3833333333333333,False,0.2,False,0.8374400000000001,False,0.641035372111437,False,0.680744653829921,False
client_1_zoom_blur,C5,0.4563999999999999,0.9844589406893755,0.23130645501660152,0.902739079670606,0.8576537436027384,0.017830195624772394,0.3833333333333333,False,0.2,False,0.8212800000000001,False,0.6474527089583344,False,0.7109901176141298,False
client_2_brightness,C1,0.4381999999999999,0.9846924559277633,0.2910282386068967,0.8737056357653512,0.8907344596340773,0.035174139202451715,0.3833333333333333,False,0.1,False,0.81764,False,0.7052578595364893,False,0.7001819217427634,False
client_2_brightness,C1_C2,0.5201,0.9882845534488394,0.2655561575424489,0.8382015200513686,0.5689110702887278,0.045159651743524765,0.3833333333333333,False,0.1,False,0.8340200000000001,False,0.6852021650713261,False,0.6615604911621965,False
client_2_brightness,C1_C2_C3,0.6420000000000001,0.9947202285201538,0.24442059787786782,0.8242637490330854,0.38007790841521316,0.07282044657005315,0.3083333333333333,False,0.0,False,0.9284000000000001,True,0.6769618614176638,False,0.655081882836501,False
client_2_brightness,C1_C2_C3_C4,0.618,0.9940198884202235,0.24428555768371574,0.8130046273581711,0.28171620748396203,0.07486858985959155,0.3083333333333333,False,0.0,False,0.9236000000000002,True,0.6384435252865701,False,0.6316223948365867,False
client_2_brightness,C1_C2_C3_C4_C5,0.6253,0.9936020647475277,0.23894579641362634,0.805585720664089,0.23026727847233872,0.07926009793371425,0.3083333333333333,False,0.0,False,0.92506,True,0.6148059399339499,False,0.6245188872231489,False
client_2_brightness,C1_C2_C3_C5,0.6376,0.9940231884624803,0.23694288107662298,0.7983143800083082,0.28110914814451143,0.08001886959675752,0.3083333333333333,False,0.0,False,0.9275200000000001,True,0.6476830675975812,False,0.6383592030335526,False
client_2_brightness,C1_C2_C4,0.5289,0.9894626399985159,0.25989166977993516,0.8325172887519198,0.378159955726233,0.058643759524282024,0.3083333333333333,False,0.0,False,0.8357800000000001,False,0.6470419829498704,False,0.6271072062420805,False
client_2_brightness,C1_C2_C4_C5,0.5683,0.9901069275964863,0.24799651707979012,0.8111400182522586,0.28558707707268505,0.07383138172196624,0.3083333333333333,False,0.0,False,0.8436600000000001,False,0.6293281356401207,False,0.6211182456209601,False
client_2_brightness,C1_C2_C5,0.5608,0.9895372131875738,0.24709302433990754,0.809836434698421,0.3796600249209747,0.07396108218466935,0.3083333333333333,False,0.0,False,0.8421600000000001,False,0.6634685229698206,False,0.6386299492121958,False
client_2_brightness,C1_C3,0.672,0.9961624945871715,0.25403770434740486,0.8327341813583535,0.5736322408570007,0.059314079329073066,0.3833333333333333,False,0.1,False,0.9344000000000001,True,0.720345924575865,False,0.6973107380118279,False
client_2_brightness,C1_C3_C4,0.6399,0.9947457362416698,0.24903860319095056,0.8282156448354772,0.37703358776405543,0.07061141039204033,0.3083333333333333,False,0.0,False,0.92798,True,0.6738278665706742,False,0.6527393296077171,False
client_2_brightness,C1_C3_C4_C5,0.643,0.9940125557490757,0.24358815161450742,0.8079054955228357,0.2849298664678571,0.07601380798289348,0.3083333333333333,False,0.0,False,0.9286000000000001,True,0.6466557176665292,False,0.6379130544965113,False
client_2_brightness,C1_C3_C5,0.6576,0.9946996747079724,0.24680033339478136,0.8135980192126046,0.38552572415553227,0.07467006718286584,0.3083333333333333,False,0.0,False,0.9315200000000001,True,0.6847538763204255,False,0.659877961100794,False
client_2_brightness,C1_C4,0.502,0.9882344145474778,0.26984940171214594,0.8506406661124954,0.5798864619475129,0.04046115197800493,0.3833333333333333,False,0.1,False,0.8304000000000001,False,0.678447098336487,False,0.6580229782736291,False
client_2_brightness,C1_C4_C5,0.5676000000000001,0.9894721062270998,0.2538680782893096,0.8190303643094583,0.3845896696819299,0.06780122761872931,0.3083333333333333,False,0.0,False,0.8435200000000002,False,0.6624251525713496,False,0.638688453021308,False
client_2_brightness,C1_C5,0.5565,0.9882886871230528,0.26081465846887397,0.8265739050412969,0.5727796251501113,0.061775914749730654,0.3833333333333333,False,0.1,False,0.8413,False,0.6962948691537,False,0.671726090185038,False
client_2_brightness,C2,0.48840000000000006,0.9842989975440902,0.28751171959591204,0.877314764340799,0.8654810617174387,0.014509304404901724,0.3833333333333333,False,0.1,False,0.8276800000000001,False,0.7006173848296083,False,0.7054349414273531,False
client_2_brightness,C2_C3,0.6919,0.9958950088924343,0.25574891600927424,0.826514675994235,0.5701137169763422,0.06229773210921652,0.3833333333333333,False,0.1,False,0.93838,True,0.7253884746973055,False,0.7008132443007866,False
client_2_brightness,C2_C3_C4,0.6361,0.9945812860894983,0.2519763394211461,0.8236365501371152,0.38231212447922636,0.06543443495508117,0.3083333333333333,False,0.0,False,0.9272200000000002,True,0.6753066980114153,False,0.6528725091441139,False
client_2_brightness,C2_C3_C4_C5,0.6335999999999999,0.9939288558198915,0.24637936562586918,0.8091224730362038,0.2873545998532626,0.07147105209813476,0.3083333333333333,False,0.0,False,0.92672,True,0.6443576917545151,False,0.6358213206341463,False
client_2_brightness,C2_C3_C5,0.6534,0.9945960562352714,0.24640691619747407,0.8157922253862181,0.3852954254854538,0.07098233617489846,0.3083333333333333,False,0.0,False,0.9306800000000002,True,0.6829977356151551,False,0.6588304404943381,False
client_2_brightness,C2_C4,0.5097,0.9880356053359157,0.27342951640133406,0.8535015947676973,0.5812894505734398,0.03783200846163892,0.3833333333333333,False,0.1,False,0.8319400000000001,False,0.6787567685397305,False,0.6588016983531443,False
client_2_brightness,C2_C4_C5,0.5528,0.9893977474647229,0.2595282676964149,0.8224781163973298,0.38000721433564677,0.059786121238149637,0.3083333333333333,False,0.0,False,0.8405600000000001,False,0.6557479324887618,False,0.6333202771093677,False
client_2_brightness,C2_C5,0.5468000000000001,0.9882198912562834,0.26107431097833417,0.8302277466105134,0.5675378529920674,0.05567339206686239,0.3833333333333333,False,0.1,False,0.8393600000000001,False,0.6928027539305301,False,0.6683066619212616,False
client_2_brightness,C3,0.808,0.9999882920937138,0.27711162582809584,0.8578895570223968,0.8727568961822214,0.023477517325209196,0.3833333333333333,False,0.1,False,0.9616,True,0.7783619740120967,False,0.7779705067156379,False
client_2_brightness,C3_C4,0.6883999999999999,0.9959666258133291,0.26154356687131397,0.8374158318639779,0.5778223187001075,0.05570075893835369,0.3833333333333333,False,0.1,False,0.9376800000000001,True,0.7220636030631182,False,0.6994202422703364,False
client_2_brightness,C3_C4_C5,0.6481000000000001,0.9945841488493359,0.25292183699510373,0.8263406033877106,0.38641391542051,0.06210380949632599,0.3083333333333333,False,0.0,False,0.9296200000000001,True,0.6777137995048791,False,0.6556339350444872,False
client_2_brightness,C3_C5,0.6700999999999999,0.9958847987115766,0.26086283922219977,0.8377724845675496,0.5806897879825257,0.050650591265614775,0.3833333333333333,False,0.1,False,0.9340200000000001,True,0.7192365865692809,False,0.6964178509659352,False
client_2_brightness,C4,0.46399999999999986,0.9841546218531251,0.2923133574636624,0.8853566605122183,0.8961513844759407,0.002740824216210136,0.3833333333333333,False,0.1,False,0.8228000000000001,False,0.6964529925817683,False,0.7048956136501685,False
client_2_brightness,C4_C5,0.5266,0.9880914322799292,0.26929889943908647,0.8451133570610794,0.5777202791985864,0.03735779270662709,0.3833333333333333,False,0.1,False,0.8353200000000001,False,0.6854220209659743,False,0.6631439766300876,False
client_2_brightness,C5,0.44099999999999995,0.9844500914810609,0.2904064550166016,0.8787889306817148,0.8667156434687379,0.01967307581946376,0.3833333333333333,False,0.1,False,0.8182000000000001,False,0.6959607936467829,False,0.6955057128467776,False
client_2_glass_blur,C1,0.3612000000000001,0.9846826158720561,0.1613282386068967,0.9055728699850492,0.8890441137558887,0.05803606093891989,0.45833333333333326,False,0.2,False,0.8022400000000001,False,0.5460409030245343,False,0.7135686079779541,False
client_2_glass_blur,C1_C2,0.4166000000000001,0.9882743585648714,0.13585615754244887,0.8700687542710666,0.5699927449411315,0.13836985188489637,0.45833333333333326,False,0.2,False,0.8133200000000002,False,0.5279170510439436,False,0.6702015105378535,False
client_2_glass_blur,C1_C2_C3,0.5311,0.9947107582232595,0.11472059787786781,0.8561309832527834,0.38080055323782613,0.16603064671142476,0.3833333333333333,False,0.1,False,0.90622,True,0.5285632029832668,False,0.6621712411636145,False
client_2_glass_blur,C1_C2_C3_C4,0.5003,0.9940099858994251,0.11458555768371571,0.8448718615778691,0.2822518365070571,0.16807879000096315,0.3833333333333333,False,0.1,False,0.9000600000000001,True,0.504230069670005,False,0.6373142635590157,False
client_2_glass_blur,C1_C2_C3_C4_C5,0.511,0.9935920535276834,0.10924579641362632,0.8374529548837869,0.23070508728185107,0.17247029807508585,0.3833333333333333,False,0.1,False,0.9022000000000001,True,0.4929170178424369,False,0.6308711701630523,False
client_2_glass_blur,C1_C2_C3_C5,0.5292000000000001,0.9940134713902965,0.10724288107662296,0.8301816142280062,0.2816436229613794,0.17322906973812913,0.3833333333333333,False,0.1,False,0.9058400000000002,True,0.5151030216193401,False,0.6459108780044593,False
client_2_glass_blur,C1_C2_C4,0.4165000000000001,0.9894521120118156,0.13019166977993518,0.8643845229716177,0.37887895393179716,0.15185395966565363,0.3833333333333333,False,0.1,False,0.8133000000000001,False,0.5007603719444489,False,0.633895623707823,False
client_2_glass_blur,C1_C2_C4_C5,0.45589999999999997,0.9900964248905103,0.11829651707979011,0.8430072524719565,0.28613006580757955,0.16704158186333784,0.3833333333333333,False,0.1,False,0.8211800000000001,False,0.4958460582673512,False,0.6278714662487137,False
client_2_glass_blur,C1_C2_C5,0.45809999999999995,0.98952693859554,0.11739302433990753,0.841703668918119,0.3803818752187366,0.16717128232604095,0.3833333333333333,False,0.1,False,0.8216200000000001,False,0.5177858673084756,False,0.6473589877753112,False
client_2_glass_blur,C1_C3,0.5633999999999999,0.9961535797243737,0.12433770434740488,0.8646014155780515,0.5747228919044862,0.15252427947044467,0.45833333333333326,False,0.2,False,0.9126800000000002,True,0.5607204290001105,False,0.7049338086707351,False
client_2_glass_blur,C1_C3_C4,0.5203,0.9947360534202097,0.11933860319095055,0.8600828790551751,0.37775044439822536,0.16382161053341193,0.3833333333333333,False,0.1,False,0.9040600000000001,True,0.5242055077531721,False,0.6580874877922287,False
client_2_glass_blur,C1_C3_C4_C5,0.5284,0.9940026797346804,0.11388815161450741,0.8397727297425337,0.28547160564356805,0.16922400812426508,0.3833333333333333,False,0.1,False,0.90568,True,0.5124792535746404,False,0.6442261505507442,False
client_2_glass_blur,C1_C3_C5,0.5494,0.9946902378868341,0.11710033339478135,0.8454652534323025,0.3862587269488458,0.16788026732423744,0.3833333333333333,False,0.1,False,0.90988,True,0.5369268022609739,False,0.6675093977171989,False
client_2_glass_blur,C1_C4,0.3932,0.988223891960457,0.14014940171214596,0.8825079003321934,0.5809890041899101,0.13367135211937653,0.45833333333333326,False,0.2,False,0.8086400000000001,False,0.5190123153194528,False,0.6656081056266743,False
client_2_glass_blur,C1_C4_C5,0.4576000000000001,0.9894616161032241,0.12416807828930955,0.8508975985291563,0.38532089274823467,0.1610114277601009,0.3833333333333333,False,0.1,False,0.8215200000000001,False,0.5152025535606268,False,0.6459593230317635,False
client_2_glass_blur,C1_C5,0.45400000000000007,0.9882785467380498,0.131114658468874,0.8584411392609949,0.573868655113307,0.15498611489110226,0.45833333333333326,False,0.2,False,0.8208000000000001,False,0.5385034917572843,False,0.6805685915226464,False
client_2_glass_blur,C2,0.39080000000000004,0.9842885392634642,0.15781171959591206,0.909181998560497,0.863838639186794,0.10771950454627333,0.45833333333333326,False,0.2,False,0.8081600000000001,False,0.5346900148074998,False,0.7147110886870689,False
client_2_glass_blur,C2_C3,0.5534000000000001,0.995885755863882,0.12604891600927426,0.858381910213933,0.5711976782294216,0.15550793225058812,0.45833333333333326,False,0.2,False,0.9106800000000002,True,0.5602921487125474,False,0.7024549093676619,False
client_2_glass_blur,C2_C3_C4,0.506,0.9945713879799963,0.12227633942114609,0.8555037843568132,0.38303901723268585,0.15864463509645277,0.3833333333333333,False,0.1,False,0.9012,True,0.5242863308856811,False,0.6561226314948753,False
client_2_glass_blur,C2_C3_C4_C5,0.5187999999999999,0.9939188214253295,0.11667936562586917,0.8409897072559017,0.2879009491917544,0.16468125223950636,0.3833333333333333,False,0.1,False,0.9037600000000001,True,0.5106769791121492,False,0.6420953070449021,False
client_2_glass_blur,C2_C3_C5,0.5376,0.9945864029963318,0.11670691619747407,0.847659459605916,0.3860279904102727,0.16419253631627007,0.3833333333333333,False,0.1,False,0.9075200000000001,True,0.5340670613610584,False,0.6649417462534839,False
client_2_glass_blur,C2_C4,0.39560000000000006,0.9880247818962709,0.14372951640133408,0.8853688289873952,0.5823946603280609,0.13104220860301052,0.45833333333333326,False,0.2,False,0.8091200000000002,False,0.5183000757403231,False,0.6653272990381094,False
client_2_glass_blur,C2_C4_C5,0.4461999999999998,0.9893870570319051,0.12982826769641487,0.8543453506170278,0.3807297247471049,0.15299632137952124,0.3833333333333333,False,0.1,False,0.8192400000000001,False,0.5110093209816132,False,0.6412693645270656,False
client_2_glass_blur,C2_C5,0.4453999999999999,0.9882094466925961,0.13137431097833419,0.8620949808302113,0.5686169167366867,0.148883592208234,0.45833333333333326,False,0.2,False,0.8190800000000001,False,0.5356219027026058,False,0.6773671091794178,False
client_2_glass_blur,C3,0.6574,0.9999803698447276,0.14741162582809586,0.8897567912420947,0.8711006663079126,0.1166877174665808,0.45833333333333326,False,0.2,False,0.9314800000000001,True,0.6034084405396045,False,0.7766443997129486,False
client_2_glass_blur,C3_C4,0.5554,0.9959570581069381,0.13184356687131393,0.8692830660836759,0.5789209363723103,0.1489109590797253,0.45833333333333326,False,0.2,False,0.9110800000000001,True,0.5575110997856589,False,0.7021647756854688,False
client_2_glass_blur,C3_C4_C5,0.5334,0.9945742856855412,0.12322183699510371,0.8582078376074086,0.38714860693817427,0.1553140096376976,0.3833333333333333,False,0.1,False,0.9066800000000002,True,0.5296813646055526,False,0.6619656241372308,False
client_2_glass_blur,C3_C5,0.5481,0.9958755936915987,0.13116283922219973,0.8696397187872476,0.58179385759441,0.14386079140698638,0.45833333333333326,False,0.2,False,0.9096200000000001,True,0.5571502137267513,False,0.7013635473062864,False
client_2_glass_blur,C4,0.3675999999999999,0.9841435077989189,0.16261335746366237,0.9172238947319162,0.8944507589049884,0.09046937592516147,0.45833333333333326,False,0.2,False,0.8035200000000001,False,0.5304267236128397,False,0.7143999891471068,False
client_2_glass_blur,C4_C5,0.43369999999999986,0.9880806664515178,0.13959889943908643,0.8769805912807773,0.5788187028623614,0.1305679928479987,0.45833333333333326,False,0.2,False,0.8167400000000001,False,0.5301021739647751,False,0.67390823161913,False
client_2_glass_blur,C5,0.3579,0.9844397412135546,0.16070645501660163,0.9106561649014128,0.8650708780735595,0.07353712432190784,0.45833333333333326,False,0.2,False,0.8015800000000001,False,0.5338522658274344,False,0.7076814131362105,False
client_2_impulse_noise,C1,0.3294,0.9846804976792908,0.1624282386068967,0.8831347959850799,0.9160365339182022,0.07806033659593736,0.45833333333333326,False,0.1,False,0.7958800000000001,False,0.504270192607353,False,0.7101428609718666,False
client_2_impulse_noise,C1_C2,0.3824000000000003,0.9882728083861168,0.1369561575424489,0.8476306802710973,0.553197035281919,0.15839412754191384,0.45833333333333326,False,0.1,False,0.8064800000000002,False,0.48212114453939026,False,0.6575382511702632,False
client_2_impulse_noise,C1_C2_C3,0.48839999999999995,0.9947092725501933,0.11582059787786783,0.8336929092528141,0.36957968141618475,0.18605492236844223,0.3833333333333333,False,0.0,False,0.89768,True,0.4838253670949294,False,0.648922962264676,False
client_2_impulse_noise,C1_C2_C3_C4,0.469,0.9940084370793518,0.11568555768371573,0.8224337875778999,0.2739348536352108,0.18810306565798063,0.3833333333333333,False,0.0,False,0.8938000000000001,True,0.46541041176599746,False,0.6269267498206349,False
client_2_impulse_noise,C1_C2_C3_C4_C5,0.4779000000000001,0.9935905018654297,0.11034579641362634,0.8150148808838177,0.2239070083636897,0.19249457373210332,0.3833333333333333,False,0.0,False,0.89558,True,0.4565961896189441,False,0.6204274366469723,False
client_2_impulse_noise,C1_C2_C3_C5,0.48929999999999996,0.9940119659225771,0.10834288107662297,0.807743540228037,0.27334456203365376,0.1932533453951466,0.3833333333333333,False,0.0,False,0.8978600000000001,True,0.4744735530386691,False,0.6338069573253734,False
client_2_impulse_noise,C1_C2_C4,0.39070000000000005,0.9894504994873845,0.1312916697799352,0.8419464489716485,0.36771470497827435,0.1718782353226711,0.3833333333333333,False,0.0,False,0.8081400000000001,False,0.45980994470441333,False,0.6240386440122355,False
client_2_impulse_noise,C1_C2_C4_C5,0.4284,0.9900948251505108,0.11939651707979013,0.8205691784719873,0.277698804966581,0.18706585752035532,0.3833333333333333,False,0.0,False,0.8156800000000001,False,0.4576450306323364,False,0.6182210867325171,False
client_2_impulse_noise,C1_C2_C5,0.4212999999999999,0.9895253842000213,0.11849302433990755,0.8192655949181498,0.3691733403864898,0.18719555798305842,0.3833333333333333,False,0.0,False,0.8142600000000001,False,0.4743125603176009,False,0.6352931625297612,False
client_2_impulse_noise,C1_C3,0.5225000000000001,0.996151842759079,0.1254377043474049,0.8421633415780823,0.5577878012167484,0.17254855512746214,0.45833333333333326,False,0.1,False,0.9045000000000001,True,0.513439787545342,False,0.6909026357401318,False
client_2_impulse_noise,C1_C3_C4,0.4900000000000001,0.9947343158851624,0.12043860319095057,0.8376448050552059,0.36661944870738317,0.1838458861904294,0.3833333333333333,False,0.0,False,0.8980000000000001,True,0.48204560982578865,False,0.6473371337470539,False
client_2_impulse_noise,C1_C3_C4_C5,0.495,0.9940009875324177,0.11498815161450743,0.8173346557425645,0.2770597473402948,0.18924828378128256,0.3833333333333333,False,0.0,False,0.899,True,0.4730630698277638,False,0.63339963304964,False
client_2_impulse_noise,C1_C3_C5,0.5139,0.9946885610677487,0.11820033339478137,0.8230271794323333,0.3748770216749658,0.18790454298125492,0.3833333333333333,False,0.0,False,0.9027800000000001,True,0.4935086912602981,False,0.6556689138986088,False
client_2_impulse_noise,C1_C4,0.37450000000000006,0.9882219644453539,0.14124940171214598,0.8600698263322242,0.5638692729017926,0.153695627776394,0.45833333333333326,False,0.1,False,0.8049000000000001,False,0.4761208170916313,False,0.6559799664660332,False
client_2_impulse_noise,C1_C4_C5,0.43300000000000005,0.9894598138859444,0.12526807828930958,0.828459524529187,0.3739668221961678,0.1810357034171184,0.3833333333333333,False,0.0,False,0.8166000000000001,False,0.474130715758791,False,0.6363043410778972,False
client_2_impulse_noise,C1_C5,0.42380000000000007,0.9882767132081189,0.132214658468874,0.8360030652610256,0.5569587358216127,0.17501039054811973,0.45833333333333326,False,0.1,False,0.8147600000000002,False,0.49335610497465815,False,0.6686824335583245,False
client_2_impulse_noise,C2,0.35309999999999997,0.9842875450585676,0.15891171959591208,0.8867439245605278,0.8900657916313054,0.1277437802032908,0.45833333333333326,False,0.1,False,0.8006200000000001,False,0.49136844981821337,False,0.7099525129349948,False
client_2_impulse_noise,C2_C3,0.5175,0.9958845863939856,0.12714891600927428,0.8359438362139637,0.5543664633644878,0.1755322079076056,0.45833333333333326,False,0.1,False,0.9035000000000002,True,0.514052673258263,False,0.6894446251006989,False
client_2_impulse_noise,C2_C3_C4,0.4795999999999999,0.9945700301056897,0.1233763394211461,0.833065710356844,0.37175218563932116,0.17866891075347024,0.3833333333333333,False,0.0,False,0.89592,True,0.482967333176079,False,0.6461211862013441,False
client_2_impulse_noise,C2_C3_C4_C5,0.4891,0.9939174110688671,0.11777936562586919,0.8185516332559325,0.2794175065582244,0.18470552789652384,0.3833333333333333,False,0.0,False,0.8978200000000001,True,0.4720928159452028,False,0.6319945290469067,False
client_2_impulse_noise,C2_C3_C5,0.5093,0.994585099845809,0.11780691619747409,0.8252213856059468,0.3746530841420713,0.18421681197328754,0.3833333333333333,False,0.0,False,0.9018600000000001,True,0.49219792200598583,False,0.6545426969697421,False
client_2_impulse_noise,C2_C4,0.3790000000000001,0.9880234220028754,0.1448295164013341,0.862930754987426,0.5652335092278727,0.151066484260028,0.45833333333333326,False,0.1,False,0.8058000000000002,False,0.475805283939346,False,0.6561109894393957,False
client_2_impulse_noise,C2_C4_C5,0.4225000000000001,0.989385628521189,0.13092826769641489,0.8319072766170585,0.3695109399954768,0.17302059703653871,0.3833333333333333,False,0.0,False,0.8145000000000001,False,0.4704734960353561,False,0.6318215144745998,False
client_2_impulse_noise,C2_C5,0.42090000000000005,0.9882081674886555,0.1324743109783342,0.8396569068302421,0.5518617479637714,0.16890786786525147,0.45833333333333326,False,0.1,False,0.8141800000000001,False,0.491716912982615,False,0.6666520121840498,False
client_2_impulse_noise,C3,0.6294000000000001,0.9999790270368237,0.14851162582809588,0.8673187172421255,0.897548302398005,0.13671199312359827,0.45833333333333326,False,0.1,False,0.92588,True,0.5623108963181289,False,0.7738698509693895,False
client_2_impulse_noise,C3_C4,0.5353999999999999,0.995955516696406,0.13294356687131395,0.8468449920837067,0.5618621438714463,0.16893523473674277,0.45833333333333326,False,0.1,False,0.9070800000000001,True,0.5143303627262604,False,0.6922889015031926,False
client_2_impulse_noise,C3_C4_C5,0.5190000000000001,0.9945727370347827,0.12432183699510373,0.8357697636074394,0.37574067998679933,0.17533828529471507,0.3833333333333333,False,0.0,False,0.9038000000000002,True,0.49074083259079526,False,0.6543399216168072,False
client_2_impulse_noise,C3_C5,0.5538000000000001,0.9958741384334162,0.13226283922219975,0.8472016447872783,0.5646504100674102,0.16388506706400385,0.45833333333333326,False,0.1,False,0.91076,True,0.5191603813963315,False,0.6966107593492531,False
client_2_impulse_noise,C4,0.35950000000000004,0.9841417827898312,0.1637133574636624,0.894785820731947,0.9216073311439819,0.11049365158217894,0.45833333333333326,False,0.1,False,0.8019000000000001,False,0.49300565041275973,False,0.7157471511930908,False
client_2_impulse_noise,C4_C5,0.4335,0.9880790240233596,0.14069889943908648,0.8545425172808081,0.5617629228285256,0.15059226850501617,0.45833333333333326,False,0.1,False,0.8167000000000001,False,0.49105315118802895,False,0.6679929397267343,False
client_2_impulse_noise,C5,0.3731,0.9844381904825662,0.16180645501660162,0.8882180909014435,0.8913354427333448,0.09356139997892532,0.45833333333333326,False,0.1,False,0.8046200000000001,False,0.5012412624078939,False,0.7135102085219729,False
client_2_motion_blur,C1,0.44809999999999994,0.9846908105708031,0.2688282386068967,0.8854497049931127,0.8868995941538744,0.027221040767326454,0.3833333333333333,False,0.1,False,0.8196200000000001,False,0.6966899097362989,False,0.7070090264981069,False
client_2_motion_blur,C1_C2,0.5128000000000001,0.9882823920218039,0.24335615754244888,0.8499455892791301,0.5713709850740502,0.053112750178650026,0.3833333333333333,False,0.1,False,0.8325600000000001,False,0.6744185559903079,False,0.66620644875663,False
client_2_motion_blur,C1_C2_C3,0.6352,0.9947179906462627,0.22222059787786783,0.8360078182608469,0.381721327422705,0.08077354500517842,0.3083333333333333,False,0.0,False,0.9270400000000001,True,0.6669731325635567,False,0.6596645259859973,False
client_2_motion_blur,C1_C2_C3_C4,0.599,0.9940175238049418,0.22208555768371574,0.8247486965859326,0.2829343202967485,0.08282168829471681,0.3083333333333333,False,0.0,False,0.9198000000000002,True,0.6271964350378675,False,0.6336799513988637,False
client_2_motion_blur,C1_C2_C3_C4_C5,0.6081000000000001,0.9935997121014989,0.21674579641362635,0.8173297898918505,0.23126293124211622,0.08721319636883951,0.3083333333333333,False,0.0,False,0.9216200000000001,True,0.6047723563198352,False,0.6268919541706748,False
client_2_motion_blur,C1_C2_C3_C5,0.6281000000000001,0.9940209329156283,0.21474288107662298,0.8100584492360697,0.2823246360931975,0.08797196803188279,0.3083333333333333,False,0.0,False,0.9256200000000001,True,0.63833553005983,False,0.6423162564366955,False
client_2_motion_blur,C1_C2_C4,0.5123,0.9894602852147678,0.2376916697799352,0.8442613579796813,0.37979508169738996,0.06659685795940729,0.3083333333333333,False,0.0,False,0.8324600000000001,False,0.6353165442589777,False,0.6297281674023384,False
client_2_motion_blur,C1_C2_C4_C5,0.5522999999999999,0.9901045851900826,0.22579651707979012,0.8228840874800201,0.2868219271399048,0.0817844801570915,0.3083333333333333,False,0.0,False,0.8404600000000001,False,0.6186766074063622,False,0.6237791540758995,False
client_2_motion_blur,C1_C2_C5,0.5536000000000001,0.9895350024377179,0.22489302433990754,0.8215805039261825,0.3813016370418726,0.08191418061979461,0.3083333333333333,False,0.0,False,0.8407200000000001,False,0.6535395004357738,False,0.6431322364091805,False
client_2_motion_blur,C1_C3,0.6768000000000001,0.9961604761183562,0.2318377043474049,0.844478250586115,0.5761125695134734,0.06726717776419833,0.3833333333333333,False,0.1,False,0.9353600000000002,True,0.7118400238676098,False,0.7043808069721355,False
client_2_motion_blur,C1_C3_C4,0.625,0.994743473605738,0.22683860319095056,0.8399597140632387,0.3786638434323679,0.07856450882716559,0.3083333333333333,False,0.0,False,0.925,True,0.662263170083273,False,0.6556993351369693,False
client_2_motion_blur,C1_C3_C4_C5,0.6237,0.9940102817820329,0.22138815161450742,0.8196495647505972,0.2861618748219018,0.08396690641801874,0.3083333333333333,False,0.0,False,0.9247400000000001,True,0.635318501917089,False,0.6399134082966877,False
client_2_motion_blur,C1_C3_C5,0.6454,0.994697556978279,0.22460033339478136,0.825342088440366,0.3871926989755002,0.0826231656179911,0.3083333333333333,False,0.0,False,0.9290800000000001,True,0.6737327986018354,False,0.663385339441625,False
client_2_motion_blur,C1_C4,0.4949,0.9882322171657227,0.24764940171214597,0.862384735340257,0.5823938332328511,0.04841425041313019,0.3833333333333333,False,0.1,False,0.8289800000000002,False,0.6675946374908265,False,0.6627184199771219,False
client_2_motion_blur,C1_C4_C5,0.5507,0.9894698715088038,0.23166807828930958,0.8307744335372198,0.3862525970956164,0.07575432605385457,0.3083333333333333,False,0.0,False,0.8401400000000001,False,0.6505507210789959,False,0.6412549984831621,False
client_2_motion_blur,C1_C5,0.5479,0.9882867035843225,0.238614658468874,0.8383179742690584,0.5752562671812166,0.06972901318485591,0.3833333333333333,False,0.1,False,0.8395800000000001,False,0.6852074365212777,False,0.6761154288062892,False
client_2_motion_blur,C2,0.48330000000000006,0.9842963578122154,0.26531171959591204,0.8890588335685605,0.8617549193060257,0.022462402840026985,0.3833333333333333,False,0.1,False,0.8266600000000001,False,0.6887674150120451,False,0.7092835919214717,False
client_2_motion_blur,C2_C3,0.6807000000000001,0.9958924884990177,0.23354891600927427,0.8382587452219965,0.5725788318861178,0.07025083054434178,0.3833333333333333,False,0.1,False,0.9361400000000002,True,0.7137499402485019,False,0.7046801701268347,False
client_2_motion_blur,C2_C3_C4,0.6113,0.994578691145929,0.22977633942114611,0.8353806193648767,0.3839652040143761,0.07338753339020643,0.3083333333333333,False,0.0,False,0.9222600000000001,True,0.6618466337516834,False,0.6538570129852063,False
client_2_motion_blur,C2_C3_C4_C5,0.6032,0.9939263347500498,0.22417936562586918,0.8208665422639653,0.2885970925128811,0.07942415053326002,0.3083333333333333,False,0.0,False,0.9206400000000001,True,0.6308497606468516,False,0.6356037218748778,False
client_2_motion_blur,C2_C3_C5,0.6315,0.9945936084662055,0.22420691619747407,0.8275362946139796,0.38696140451691774,0.07893543461002372,0.3083333333333333,False,0.0,False,0.9263000000000001,True,0.6700616060597057,False,0.660397553669594,False
client_2_motion_blur,C2_C4,0.48749999999999993,0.9880329136183801,0.25122951640133406,0.8652456639954588,0.5838028882418118,0.04578510689676418,0.3833333333333333,False,0.1,False,0.8275000000000001,False,0.6648947770737696,False,0.6604782544660877,False
client_2_motion_blur,C2_C4_C5,0.5246999999999999,0.9893951859948866,0.23732826769641488,0.8342221856250913,0.381650327668982,0.0677392196732749,0.3083333333333333,False,0.0,False,0.8349400000000001,False,0.6417854403936448,False,0.6336427944048436,False
client_2_motion_blur,C2_C5,0.5244,0.9882174183706,0.2388743109783342,0.8419718158382749,0.5699918301226174,0.06362649050198765,0.3833333333333333,False,0.1,False,0.8348800000000001,False,0.678976570694527,False,0.6699313696930111,False
client_2_motion_blur,C3,0.7903,0.9999859163471372,0.25491162582809584,0.8696336262501583,0.8689994292316859,0.03143061576033446,0.3833333333333333,False,0.1,False,0.9580600000000001,True,0.7641450629288313,False,0.7792929450989916,False
client_2_motion_blur,C3_C4,0.6552,0.9959640644658073,0.23934356687131395,0.8491599010917394,0.5803207648357017,0.06365385737347895,0.3833333333333333,False,0.1,False,0.9310400000000001,True,0.705972713523978,False,0.6988938261507271,False
client_2_motion_blur,C3_C4_C5,0.6196999999999999,0.9945816749522048,0.23072183699510374,0.8380846726154721,0.38808473069101407,0.07005690793145125,0.3083333333333333,False,0.0,False,0.92394,True,0.6635241691168734,False,0.6559020102419378,False
client_2_motion_blur,C3_C5,0.6427,0.9958824583999459,0.23866283922219975,0.8495165537953111,0.5832006327696011,0.058603689700740036,0.3833333333333333,False,0.1,False,0.9285400000000001,True,0.7043260245564399,False,0.6970539587838003,False
client_2_motion_blur,C4,0.4475999999999999,0.984151897754971,0.2701133574636624,0.8971007297399798,0.8922931975918554,0.005212274218915125,0.3833333333333333,False,0.1,False,0.8195200000000001,False,0.6823033262195262,False,0.7064578383764969,False
client_2_motion_blur,C4_C5,0.49929999999999997,0.9880889204221023,0.24709889943908647,0.8568574262888409,0.5802182841255425,0.04531089114175235,0.3833333333333333,False,0.1,False,0.8298600000000002,False,0.6706242636959112,False,0.6637974821666897,False
client_2_motion_blur,C5,0.4210999999999999,0.9844478024688742,0.2682064550166016,0.8905329999094763,0.8629841858313456,0.011719977384338498,0.3833333333333333,False,0.1,False,0.81422,False,0.6812505095840583,False,0.696393370439638,False
client_2_zoom_blur,C1,0.4474,0.9846923812801698,0.2683282386068966,0.8847399745658787,0.8791182542543954,0.03496211102337199,0.3833333333333333,False,0.1,False,0.8194800000000001,False,0.7049905874821764,False,0.705342099617361,False
client_2_zoom_blur,C1_C2,0.518,0.9882841588786215,0.24285615754244877,0.8492358588518961,0.5764283613963427,0.04537167992260449,0.3833333333333333,False,0.1,False,0.8336000000000001,False,0.6849329158053277,False,0.6682873043497287,False
client_2_zoom_blur,C1_C2_C3,0.6429,0.99471977149309,0.22172059787786771,0.8352980878336129,0.38510005762331445,0.07303247474913288,0.3083333333333333,False,0.0,False,0.9285800000000002,True,0.6772559341237043,False,0.6619096551527612,False
client_2_zoom_blur,C1_C2_C3_C4,0.6071,0.9940194757194344,0.22158555768371563,0.8240389661586986,0.2854386570054934,0.07508061803867128,0.3083333333333333,False,0.0,False,0.9214200000000001,True,0.6366229862236795,False,0.6358302360807878,False
client_2_zoom_blur,C1_C2_C3_C4_C5,0.6148,0.9936017265828601,0.21624579641362623,0.8166200594646165,0.23330990895579248,0.07947212611279397,0.3083333333333333,False,0.0,False,0.92296,True,0.6132021319316691,False,0.6286707795669588,False
client_2_zoom_blur,C1_C2_C3_C5,0.6363,0.994022835794459,0.21424288107662287,0.8093487188088357,0.2848235763038079,0.08023089777583725,0.3083333333333333,False,0.0,False,0.9272600000000002,True,0.6477560608225155,False,0.6444854520118606,False
client_2_zoom_blur,C1_C2_C4,0.5176000000000001,0.989462283544845,0.23719166977993508,0.8435516275524473,0.38315676211812505,0.05885578770336175,0.3083333333333333,False,0.0,False,0.8335200000000001,False,0.6450405531157758,False,0.6314899301097775,False
client_2_zoom_blur,C1_C2_C4_C5,0.5585,0.990106649356692,0.22529651707979,0.8221743570527861,0.2893606742252922,0.07404340990104596,0.3083333333333333,False,0.0,False,0.8417000000000001,False,0.6277523878237184,False,0.6255563432835755,False
client_2_zoom_blur,C1_C2_C5,0.5603,0.989536935347383,0.22439302433990743,0.8208707734989484,0.3846766524367776,0.07417311036374907,0.3083333333333333,False,0.0,False,0.8420600000000001,False,0.6635488083001548,False,0.645176653027371,False
client_2_zoom_blur,C1_C3,0.6774,0.9961621656537196,0.23133770434740478,0.8437685201588812,0.5812119150247878,0.05952610750815279,0.3833333333333333,False,0.1,False,0.9354800000000001,True,0.7214639988084297,False,0.7055500409387476,False
client_2_zoom_blur,C1_C3_C4,0.6303000000000001,0.9947454239164522,0.22633860319095045,0.8392499836360047,0.38201551092321007,0.07082343857112006,0.3083333333333333,False,0.0,False,0.9260600000000001,True,0.6720576112391861,False,0.6574590856545572,False
client_2_zoom_blur,C1_C3_C4_C5,0.6312,0.9940123110275474,0.2208881516145073,0.8189398343233634,0.2886947795858348,0.0762258361619732,0.3083333333333333,False,0.0,False,0.9262400000000002,True,0.6446516620882909,False,0.6419494220558538,False
client_2_zoom_blur,C1_C3_C5,0.659,0.9946994415052627,0.22410033339478125,0.8246323580131321,0.39061985793021936,0.07488209536194557,0.3083333333333333,False,0.0,False,0.9318000000000002,True,0.6851890272708153,False,0.6668201750952422,False
client_2_zoom_blur,C1_C4,0.4949,0.9882342371090856,0.24714940171214586,0.861675004913023,0.5875487760972657,0.040673180157084654,0.3833333333333333,False,0.1,False,0.8289800000000002,False,0.6771763713314439,False,0.6637788394959541,False
client_2_zoom_blur,C1_C4_C5,0.5554,0.989471972083161,0.23116807828930946,0.8300647031099857,0.3896714349260362,0.06801325579780904,0.3083333333333333,False,0.0,False,0.8410800000000002,False,0.6602005671603742,False,0.6429082131213941,False
client_2_zoom_blur,C1_C5,0.5547,0.9882886244488726,0.2381146584688739,0.8376082438418244,0.5803480333032146,0.06198794292881038,0.3833333333333333,False,0.1,False,0.8409400000000001,False,0.6960574646168791,False,0.6785231931608753,False
client_2_zoom_blur,C2,0.49559999999999993,0.9842982993559668,0.264811719595912,0.8883491031413265,0.8541941897923702,0.01472133258398145,0.3833333333333333,False,0.1,False,0.8291200000000001,False,0.6999160038610803,False,0.7102608612847675,False
client_2_zoom_blur,C2_C3,0.6931,0.9958943658206885,0.23304891600927416,0.8375490147947626,0.577646899223579,0.06250976028829625,0.3833333333333333,False,0.1,False,0.93862,True,0.725703220645029,False,0.7082031860159377,False
client_2_zoom_blur,C2_C3_C4,0.6208,0.9945807633716592,0.229276339421146,0.8346708889376427,0.3873637954411264,0.06564646313416089,0.3083333333333333,False,0.0,False,0.9241600000000001,True,0.6724408234633945,False,0.6564661726729789,False
client_2_zoom_blur,C2_C3_C4_C5,0.6187,0.9939284538994226,0.22367936562586907,0.8201568118367313,0.2911515521205351,0.07168308027721448,0.3083333333333333,False,0.0,False,0.92374,True,0.641758770712438,False,0.6392440645835599,False
client_2_zoom_blur,C2_C3_C5,0.6505000000000001,0.9945956143205508,0.22370691619747396,0.8268265641867456,0.3903865162148653,0.07119436435397819,0.3083333333333333,False,0.0,False,0.9301000000000001,True,0.6825718875639603,False,0.6649120041373292,False
client_2_zoom_blur,C2_C4,0.49650000000000005,0.9880351128442784,0.25072951640133395,0.8645359335682248,0.5889703030756216,0.03804403664071865,0.3833333333333333,False,0.1,False,0.8293000000000001,False,0.6762961161006982,False,0.663341204235306,False
client_2_zoom_blur,C2_C4_C5,0.5394999999999999,0.9893974042359707,0.23682826769641477,0.8335124551978573,0.38502842942943133,0.05999814941722936,0.3083333333333333,False,0.0,False,0.8379000000000001,False,0.6533707085714304,False,0.6373078853624269,False
client_2_zoom_blur,C2_C5,0.5418000000000001,0.9882195173055515,0.2383743109783341,0.8412620854110409,0.5750369991299109,0.05588542024594212,0.3833333333333333,False,0.1,False,0.8383600000000001,False,0.6919237983755911,False,0.6744498502387368,False
client_2_zoom_blur,C3,0.8146,0.9999877116451559,0.25441162582809573,0.8689238958229243,0.8613751389784514,0.023689545504288922,0.3833333333333333,False,0.1,False,0.96292,True,0.7775081155749156,False,0.782657473065225,False
client_2_zoom_blur,C3_C4,0.6658999999999999,0.9959661963420915,0.23884356687131383,0.8484501706645055,0.585457358348644,0.055912787117433416,0.3833333333333333,False,0.1,False,0.9331800000000001,True,0.7176595148649854,False,0.7020905981858491,False
client_2_zoom_blur,C3_C4_C5,0.6322,0.9945838491135958,0.23022183699510362,0.8373749421882382,0.3915197852865597,0.062315837675405716,0.3083333333333333,False,0.0,False,0.9264400000000002,True,0.6747294811532831,False,0.6591184829506018,False
client_2_zoom_blur,C3_C5,0.6640999999999999,0.9958844890228008,0.23816283922219963,0.8488068233680771,0.5883627168592102,0.0508626194446945,0.3833333333333333,False,0.1,False,0.93282,True,0.7181305006552932,False,0.7023958086835698,False
client_2_zoom_blur,C4,0.4486000000000001,0.9841543445660582,0.2696133574636623,0.8963909993127458,0.884464536144469,0.0025287960371304097,0.3833333333333333,False,0.1,False,0.8197200000000001,False,0.6912226962481959,False,0.7051216224065137,False
client_2_zoom_blur,C4_C5,0.5113000000000001,0.988091269816798,0.24659889943908636,0.8561476958616069,0.5853539705509172,0.03756982088570682,0.3833333333333333,False,0.1,False,0.8322600000000001,False,0.6825345863230488,False,0.6672541162879803,False
client_2_zoom_blur,C5,0.4335000000000001,0.9844500405914575,0.2677064550166015,0.8898232694822423,0.8554126711727609,0.019461047640384033,0.3833333333333333,False,0.1,False,0.8167000000000001,False,0.6923278989296024,False,0.6973885420897143,False
client_3_brightness,C1,0.41989999999999994,0.984583924095286,0.2486282386068967,0.9223851528288127,0.8907350890158303,0.008856747843056456,0.3833333333333333,False,0.2,False,0.81398,False,0.6379023732169662,False,0.7098482929589647,False
client_3_brightness,C1_C2,0.5005999999999999,0.9883856951206701,0.22315615754244889,0.8868810371148301,0.5689106683036134,0.08919053878903294,0.3833333333333333,False,0.2,False,0.8301200000000001,False,0.6207619530882914,False,0.671028590805886,False
client_3_brightness,C1_C2_C3,0.5234,0.9895509182157002,0.20202059787786783,0.8729432660965469,0.3800776398571388,0.11685133361556133,0.3083333333333333,False,0.1,False,0.8346800000000001,False,0.5960315753883462,False,0.6436759187703416,False
client_3_brightness,C1_C2_C3_C4,0.5959,0.9941240470793616,0.20188555768371574,0.8616841444216327,0.2817160084269779,0.11889947690509972,0.3083333333333333,False,0.1,False,0.9191800000000001,True,0.5850131065712987,False,0.6405711384633636,False
client_3_brightness,C1_C2_C3_C4_C5,0.5700000000000001,0.993734072283348,0.19654579641362635,0.8542652377275505,0.23026711576849426,0.12329098497922242,0.3833333333333333,False,0.1,False,0.9140000000000001,True,0.5598998645783948,False,0.6268332078958901,False
client_3_brightness,C1_C2_C3_C5,0.5258,0.9902449515312955,0.194542881076623,0.8469938970717698,0.2811089495164675,0.1240497566422657,0.3833333333333333,False,0.1,False,0.8351600000000001,False,0.5753528623117451,False,0.6285914676280531,False
client_3_brightness,C1_C2_C4,0.5914000000000001,0.9948128951043145,0.2174916697799352,0.8811968058153813,0.3781596885233589,0.1026746465697902,0.3083333333333333,False,0.1,False,0.9182800000000002,True,0.605930839611736,False,0.6540251555290115,False
client_3_brightness,C1_C2_C4_C5,0.5711999999999999,0.9941472771607757,0.20559651707979013,0.8598195353157201,0.2855868752805951,0.11786226876747441,0.3083333333333333,False,0.1,False,0.9142400000000002,True,0.5817353952588138,False,0.6358542268817462,False
client_3_brightness,C1_C2_C5,0.5255000000000001,0.9896852923249261,0.20469302433990755,0.8585159517618826,0.37965975665817137,0.11799196923017752,0.3083333333333333,False,0.1,False,0.8351000000000001,False,0.6010860939833168,False,0.6449474630934517,False
client_3_brightness,C1_C3,0.5003000000000001,0.988150086947331,0.2116377043474049,0.881413698421815,0.573631835535969,0.10334496637458124,0.3833333333333333,False,0.2,False,0.8300600000000001,False,0.622915193525874,False,0.6747161271259996,False
client_3_brightness,C1_C3_C4,0.604,0.9947810612460608,0.20663860319095056,0.8768951618989387,0.3770333213570582,0.1146422974375485,0.3083333333333333,False,0.1,False,0.9208000000000001,True,0.6109178524851103,False,0.6589142930335419,False
client_3_brightness,C1_C3_C4_C5,0.5666,0.9941006743545522,0.20118815161450743,0.8565850125862973,0.2849296651401436,0.12004469502840165,0.3083333333333333,False,0.1,False,0.9133200000000001,True,0.5821379306176673,False,0.6359985896584099,False
client_3_brightness,C1_C3_C5,0.5098,0.9895321676928934,0.20440033339478136,0.8622775362760661,0.38552545174810265,0.11870095422837401,0.3083333333333333,False,0.1,False,0.8319600000000001,False,0.5980552285043119,False,0.6426323569226384,False
client_3_brightness,C1_C4,0.6135999999999999,0.996187593190039,0.22744940171214598,0.899320183175957,0.5798860522073305,0.0844920390235131,0.3833333333333333,False,0.2,False,0.92272,True,0.6415865364544063,False,0.6952814837604511,False
client_3_brightness,C1_C4_C5,0.5732999999999999,0.9947782197108933,0.21146807828930958,0.8677098813729198,0.38458939793590413,0.11183211466423748,0.3083333333333333,False,0.1,False,0.91466,True,0.609418166279154,False,0.6542375730752076,False
client_3_brightness,C1_C5,0.5069999999999999,0.9883581441730666,0.218414658468874,0.8752534221047584,0.5727792204315266,0.10580680179523883,0.3833333333333333,False,0.2,False,0.8314,False,0.6255875174443645,False,0.67518785235767,False
client_3_brightness,C2,0.45820000000000005,0.9846003076866485,0.24511171959591208,0.9259942814042605,0.8654816732554586,0.058540191450409895,0.3833333333333333,False,0.2,False,0.8216400000000001,False,0.629528033298158,False,0.712803277469815,False
client_3_brightness,C2_C3,0.5076999999999999,0.9882600902533597,0.21334891600927428,0.8751941930576965,0.5701133141414533,0.10632861915472469,0.3833333333333333,False,0.2,False,0.8315400000000001,False,0.6258013274388989,False,0.6757941317123402,False
client_3_brightness,C2_C3_C4,0.578,0.9947550526093167,0.20957633942114612,0.8723160672005768,0.3823118543424842,0.10946532200058934,0.3083333333333333,False,0.1,False,0.9156000000000002,True,0.6083417439054576,False,0.6546351601270753,False
client_3_brightness,C2_C3_C4_C5,0.5637000000000001,0.9941193885602194,0.20397936562586919,0.8578019900996653,0.28735439681226427,0.11550193914364293,0.3083333333333333,False,0.1,False,0.9127400000000001,True,0.5813993100544359,False,0.6352273382803584,False
client_3_brightness,C2_C3_C5,0.5075000000000001,0.9896376563528705,0.20400691619747408,0.8644717424496796,0.3852951532407502,0.11501322322040664,0.3083333333333333,False,0.1,False,0.8315000000000001,False,0.5969185325164205,False,0.6420066577752634,False
client_3_brightness,C2_C4,0.5706,0.9960268481886325,0.2310295164013341,0.9021811118311588,0.5812890398419239,0.0818628955071471,0.3833333333333333,False,0.2,False,0.91412,True,0.6317398921038251,False,0.6859278164837307,False
client_3_brightness,C2_C4_C5,0.5522,0.9947664769321862,0.21712826769641488,0.8711576334607913,0.3800069458275239,0.10381700828365781,0.3083333333333333,False,0.1,False,0.9104400000000001,True,0.6022656239401789,False,0.6476219210075819,False
client_3_brightness,C2_C5,0.4849000000000001,0.9884900810842181,0.2186743109783342,0.8789072636739749,0.5675374519772504,0.09970427911237056,0.3833333333333333,False,0.2,False,0.8269800000000002,False,0.6198348597995293,False,0.6693285713902314,False
client_3_brightness,C3,0.46099999999999997,0.9841410521002866,0.23471162582809588,0.9065690740858583,0.8727575128612544,0.06750840437071737,0.3833333333333333,False,0.2,False,0.8222000000000002,False,0.6408367703994169,False,0.7187491337591052,False
client_3_brightness,C3_C4,0.5996,0.9960734377420534,0.21914356687131395,0.8860953489274395,0.5778219104184216,0.09973164598386186,0.3833333333333333,False,0.2,False,0.9199200000000001,True,0.6431469505583078,False,0.6950294747060902,False
client_3_brightness,C3_C4_C5,0.5553000000000001,0.994736367353857,0.21052183699510374,0.8750201204511722,0.3864136423854961,0.10613469654183416,0.3083333333333333,False,0.1,False,0.9110600000000002,True,0.603753038290888,False,0.6504522758447348,False
client_3_brightness,C3_C5,0.4730000000000001,0.9882684109204046,0.21846283922219975,0.8864520016310111,0.5806893776747236,0.09468147831112295,0.3833333333333333,False,0.2,False,0.8246000000000001,False,0.6168739564578541,False,0.6688224430524867,False
client_3_brightness,C4,0.6376,0.9999847594563195,0.2499133574636624,0.9340361775756798,0.8961520176852245,0.041290062829298035,0.3833333333333333,False,0.2,False,0.9275200000000001,True,0.669780638680943,False,0.7561297195190104,False
client_3_brightness,C4_C5,0.54,0.996000518472539,0.22689889943908648,0.8937928741245409,0.5777198709890002,0.08138867975213526,0.3833333333333333,False,0.2,False,0.9080000000000001,True,0.6293942305634661,False,0.6807536639330385,False
client_3_brightness,C5,0.39400000000000013,0.9846874626121747,0.24800645501660162,0.9274684477451763,0.8667162558790977,0.024357811226044412,0.3833333333333333,False,0.2,False,0.8088000000000001,False,0.6220271822915621,False,0.6995012612614185,False
client_3_glass_blur,C1,0.3468,0.9845756506125711,0.12382823860689661,0.9202902406678823,0.8558931324850202,0.0925608632780689,0.45833333333333326,False,0.2,False,0.7993600000000001,False,0.4699718870820504,False,0.7130087557401666,False
client_3_glass_blur,C1_C2,0.4155000000000001,0.9883770568107998,0.09835615754244878,0.8847861249538997,0.5920700558750466,0.17289465422404537,0.45833333333333326,False,0.2,False,0.8131000000000002,False,0.46449171281585633,False,0.6833892494421054,False
client_3_glass_blur,C1_C2_C3,0.43330000000000013,0.9895421450038715,0.07722059787786772,0.8708483539356165,0.3955499553876845,0.20055544905057376,0.3083333333333333,False,0.1,False,0.8166600000000002,False,0.4494855089831185,False,0.653499136017992,False
client_3_glass_blur,C1_C2_C3_C4,0.4845999999999999,0.9941157479189019,0.07708555768371562,0.8595892322607023,0.29318418891248715,0.20260359234011216,0.3083333333333333,False,0.1,False,0.8969200000000002,True,0.4505157389189866,False,0.6453536235122804,False
client_3_glass_blur,C1_C2_C3_C4_C5,0.4626,0.9937253967868389,0.07174579641362623,0.8521703255666201,0.2396408991692173,0.20699510041423486,0.3083333333333333,False,0.1,False,0.8925200000000002,True,0.43844078816689736,False,0.6319767382606399,False
client_3_glass_blur,C1_C2_C3_C5,0.42779999999999996,0.9902358308700541,0.06974288107662287,0.8448989849108394,0.29255241766422235,0.20775387207727813,0.3083333333333333,False,0.1,False,0.8155600000000001,False,0.44290826279759166,False,0.6360288459092627,False
client_3_glass_blur,C1_C2_C4,0.48639999999999994,0.9948048410670156,0.09269166977993509,0.8791018936544509,0.3935539275108603,0.18637876200480263,0.3833333333333333,False,0.1,False,0.8972800000000001,True,0.45916282729755126,False,0.6608529013029592,False
client_3_glass_blur,C1_C2_C4_C5,0.4619000000000001,0.9941386926772395,0.08079651707979002,0.8577246231547897,0.29721263218485505,0.20156638420248685,0.3083333333333333,False,0.1,False,0.8923800000000002,True,0.4472362634210695,False,0.6410681701497979,False
client_3_glass_blur,C1_C2_C5,0.4286000000000001,0.9896761489463963,0.07989302433990744,0.8564210396009522,0.3951150608730507,0.20169608466518996,0.3083333333333333,False,0.1,False,0.8157200000000001,False,0.4539021130536503,False,0.6534072040446287,False
client_3_glass_blur,C1_C3,0.41289999999999993,0.9881414275563367,0.08683770434740479,0.8793187862608847,0.5969834138111725,0.18704908180959368,0.45833333333333326,False,0.2,False,0.8125800000000001,False,0.4646990922215983,False,0.6866552196867484,False
client_3_glass_blur,C1_C3_C4,0.4888999999999999,0.9947730011823587,0.08183860319095046,0.8748002497380083,0.39238170784924625,0.19834641287256094,0.3833333333333333,False,0.1,False,0.89778,True,0.4600404266704001,False,0.663712867103146,False
client_3_glass_blur,C1_C3_C4_C5,0.45820000000000005,0.9940920799836289,0.07638815161450732,0.8544901004253669,0.2965286681352108,0.2037488104634141,0.3083333333333333,False,0.1,False,0.8916400000000002,True,0.4474680032839622,False,0.6413871801671458,False
client_3_glass_blur,C1_C3_C5,0.4142999999999999,0.9895230036252498,0.07960033339478126,0.8601826241151357,0.40121953845297925,0.20240506966338645,0.3083333333333333,False,0.1,False,0.81286,False,0.45015795390607866,False,0.651419850233992,False
client_3_glass_blur,C1_C4,0.5055000000000001,0.9961800226108828,0.10264940171214587,0.8972252710150266,0.6034922290265895,0.16819615445852554,0.45833333333333326,False,0.2,False,0.9011,True,0.4800139417813254,False,0.7031317137923786,False
client_3_glass_blur,C1_C4_C5,0.46109999999999995,0.994769773476822,0.08666807828930946,0.8656149692119894,0.40024537947905287,0.19553623009924992,0.3833333333333333,False,0.1,False,0.89222,True,0.45933153959145057,False,0.6596775889209301,False
client_3_glass_blur,C1_C5,0.41100000000000003,0.9883489247505555,0.0936146584688739,0.873158509943828,0.5960960901931563,0.18951091723025126,0.45833333333333326,False,0.2,False,0.8122000000000001,False,0.46614058584665885,False,0.6853998912094008,False
client_3_glass_blur,C2,0.3760000000000001,0.9845913846810911,0.12031171959591197,0.9238993692433302,0.8316275282805506,0.14224430688542233,0.45833333333333326,False,0.2,False,0.8052000000000001,False,0.45818136204673654,False,0.7143411726576289,False
client_3_glass_blur,C2_C3,0.41389999999999993,0.9882511047246322,0.08854891600927417,0.8730992808967661,0.593321659383434,0.19003273458973713,0.45833333333333326,False,0.2,False,0.8127800000000001,False,0.4666651267536452,False,0.6864245124388977,False
client_3_glass_blur,C2_C3_C4,0.4667999999999999,0.9947467659111118,0.084776339421146,0.8702211550396464,0.39787512095211247,0.19316943743560178,0.3833333333333333,False,0.1,False,0.8933600000000002,True,0.45880807935683776,False,0.660256664893267,False
client_3_glass_blur,C2_C3_C4_C5,0.45219999999999994,0.9941106309902078,0.07917936562586908,0.8557070779387349,0.2990521065176816,0.19920605457865537,0.3833333333333333,False,0.1,False,0.8904400000000001,True,0.4466748633212127,False,0.6400156374913465,False
client_3_glass_blur,C2_C3_C5,0.40859999999999996,0.9896282835868387,0.07920691619747398,0.8623768302887492,0.40097986488432796,0.19871733865541907,0.3833333333333333,False,0.1,False,0.8117200000000001,False,0.4488132098751585,False,0.6501122343346796,False
client_3_glass_blur,C2_C4,0.4629,0.9960189316699934,0.10622951640133399,0.9000861996702284,0.6049523299061927,0.16556701094215953,0.45833333333333326,False,0.2,False,0.8925800000000002,True,0.4703915927146441,False,0.6938693999767636,False
client_3_glass_blur,C2_C4_C5,0.43730000000000013,0.9947578134081991,0.09232826769641478,0.869062721299861,0.3954763835241282,0.18752112371867025,0.3833333333333333,False,0.1,False,0.8874600000000001,False,0.45360882335053404,False,0.6524845846260123,False
client_3_glass_blur,C2_C5,0.3892,0.9884805554913645,0.0938743109783341,0.8768123515130445,0.5906409382430946,0.183408394547383,0.45833333333333326,False,0.2,False,0.8078400000000001,False,0.4609180004673067,False,0.6795578723087365,False
client_3_glass_blur,C3,0.37940000000000007,0.9841320735321886,0.10991162582809577,0.9044741619249279,0.8386187664482798,0.1512125198057298,0.45833333333333326,False,0.2,False,0.8058800000000002,False,0.47044574087653607,False,0.7203500975467976,False
client_3_glass_blur,C3_C4,0.4897,0.9960655145939542,0.09434356687131384,0.8840004367665091,0.6013440595293689,0.1834357614188743,0.45833333333333326,False,0.2,False,0.8979400000000002,True,0.48054286980159266,False,0.702502828682567,False
client_3_glass_blur,C3_C4_C5,0.4467000000000001,0.9947276894322197,0.08572183699510362,0.8729252082902418,0.40214388582350274,0.1898388119768466,0.3833333333333333,False,0.1,False,0.88934,False,0.4546970751712872,False,0.6566270977319155,False
client_3_glass_blur,C3_C5,0.37970000000000004,0.9882588464337889,0.09366283922219965,0.8843570894700807,0.604328256510102,0.17838559374613538,0.45833333333333326,False,0.2,False,0.8059400000000001,False,0.45782863154735887,False,0.6796388147061461,False
client_3_glass_blur,C4,0.5307,0.999977938959851,0.12511335746366228,0.9319412654147494,0.8610981727988786,0.12499417826431047,0.45833333333333326,False,0.2,False,0.9061400000000002,True,0.4933002886120836,False,0.7524880952263545,False
client_3_glass_blur,C4_C5,0.42510000000000003,0.9959920201144927,0.10209889943908636,0.8916979619636105,0.6012378662479892,0.1650927951871477,0.45833333333333326,False,0.2,False,0.8850200000000001,False,0.46720006503083794,False,0.6872260720971339,False
client_3_glass_blur,C5,0.3094000000000001,0.9846774156516107,0.12320645501660153,0.925373535584246,0.8328138190218591,0.10806192666105685,0.45833333333333326,False,0.2,False,0.7918800000000001,False,0.45074253868222963,False,0.7005492732817651,False
client_3_impulse_noise,C1,0.3418,0.9845742915055811,0.12112823860689671,0.9014012839927608,0.8731800505266794,0.10586080373854567,0.45833333333333326,False,0.2,False,0.7983600000000001,False,0.44313104925121505,False,0.7141169718595883,False
client_3_impulse_noise,C1_C2,0.40070000000000017,0.9883758369667042,0.09565615754244888,0.8658971682787782,0.5803484567333128,0.18619459468452215,0.45833333333333326,False,0.2,False,0.8101400000000002,False,0.4333772509077141,False,0.6767357899774274,False
client_3_impulse_noise,C1_C2_C3,0.40890000000000004,0.9895408759030674,0.07452059787786783,0.851959397260495,0.3877189935419066,0.21385538951105054,0.3083333333333333,False,0.1,False,0.8117800000000001,False,0.4184137797447477,False,0.6457037941611634,False
client_3_impulse_noise,C1_C2_C3_C4,0.4798,0.9941146954026804,0.07438555768371573,0.8407002755855807,0.28737982927121564,0.21590353280058894,0.3083333333333333,False,0.1,False,0.8959600000000001,True,0.42598655210759834,False,0.6418836454132696,False
client_3_impulse_noise,C1_C2_C3_C4_C5,0.4619000000000001,0.9937243608385845,0.06904579641362633,0.8332813688914985,0.23489657114561088,0.22029504087471163,0.3083333333333333,False,0.1,False,0.8923800000000002,True,0.4167956510452623,False,0.6295387697987556,False
client_3_impulse_noise,C1_C2_C3_C5,0.4132,0.990234638133366,0.06704288107662297,0.8260100282357178,0.286760565612632,0.2210538125377549,0.3083333333333333,False,0.1,False,0.8126400000000001,False,0.4163048270517944,False,0.630601341284095,False
client_3_impulse_noise,C1_C2_C4,0.49629999999999996,0.9948038922028777,0.0899916697799352,0.8602129369793293,0.38576248233784044,0.1996787024652794,0.3833333333333333,False,0.1,False,0.8992600000000002,True,0.4352855261399774,False,0.6599255268280153,False
client_3_impulse_noise,C1_C2_C4_C5,0.4769,0.9941377378282041,0.07809651707979012,0.8388356664796681,0.2913285188104984,0.21486632466296363,0.3083333333333333,False,0.1,False,0.8953800000000001,True,0.42656386392962187,False,0.6415422608376073,False
client_3_impulse_noise,C1_C2_C5,0.4194000000000001,0.9896750133163917,0.07719302433990755,0.8375320829258306,0.38729270891915785,0.21499602512566673,0.3083333333333333,False,0.1,False,0.8138800000000002,False,0.4258911923045724,False,0.648653610860337,False
client_3_impulse_noise,C1_C3,0.39660000000000006,0.9881400631296458,0.08413770434740489,0.8604298295857631,0.5851645417004789,0.20034902227007045,0.3833333333333333,False,0.2,False,0.8093200000000002,False,0.43315702281632856,False,0.6796822767117594,False
client_3_impulse_noise,C1_C3_C4,0.488,0.9947719600724885,0.07913860319095056,0.8559112930628867,0.38461346987754175,0.21164635333303772,0.3083333333333333,False,0.1,False,0.8976000000000002,True,0.4337602395539508,False,0.660630115619319,False
client_3_impulse_noise,C1_C3_C4_C5,0.46930000000000005,0.9940910567418313,0.07368815161450742,0.8356011437502453,0.2906580956456494,0.21704875092389087,0.3083333333333333,False,0.1,False,0.8938600000000001,True,0.4259753398062676,False,0.6410839653533619,False
client_3_impulse_noise,C1_C3_C5,0.41169999999999995,0.9895217744531608,0.07690033339478136,0.8412936674400141,0.39327633215347035,0.21570501012386323,0.3083333333333333,False,0.1,False,0.8123400000000001,False,0.42333122009626045,False,0.6479620674721602,False
client_3_impulse_noise,C1_C4,0.5163,0.9961791442035478,0.09994940171214597,0.878336314339905,0.5915444976329688,0.18149609491900232,0.45833333333333326,False,0.2,False,0.9032600000000002,True,0.45393335966705906,False,0.7015530961646753,False
client_3_impulse_noise,C1_C4_C5,0.49040000000000006,0.9947688629429723,0.08396807828930956,0.8467260125368679,0.3923214592435484,0.2088361705597267,0.3083333333333333,False,0.1,False,0.8980800000000002,True,0.4390270332521613,False,0.6626037270995471,False
client_3_impulse_noise,C1_C5,0.41770000000000007,0.9883477638735753,0.090914658468874,0.8542695532687065,0.5842947850099847,0.20281085769072804,0.3833333333333333,False,0.2,False,0.8135400000000002,False,0.4391930909293099,False,0.6830305023298582,False
client_3_impulse_noise,C2,0.3629,0.9845903074580203,0.11761171959591207,0.9050104125682086,0.8484243413135435,0.1555442473458991,0.45833333333333326,False,0.2,False,0.8025800000000001,False,0.4295990881631024,False,0.713731424152101,False
client_3_impulse_noise,C2_C3,0.3883,0.9882498846095635,0.08584891600927427,0.8542103242216446,0.5815752814263149,0.2033326750502139,0.3833333333333333,False,0.2,False,0.8076600000000002,False,0.4332797798726279,False,0.677606097156948,False
client_3_impulse_noise,C2_C3_C4,0.46710000000000007,0.9947458167644705,0.0820763394211461,0.8513321983645248,0.38999812627894537,0.20646937789607855,0.3083333333333333,False,0.1,False,0.8934200000000001,True,0.43279248827862893,False,0.6573921804617932,False
client_3_impulse_noise,C2_C3_C4_C5,0.45120000000000005,0.9941096759277835,0.07647936562586918,0.8368181212636133,0.2931315758637363,0.21250599503913215,0.3083333333333333,False,0.1,False,0.8902400000000001,True,0.42282956478174594,False,0.6372824446805604,False
client_3_impulse_noise,C2_C3_C5,0.39680000000000004,0.9896271477177417,0.07650691619747409,0.8434878736136276,0.39304140355962186,0.21201727911589585,0.3083333333333333,False,0.1,False,0.8093600000000001,False,0.42022454534198483,False,0.6448154192284069,False
client_3_impulse_noise,C2_C4,0.494,0.996018186402197,0.10352951640133409,0.8811972429951068,0.5929756919380081,0.1788669514026363,0.45833333333333326,False,0.2,False,0.8988,True,0.44837193104239953,False,0.6963450276620552,False
client_3_impulse_noise,C2_C4_C5,0.4674999999999999,0.9947569913450864,0.08962826769641488,0.8501737646247394,0.38764687822877736,0.20082106417914702,0.3083333333333333,False,0.1,False,0.8935000000000002,True,0.43375271967643936,False,0.6556096234868074,False
client_3_impulse_noise,C2_C5,0.3922,0.9884795308487022,0.0911743109783342,0.8579233948379229,0.578947632280254,0.19670833500785978,0.45833333333333326,False,0.2,False,0.8084400000000002,False,0.4333063781509155,False,0.6764701105201238,False
client_3_impulse_noise,C3,0.3589999999999999,0.9841307142404478,0.10721162582809587,0.8855852052498063,0.8555567851489293,0.16451246026620658,0.45833333333333326,False,0.2,False,0.8018000000000001,False,0.44049013608382664,False,0.7183085337610673,False
client_3_impulse_noise,C3_C4,0.4980999999999999,0.9960646357621468,0.09164356687131395,0.8651114800913875,0.5894388568559309,0.19673570187935108,0.45833333333333326,False,0.2,False,0.8996200000000001,True,0.453913952106951,False,0.7004527167140057,False
client_3_impulse_noise,C3_C4_C5,0.4581000000000002,0.9947267785968532,0.08302183699510372,0.8540362516151202,0.39418237961296565,0.20313875243732338,0.3083333333333333,False,0.1,False,0.8916200000000001,True,0.43089064306231956,False,0.6559657186552227,False
client_3_impulse_noise,C3_C5,0.37540000000000007,0.9882576852150515,0.09096283922219975,0.8654681327949592,0.5923639737321714,0.19168553420661216,0.45833333333333326,False,0.2,False,0.8050800000000001,False,0.4286849994068014,False,0.6750368302393004,False
client_3_impulse_noise,C4,0.5788,0.9999775405922607,0.12241335746366237,0.9130523087396278,0.8784902197426099,0.13829411872478725,0.45833333333333326,False,0.2,False,0.9157600000000001,True,0.47697020441111787,False,0.7642375292740705,False
client_3_impulse_noise,C4_C5,0.4668000000000001,0.99599133026409,0.09939889943908646,0.8728090052884889,0.5893347659525783,0.17839273564762448,0.45833333333333326,False,0.2,False,0.8933600000000002,True,0.4473702077676164,False,0.6918364184004591,False
client_3_impulse_noise,C5,0.3376,0.984676450850764,0.12050645501660164,0.9064845789091244,0.8496345921849667,0.12136186712153363,0.45833333333333326,False,0.2,False,0.7975200000000001,False,0.4304581322634144,False,0.7082043392867051,False
client_3_motion_blur,C1,0.4028999999999999,0.9845819740467571,0.2223282386068967,0.900086891213285,0.8738579652437916,0.024018241657822292,0.3833333333333333,False,0.2,False,0.8105800000000001,False,0.6129713096553263,False,0.7061026520332984,False
client_3_motion_blur,C1_C2,0.4807,0.9883836376827423,0.19685615754244887,0.8645827754993024,0.5798982385336503,0.10435203260379877,0.45833333333333326,False,0.2,False,0.8261400000000001,False,0.5997627557475665,False,0.672275867202755,False
client_3_motion_blur,C1_C2_C3,0.49740000000000006,0.9895487645363431,0.1757205978778678,0.8506450044810192,0.3874182119248933,0.13201282743032716,0.3833333333333333,False,0.1,False,0.8294800000000001,False,0.5753635691493737,False,0.6429737762864683,False
client_3_motion_blur,C1_C2_C3_C4,0.5738,0.9941222245929925,0.1755855576837157,0.8393858828061049,0.28715688798852124,0.13406097071986556,0.3833333333333333,False,0.1,False,0.91476,True,0.567523541517601,False,0.6402691237168455,False
client_3_motion_blur,C1_C2_C3_C4_C5,0.5556,0.9937321458537973,0.1702457964136263,0.8319669761120227,0.23471434491559146,0.13845247879398825,0.3833333333333333,False,0.1,False,0.9111200000000002,True,0.5457104505686048,False,0.6278724422778467,False
client_3_motion_blur,C1_C2_C3_C5,0.5024,0.9902427533920991,0.16824288107662294,0.824695635456242,0.2865381047374691,0.13921125045703153,0.3833333333333333,False,0.1,False,0.8304800000000001,False,0.5575412190762186,False,0.6280270328828612,False
client_3_motion_blur,C1_C2_C4,0.5752999999999999,0.9948112451115643,0.19119166977993518,0.8588985441998536,0.3854632185278303,0.11783614038455603,0.3833333333333333,False,0.1,False,0.91506,True,0.5876602828871509,False,0.655295705369803,False
client_3_motion_blur,C1_C2_C4_C5,0.5593999999999999,0.9941454537966768,0.1792965170797901,0.8375212737001924,0.2911025142442289,0.13302376258224025,0.3833333333333333,False,0.1,False,0.91188,True,0.5662543682247535,False,0.6376271638401004,False
client_3_motion_blur,C1_C2_C5,0.5042,0.9896831434171055,0.17839302433990753,0.8362176901463547,0.38699225800190457,0.13315346304494335,0.3833333333333333,False,0.1,False,0.8308400000000001,False,0.581499199209433,False,0.6451837074190815,False
client_3_motion_blur,C1_C3,0.47720000000000007,0.9881479373543716,0.18533770434740487,0.8591154368062874,0.5847105873159809,0.11850646018934707,0.45833333333333326,False,0.2,False,0.8254400000000001,False,0.6010326301433212,False,0.6753416214018573,False
client_3_motion_blur,C1_C3_C4,0.5824,0.994779355738104,0.18033860319095055,0.854596900283411,0.38431509743945697,0.12980379125231434,0.3833333333333333,False,0.1,False,0.9164800000000002,True,0.5912219215106169,False,0.6590804809868775,False
client_3_motion_blur,C1_C3_C4_C5,0.5559999999999999,0.994098808071327,0.1748881516145074,0.8342867509707697,0.2904326111750341,0.13520618884316749,0.3833333333333333,False,0.1,False,0.9112,True,0.5668501103754195,False,0.6380089794471903,False
client_3_motion_blur,C1_C3_C5,0.48719999999999997,0.9895299571656959,0.17810033339478135,0.8399792746605383,0.3929712393076503,0.13386244804313985,0.3833333333333333,False,0.1,False,0.8274400000000001,False,0.5780496995989427,False,0.6426312461675556,False
client_3_motion_blur,C1_C4,0.5975999999999999,0.9961862069256082,0.20114940171214596,0.8770219215604292,0.5910855938560143,0.09965353283827894,0.3833333333333333,False,0.2,False,0.9195200000000001,True,0.6212347883005512,False,0.6973512886757489,False
client_3_motion_blur,C1_C4_C5,0.5706,0.9947765109270936,0.18516807828930953,0.845411619757392,0.3920171071615874,0.12699360847900332,0.3833333333333333,False,0.1,False,0.91412,True,0.5935649322320968,False,0.6582129470020316,False
client_3_motion_blur,C1_C5,0.4915999999999999,0.9883560017216892,0.192114658468874,0.8529551604892307,0.5838415053585488,0.12096829561000466,0.45833333333333326,False,0.2,False,0.8283200000000001,False,0.6053247181967877,False,0.6773500546912463,False
client_3_motion_blur,C2,0.4305,0.984598162798279,0.21881171959591206,0.9036960197887328,0.8490830363295208,0.07370168526517573,0.3833333333333333,False,0.2,False,0.8161000000000002,False,0.6021169435580818,False,0.7070132949454008,False
client_3_motion_blur,C2_C3,0.4789,0.9882578447005235,0.18704891600927426,0.8528959314421689,0.58112411149016,0.12149011296949053,0.45833333333333326,False,0.2,False,0.8257800000000001,False,0.6028404871834667,False,0.6752660159099614,False
client_3_motion_blur,C2_C3_C4,0.5610999999999999,0.9947532766198638,0.18327633942114607,0.850017805585049,0.38969557657411213,0.12462681581535517,0.3833333333333333,False,0.1,False,0.91222,True,0.5896955870240498,False,0.6557617232139575,False
client_3_motion_blur,C2_C3_C4_C5,0.5488,0.9941174714879283,0.17767936562586917,0.8355037284841376,0.2929041725359278,0.13066343295840877,0.3833333333333333,False,0.1,False,0.9097600000000001,True,0.5653413143100388,False,0.63638708384908,False
client_3_motion_blur,C2_C3_C5,0.49060000000000004,0.989635383223167,0.17770691619747409,0.8421734808341519,0.3927364929648742,0.13017471703517247,0.3833333333333333,False,0.1,False,0.8281200000000001,False,0.5781279173395283,False,0.6431446449325948,False
client_3_motion_blur,C2_C4,0.5632,0.9960253507325506,0.20472951640133408,0.8798828502156311,0.5925156778802976,0.09702438932191293,0.3833333333333333,False,0.2,False,0.9126400000000001,True,0.613126150895761,False,0.6897230184386363,False
client_3_motion_blur,C2_C4_C5,0.5459,0.9947646989563848,0.19082826769641487,0.8488593718452636,0.3873461525568192,0.11897850209842364,0.3833333333333333,False,0.1,False,0.9091800000000001,True,0.5859943518279275,False,0.650859580596728,False
client_3_motion_blur,C2_C5,0.47339999999999993,0.9884878450199632,0.19237431097833418,0.8566090020584471,0.5784985008012606,0.1148657729271364,0.45833333333333326,False,0.2,False,0.8246800000000001,False,0.6004299924017902,False,0.6722505077806298,False
client_3_motion_blur,C3,0.4381999999999999,0.9841387196283129,0.20841162582809586,0.8842708124703306,0.8562210176123575,0.0826698981854832,0.3833333333333333,False,0.2,False,0.81764,False,0.614604348590752,False,0.7139115420533783,False
client_3_motion_blur,C3_C4,0.5908,0.996071860467584,0.19284356687131393,0.8637970873119117,0.5889815865765566,0.1148931397986277,0.45833333333333326,False,0.2,False,0.9181600000000001,True,0.6241339537113988,False,0.6985312683212707,False
client_3_motion_blur,C3_C4_C5,0.5493,0.9947345331101918,0.1842218369951037,0.8527218588356444,0.39387658388071367,0.1212961903566,0.3833333333333333,False,0.1,False,0.9098600000000001,True,0.5872826794203104,False,0.6537746711334924,False
client_3_motion_blur,C3_C5,0.4548,0.9882660815314287,0.19216283922219973,0.8641537400154834,0.5919044342284397,0.10984297212588878,0.45833333333333326,False,0.2,False,0.8209600000000001,False,0.5960324533137898,False,0.6704551623238818,False
client_3_motion_blur,C4,0.6387,0.9999839389364489,0.22361335746366237,0.9117379159601521,0.8791722571396432,0.05645155664406387,0.3833333333333333,False,0.2,False,0.92774,True,0.6480688900055903,False,0.7559837771443673,False
client_3_motion_blur,C4_C5,0.5371999999999999,0.9959989329403041,0.20059889943908643,0.8714946125090132,0.5888775764240333,0.0965501735669011,0.3833333333333333,False,0.2,False,0.90744,True,0.6118225860729927,False,0.6854550617520453,False
client_3_motion_blur,C5,0.3929,0.9846851538023045,0.22170645501660163,0.9051701861296486,0.8502942268088479,0.03951930504081025,0.3833333333333333,False,0.2,False,0.8085800000000001,False,0.6000570239204583,False,0.6990265675238417,False
client_3_zoom_blur,C1,0.42190000000000005,0.9845798060078338,0.21962823860689662,0.9035534695144786,0.8898974819002372,0.02317841337017268,0.3833333333333333,False,0.2,False,0.8143800000000001,False,0.6193545078783219,False,0.7139967795869222,False
client_3_zoom_blur,C1_C2,0.4970999999999999,0.9883819742254607,0.19415615754244878,0.868049353800496,0.5694461497872674,0.10351220431614916,0.45833333333333326,False,0.2,False,0.82942,False,0.6022704692941575,False,0.6743517745921414,False
client_3_zoom_blur,C1_C2_C3,0.5085,0.9895473020045944,0.17302059787786772,0.8541115827822128,0.3804353841390334,0.13117299914267755,0.3833333333333333,False,0.1,False,0.8317000000000001,False,0.5766635965094973,False,0.644683576053066,False
client_3_zoom_blur,C1_C2_C3_C4,0.5881000000000001,0.9941207406062706,0.1728855576837156,0.8428524611072985,0.2819811708058297,0.13322114243221594,0.3833333333333333,False,0.1,False,0.9176200000000001,True,0.5691849433446918,False,0.6429803413130823,False
client_3_zoom_blur,C1_C2_C3_C4_C5,0.567,0.9937307257223915,0.1675457964136262,0.8354335544132163,0.2304838523910577,0.13761265050633864,0.3833333333333333,False,0.1,False,0.9134,True,0.546599408932903,False,0.6301927175767781,False
client_3_zoom_blur,C1_C2_C3_C5,0.5119,0.990241364971683,0.16554288107662285,0.8281622137574356,0.2813735405071837,0.13837142216938192,0.3833333333333333,False,0.1,False,0.8323800000000001,False,0.5582627660540851,False,0.6297805001828405,False
client_3_zoom_blur,C1_C2_C4,0.6041000000000001,0.9948096197613647,0.1884916697799351,0.8623651225010471,0.37851562755271906,0.11699631209690642,0.3833333333333333,False,0.1,False,0.9208200000000002,True,0.592439291807918,False,0.6605525199348603,False
client_3_zoom_blur,C1_C2_C4_C5,0.5836000000000001,0.9941439440250837,0.17659651707979002,0.8409878520013859,0.28585568107420656,0.13218393429459063,0.3833333333333333,False,0.1,False,0.9167200000000002,True,0.5699087138657405,False,0.6423041530818967,False
client_3_zoom_blur,C1_C2_C5,0.5195000000000001,0.9896816462657088,0.17569302433990744,0.8396842684475483,0.3800171076116792,0.13231363475729374,0.3833333333333333,False,0.1,False,0.8339000000000001,False,0.5836490544900103,False,0.6477350357408765,False
client_3_zoom_blur,C1_C3,0.4899,0.9881463262363369,0.18263770434740478,0.862582015107481,0.5741717607711203,0.11766663190169746,0.45833333333333326,False,0.2,False,0.82798,False,0.6028389446409155,False,0.6766601916993975,False
client_3_zoom_blur,C1_C3_C4,0.5982000000000001,0.9947777656371418,0.17763860319095046,0.8580634785846045,0.3773882002045744,0.12896396296466472,0.3833333333333333,False,0.1,False,0.91964,True,0.5934494487620202,False,0.6617414413498279,False
client_3_zoom_blur,C1_C3_C4_C5,0.5656,0.9940973256581563,0.17218815161450732,0.8377533292719632,0.28519785234127526,0.13436636055551787,0.3833333333333333,False,0.1,False,0.9131200000000002,True,0.5675897235033895,False,0.6397683890279238,False
client_3_zoom_blur,C1_C3_C5,0.49829999999999997,0.9895284966522129,0.17540033339478125,0.8434458529617319,0.385888323728521,0.13302261975549023,0.3833333333333333,False,0.1,False,0.8296600000000001,False,0.5793752552517608,False,0.6443210287791525,False
client_3_zoom_blur,C1_C4,0.6267,0.9961843500074848,0.19844940171214587,0.8804884998616228,0.58043186416145,0.09881370455062932,0.45833333333333326,False,0.2,False,0.92534,True,0.626276082462543,False,0.7019268291833307,False
client_3_zoom_blur,C1_C4_C5,0.5860000000000001,0.9947748882866568,0.18246807828930944,0.8488781980585856,0.38495138886502206,0.1261537801913537,0.3833333333333333,False,0.1,False,0.9172,True,0.5957220371981145,False,0.6607661366447506,False
client_3_zoom_blur,C1_C5,0.504,0.9883543425780885,0.1894146584688739,0.8564217387904243,0.5733183431512278,0.12012846732235505,0.45833333333333326,False,0.2,False,0.8308000000000001,False,0.6070908464032752,False,0.6786117482511813,False
client_3_zoom_blur,C2,0.44789999999999985,0.9845969953739465,0.21611171959591197,0.9071625980899264,0.8646678133134019,0.07286185697752612,0.3833333333333333,False,0.2,False,0.8195800000000001,False,0.608182962194171,False,0.7144966746874298,False
client_3_zoom_blur,C2_C3,0.48660000000000003,0.9882567341256339,0.18434891600927417,0.8563625097433625,0.5706499276034889,0.12065028468184091,0.45833333333333326,False,0.2,False,0.8273200000000002,False,0.6036593917969748,False,0.6755976148477687,False
client_3_zoom_blur,C2_C3_C4,0.583,0.9947520210810759,0.18057633942114598,0.8534843838862426,0.3826717015564453,0.12378698752770556,0.3833333333333333,False,0.1,False,0.9166000000000001,True,0.5931318328169787,False,0.6596233549327859,False
client_3_zoom_blur,C2_C3_C4_C5,0.5589999999999999,0.9941162367333541,0.17497936562586908,0.8389703067853311,0.2876248662678615,0.12982360467075915,0.3833333333333333,False,0.1,False,0.9118000000000002,True,0.56618662489901,False,0.6382576334746715,False
client_3_zoom_blur,C2_C3_C5,0.4969,0.9896342509268697,0.175006916197474,0.8456400591353455,0.385657808454999,0.12933488874752286,0.3833333333333333,False,0.1,False,0.8293800000000001,False,0.5784732918816892,False,0.6438753394014796,False
client_3_zoom_blur,C2_C4,0.5881000000000001,0.9960239961210765,0.202029516401334,0.8833494285168246,0.5818361723441401,0.09618456103426332,0.3833333333333333,False,0.2,False,0.9176200000000001,True,0.6173235143686541,False,0.6934535042392294,False
client_3_zoom_blur,C2_C4_C5,0.5659000000000001,0.9947634052906797,0.18812826769641477,0.8523259501464572,0.3803646235693693,0.11813867381077403,0.3833333333333333,False,0.1,False,0.9131800000000001,True,0.5890247359467664,False,0.6543496738962162,False
client_3_zoom_blur,C2_C5,0.48460000000000003,0.9884866740311538,0.1896743109783341,0.8600755803596407,0.5680716409347544,0.11402594463948679,0.45833333333333326,False,0.2,False,0.8269200000000001,False,0.6019317621876396,False,0.673291559439686,False
client_3_zoom_blur,C3,0.4384,0.9841376772328367,0.20571162582809577,0.8877373907715241,0.8719368110476909,0.08183006989783359,0.3833333333333333,False,0.2,False,0.8176800000000001,False,0.6172179203063738,False,0.7179811500914692,False
client_3_zoom_blur,C3_C4,0.6084,0.9960705641516956,0.19014356687131384,0.8672636656131053,0.5783657795197013,0.11405331151097808,0.45833333333333326,False,0.2,False,0.92168,True,0.6269209144267845,False,0.7008145054768413,False
client_3_zoom_blur,C3_C4_C5,0.5494,0.9947332786526889,0.1815218369951036,0.856188437136838,0.38677735036647964,0.12045636206895038,0.3833333333333333,False,0.1,False,0.90988,True,0.5863510020439929,False,0.6532612313692644,False
client_3_zoom_blur,C3_C5,0.4578000000000001,0.9882649716184402,0.18946283922219964,0.867620318316677,0.5812359457509149,0.10900314383823917,0.45833333333333326,False,0.2,False,0.8215600000000002,False,0.5958804175416044,False,0.6698079004758986,False
client_3_zoom_blur,C4,0.6593,0.999982402571203,0.22091335746366228,0.9152044942613456,0.8953093167341531,0.05561172835641426,0.3833333333333333,False,0.2,False,0.9318600000000001,True,0.6548024792267007,False,0.7642175396203394,False
client_3_zoom_blur,C4_C5,0.5472,0.9959975805415389,0.19789889943908634,0.8749611908102067,0.5782636440466862,0.09571034527925149,0.45833333333333326,False,0.2,False,0.90944,True,0.6130286860770747,False,0.6862186626269422,False
client_3_zoom_blur,C5,0.3839,0.984683988355689,0.21900645501660154,0.9086367644308422,0.8659012349912077,0.038679476753160635,0.3833333333333333,False,0.2,False,0.8067800000000002,False,0.600837712725994,False,0.70123439390111,False
client_4_brightness,C1,0.4346000000000001,0.9849488361836302,0.2736282386068967,0.8446150064774213,0.783002413837612,0.01760944335300263,0.26666666666666666,False,0.1,False,0.8169200000000001,False,0.6777685541083436,False,0.6785377257058508,False
client_4_brightness,C1_C2,0.4977999999999999,0.9884927197090823,0.2481561575424489,0.8091108907634387,0.6471866316347907,0.06272434759297385,0.26666666666666666,False,0.1,False,0.8295600000000001,False,0.678073460574062,False,0.6733681737546646,False
client_4_brightness,C1_C2_C3,0.5203,0.9897210658735582,0.22702059787786785,0.7951731197451555,0.43237221800096176,0.09038514241950224,0.19166666666666665,False,0.0,False,0.8340600000000001,False,0.6502162871748024,False,0.6407718492955385,False
client_4_brightness,C1_C2_C3_C4,0.5359,0.9904030244006434,0.22688555768371577,0.7839139980702412,0.32047708845943634,0.09243328570904064,0.19166666666666665,False,0.0,False,0.8371800000000001,False,0.6229994885577854,False,0.6228021352989724,False
client_4_brightness,C1_C2_C3_C4_C5,0.587,0.9939603837137987,0.22154579641362637,0.776495091376159,0.26194938385465266,0.09682479378316333,0.19166666666666665,False,0.0,False,0.9174,True,0.6112331217876251,False,0.6238379091640729,False
client_4_brightness,C1_C2_C3_C5,0.5958,0.9943371056363093,0.219542881076623,0.7692237507203783,0.3197865047994944,0.09758356544620661,0.19166666666666665,False,0.0,False,0.9191600000000002,True,0.6411399970715684,False,0.6383683948705221,False
client_4_brightness,C1_C2_C4,0.5150000000000001,0.9897800072470445,0.24249166977993522,0.8034266594639898,0.4301903772788503,0.07620845537373111,0.19166666666666665,False,0.0,False,0.8330000000000001,False,0.6438591337919984,False,0.6353677010735167,False
client_4_brightness,C1_C2_C4_C5,0.5906,0.994355812624914,0.23059651707979015,0.7820493889643286,0.32488054478408085,0.09139607757141532,0.19166666666666665,False,0.0,False,0.91812,True,0.6366510534940804,False,0.6348576532401319,False
client_4_brightness,C1_C2_C5,0.6193,0.9949984886072704,0.22969302433990757,0.780745805410491,0.43189683858724304,0.09152577803411843,0.19166666666666665,False,0.0,False,0.9238600000000001,True,0.6754721608653436,False,0.6624405041005957,False
client_4_brightness,C1_C3,0.5056999999999999,0.9884823923432796,0.23663770434740491,0.8036435520704237,0.6525573804864577,0.07687877517852215,0.26666666666666666,False,0.1,False,0.8311400000000001,False,0.682008269727091,False,0.6788706825601477,False
client_4_brightness,C1_C3_C4,0.528,0.9898250506584205,0.2316386031909506,0.7991250155475472,0.42890903415600845,0.08817610624148942,0.19166666666666665,False,0.0,False,0.8356000000000001,False,0.6491983006803608,False,0.6403212188406646,False
client_4_brightness,C1_C3_C4_C5,0.6004,0.9944211575893527,0.22618815161450745,0.7788148662349059,0.3241329096266258,0.09357850383234256,0.19166666666666665,False,0.0,False,0.92008,True,0.6399691082102498,False,0.6378863205675274,False
client_4_brightness,C1_C3_C5,0.6145999999999999,0.9950654125338464,0.22940033339478139,0.7845073899246746,0.43856958996799833,0.09223476303231493,0.19166666666666665,False,0.0,False,0.9229200000000002,True,0.6749828111541293,False,0.6625308188996689,False
client_4_brightness,C1_C4,0.49229999999999996,0.9886321079529532,0.25244940171214597,0.8215500368245655,0.6596721098219471,0.058025847827454013,0.26666666666666666,False,0.1,False,0.8284600000000001,False,0.6738255728354146,False,0.6726905836008181,False
client_4_brightness,C1_C4_C5,0.6161000000000001,0.9951054995693418,0.2364680782893096,0.7899397350215283,0.4375047452612677,0.0853659234681784,0.19166666666666665,False,0.0,False,0.9232200000000002,True,0.6725656043856878,False,0.6606690838768309,False
client_4_brightness,C1_C5,0.6571,0.9964279288271062,0.24341465846887403,0.797483275753367,0.651587454752475,0.07934061059917974,0.26666666666666666,False,0.1,False,0.9314200000000001,True,0.7152832725933815,False,0.7098064415175285,False
client_4_brightness,C2,0.48339999999999994,0.9844593961948294,0.27011171959591207,0.8482241350528691,0.7608033495570485,0.03207400025435081,0.26666666666666666,False,0.1,False,0.8266800000000001,False,0.6724877034725767,False,0.68410241579663,False
client_4_brightness,C2_C3,0.5187999999999999,0.9883339575712471,0.2383489160092743,0.7974240467063052,0.6485547485505133,0.0798624279586656,0.26666666666666666,False,0.1,False,0.8337600000000001,False,0.6857137723513105,False,0.6809401774225905,False
client_4_brightness,C2_C3_C4,0.5234,0.9897011510810632,0.23457633942114614,0.7945459208491853,0.43491383626843405,0.08299913080453025,0.19166666666666665,False,0.0,False,0.8346800000000001,False,0.6507050111368184,False,0.6404477615714754,False
client_4_brightness,C2_C3_C4_C5,0.5878,0.9943114143895428,0.2289793656258692,0.7800318437482738,0.3268912581880567,0.08903574794758384,0.19166666666666665,False,0.0,False,0.9175600000000002,True,0.6371783229203921,False,0.6352161010862424,False
client_4_brightness,C2_C3_C5,0.613,0.9949278491999306,0.2290069161974741,0.7867015960982882,0.4383076048734168,0.08854703202434755,0.19166666666666665,False,0.0,False,0.9226000000000001,True,0.67389810888049,False,0.6619901720360696,False
client_4_brightness,C2_C4,0.4869000000000001,0.9883815014626874,0.2560295164013341,0.8244109654797673,0.6612681334018271,0.05539670431108801,0.26666666666666666,False,0.1,False,0.8273800000000001,False,0.671550767200737,False,0.6708775512153831,False
client_4_brightness,C2_C4_C5,0.5943999999999999,0.9949240494119299,0.2421282676964149,0.7933874871093999,0.4322917972364161,0.07735081708759872,0.19166666666666665,False,0.0,False,0.9188800000000001,True,0.6649636939047581,False,0.6537733911501699,False
client_4_brightness,C2_C5,0.6492,0.9961489396434393,0.24367431097833422,0.8011371173225834,0.6456244755736031,0.07323808791631148,0.26666666666666666,False,0.1,False,0.92984,True,0.7122822895920462,False,0.7065607331862072,False
client_4_brightness,C3,0.47450000000000003,0.9844382359538165,0.25971162582809587,0.8287989277344668,0.7671991905251281,0.04104221317465828,0.26666666666666666,False,0.1,False,0.8249000000000001,False,0.6808382657002315,False,0.6876198914274467,False
client_4_brightness,C3_C4,0.5149999999999999,0.9884871688402157,0.24414356687131397,0.808325202576048,0.6573239644170388,0.07326545478780278,0.26666666666666666,False,0.1,False,0.8330000000000001,False,0.682388478245433,False,0.6797156170903069,False
client_4_brightness,C3_C4_C5,0.6032,0.9950415202665601,0.23552183699510376,0.7972499740997807,0.43957998604402587,0.07966850534577508,0.19166666666666665,False,0.0,False,0.9206400000000001,True,0.6680529415397902,False,0.6579495605238421,False
client_4_brightness,C3_C5,0.6317,0.9963025282610541,0.24346283922219977,0.8086818552796197,0.6605859641971847,0.06821528711506386,0.26666666666666666,False,0.1,False,0.9263400000000002,True,0.7086852666804043,False,0.7053715691899696,False
client_4_brightness,C4,0.4593999999999998,0.984688412134755,0.2749133574636624,0.8562660312242883,0.7877641755286308,0.01482387163323895,0.26666666666666666,False,0.1,False,0.82188,False,0.6682993847763377,False,0.6829758669882395,False
client_4_brightness,C4_C5,0.6242000000000001,0.996308346902645,0.2518988994390865,0.8160227277731494,0.6572078854642251,0.05492248855607618,0.26666666666666666,False,0.1,False,0.9248400000000001,True,0.7044194669564613,False,0.7007758178789655,False
client_4_brightness,C5,0.6618999999999999,0.9999888949275159,0.27300645501660165,0.8496983013937849,0.7618886118155047,0.0021083799700146733,0.26666666666666666,False,0.1,False,0.93238,True,0.7169950378965413,False,0.7223990042766291,False
client_4_glass_blur,C1,0.395,0.9849426126375359,0.16272823860689672,0.869389917077813,0.744789739056489,0.01820203080367988,0.45833333333333326,False,0.1,False,0.809,False,0.6135222023041907,False,0.6876314371004465,False
client_4_glass_blur,C1_C2,0.44840000000000013,0.9884867103258208,0.13725615754244888,0.8338858013638304,0.6803916168547535,0.09853582174965636,0.45833333333333326,False,0.1,False,0.8196800000000001,False,0.6237175943001426,False,0.6947854599820442,False
client_4_glass_blur,C1_C2_C3,0.4637,0.9897149819290485,0.11612059787786783,0.8199480303455472,0.4545557928872028,0.12619661657618475,0.3833333333333333,False,0.1,False,0.8227400000000001,False,0.5983524452346427,False,0.6585448385439241,False
client_4_glass_blur,C1_C2_C3_C4,0.4688,0.9903972079607344,0.11598555768371573,0.8086889086706329,0.33691969784824904,0.12824475986572315,0.3833333333333333,False,0.0,False,0.8237600000000002,False,0.5756954694651316,False,0.6373269849487924,False
client_4_glass_blur,C1_C2_C3_C4_C5,0.5138,0.9939546765567009,0.11064579641362633,0.8012700019765507,0.2753891321345282,0.13263626793984584,0.3833333333333333,False,0.0,False,0.90276,True,0.5674649886577403,False,0.6365422084486676,False
client_4_glass_blur,C1_C2_C3_C5,0.5266,0.994331226760613,0.10864288107662297,0.79399866132077,0.3361936826464602,0.13339503960288912,0.3833333333333333,False,0.0,False,0.9053200000000001,True,0.5932358687931628,False,0.6524661457248151,False
client_4_glass_blur,C1_C2_C4,0.4555,0.9897743281121818,0.1315916697799352,0.8282015700643816,0.4522620092024454,0.11201992953041362,0.3833333333333333,False,0.1,False,0.8211,False,0.5928046379087007,False,0.6525383826913023,False
client_4_glass_blur,C1_C2_C4_C5,0.5222,0.9943502341222357,0.11969651707979012,0.8068242995647203,0.34154908081449803,0.12720755172809783,0.3833333333333333,False,0.0,False,0.9044400000000001,True,0.5890339832717814,False,0.6491677358057187,False
client_4_glass_blur,C1_C2_C5,0.5538000000000001,0.9949927250476567,0.11879302433990754,0.8055207160108828,0.45405602334297945,0.12733725219080094,0.3833333333333333,False,0.1,False,0.91076,True,0.6224114679905026,False,0.6784286793998595,False
client_4_glass_blur,C1_C3,0.4495000000000001,0.9884761628245073,0.1257377043474049,0.8284184626708153,0.6860379208979567,0.11269024933520466,0.45833333333333326,False,0.1,False,0.8199000000000002,False,0.6254019920346021,False,0.6989830357987324,False
client_4_glass_blur,C1_C3_C4,0.4613999999999998,0.9898192297707324,0.12073860319095056,0.8238999261479389,0.4509149246421635,0.12398758039817193,0.3833333333333333,False,0.1,False,0.82228,False,0.595646928561666,False,0.6560587238203973,False
client_4_glass_blur,C1_C3_C4_C5,0.532,0.9944154751921639,0.11528815161450742,0.8035897768352975,0.34076308699334423,0.12938997798902507,0.3833333333333333,False,0.0,False,0.9064000000000001,True,0.5921685844952883,False,0.6521887106214724,False
client_4_glass_blur,C1_C3_C5,0.5478000000000001,0.9950595082604741,0.11850033339478136,0.8092823005250663,0.4610711313178671,0.12804623718899744,0.3833333333333333,False,0.1,False,0.9095600000000001,True,0.6211868993943106,False,0.6783274373750074,False
client_4_glass_blur,C1_C4,0.43059999999999987,0.9886264927689287,0.14154940171214597,0.8463249474249572,0.6935176832407445,0.09383732198413652,0.45833333333333326,False,0.1,False,0.8161200000000001,False,0.6166122386384333,False,0.6917760663078119,False
client_4_glass_blur,C1_C4_C5,0.5436000000000001,0.9950999974290677,0.12556807828930955,0.8147146456219201,0.45995165298457463,0.1211773976248609,0.3833333333333333,False,0.1,False,0.9087200000000002,True,0.6181980589906234,False,0.6753148560534766,False
client_4_glass_blur,C1_C5,0.5818,0.9964221857456069,0.132514658468874,0.8222581863537587,0.685018231512985,0.11515208475586225,0.45833333333333326,False,0.1,False,0.9163600000000001,True,0.6553180024016915,False,0.7260889393133698,False
client_4_glass_blur,C2,0.4482999999999999,0.9844536372117728,0.15921171959591207,0.8729990456532608,0.7236740502659714,0.06788547441103332,0.45833333333333326,False,0.1,False,0.81966,False,0.6080230574699268,False,0.6943128952018425,False
client_4_glass_blur,C2_C3,0.4566,0.9883279651104847,0.12744891600927427,0.8221989573066968,0.6818299272815056,0.11567390211534812,0.45833333333333326,False,0.1,False,0.8213200000000002,False,0.6281925551763505,False,0.6998115057366756,False
client_4_glass_blur,C2_C3_C4,0.4566999999999999,0.9896954830207946,0.1236763394211461,0.819320831449577,0.45722781310193567,0.11881060496121276,0.3833333333333333,False,0.1,False,0.8213400000000001,False,0.5975357854557564,False,0.6562269143861611,False
client_4_glass_blur,C2_C3_C4_C5,0.5206,0.9943058440266397,0.11807936562586918,0.8048067543486656,0.3436629572097921,0.12484722210426635,0.3833333333333333,False,0.0,False,0.90412,True,0.5899014428235265,False,0.6497868178780479,False
client_4_glass_blur,C2_C3_C5,0.5448,0.994922096544964,0.11810691619747408,0.8114765066986799,0.4607957046428075,0.12435850618103006,0.3833333333333333,False,0.1,False,0.90896,True,0.6199925242492045,False,0.6775041325189936,False
client_4_glass_blur,C2_C4,0.43100000000000005,0.9883761092776443,0.1451295164013341,0.849185876080159,0.695195593461649,0.09120817846777052,0.45833333333333326,False,0.1,False,0.8162000000000001,False,0.6156108915043718,False,0.6911394558503781,False
client_4_glass_blur,C2_C4_C5,0.5337,0.9949186928408743,0.13122826769641488,0.8181623977097916,0.45447124600173994,0.11316229124428123,0.3833333333333333,False,0.1,False,0.9067400000000001,True,0.6138698907263964,False,0.6707257006490628,False
client_4_glass_blur,C2_C5,0.596,0.9961434171040259,0.1327743109783342,0.8259120279229751,0.6787493117818474,0.10904956207299399,0.45833333333333326,False,0.1,False,0.9192,True,0.656912735863136,False,0.7272020869800124,False
client_4_glass_blur,C3,0.41690000000000005,0.9844320482047717,0.14881162582809587,0.8535738383348586,0.7297577565757846,0.07685368733134079,0.45833333333333326,False,0.1,False,0.8133800000000001,False,0.6123747328441398,False,0.6932678581478084,False
client_4_glass_blur,C3_C4,0.45740000000000003,0.9884815705691372,0.13324356687131395,0.8331001131764397,0.6910490623351797,0.10907692894448529,0.45833333333333326,False,0.1,False,0.8214800000000001,False,0.6256642505525271,False,0.6995970080797588,False
client_4_glass_blur,C3_C4_C5,0.5457,0.9950360290290027,0.12462183699510372,0.8220248847001724,0.4621333674430101,0.11547997950245759,0.3833333333333333,False,0.1,False,0.9091400000000001,True,0.6167024525028936,False,0.6756166296161666,False
client_4_glass_blur,C3_C5,0.5761,0.9962968016881398,0.13256283922219975,0.8334567658800114,0.6944784244327667,0.10402676127174637,0.45833333333333326,False,0.1,False,0.9152200000000001,True,0.6524740179128521,False,0.7256864069825423,False
client_4_glass_blur,C4,0.40200000000000014,0.9846834389631093,0.16401335746366238,0.8810409418246801,0.7493191136594626,0.05063534578992146,0.45833333333333326,False,0.1,False,0.8104000000000001,False,0.5992736133179224,False,0.6884633510401159,False
client_4_glass_blur,C4_C5,0.5707,0.9963032147545363,0.14099889943908644,0.8407976383735412,0.6909270277588656,0.09073396271275869,0.45833333333333326,False,0.1,False,0.9141400000000002,True,0.6492789569957456,False,0.7214761109683112,False
client_4_glass_blur,C5,0.6383000000000001,0.9999836485671636,0.16210645501660165,0.8744732119941766,0.724706348736575,0.03370309418666784,0.45833333333333326,False,0.1,False,0.9276600000000002,True,0.6551987971400974,False,0.7348989934488118,False
client_4_impulse_noise,C1,0.3919999999999999,0.9849405923479169,0.1710282386068966,0.8861347415355983,0.8384866026405268,0.040124474290886836,0.45833333333333326,False,0.1,False,0.8084000000000001,False,0.5825183598774857,False,0.7057848882051088,False
client_4_impulse_noise,C1_C2,0.43489999999999995,0.9884849311955695,0.14555615754244877,0.8506306258216157,0.604361111051319,0.12045826523686332,0.45833333333333326,False,0.1,False,0.8169800000000002,False,0.570965769477968,False,0.6768934854410855,False
client_4_impulse_noise,C1_C2_C3,0.4496999999999999,0.9897133143965149,0.12442059787786772,0.8366928548033326,0.4037613592214027,0.1481190600633917,0.3833333333333333,False,0.0,False,0.8199400000000001,False,0.5480876144744535,False,0.6456001007500359,False
client_4_impulse_noise,C1_C2_C3_C4,0.4597999999999999,0.9903952435933192,0.12428555768371562,0.8254337331284183,0.29927053461934483,0.1501672033529301,0.3833333333333333,False,0.0,False,0.8219600000000001,False,0.5292575403548092,False,0.628011241875307,False
client_4_impulse_noise,C1_C2_C3_C4_C5,0.5024,0.9939528126364394,0.11894579641362622,0.8180148264343361,0.24461571504607693,0.1545587114270528,0.3833333333333333,False,0.0,False,0.9004800000000002,True,0.5229131022143838,False,0.6281216346927037,False
client_4_impulse_noise,C1_C2_C3_C5,0.5131,0.994329608146645,0.11694288107662286,0.8107434857785554,0.2986256481405525,0.15531748309009608,0.3833333333333333,False,0.0,False,0.9026200000000002,True,0.5460190335711208,False,0.6422666975466186,False
client_4_impulse_noise,C1_C2_C4,0.4434999999999999,0.9897721922843092,0.13989166977993509,0.8449463945221669,0.40172389488190996,0.13394237301762058,0.3833333333333333,False,0.0,False,0.8187000000000001,False,0.5429739560292898,False,0.6400448151073993,False
client_4_impulse_noise,C1_C2_C4_C5,0.5087999999999999,0.9943482670735433,0.12799651707979,0.8235691240225057,0.30338260620232194,0.1491299952153048,0.3833333333333333,False,0.0,False,0.9017600000000001,True,0.5416100734014561,False,0.6388685299193235,False
client_4_impulse_noise,C1_C2_C5,0.5371,0.9949910485551492,0.12709302433990743,0.8222655404686681,0.40331743653109575,0.1492596956780079,0.3833333333333333,False,0.0,False,0.9074200000000001,True,0.5718329400006436,False,0.6649551091847599,False
client_4_impulse_noise,C1_C3,0.44000000000000006,0.9884744324604903,0.13403770434740478,0.8451632871286008,0.6093764676494181,0.13461269282241162,0.45833333333333326,False,0.1,False,0.8180000000000002,False,0.5735635552651939,False,0.6817648815219998,False
client_4_impulse_noise,C1_C3_C4,0.4543999999999999,0.9898171212246463,0.12903860319095045,0.8406447506057243,0.4005273405720619,0.14591002388537888,0.3833333333333333,False,0.0,False,0.82088,False,0.5467747582251803,False,0.6445952677429383,False
client_4_impulse_noise,C1_C3_C4_C5,0.5185,0.9944135301625213,0.12358815161450731,0.820334601293083,0.30268444342773065,0.15131242147623203,0.3833333333333333,False,0.0,False,0.9037000000000002,True,0.5447535106950456,False,0.6418870753481998,False
client_4_impulse_noise,C1_C3_C5,0.5391999999999999,0.9950578651811071,0.12680033339478125,0.8260271249828517,0.40954863977467293,0.1499686806762044,0.3833333333333333,False,0.0,False,0.90784,True,0.5720446203067628,False,0.6663170928962737,False
client_4_impulse_noise,C1_C4,0.4263000000000001,0.9886240529380406,0.14984940171214586,0.8630697718827426,0.6160204023598189,0.11575976547134348,0.45833333333333326,False,0.1,False,0.8152600000000001,False,0.5653065755417668,False,0.6754306046112276,False
client_4_impulse_noise,C1_C4_C5,0.5361,0.9950978879684891,0.13386807828930947,0.8314594700797053,0.4085542577856148,0.14309984111206786,0.3833333333333333,False,0.0,False,0.9072200000000001,True,0.5692578615035053,False,0.6635494375673475,False
client_4_impulse_noise,C1_C5,0.5794000000000001,0.9964204436636401,0.1408146584688739,0.839003010811544,0.6084707236714463,0.1370745282430692,0.45833333333333326,False,0.1,False,0.91588,True,0.6049689473788189,False,0.7103135717744473,False
client_4_impulse_noise,C2,0.4263000000000001,0.9844521025519869,0.16751171959591196,0.8897438701110462,0.8147144945838221,0.08980791789824027,0.45833333333333326,False,0.1,False,0.8152600000000001,False,0.5725358369646103,False,0.7081351595792339,False
client_4_impulse_noise,C2_C3,0.4427000000000001,0.9883264770869629,0.13574891600927416,0.8389437817644823,0.6056386971738037,0.13759634560255507,0.45833333333333326,False,0.1,False,0.8185400000000002,False,0.5756059223688237,False,0.6818074445562095,False
client_4_impulse_noise,C2_C3_C4,0.44610000000000016,0.9896935419704742,0.131976339421146,0.8360656559073624,0.4061347939694564,0.14073304844841972,0.3833333333333333,False,0.0,False,0.8192200000000002,False,0.5479908759940609,False,0.6439024047953799,False
client_4_impulse_noise,C2_C3_C4_C5,0.5025,0.9943040217877888,0.12637936562586907,0.8215515788064509,0.3052602670306413,0.1467696655914733,0.3833333333333333,False,0.0,False,0.9005000000000001,True,0.5415926492570992,False,0.6385003978402263,False
client_4_impulse_noise,C2_C3_C5,0.526,0.9949206121206805,0.12640691619747396,0.8282213311564652,0.40930399071194395,0.14628094966823701,0.3833333333333333,False,0.0,False,0.9052,True,0.5688378040343649,False,0.6634599752937427,False
client_4_impulse_noise,C2_C4,0.42480000000000007,0.9883739252190096,0.15342951640133398,0.8659307005379444,0.6175108141465455,0.11313062195497747,0.45833333333333326,False,0.1,False,0.8149600000000001,False,0.5638257138935898,False,0.6743765456214089,False
client_4_impulse_noise,C2_C4_C5,0.5123,0.9949167478407899,0.13952826769641477,0.834907222167577,0.4036862600456214,0.1350847347314882,0.3833333333333333,False,0.0,False,0.90246,True,0.5622861011864752,False,0.6563027969036008,False
client_4_impulse_noise,C2_C5,0.5583,0.9961419110999366,0.1410743109783341,0.8426568523807605,0.6029023257077619,0.13097200556020094,0.45833333333333326,False,0.1,False,0.9116600000000001,True,0.5994957629289809,False,0.704506871010156,False
client_4_impulse_noise,C3,0.4111999999999999,0.9844306207472906,0.15711162582809576,0.8703186627926439,0.821563550052336,0.09877613081854775,0.45833333333333326,False,0.1,False,0.8122400000000001,False,0.5806882000814242,False,0.7105032137974009,False
client_4_impulse_noise,C3_C4,0.4433999999999999,0.9884794261098883,0.14154356687131384,0.8498449376342251,0.6138276380219094,0.13099937243169224,0.45833333333333326,False,0.1,False,0.8186800000000001,False,0.5727432957170077,False,0.6813667767710333,False
client_4_impulse_noise,C3_C4_C5,0.5174000000000001,0.9950341134601163,0.13292183699510363,0.8387697091579578,0.4104921760982948,0.13740242298966454,0.3833333333333333,False,0.0,False,0.9034800000000001,True,0.5635404246009413,False,0.6596424906792249,False
client_4_impulse_noise,C3_C5,0.54,0.9962953487448445,0.14086283922219964,0.8502015903377967,0.6168737853231886,0.12594920475895333,0.45833333333333326,False,0.1,False,0.9080000000000001,True,0.5951243828873102,False,0.7029596710177461,False
client_4_impulse_noise,C4,0.4065000000000001,0.984680604721435,0.17231335746366228,0.8977857662824654,0.8435857866434437,0.07255778927712841,0.45833333333333326,False,0.1,False,0.8113000000000001,False,0.5690464598495721,False,0.708230601234356,False
client_4_impulse_noise,C4_C5,0.5448,0.9963010699805597,0.14929889943908636,0.8575424628313265,0.613719240225257,0.11265640619996564,0.45833333333333326,False,0.1,False,0.90896,True,0.5938135087641458,False,0.7008686069525726,False
client_4_impulse_noise,C5,0.563,0.9999821824983248,0.1704064550166015,0.891218036451962,0.8158766594098626,0.05562553767387479,0.45833333333333326,False,0.1,False,0.9126000000000001,True,0.6093072014998047,False,0.7380872448154802,False
client_4_motion_blur,C1,0.4284999999999999,0.9849471099313286,0.2475282386068967,0.8553953499273832,0.8707770287941793,0.01239995664304494,0.26666666666666666,False,0.1,False,0.8157000000000001,False,0.6781530189040555,False,0.7011703377917,False
client_4_motion_blur,C1_C2,0.49160000000000004,0.9884913396796703,0.2220561575424489,0.8198912342134006,0.5819500032921192,0.06793383430293154,0.26666666666666666,False,0.1,False,0.8283200000000001,False,0.6596803551572318,False,0.6653786064252443,False
client_4_motion_blur,C1_C2_C3,0.51,0.9897194665361286,0.20092059787786784,0.8059534631951174,0.38878895420551574,0.09559462912945993,0.19166666666666665,False,0.0,False,0.8320000000000001,False,0.6312534119051533,False,0.6362929110139596,False
client_4_motion_blur,C1_C2_C3_C4,0.5206999999999999,0.9904014786971241,0.20078555768371575,0.7946943415202031,0.28817289104522353,0.09764277241899832,0.19166666666666665,False,0.0,False,0.8341400000000001,False,0.6029029730167957,False,0.6195990210204222,False
client_4_motion_blur,C1_C2_C3_C4_C5,0.5720000000000001,0.9939588544426303,0.19544579641362636,0.787275434826121,0.2355447985869506,0.10203428049312102,0.26666666666666666,False,0.0,False,0.9144000000000001,True,0.5911434527164916,False,0.6218547206012949,False
client_4_motion_blur,C1_C2_C3_C5,0.5833999999999999,0.9943355405797775,0.193442881076623,0.7800040941703402,0.28755191844855305,0.1027930521561643,0.26666666666666666,False,0.0,False,0.9166800000000002,True,0.6217262132745797,False,0.6357391989340235,False
client_4_motion_blur,C1_C2_C4,0.5027,0.9897786257728848,0.2163916697799352,0.8142070029139518,0.38682704375596216,0.0814179420836888,0.19166666666666665,False,0.0,False,0.8305400000000002,False,0.6243256359046663,False,0.6305327924191033,False
client_4_motion_blur,C1_C2_C4_C5,0.5801000000000001,0.994354409488508,0.20449651707979014,0.7928297324142906,0.2921324775035385,0.09660556428137301,0.19166666666666665,False,0.0,False,0.9160200000000001,True,0.617532848733302,False,0.6325057935017384,False
client_4_motion_blur,C1_C2_C5,0.6112,0.9949970793499562,0.20359302433990756,0.791526148860453,0.38836149319526614,0.09673526474407612,0.19166666666666665,False,0.0,False,0.9222400000000002,True,0.6571119487446617,False,0.6584111875157339,False
client_4_motion_blur,C1_C3,0.49560000000000004,0.9884805055238599,0.2105377043474049,0.8144238955203855,0.5867793788680853,0.08208826188847984,0.26666666666666666,False,0.1,False,0.8291200000000001,False,0.6629614148986381,False,0.6699927392175855,False
client_4_motion_blur,C1_C3_C4,0.5167999999999999,0.9898233324928762,0.20553860319095058,0.8099053589975092,0.38567486044730426,0.0933855929514471,0.19166666666666665,False,0.0,False,0.8333600000000001,False,0.6300175386734725,False,0.6357320748108113,False
client_4_motion_blur,C1_C3_C4_C5,0.5863,0.9944195047579507,0.20008815161450744,0.7895952096848677,0.2914602042193341,0.09878799054230025,0.19166666666666665,False,0.0,False,0.9172600000000002,True,0.6201499404314286,False,0.6348294832647849,False
client_4_motion_blur,C1_C3_C5,0.6052,0.995063670831484,0.20330033339478137,0.7952877333746365,0.3943616290110957,0.09744424974227262,0.19166666666666665,False,0.0,False,0.9210400000000001,True,0.6563517650482316,False,0.6581069127128121,False
client_4_motion_blur,C1_C4,0.4831,0.9886305533625536,0.226349401712146,0.8323303802745274,0.5931769411133868,0.0632353345374117,0.26666666666666666,False,0.1,False,0.8266200000000001,False,0.6546635485678457,False,0.6638492732860222,False
client_4_motion_blur,C1_C4_C5,0.604,0.9951039754492628,0.2103680782893096,0.8007200784714903,0.3934041210059904,0.09057541017813608,0.19166666666666665,False,0.0,False,0.9208000000000001,True,0.6533000499361892,False,0.6557266885467559,False
client_4_motion_blur,C1_C5,0.646,0.9964263360114225,0.21731465846887402,0.8082636192033289,0.5859072219716139,0.08455009730913743,0.26666666666666666,False,0.1,False,0.9292,True,0.6961931083952818,False,0.7007481107432157,False
client_4_motion_blur,C2,0.4801000000000001,0.9844583583177446,0.24401171959591209,0.859004478502831,0.8460894481499529,0.0372834869643085,0.26666666666666666,False,0.1,False,0.8260200000000001,False,0.6731673396854535,False,0.7067974622847901,False
client_4_motion_blur,C2_C3,0.5085999999999999,0.9883324265795598,0.21224891600927429,0.808204390156267,0.5831802135663916,0.0850719146686233,0.26666666666666666,False,0.1,False,0.8317200000000001,False,0.6667673042491966,False,0.6721229985724249,False
client_4_motion_blur,C2_C3_C4,0.5089,0.989699668578905,0.20847633942114613,0.8053262642991472,0.3910743765038512,0.08820861751448794,0.19166666666666665,False,0.0,False,0.8317800000000001,False,0.6308610994935681,False,0.6350776074631234,False
client_4_motion_blur,C2_C3_C4_C5,0.573,0.9943099360939033,0.2028793656258692,0.7908121871982358,0.29394051032570523,0.09424523465754153,0.19166666666666665,False,0.0,False,0.9146000000000001,True,0.6171792449050231,False,0.6319636901996404,False
client_4_motion_blur,C2_C3_C5,0.5998000000000001,0.9949263402536459,0.20290691619747409,0.7974819395482501,0.3941260521014351,0.09375651873430524,0.19166666666666665,False,0.0,False,0.9199600000000001,True,0.6544294345524021,False,0.6568115940374124,False
client_4_motion_blur,C2_C4,0.48019999999999996,0.9883802933128223,0.2299295164013341,0.8351913089297293,0.5946120849840494,0.0606061910210457,0.26666666666666666,False,0.1,False,0.8260400000000001,False,0.6528548743077003,False,0.6625041342468507,False
client_4_motion_blur,C2_C4_C5,0.5866,0.9949227539898309,0.2160282676964149,0.8041678305593618,0.3887166398808612,0.08256030379755641,0.19166666666666665,False,0.0,False,0.9173200000000001,True,0.6464408820802565,False,0.6497961349396353,False
client_4_motion_blur,C2_C5,0.6444000000000001,0.996147687074396,0.2175743109783342,0.8119174607725453,0.5805453130829681,0.07844757462626917,0.26666666666666666,False,0.1,False,0.9288800000000001,True,0.6943506899118642,False,0.6988826845192675,False
client_4_motion_blur,C3,0.46620000000000006,0.9844362031810276,0.2336116258280959,0.8395792711844288,0.8532022632529462,0.04625169988461597,0.26666666666666666,False,0.1,False,0.8232400000000001,False,0.6806444310426887,False,0.7094581337634488,False
client_4_motion_blur,C3_C4,0.5021,0.9884854612391789,0.21804356687131396,0.8191055460260099,0.5910654895485344,0.07847494149776046,0.26666666666666666,False,0.1,False,0.83042,False,0.662753865251207,False,0.670181614941395,False
client_4_motion_blur,C3_C4_C5,0.5885,0.9950398955662197,0.20942183699510375,0.8080303175497426,0.39527017682563464,0.08487799205573276,0.19166666666666665,False,0.0,False,0.9177000000000002,True,0.6481098863671828,False,0.652445308085092,False
client_4_motion_blur,C3_C5,0.6194999999999999,0.9963007854931671,0.21736283922219976,0.8194621987295816,0.5939986786627776,0.07342477382502155,0.26666666666666666,False,0.1,False,0.9239000000000002,True,0.6891094095272616,False,0.695911797874507,False
client_4_motion_blur,C4,0.45210000000000017,0.9846870384746433,0.2488133574636624,0.8670463746742503,0.8760725842405656,0.02003335834319664,0.26666666666666666,False,0.1,False,0.8204200000000001,False,0.6682728077728342,False,0.7054753083436005,False
client_4_motion_blur,C4_C5,0.6147,0.9963069263812472,0.2257988994390865,0.8268030712231114,0.5909611113928834,0.060131975266033866,0.26666666666666666,False,0.1,False,0.9229400000000001,True,0.6852076071513781,False,0.6919242133054138,False
client_4_motion_blur,C5,0.6577999999999999,0.9999874400500761,0.24690645501660163,0.8604786448437468,0.8472963683690736,0.003101106739943016,0.26666666666666666,False,0.1,False,0.9315600000000002,True,0.7175917842848791,False,0.7449582989568511,False
client_4_zoom_blur,C1,0.4393,0.9849476525986861,0.24982823860689668,0.9011347879615378,0.894395223354116,0.018770259049330718,0.3833333333333333,False,0.2,False,0.8178600000000001,False,0.6835806884169481,False,0.7121680290405744,False
client_4_zoom_blur,C1_C2,0.5053000000000001,0.9884919047407146,0.22435615754244886,0.8656306722475552,0.5665825146886306,0.06156353189664576,0.3833333333333333,False,0.2,False,0.8310600000000001,False,0.6606085038240366,False,0.6691591655201709,False
client_4_zoom_blur,C1_C2_C3,0.5291999999999999,0.9897202042722303,0.2032205978778678,0.851692901229272,0.37852224780614074,0.08922432672317415,0.3083333333333333,False,0.1,False,0.83584,False,0.6329881430428796,False,0.6421936610847205,False
client_4_zoom_blur,C1_C2_C3_C4,0.5376,0.9904021851950939,0.20308555768371572,0.8404337795543577,0.2805631417644956,0.09127247001271255,0.3083333333333333,False,0.1,False,0.8375200000000002,False,0.6037513576677356,False,0.6255711562672861,False
client_4_zoom_blur,C1_C2_C3_C4_C5,0.5824,0.9939595214427887,0.19774579641362633,0.8330148728602755,0.22932479345348725,0.09566397808683524,0.3833333333333333,False,0.1,False,0.9164800000000002,True,0.5904040976531615,False,0.6268047967780495,False
client_4_zoom_blur,C1_C2_C3_C5,0.5957999999999999,0.9943362210253864,0.19574288107662297,0.8257435322044948,0.27995856712168443,0.09642274974987852,0.3833333333333333,False,0.1,False,0.91916,True,0.6217030806077622,False,0.6408146085611871,False
client_4_zoom_blur,C1_C2_C4,0.5176000000000001,0.989779206562774,0.21869166977993518,0.8599464409481063,0.3766121453062461,0.07504763967740302,0.3083333333333333,False,0.1,False,0.8335200000000001,False,0.6251242083971189,False,0.6355838726905534,False
client_4_zoom_blur,C1_C2_C4_C5,0.5903,0.9943549734129015,0.2067965170797901,0.8385691704484451,0.28441816786637364,0.09023526187508724,0.3083333333333333,False,0.1,False,0.9180600000000001,True,0.6170674955628354,False,0.6371169881625995,False
client_4_zoom_blur,C1_C2_C5,0.6166,0.9949976273794764,0.20589302433990753,0.8372655868946075,0.37810607471094615,0.09036496233779034,0.3083333333333333,False,0.1,False,0.9233200000000001,True,0.6561162482684211,False,0.6615541572281893,False
client_4_zoom_blur,C1_C3,0.5163,0.9884813216705599,0.21283770434740487,0.8601633335545402,0.5712843614842792,0.07571795948219406,0.3833333333333333,False,0.2,False,0.8332600000000001,False,0.6653374755078522,False,0.6751478427735799,False
client_4_zoom_blur,C1_C3_C4,0.532,0.9898240803013711,0.20783860319095054,0.8556447970316637,0.3754903875732644,0.08701529054516133,0.3083333333333333,False,0.1,False,0.8364000000000001,False,0.6309372217625273,False,0.6408492736011178,False
client_4_zoom_blur,C1_C3_C4_C5,0.5960000000000001,0.9944201922592479,0.2023881516145074,0.8353346477190224,0.2837636472275426,0.09241768813601448,0.3083333333333333,False,0.1,False,0.9192,True,0.6195879172394988,False,0.6393442531701015,False
client_4_zoom_blur,C1_C3_C5,0.6134,0.9950643831304469,0.20560033339478134,0.8410271714087911,0.3839477656118389,0.09107394733598684,0.3083333333333333,False,0.1,False,0.9226800000000002,True,0.6559384773648114,False,0.6617782262961689,False
client_4_zoom_blur,C1_C4,0.5016,0.9886311310881026,0.22864940171214596,0.878069818308682,0.5775129840194018,0.056865032131125925,0.3833333333333333,False,0.2,False,0.8303200000000001,False,0.6565418383327826,False,0.6685305412157505,False
client_4_zoom_blur,C1_C4_C5,0.6139000000000001,0.9951045316194221,0.21266807828930956,0.8464595165056448,0.3830155424134574,0.08420510777185031,0.3083333333333333,False,0.1,False,0.9227800000000002,True,0.6531896566775379,False,0.6597430278656966,False
client_4_zoom_blur,C1_C5,0.6476,0.9964268644322962,0.21961465846887399,0.8540030572374835,0.5704352355373588,0.07817979490285165,0.3833333333333333,False,0.2,False,0.9295200000000001,True,0.69479855135783,False,0.7020877629439549,False
client_4_zoom_blur,C2,0.4972,0.9844589405896012,0.24631171959591205,0.9047439165369856,0.8690380383638987,0.03091318455802272,0.3833333333333333,False,0.2,False,0.8294400000000001,False,0.679859030242441,False,0.7189212405853661,False
client_4_zoom_blur,C2_C3,0.5261,0.9883332573239184,0.21454891600927425,0.8539438281904217,0.5677802389378788,0.07870161226233752,0.3833333333333333,False,0.2,False,0.8352200000000001,False,0.6685310534477855,False,0.6766571135990095,False
client_4_zoom_blur,C2_C3_C4,0.5233,0.9897004271178931,0.2107763394211461,0.8510657023333018,0.3807473192136348,0.08183831510820216,0.3083333333333333,False,0.1,False,0.8346600000000001,False,0.6316110806842294,False,0.6400062915162932,False
client_4_zoom_blur,C2_C3_C4_C5,0.5835,0.9943106322320948,0.20517936562586916,0.8365516252323904,0.28617845616816545,0.08787493225125576,0.3083333333333333,False,0.1,False,0.9167000000000001,True,0.6167586408162463,False,0.6366253623991862,False
client_4_zoom_blur,C2_C3_C5,0.6151,0.9949270636790678,0.20520691619747405,0.8432213775824047,0.38371840955526526,0.08738621632801946,0.3083333333333333,False,0.1,False,0.9230200000000002,True,0.6554017951671969,False,0.6619041540166783,False
client_4_zoom_blur,C2_C4,0.4887999999999999,0.9883808904888569,0.23222951640133407,0.8809307469638838,0.5789102302064971,0.05423588861475992,0.3833333333333333,False,0.2,False,0.82776,False,0.6527516365877198,False,0.6651978265299626,False
client_4_zoom_blur,C2_C4_C5,0.5944,0.9949233233737197,0.21832826769641486,0.8499072685935164,0.37845184307776375,0.07619000139127063,0.3083333333333333,False,0.1,False,0.9188800000000001,True,0.645843739189624,False,0.6534172332592092,False
client_4_zoom_blur,C2_C5,0.6457999999999999,0.9961482356544545,0.21987431097833418,0.8576568988066999,0.5652149179766158,0.07207727221998339,0.3833333333333333,False,0.2,False,0.92916,True,0.6928722001102321,False,0.7002106590174242,False
client_4_zoom_blur,C3,0.47430000000000005,0.9844372862854078,0.23591162582809586,0.8853187092185834,0.8763437752429798,0.039881397478330194,0.3833333333333333,False,0.2,False,0.8248600000000001,False,0.6855086882708525,False,0.719820596585747,False
client_4_zoom_blur,C3_C4,0.5138999999999999,0.9884863083387554,0.22034356687131393,0.8648449840601645,0.575457289319703,0.07210463909147469,0.3833333333333333,False,0.2,False,0.8327800000000001,False,0.663361733517814,False,0.6735340881189595,False
client_4_zoom_blur,C3_C4_C5,0.5988,0.9950406287253536,0.21172183699510372,0.8537697555838972,0.38483232150592644,0.07850768964944699,0.3083333333333333,False,0.1,False,0.9197600000000001,True,0.6480273215514545,False,0.6565318274563927,False
client_4_zoom_blur,C3_C5,0.6221000000000001,0.9963015779031742,0.21966283922219973,0.8652016367637362,0.578313022037297,0.06705447141873577,0.3833333333333333,False,0.2,False,0.92442,True,0.6878448747877471,False,0.6974087688348277,False
client_4_zoom_blur,C4,0.46720000000000006,0.9846876462947575,0.25111335746366237,0.9127858127084049,0.8998344108150131,0.013663055936910862,0.3833333333333333,False,0.2,False,0.8234400000000001,False,0.6746008353607494,False,0.7173617390259283,False
client_4_zoom_blur,C4_C5,0.6184000000000001,0.9963074870141871,0.22809889943908646,0.872542509257266,0.5753556674663259,0.05376167285974809,0.3833333333333333,False,0.2,False,0.9236800000000001,True,0.6841038374832609,False,0.6936571804501058,False
client_4_zoom_blur,C5,0.644,0.9999879511170724,0.2492064550166016,0.9062180828779014,0.8702776940314879,0.0032691956663427613,0.3833333333333333,False,0.2,False,0.9288000000000001,True,0.7180963019523051,False,0.7509086101061486,False
