service_id,service_alias,source_type,source_run_dir,source_checkpoint_name,source_checkpoint_path,client_name,round_index,checkpoint_kind,category,original_client_id,functional_task_type,functional_input_modality,functional_input_shape,functional_output_type,functional_label_space,functional_label_count,functional_data_domain,functional_corruption_category,functional_num_samples,functional_class_distribution,train_loss,evaluation_split,evaluation_accuracy,latency_seconds,trial_evaluation_time_seconds,reliability_profile_time_seconds,profile_build_time_seconds,quality_factor,reliability_score,prediction_distribution,weights_file
clean1,clean1,clean_fl,/Users/deepakkanneganti/Documents/Experimemt 3/MINIST/FL/artifacts/mnist_fl_baseline_5clients_run,client_0_round_1.pt,/Users/deepakkanneganti/Documents/Experimemt 3/MINIST/FL_C/artifacts/federated_artifact_corrupt/clean/client_0_round_1.pt,client_0,1,round_snapshot,clean,client_0,digit_classification,mnist_image,1x28x28,digit_label,digits_0_9,10,clean_mnist,clean,11701,"{""0"": 474, ""1"": 4585, ""2"": 954, ""3"": 1043, ""4"": 623, ""5"": 1229, ""6"": 474, ""7"": 502, ""8"": 468, ""9"": 1349}",0.4564054235816002,test,0.9622,3.782932624999999,3.7857667920000004,0.30974308399999906,4.166801583000001,0.9621999999999999,0.9716201836051046,"[0.0966, 0.1212, 0.1074, 0.1044, 0.0926, 0.094, 0.0932, 0.0908, 0.0976, 0.1022]",/Users/deepakkanneganti/Documents/Experimemt 3/MINIST/traditional adaptive composition techniques/client_profiles/weights/clean1.pt
clean2,clean2,clean_fl,/Users/deepakkanneganti/Documents/Experimemt 3/MINIST/FL/artifacts/mnist_fl_baseline_5clients_run,client_0_round_2.pt,/Users/deepakkanneganti/Documents/Experimemt 3/MINIST/FL_C/artifacts/federated_artifact_corrupt/clean/client_0_round_2.pt,client_0,2,round_snapshot,clean,client_0,digit_classification,mnist_image,1x28x28,digit_label,digits_0_9,10,clean_mnist,clean,11701,"{""0"": 474, ""1"": 4585, ""2"": 954, ""3"": 1043, ""4"": 623, ""5"": 1229, ""6"": 474, ""7"": 502, ""8"": 468, ""9"": 1349}",0.14667286306781613,test,0.9714,3.021644833,3.0220530840000013,0.3914197080000008,3.430145166999999,0.9713999999999998,0.9690095610208875,"[0.1042, 0.1174, 0.0974, 0.1002, 0.0976, 0.0894, 0.0892, 0.1024, 0.0956, 0.1066]",/Users/deepakkanneganti/Documents/Experimemt 3/MINIST/traditional adaptive composition techniques/client_profiles/weights/clean2.pt
clean3,clean3,clean_fl,/Users/deepakkanneganti/Documents/Experimemt 3/MINIST/FL/artifacts/mnist_fl_baseline_5clients_run,client_0_round_3.pt,/Users/deepakkanneganti/Documents/Experimemt 3/MINIST/FL_C/artifacts/federated_artifact_corrupt/clean/client_0_round_3.pt,client_0,3,round_snapshot,clean,client_0,digit_classification,mnist_image,1x28x28,digit_label,digits_0_9,10,clean_mnist,clean,11701,"{""0"": 474, ""1"": 4585, ""2"": 954, ""3"": 1043, ""4"": 623, ""5"": 1229, ""6"": 474, ""7"": 502, ""8"": 468, ""9"": 1349}",0.09100155036329576,test,0.9646,2.7211145830000003,2.7216495419999998,0.2775125000000003,3.0182965000000017,0.9646000000000001,0.972708373400096,"[0.1, 0.129, 0.0972, 0.1018, 0.0936, 0.1004, 0.0952, 0.0956, 0.0876, 0.0996]",/Users/deepakkanneganti/Documents/Experimemt 3/MINIST/traditional adaptive composition techniques/client_profiles/weights/clean3.pt
clean4,clean4,clean_fl,/Users/deepakkanneganti/Documents/Experimemt 3/MINIST/FL/artifacts/mnist_fl_baseline_5clients_run,client_0_round_4.pt,/Users/deepakkanneganti/Documents/Experimemt 3/MINIST/FL_C/artifacts/federated_artifact_corrupt/clean/client_0_round_4.pt,client_0,4,round_snapshot,clean,client_0,digit_classification,mnist_image,1x28x28,digit_label,digits_0_9,10,clean_mnist,clean,11701,"{""0"": 474, ""1"": 4585, ""2"": 954, ""3"": 1043, ""4"": 623, ""5"": 1229, ""6"": 474, ""7"": 502, ""8"": 468, ""9"": 1349}",0.07248727428605375,test,0.9764,2.8980978750000013,2.8983436250000025,0.2753579170000009,3.1917329589999994,0.9763999999999999,0.9713083980707983,"[0.0926, 0.1212, 0.1122, 0.1016, 0.1002, 0.0942, 0.0896, 0.0964, 0.0888, 0.1032]",/Users/deepakkanneganti/Documents/Experimemt 3/MINIST/traditional adaptive composition techniques/client_profiles/weights/clean4.pt
clean5,clean5,clean_fl,/Users/deepakkanneganti/Documents/Experimemt 3/MINIST/FL/artifacts/mnist_fl_baseline_5clients_run,client_0_round_5.pt,/Users/deepakkanneganti/Documents/Experimemt 3/MINIST/FL_C/artifacts/federated_artifact_corrupt/clean/client_0_round_5.pt,client_0,5,round_snapshot,clean,client_0,digit_classification,mnist_image,1x28x28,digit_label,digits_0_9,10,clean_mnist,clean,11701,"{""0"": 474, ""1"": 4585, ""2"": 954, ""3"": 1043, ""4"": 623, ""5"": 1229, ""6"": 474, ""7"": 502, ""8"": 468, ""9"": 1349}",0.06414620650162839,test,0.9792,2.6200490840000015,2.620251624999998,0.2732962919999977,2.909683042000001,0.9792,0.9661826685326452,"[0.0928, 0.1202, 0.1018, 0.1, 0.0916, 0.09, 0.101, 0.1028, 0.1016, 0.0982]",/Users/deepakkanneganti/Documents/Experimemt 3/MINIST/traditional adaptive composition techniques/client_profiles/weights/clean5.pt
clean6,clean6,clean_fl,/Users/deepakkanneganti/Documents/Experimemt 3/MINIST/FL/artifacts/mnist_fl_baseline_5clients_run,client_0_round_6.pt,/Users/deepakkanneganti/Documents/Experimemt 3/MINIST/FL_C/artifacts/federated_artifact_corrupt/clean/client_0_round_6.pt,client_0,6,round_snapshot,clean,client_0,digit_classification,mnist_image,1x28x28,digit_label,digits_0_9,10,clean_mnist,clean,11701,"{""0"": 474, ""1"": 4585, ""2"": 954, ""3"": 1043, ""4"": 623, ""5"": 1229, ""6"": 474, ""7"": 502, ""8"": 468, ""9"": 1349}",0.05355668898023989,test,0.98,2.511690167000001,2.5118962079999996,0.26343945800000057,2.790107250000002,0.9800000000000001,0.9726517364836246,"[0.0972, 0.1144, 0.1044, 0.099, 0.0994, 0.0872, 0.088, 0.1044, 0.1028, 0.1032]",/Users/deepakkanneganti/Documents/Experimemt 3/MINIST/traditional adaptive composition techniques/client_profiles/weights/clean6.pt
clean7,clean7,clean_fl,/Users/deepakkanneganti/Documents/Experimemt 3/MINIST/FL/artifacts/mnist_fl_baseline_5clients_run,client_0_round_7.pt,/Users/deepakkanneganti/Documents/Experimemt 3/MINIST/FL_C/artifacts/federated_artifact_corrupt/clean/client_0_round_7.pt,client_0,7,round_snapshot,clean,client_0,digit_classification,mnist_image,1x28x28,digit_label,digits_0_9,10,clean_mnist,clean,11701,"{""0"": 474, ""1"": 4585, ""2"": 954, ""3"": 1043, ""4"": 623, ""5"": 1229, ""6"": 474, ""7"": 502, ""8"": 468, ""9"": 1349}",0.04802515186905942,test,0.983,2.717517000000001,2.7177202499999993,0.2861885419999979,3.018547833000003,0.9829999999999999,0.9719993758678376,"[0.1042, 0.1126, 0.106, 0.0968, 0.0994, 0.095, 0.0928, 0.0986, 0.0932, 0.1014]",/Users/deepakkanneganti/Documents/Experimemt 3/MINIST/traditional adaptive composition techniques/client_profiles/weights/clean7.pt
clean8,clean8,clean_fl,/Users/deepakkanneganti/Documents/Experimemt 3/MINIST/FL/artifacts/mnist_fl_baseline_5clients_run,client_0_round_8.pt,/Users/deepakkanneganti/Documents/Experimemt 3/MINIST/FL_C/artifacts/federated_artifact_corrupt/clean/client_0_round_8.pt,client_0,8,round_snapshot,clean,client_0,digit_classification,mnist_image,1x28x28,digit_label,digits_0_9,10,clean_mnist,clean,11701,"{""0"": 474, ""1"": 4585, ""2"": 954, ""3"": 1043, ""4"": 623, ""5"": 1229, ""6"": 474, ""7"": 502, ""8"": 468, ""9"": 1349}",0.046726660291745284,test,0.9822,2.7547347920000007,2.755009915999999,0.4059140000000028,3.177274417000003,0.9822000000000001,0.9707900615535372,"[0.1036, 0.114, 0.0994, 0.102, 0.0916, 0.0872, 0.0956, 0.1006, 0.0978, 0.1082]",/Users/deepakkanneganti/Documents/Experimemt 3/MINIST/traditional adaptive composition techniques/client_profiles/weights/clean8.pt
clean9,clean9,clean_fl,/Users/deepakkanneganti/Documents/Experimemt 3/MINIST/FL/artifacts/mnist_fl_baseline_5clients_run,client_0_round_9.pt,/Users/deepakkanneganti/Documents/Experimemt 3/MINIST/FL_C/artifacts/federated_artifact_corrupt/clean/client_0_round_9.pt,client_0,9,round_snapshot,clean,client_0,digit_classification,mnist_image,1x28x28,digit_label,digits_0_9,10,clean_mnist,clean,11701,"{""0"": 474, ""1"": 4585, ""2"": 954, ""3"": 1043, ""4"": 623, ""5"": 1229, ""6"": 474, ""7"": 502, ""8"": 468, ""9"": 1349}",0.04265560463840223,test,0.9844,2.6517931659999974,2.6530259590000043,0.354601499999994,3.029499874999999,0.9843999999999999,0.9877415293945769,"[0.0998, 0.1214, 0.1066, 0.0996, 0.1016, 0.09, 0.0908, 0.0968, 0.0946, 0.0988]",/Users/deepakkanneganti/Documents/Experimemt 3/MINIST/traditional adaptive composition techniques/client_profiles/weights/clean9.pt
clean10,clean10,clean_fl,/Users/deepakkanneganti/Documents/Experimemt 3/MINIST/FL/artifacts/mnist_fl_baseline_5clients_run,client_0.pt,/Users/deepakkanneganti/Documents/Experimemt 3/MINIST/FL_C/artifacts/federated_artifact_corrupt/clean/client_0.pt,client_0,10,final_snapshot,clean,client_0,digit_classification,mnist_image,1x28x28,digit_label,digits_0_9,10,clean_mnist,clean,11701,"{""0"": 474, ""1"": 4585, ""2"": 954, ""3"": 1043, ""4"": 623, ""5"": 1229, ""6"": 474, ""7"": 502, ""8"": 468, ""9"": 1349}",0.04130622320909701,test,0.9864,2.4672027499999984,2.4673919999999967,0.2885199589999985,2.793240499999996,0.9863999999999999,0.9673866482234463,"[0.0988, 0.1052, 0.1054, 0.099, 0.1024, 0.0962, 0.0958, 0.1036, 0.0946, 0.099]",/Users/deepakkanneganti/Documents/Experimemt 3/MINIST/traditional adaptive composition techniques/client_profiles/weights/clean10.pt
clean11,clean11,clean_fl,/Users/deepakkanneganti/Documents/Experimemt 3/MINIST/FL/artifacts/mnist_fl_baseline_5clients_run,client_0_round_10.pt,/Users/deepakkanneganti/Documents/Experimemt 3/MINIST/FL_C/artifacts/federated_artifact_corrupt/clean/client_0_round_10.pt,client_0,10,round_snapshot,clean,client_0,digit_classification,mnist_image,1x28x28,digit_label,digits_0_9,10,clean_mnist,clean,11701,"{""0"": 474, ""1"": 4585, ""2"": 954, ""3"": 1043, ""4"": 623, ""5"": 1229, ""6"": 474, ""7"": 502, ""8"": 468, ""9"": 1349}",0.04130622320909701,test,0.9864,2.600733666999993,2.600949500000006,0.2708914170000014,2.892090707999998,0.9863999999999999,0.9673866482234463,"[0.0988, 0.1052, 0.1054, 0.099, 0.1024, 0.0962, 0.0958, 0.1036, 0.0946, 0.099]",/Users/deepakkanneganti/Documents/Experimemt 3/MINIST/traditional adaptive composition techniques/client_profiles/weights/clean11.pt
clean12,clean12,clean_fl,/Users/deepakkanneganti/Documents/Experimemt 3/MINIST/FL/artifacts/mnist_fl_baseline_5clients_run,client_1_round_1.pt,/Users/deepakkanneganti/Documents/Experimemt 3/MINIST/FL_C/artifacts/federated_artifact_corrupt/clean/client_1_round_1.pt,client_1,1,round_snapshot,clean,client_1,digit_classification,mnist_image,1x28x28,digit_label,digits_0_9,10,clean_mnist,clean,9016,"{""0"": 474, ""1"": 540, ""2"": 953, ""3"": 1042, ""4"": 1987, ""5"": 1229, ""6"": 474, ""7"": 501, ""8"": 468, ""9"": 1348}",0.5826559431955848,test,0.9658,2.406717625000006,2.406963333,0.2834975410000027,2.710581916999999,0.9658,0.9626483831277445,"[0.1022, 0.1158, 0.1106, 0.1036, 0.1, 0.0924, 0.0888, 0.096, 0.0888, 0.1018]",/Users/deepakkanneganti/Documents/Experimemt 3/MINIST/traditional adaptive composition techniques/client_profiles/weights/clean12.pt
clean13,clean13,clean_fl,/Users/deepakkanneganti/Documents/Experimemt 3/MINIST/FL/artifacts/mnist_fl_baseline_5clients_run,client_1_round_2.pt,/Users/deepakkanneganti/Documents/Experimemt 3/MINIST/FL_C/artifacts/federated_artifact_corrupt/clean/client_1_round_2.pt,client_1,2,round_snapshot,clean,client_1,digit_classification,mnist_image,1x28x28,digit_label,digits_0_9,10,clean_mnist,clean,9016,"{""0"": 474, ""1"": 540, ""2"": 953, ""3"": 1042, ""4"": 1987, ""5"": 1229, ""6"": 474, ""7"": 501, ""8"": 468, ""9"": 1348}",0.16270461699492494,test,0.974,3.0395273749999987,3.0398100840000026,0.31391733299999913,3.370541709000001,0.974,0.9626328706674577,"[0.1044, 0.1136, 0.0978, 0.1016, 0.0974, 0.089, 0.0876, 0.102, 0.104, 0.1026]",/Users/deepakkanneganti/Documents/Experimemt 3/MINIST/traditional adaptive composition techniques/client_profiles/weights/clean13.pt
clean14,clean14,clean_fl,/Users/deepakkanneganti/Documents/Experimemt 3/MINIST/FL/artifacts/mnist_fl_baseline_5clients_run,client_1_round_3.pt,/Users/deepakkanneganti/Documents/Experimemt 3/MINIST/FL_C/artifacts/federated_artifact_corrupt/clean/client_1_round_3.pt,client_1,3,round_snapshot,clean,client_1,digit_classification,mnist_image,1x28x28,digit_label,digits_0_9,10,clean_mnist,clean,9016,"{""0"": 474, ""1"": 540, ""2"": 953, ""3"": 1042, ""4"": 1987, ""5"": 1229, ""6"": 474, ""7"": 501, ""8"": 468, ""9"": 1348}",0.10453119270608459,test,0.9754,2.535712042,2.535859958000003,0.25064112500000135,2.8102536250000014,0.9753999999999999,0.9752925016665442,"[0.1014, 0.1172, 0.102, 0.104, 0.096, 0.0982, 0.0948, 0.0948, 0.0936, 0.098]",/Users/deepakkanneganti/Documents/Experimemt 3/MINIST/traditional adaptive composition techniques/client_profiles/weights/clean14.pt
clean15,clean15,clean_fl,/Users/deepakkanneganti/Documents/Experimemt 3/MINIST/FL/artifacts/mnist_fl_baseline_5clients_run,client_1_round_4.pt,/Users/deepakkanneganti/Documents/Experimemt 3/MINIST/FL_C/artifacts/federated_artifact_corrupt/clean/client_1_round_4.pt,client_1,4,round_snapshot,clean,client_1,digit_classification,mnist_image,1x28x28,digit_label,digits_0_9,10,clean_mnist,clean,9016,"{""0"": 474, ""1"": 540, ""2"": 953, ""3"": 1042, ""4"": 1987, ""5"": 1229, ""6"": 474, ""7"": 501, ""8"": 468, ""9"": 1348}",0.08578700126266815,test,0.9816,2.7866871670000037,2.786929917000002,0.4049666669999965,3.2115874160000004,0.9815999999999999,0.9747762292492068,"[0.092, 0.1194, 0.108, 0.097, 0.104, 0.0932, 0.094, 0.0992, 0.0926, 0.1006]",/Users/deepakkanneganti/Documents/Experimemt 3/MINIST/traditional adaptive composition techniques/client_profiles/weights/clean15.pt
clean16,clean16,clean_fl,/Users/deepakkanneganti/Documents/Experimemt 3/MINIST/FL/artifacts/mnist_fl_baseline_5clients_run,client_1.pt,/Users/deepakkanneganti/Documents/Experimemt 3/MINIST/FL_C/artifacts/federated_artifact_corrupt/clean/client_1.pt,client_1,10,final_snapshot,clean,client_1,digit_classification,mnist_image,1x28x28,digit_label,digits_0_9,10,clean_mnist,clean,9016,"{""0"": 474, ""1"": 540, ""2"": 953, ""3"": 1042, ""4"": 1987, ""5"": 1229, ""6"": 474, ""7"": 501, ""8"": 468, ""9"": 1348}",0.03937807606375763,test,0.9842,2.6204028750000035,2.6205944579999993,0.30414704199999676,2.9488052089999996,0.9842000000000001,0.9843785902885186,"[0.0996, 0.1046, 0.107, 0.0976, 0.1052, 0.0962, 0.0958, 0.1052, 0.0898, 0.099]",/Users/deepakkanneganti/Documents/Experimemt 3/MINIST/traditional adaptive composition techniques/client_profiles/weights/clean16.pt
clean17,clean17,clean_fl,/Users/deepakkanneganti/Documents/Experimemt 3/MINIST/FL/artifacts/mnist_fl_baseline_5clients_run,client_1_round_10.pt,/Users/deepakkanneganti/Documents/Experimemt 3/MINIST/FL_C/artifacts/federated_artifact_corrupt/clean/client_1_round_10.pt,client_1,10,round_snapshot,clean,client_1,digit_classification,mnist_image,1x28x28,digit_label,digits_0_9,10,clean_mnist,clean,9016,"{""0"": 474, ""1"": 540, ""2"": 953, ""3"": 1042, ""4"": 1987, ""5"": 1229, ""6"": 474, ""7"": 501, ""8"": 468, ""9"": 1348}",0.03937807606375763,test,0.9842,2.6782020839999987,2.6786973749999987,0.38947166700000224,3.0941391669999945,0.9842000000000001,0.9843785902885186,"[0.0996, 0.1046, 0.107, 0.0976, 0.1052, 0.0962, 0.0958, 0.1052, 0.0898, 0.099]",/Users/deepakkanneganti/Documents/Experimemt 3/MINIST/traditional adaptive composition techniques/client_profiles/weights/clean17.pt
clean18,clean18,clean_fl,/Users/deepakkanneganti/Documents/Experimemt 3/MINIST/FL/artifacts/mnist_fl_baseline_5clients_run,client_2.pt,/Users/deepakkanneganti/Documents/Experimemt 3/MINIST/FL_C/artifacts/federated_artifact_corrupt/clean/client_2.pt,client_2,10,final_snapshot,clean,client_2,digit_classification,mnist_image,1x28x28,digit_label,digits_0_9,10,clean_mnist,clean,15633,"{""0"": 474, ""1"": 539, ""2"": 1351, ""3"": 1962, ""4"": 623, ""5"": 1228, ""6"": 4024, ""7"": 501, ""8"": 3979, ""9"": 952}",0.040146297440159975,test,0.9886,2.906431334000004,2.9067230839999993,0.2890415000000033,3.2148292079999976,0.9886000000000001,0.9822020049633566,"[0.099, 0.1036, 0.1044, 0.1014, 0.1034, 0.0942, 0.0982, 0.1034, 0.0922, 0.1002]",/Users/deepakkanneganti/Documents/Experimemt 3/MINIST/traditional adaptive composition techniques/client_profiles/weights/clean18.pt
clean19,clean19,clean_fl,/Users/deepakkanneganti/Documents/Experimemt 3/MINIST/FL/artifacts/mnist_fl_baseline_5clients_run,client_3.pt,/Users/deepakkanneganti/Documents/Experimemt 3/MINIST/FL_C/artifacts/federated_artifact_corrupt/clean/client_3.pt,client_3,10,final_snapshot,clean,client_3,digit_classification,mnist_image,1x28x28,digit_label,digits_0_9,10,clean_mnist,clean,11240,"{""0"": 4028, ""1"": 539, ""2"": 1350, ""3"": 1042, ""4"": 623, ""5"": 868, ""6"": 473, ""7"": 501, ""8"": 468, ""9"": 1348}",0.03938521304040809,test,0.9786,3.005080124999999,3.0053157919999975,0.28389008300000285,3.3105859589999937,0.9785999999999999,0.9769716205822291,"[0.1004, 0.1034, 0.1026, 0.1098, 0.1002, 0.0944, 0.097, 0.0996, 0.0902, 0.1024]",/Users/deepakkanneganti/Documents/Experimemt 3/MINIST/traditional adaptive composition techniques/client_profiles/weights/clean19.pt
clean20,clean20,clean_fl,/Users/deepakkanneganti/Documents/Experimemt 3/MINIST/FL/artifacts/mnist_fl_baseline_5clients_run,client_4.pt,/Users/deepakkanneganti/Documents/Experimemt 3/MINIST/FL_C/artifacts/federated_artifact_corrupt/clean/client_4.pt,client_4,10,final_snapshot,clean,client_4,digit_classification,mnist_image,1x28x28,digit_label,digits_0_9,10,clean_mnist,clean,12410,"{""0"": 473, ""1"": 539, ""2"": 1350, ""3"": 1042, ""4"": 1986, ""5"": 867, ""6"": 473, ""7"": 4260, ""8"": 468, ""9"": 952}",0.04670770612986969,test,0.9876,2.8522906670000054,2.852570582999988,0.26911325000000375,3.1396037089999993,0.9875999999999999,0.9878868953191046,"[0.0992, 0.1038, 0.106, 0.0998, 0.102, 0.0946, 0.0982, 0.1064, 0.0894, 0.1006]",/Users/deepakkanneganti/Documents/Experimemt 3/MINIST/traditional adaptive composition techniques/client_profiles/weights/clean20.pt
translate1,translate1,corrupt_fl,/Users/deepakkanneganti/Documents/Experimemt 3/MINIST/FL_C/artifacts/federated_artifact_corrupt/translate,client_0_round_1.pt,/Users/deepakkanneganti/Documents/Experimemt 3/MINIST/FL_C/artifacts/federated_artifact_corrupt/translate/clients/client_0_round_1.pt,client_0,1,round_snapshot,translate,client_0,digit_classification,mnist_image,1x28x28,digit_label,digits_0_9,10,mnist_c_translate,translate,5303,"{""0"": 1007, ""1"": 432, ""2"": 382, ""3"": 327, ""4"": 795, ""5"": 922, ""6"": 671, ""7"": 287, ""8"": 208, ""9"": 272}",0.9459947663403693,test,0.8962,2.2246995420000104,2.2249221670000026,0.22270266700000718,2.4809404589999957,0.8962,0.9433734225359336,"[0.1164, 0.1178, 0.1088, 0.0906, 0.0994, 0.0996, 0.0954, 0.0964, 0.071, 0.1046]",/Users/deepakkanneganti/Documents/Experimemt 3/MINIST/traditional adaptive composition techniques/client_profiles/weights/translate1.pt
translate2,translate2,corrupt_fl,/Users/deepakkanneganti/Documents/Experimemt 3/MINIST/FL_C/artifacts/federated_artifact_corrupt/translate,client_0_round_2.pt,/Users/deepakkanneganti/Documents/Experimemt 3/MINIST/FL_C/artifacts/federated_artifact_corrupt/translate/clients/client_0_round_2.pt,client_0,2,round_snapshot,translate,client_0,digit_classification,mnist_image,1x28x28,digit_label,digits_0_9,10,mnist_c_translate,translate,5303,"{""0"": 1007, ""1"": 432, ""2"": 382, ""3"": 327, ""4"": 795, ""5"": 922, ""6"": 671, ""7"": 287, ""8"": 208, ""9"": 272}",0.3923012087387698,test,0.9264,3.1405670000000043,3.140924124999998,0.27754537500000254,3.432460875000004,0.9263999999999999,0.9565868324030259,"[0.1074, 0.1158, 0.109, 0.1012, 0.1038, 0.0964, 0.0914, 0.1126, 0.08, 0.0824]",/Users/deepakkanneganti/Documents/Experimemt 3/MINIST/traditional adaptive composition techniques/client_profiles/weights/translate2.pt
translate3,translate3,corrupt_fl,/Users/deepakkanneganti/Documents/Experimemt 3/MINIST/FL_C/artifacts/federated_artifact_corrupt/translate,client_0.pt,/Users/deepakkanneganti/Documents/Experimemt 3/MINIST/FL_C/artifacts/federated_artifact_corrupt/translate/clients/client_0.pt,client_0,3,final_snapshot,translate,client_0,digit_classification,mnist_image,1x28x28,digit_label,digits_0_9,10,mnist_c_translate,translate,5303,"{""0"": 1007, ""1"": 432, ""2"": 382, ""3"": 327, ""4"": 795, ""5"": 922, ""6"": 671, ""7"": 287, ""8"": 208, ""9"": 272}",0.20474166680304778,test,0.9424,2.4508479999999935,2.451096542000002,0.23518975000000353,2.703893457999996,0.9423999999999999,0.9721339563506703,"[0.1104, 0.1134, 0.1022, 0.1032, 0.1042, 0.1002, 0.0924, 0.0834, 0.0908, 0.0998]",/Users/deepakkanneganti/Documents/Experimemt 3/MINIST/traditional adaptive composition techniques/client_profiles/weights/translate3.pt
translate4,translate4,corrupt_fl,/Users/deepakkanneganti/Documents/Experimemt 3/MINIST/FL_C/artifacts/federated_artifact_corrupt/translate,client_0_round_3.pt,/Users/deepakkanneganti/Documents/Experimemt 3/MINIST/FL_C/artifacts/federated_artifact_corrupt/translate/clients/client_0_round_3.pt,client_0,3,round_snapshot,translate,client_0,digit_classification,mnist_image,1x28x28,digit_label,digits_0_9,10,mnist_c_translate,translate,5303,"{""0"": 1007, ""1"": 432, ""2"": 382, ""3"": 327, ""4"": 795, ""5"": 922, ""6"": 671, ""7"": 287, ""8"": 208, ""9"": 272}",0.20474166680304778,test,0.9424,2.8486052089999987,2.8491973330000064,0.2693978329999993,3.1438507499999986,0.9423999999999999,0.9721339563506703,"[0.1104, 0.1134, 0.1022, 0.1032, 0.1042, 0.1002, 0.0924, 0.0834, 0.0908, 0.0998]",/Users/deepakkanneganti/Documents/Experimemt 3/MINIST/traditional adaptive composition techniques/client_profiles/weights/translate4.pt
translate5,translate5,corrupt_fl,/Users/deepakkanneganti/Documents/Experimemt 3/MINIST/FL_C/artifacts/federated_artifact_corrupt/translate,client_1_round_1.pt,/Users/deepakkanneganti/Documents/Experimemt 3/MINIST/FL_C/artifacts/federated_artifact_corrupt/translate/clients/client_1_round_1.pt,client_1,1,round_snapshot,translate,client_1,digit_classification,mnist_image,1x28x28,digit_label,digits_0_9,10,mnist_c_translate,translate,5591,"{""0"": 1007, ""1"": 917, ""2"": 382, ""3"": 327, ""4"": 795, ""5"": 922, ""6"": 474, ""7"": 287, ""8"": 208, ""9"": 272}",0.862526439468969,test,0.873,2.2096835000000112,2.2184139579999993,0.29734233399999255,2.5392866659999953,0.873,0.949822123486552,"[0.106, 0.12, 0.107, 0.089, 0.0972, 0.1258, 0.0928, 0.1116, 0.0698, 0.0808]",/Users/deepakkanneganti/Documents/Experimemt 3/MINIST/traditional adaptive composition techniques/client_profiles/weights/translate5.pt
translate6,translate6,corrupt_fl,/Users/deepakkanneganti/Documents/Experimemt 3/MINIST/FL_C/artifacts/federated_artifact_corrupt/translate,client_1_round_2.pt,/Users/deepakkanneganti/Documents/Experimemt 3/MINIST/FL_C/artifacts/federated_artifact_corrupt/translate/clients/client_1_round_2.pt,client_1,2,round_snapshot,translate,client_1,digit_classification,mnist_image,1x28x28,digit_label,digits_0_9,10,mnist_c_translate,translate,5591,"{""0"": 1007, ""1"": 917, ""2"": 382, ""3"": 327, ""4"": 795, ""5"": 922, ""6"": 474, ""7"": 287, ""8"": 208, ""9"": 272}",0.3592413831502199,test,0.9064,2.3447524590000057,2.345060165999996,0.22500658299999543,2.591088708000001,0.9064,0.9588463457677684,"[0.0928, 0.1122, 0.1242, 0.0826, 0.105, 0.1264, 0.0862, 0.1054, 0.0762, 0.089]",/Users/deepakkanneganti/Documents/Experimemt 3/MINIST/traditional adaptive composition techniques/client_profiles/weights/translate6.pt
translate7,translate7,corrupt_fl,/Users/deepakkanneganti/Documents/Experimemt 3/MINIST/FL_C/artifacts/federated_artifact_corrupt/translate,client_1.pt,/Users/deepakkanneganti/Documents/Experimemt 3/MINIST/FL_C/artifacts/federated_artifact_corrupt/translate/clients/client_1.pt,client_1,3,final_snapshot,translate,client_1,digit_classification,mnist_image,1x28x28,digit_label,digits_0_9,10,mnist_c_translate,translate,5591,"{""0"": 1007, ""1"": 917, ""2"": 382, ""3"": 327, ""4"": 795, ""5"": 922, ""6"": 474, ""7"": 287, ""8"": 208, ""9"": 272}",0.1857846427539533,test,0.936,2.574937208999998,2.5756199159999937,0.25306229199999564,2.842909917,0.9359999999999999,0.9662349460641521,"[0.1056, 0.11, 0.1002, 0.101, 0.1132, 0.0878, 0.1022, 0.087, 0.089, 0.104]",/Users/deepakkanneganti/Documents/Experimemt 3/MINIST/traditional adaptive composition techniques/client_profiles/weights/translate7.pt
translate8,translate8,corrupt_fl,/Users/deepakkanneganti/Documents/Experimemt 3/MINIST/FL_C/artifacts/federated_artifact_corrupt/translate,client_1_round_3.pt,/Users/deepakkanneganti/Documents/Experimemt 3/MINIST/FL_C/artifacts/federated_artifact_corrupt/translate/clients/client_1_round_3.pt,client_1,3,round_snapshot,translate,client_1,digit_classification,mnist_image,1x28x28,digit_label,digits_0_9,10,mnist_c_translate,translate,5591,"{""0"": 1007, ""1"": 917, ""2"": 382, ""3"": 327, ""4"": 795, ""5"": 922, ""6"": 474, ""7"": 287, ""8"": 208, ""9"": 272}",0.1857846427539533,test,0.936,2.1873227079999964,2.187499791999997,0.2339849999999899,2.4411725410000003,0.9359999999999999,0.9662349460641521,"[0.1056, 0.11, 0.1002, 0.101, 0.1132, 0.0878, 0.1022, 0.087, 0.089, 0.104]",/Users/deepakkanneganti/Documents/Experimemt 3/MINIST/traditional adaptive composition techniques/client_profiles/weights/translate8.pt
translate9,translate9,corrupt_fl,/Users/deepakkanneganti/Documents/Experimemt 3/MINIST/FL_C/artifacts/federated_artifact_corrupt/translate,client_2_round_1.pt,/Users/deepakkanneganti/Documents/Experimemt 3/MINIST/FL_C/artifacts/federated_artifact_corrupt/translate/clients/client_2_round_1.pt,client_2,1,round_snapshot,translate,client_2,digit_classification,mnist_image,1x28x28,digit_label,digits_0_9,10,mnist_c_translate,translate,5095,"{""0"": 316, ""1"": 917, ""2"": 381, ""3"": 327, ""4"": 795, ""5"": 921, ""6"": 671, ""7"": 287, ""8"": 208, ""9"": 272}",0.9317543592303992,test,0.8932,2.141637375000002,2.141777625000003,0.22179512499999987,2.3771974160000013,0.8932,0.9302985197259404,"[0.0982, 0.1204, 0.1082, 0.1002, 0.1022, 0.1106, 0.0988, 0.0994, 0.0652, 0.0968]",/Users/deepakkanneganti/Documents/Experimemt 3/MINIST/traditional adaptive composition techniques/client_profiles/weights/translate9.pt
translate10,translate10,corrupt_fl,/Users/deepakkanneganti/Documents/Experimemt 3/MINIST/FL_C/artifacts/federated_artifact_corrupt/translate,client_2_round_2.pt,/Users/deepakkanneganti/Documents/Experimemt 3/MINIST/FL_C/artifacts/federated_artifact_corrupt/translate/clients/client_2_round_2.pt,client_2,2,round_snapshot,translate,client_2,digit_classification,mnist_image,1x28x28,digit_label,digits_0_9,10,mnist_c_translate,translate,5095,"{""0"": 316, ""1"": 917, ""2"": 381, ""3"": 327, ""4"": 795, ""5"": 921, ""6"": 671, ""7"": 287, ""8"": 208, ""9"": 272}",0.38410691656172274,test,0.9306,2.243306000000004,2.2435303330000096,0.2418437919999974,2.496372708999999,0.9305999999999999,0.9649634009939163,"[0.0976, 0.1148, 0.114, 0.0934, 0.1116, 0.0968, 0.092, 0.1076, 0.0888, 0.0834]",/Users/deepakkanneganti/Documents/Experimemt 3/MINIST/traditional adaptive composition techniques/client_profiles/weights/translate10.pt
translate11,translate11,corrupt_fl,/Users/deepakkanneganti/Documents/Experimemt 3/MINIST/FL_C/artifacts/federated_artifact_corrupt/translate,client_2.pt,/Users/deepakkanneganti/Documents/Experimemt 3/MINIST/FL_C/artifacts/federated_artifact_corrupt/translate/clients/client_2.pt,client_2,3,final_snapshot,translate,client_2,digit_classification,mnist_image,1x28x28,digit_label,digits_0_9,10,mnist_c_translate,translate,5095,"{""0"": 316, ""1"": 917, ""2"": 381, ""3"": 327, ""4"": 795, ""5"": 921, ""6"": 671, ""7"": 287, ""8"": 208, ""9"": 272}",0.19315130161121488,test,0.948,2.235687249999998,2.2358938330000058,0.24067945800000246,2.4918944169999975,0.9480000000000001,0.9628868271209051,"[0.1004, 0.1124, 0.106, 0.0976, 0.0956, 0.1004, 0.1034, 0.0932, 0.0948, 0.0962]",/Users/deepakkanneganti/Documents/Experimemt 3/MINIST/traditional adaptive composition techniques/client_profiles/weights/translate11.pt
translate12,translate12,corrupt_fl,/Users/deepakkanneganti/Documents/Experimemt 3/MINIST/FL_C/artifacts/federated_artifact_corrupt/translate,client_2_round_3.pt,/Users/deepakkanneganti/Documents/Experimemt 3/MINIST/FL_C/artifacts/federated_artifact_corrupt/translate/clients/client_2_round_3.pt,client_2,3,round_snapshot,translate,client_2,digit_classification,mnist_image,1x28x28,digit_label,digits_0_9,10,mnist_c_translate,translate,5095,"{""0"": 316, ""1"": 917, ""2"": 381, ""3"": 327, ""4"": 795, ""5"": 921, ""6"": 671, ""7"": 287, ""8"": 208, ""9"": 272}",0.19315130161121488,test,0.948,2.4446831249999974,2.445224874999994,0.2573014580000006,2.717370791999997,0.9480000000000001,0.9628868271209051,"[0.1004, 0.1124, 0.106, 0.0976, 0.0956, 0.1004, 0.1034, 0.0932, 0.0948, 0.0962]",/Users/deepakkanneganti/Documents/Experimemt 3/MINIST/traditional adaptive composition techniques/client_profiles/weights/translate12.pt
translate13,translate13,corrupt_fl,/Users/deepakkanneganti/Documents/Experimemt 3/MINIST/FL_C/artifacts/federated_artifact_corrupt/translate,client_3_round_1.pt,/Users/deepakkanneganti/Documents/Experimemt 3/MINIST/FL_C/artifacts/federated_artifact_corrupt/translate/clients/client_3_round_1.pt,client_3,1,round_snapshot,translate,client_3,digit_classification,mnist_image,1x28x28,digit_label,digits_0_9,10,mnist_c_translate,translate,9180,"{""0"": 316, ""1"": 917, ""2"": 811, ""3"": 327, ""4"": 374, ""5"": 290, ""6"": 474, ""7"": 1420, ""8"": 3979, ""9"": 272}",0.7617100528958771,test,0.8502,2.4050214580000073,2.4053205409999947,0.5083533340000059,2.9318307090000104,0.8502000000000001,0.9309837253742221,"[0.0782, 0.1176, 0.137, 0.079, 0.094, 0.0538, 0.103, 0.13, 0.1422, 0.0652]",/Users/deepakkanneganti/Documents/Experimemt 3/MINIST/traditional adaptive composition techniques/client_profiles/weights/translate13.pt
translate14,translate14,corrupt_fl,/Users/deepakkanneganti/Documents/Experimemt 3/MINIST/FL_C/artifacts/federated_artifact_corrupt/translate,client_3_round_2.pt,/Users/deepakkanneganti/Documents/Experimemt 3/MINIST/FL_C/artifacts/federated_artifact_corrupt/translate/clients/client_3_round_2.pt,client_3,2,round_snapshot,translate,client_3,digit_classification,mnist_image,1x28x28,digit_label,digits_0_9,10,mnist_c_translate,translate,9180,"{""0"": 316, ""1"": 917, ""2"": 811, ""3"": 327, ""4"": 374, ""5"": 290, ""6"": 474, ""7"": 1420, ""8"": 3979, ""9"": 272}",0.30762193005325067,test,0.9392,2.667535208000004,2.667918916000005,0.25890029199999276,2.9576220000000006,0.9391999999999999,0.9680850535403105,"[0.1004, 0.1122, 0.1114, 0.0962, 0.0942, 0.0804, 0.0892, 0.113, 0.1162, 0.0868]",/Users/deepakkanneganti/Documents/Experimemt 3/MINIST/traditional adaptive composition techniques/client_profiles/weights/translate14.pt
translate15,translate15,corrupt_fl,/Users/deepakkanneganti/Documents/Experimemt 3/MINIST/FL_C/artifacts/federated_artifact_corrupt/translate,client_3.pt,/Users/deepakkanneganti/Documents/Experimemt 3/MINIST/FL_C/artifacts/federated_artifact_corrupt/translate/clients/client_3.pt,client_3,3,final_snapshot,translate,client_3,digit_classification,mnist_image,1x28x28,digit_label,digits_0_9,10,mnist_c_translate,translate,9180,"{""0"": 316, ""1"": 917, ""2"": 811, ""3"": 327, ""4"": 374, ""5"": 290, ""6"": 474, ""7"": 1420, ""8"": 3979, ""9"": 272}",0.16420601608438623,test,0.9264,2.2344984169999975,2.234721332999996,0.3026894590000069,2.556366749999995,0.9263999999999999,0.926451811226722,"[0.0962, 0.1102, 0.1032, 0.099, 0.0898, 0.083, 0.0912, 0.0952, 0.144, 0.0882]",/Users/deepakkanneganti/Documents/Experimemt 3/MINIST/traditional adaptive composition techniques/client_profiles/weights/translate15.pt
translate16,translate16,corrupt_fl,/Users/deepakkanneganti/Documents/Experimemt 3/MINIST/FL_C/artifacts/federated_artifact_corrupt/translate,client_3_round_3.pt,/Users/deepakkanneganti/Documents/Experimemt 3/MINIST/FL_C/artifacts/federated_artifact_corrupt/translate/clients/client_3_round_3.pt,client_3,3,round_snapshot,translate,client_3,digit_classification,mnist_image,1x28x28,digit_label,digits_0_9,10,mnist_c_translate,translate,9180,"{""0"": 316, ""1"": 917, ""2"": 811, ""3"": 327, ""4"": 374, ""5"": 290, ""6"": 474, ""7"": 1420, ""8"": 3979, ""9"": 272}",0.16420601608438623,test,0.9264,2.8038549580000023,2.804155332999997,0.2885271659999944,3.1084080420000078,0.9263999999999999,0.926451811226722,"[0.0962, 0.1102, 0.1032, 0.099, 0.0898, 0.083, 0.0912, 0.0952, 0.144, 0.0882]",/Users/deepakkanneganti/Documents/Experimemt 3/MINIST/traditional adaptive composition techniques/client_profiles/weights/translate16.pt
translate17,translate17,corrupt_fl,/Users/deepakkanneganti/Documents/Experimemt 3/MINIST/FL_C/artifacts/federated_artifact_corrupt/translate,client_4_round_1.pt,/Users/deepakkanneganti/Documents/Experimemt 3/MINIST/FL_C/artifacts/federated_artifact_corrupt/translate/clients/client_4_round_1.pt,client_4,1,round_snapshot,translate,client_4,digit_classification,mnist_image,1x28x28,digit_label,digits_0_9,10,mnist_c_translate,translate,6057,"{""0"": 316, ""1"": 432, ""2"": 810, ""3"": 1043, ""4"": 794, ""5"": 289, ""6"": 473, ""7"": 1420, ""8"": 208, ""9"": 272}",0.8701705134784182,test,0.8932,3.1662649169999924,3.172332292000007,0.2834849580000025,3.478404832999999,0.8932,0.9669806985038147,"[0.094, 0.1216, 0.1, 0.1068, 0.1024, 0.0792, 0.1, 0.1344, 0.0746, 0.087]",/Users/deepakkanneganti/Documents/Experimemt 3/MINIST/traditional adaptive composition techniques/client_profiles/weights/translate17.pt
translate18,translate18,corrupt_fl,/Users/deepakkanneganti/Documents/Experimemt 3/MINIST/FL_C/artifacts/federated_artifact_corrupt/translate,client_4_round_2.pt,/Users/deepakkanneganti/Documents/Experimemt 3/MINIST/FL_C/artifacts/federated_artifact_corrupt/translate/clients/client_4_round_2.pt,client_4,2,round_snapshot,translate,client_4,digit_classification,mnist_image,1x28x28,digit_label,digits_0_9,10,mnist_c_translate,translate,6057,"{""0"": 316, ""1"": 432, ""2"": 810, ""3"": 1043, ""4"": 794, ""5"": 289, ""6"": 473, ""7"": 1420, ""8"": 208, ""9"": 272}",0.3751915834533672,test,0.9362,2.3991630000000015,2.399522083000008,0.2511532089999946,2.673296417000003,0.9362,0.9512561826129559,"[0.0964, 0.111, 0.112, 0.1164, 0.0982, 0.0742, 0.086, 0.1098, 0.1018, 0.0942]",/Users/deepakkanneganti/Documents/Experimemt 3/MINIST/traditional adaptive composition techniques/client_profiles/weights/translate18.pt
translate19,translate19,corrupt_fl,/Users/deepakkanneganti/Documents/Experimemt 3/MINIST/FL_C/artifacts/federated_artifact_corrupt/translate,client_4.pt,/Users/deepakkanneganti/Documents/Experimemt 3/MINIST/FL_C/artifacts/federated_artifact_corrupt/translate/clients/client_4.pt,client_4,3,final_snapshot,translate,client_4,digit_classification,mnist_image,1x28x28,digit_label,digits_0_9,10,mnist_c_translate,translate,6057,"{""0"": 316, ""1"": 432, ""2"": 810, ""3"": 1043, ""4"": 794, ""5"": 289, ""6"": 473, ""7"": 1420, ""8"": 208, ""9"": 272}",0.19341772344584265,test,0.9514,3.5554877499999975,3.556256833000006,0.4799660420000009,4.0602789160000015,0.9513999999999999,0.9646395909956816,"[0.1064, 0.1098, 0.1044, 0.1036, 0.108, 0.0846, 0.0928, 0.0986, 0.0984, 0.0934]",/Users/deepakkanneganti/Documents/Experimemt 3/MINIST/traditional adaptive composition techniques/client_profiles/weights/translate19.pt
translate20,translate20,corrupt_fl,/Users/deepakkanneganti/Documents/Experimemt 3/MINIST/FL_C/artifacts/federated_artifact_corrupt/translate,client_4_round_3.pt,/Users/deepakkanneganti/Documents/Experimemt 3/MINIST/FL_C/artifacts/federated_artifact_corrupt/translate/clients/client_4_round_3.pt,client_4,3,round_snapshot,translate,client_4,digit_classification,mnist_image,1x28x28,digit_label,digits_0_9,10,mnist_c_translate,translate,6057,"{""0"": 316, ""1"": 432, ""2"": 810, ""3"": 1043, ""4"": 794, ""5"": 289, ""6"": 473, ""7"": 1420, ""8"": 208, ""9"": 272}",0.19341772344584265,test,0.9514,2.888706749999997,2.8891470000000083,0.3008461670000031,3.212504166000002,0.9513999999999999,0.9646395909956816,"[0.1064, 0.1098, 0.1044, 0.1036, 0.108, 0.0846, 0.0928, 0.0986, 0.0984, 0.0934]",/Users/deepakkanneganti/Documents/Experimemt 3/MINIST/traditional adaptive composition techniques/client_profiles/weights/translate20.pt
translate21,translate21,corrupt_fl,/Users/deepakkanneganti/Documents/Experimemt 3/MINIST/FL_C/artifacts/federated_artifact_corrupt/translate,client_5_round_1.pt,/Users/deepakkanneganti/Documents/Experimemt 3/MINIST/FL_C/artifacts/federated_artifact_corrupt/translate/clients/client_5_round_1.pt,client_5,1,round_snapshot,translate,client_5,digit_classification,mnist_image,1x28x28,digit_label,digits_0_9,10,mnist_c_translate,translate,5809,"{""0"": 1007, ""1"": 431, ""2"": 810, ""3"": 327, ""4"": 374, ""5"": 289, ""6"": 671, ""7"": 1420, ""8"": 208, ""9"": 272}",0.7509766687517581,test,0.8944,2.6534807919999963,2.653875541000005,0.23148691700001223,2.9217870830000123,0.8944000000000001,0.9434432828622074,"[0.1154, 0.121, 0.1038, 0.0908, 0.0896, 0.0904, 0.1086, 0.1244, 0.0724, 0.0836]",/Users/deepakkanneganti/Documents/Experimemt 3/MINIST/traditional adaptive composition techniques/client_profiles/weights/translate21.pt
translate22,translate22,corrupt_fl,/Users/deepakkanneganti/Documents/Experimemt 3/MINIST/FL_C/artifacts/federated_artifact_corrupt/translate,client_5_round_2.pt,/Users/deepakkanneganti/Documents/Experimemt 3/MINIST/FL_C/artifacts/federated_artifact_corrupt/translate/clients/client_5_round_2.pt,client_5,2,round_snapshot,translate,client_5,digit_classification,mnist_image,1x28x28,digit_label,digits_0_9,10,mnist_c_translate,translate,5809,"{""0"": 1007, ""1"": 431, ""2"": 810, ""3"": 327, ""4"": 374, ""5"": 289, ""6"": 671, ""7"": 1420, ""8"": 208, ""9"": 272}",0.3575740475207567,test,0.9028,2.1224473750000072,2.1225812920000067,0.2185587499999997,2.360957541999994,0.9028,0.932035556916996,"[0.1102, 0.1156, 0.1114, 0.0916, 0.1122, 0.086, 0.097, 0.1364, 0.074, 0.0656]",/Users/deepakkanneganti/Documents/Experimemt 3/MINIST/traditional adaptive composition techniques/client_profiles/weights/translate22.pt
translate23,translate23,corrupt_fl,/Users/deepakkanneganti/Documents/Experimemt 3/MINIST/FL_C/artifacts/federated_artifact_corrupt/translate,client_5.pt,/Users/deepakkanneganti/Documents/Experimemt 3/MINIST/FL_C/artifacts/federated_artifact_corrupt/translate/clients/client_5.pt,client_5,3,final_snapshot,translate,client_5,digit_classification,mnist_image,1x28x28,digit_label,digits_0_9,10,mnist_c_translate,translate,5809,"{""0"": 1007, ""1"": 431, ""2"": 810, ""3"": 327, ""4"": 374, ""5"": 289, ""6"": 671, ""7"": 1420, ""8"": 208, ""9"": 272}",0.1773647325842277,test,0.9366,2.0151971669999966,2.0153549999999996,0.3839118329999849,2.4091760830000055,0.9366,0.9652021274320138,"[0.1108, 0.1118, 0.1062, 0.0878, 0.1052, 0.0982, 0.1042, 0.1078, 0.0816, 0.0864]",/Users/deepakkanneganti/Documents/Experimemt 3/MINIST/traditional adaptive composition techniques/client_profiles/weights/translate23.pt
translate24,translate24,corrupt_fl,/Users/deepakkanneganti/Documents/Experimemt 3/MINIST/FL_C/artifacts/federated_artifact_corrupt/translate,client_5_round_3.pt,/Users/deepakkanneganti/Documents/Experimemt 3/MINIST/FL_C/artifacts/federated_artifact_corrupt/translate/clients/client_5_round_3.pt,client_5,3,round_snapshot,translate,client_5,digit_classification,mnist_image,1x28x28,digit_label,digits_0_9,10,mnist_c_translate,translate,5809,"{""0"": 1007, ""1"": 431, ""2"": 810, ""3"": 327, ""4"": 374, ""5"": 289, ""6"": 671, ""7"": 1420, ""8"": 208, ""9"": 272}",0.1773647325842277,test,0.9366,2.1204904170000134,2.120719959000013,0.2244701249999821,2.366574082999989,0.9366,0.9652021274320138,"[0.1108, 0.1118, 0.1062, 0.0878, 0.1052, 0.0982, 0.1042, 0.1078, 0.0816, 0.0864]",/Users/deepakkanneganti/Documents/Experimemt 3/MINIST/traditional adaptive composition techniques/client_profiles/weights/translate24.pt
translate25,translate25,corrupt_fl,/Users/deepakkanneganti/Documents/Experimemt 3/MINIST/FL_C/artifacts/federated_artifact_corrupt/translate,client_6_round_1.pt,/Users/deepakkanneganti/Documents/Experimemt 3/MINIST/FL_C/artifacts/federated_artifact_corrupt/translate/clients/client_6_round_1.pt,client_6,1,round_snapshot,translate,client_6,digit_classification,mnist_image,1x28x28,digit_label,digits_0_9,10,mnist_c_translate,translate,5974,"{""0"": 1007, ""1"": 431, ""2"": 810, ""3"": 327, ""4"": 794, ""5"": 289, ""6"": 473, ""7"": 286, ""8"": 208, ""9"": 1349}",0.8764684498310089,test,0.8618,2.068188958999997,2.0683032089999926,0.22734099999999557,2.310316207999989,0.8618,0.9242151400536851,"[0.094, 0.1188, 0.1154, 0.1036, 0.0874, 0.0646, 0.096, 0.079, 0.0686, 0.1726]",/Users/deepakkanneganti/Documents/Experimemt 3/MINIST/traditional adaptive composition techniques/client_profiles/weights/translate25.pt
translate26,translate26,corrupt_fl,/Users/deepakkanneganti/Documents/Experimemt 3/MINIST/FL_C/artifacts/federated_artifact_corrupt/translate,client_6_round_2.pt,/Users/deepakkanneganti/Documents/Experimemt 3/MINIST/FL_C/artifacts/federated_artifact_corrupt/translate/clients/client_6_round_2.pt,client_6,2,round_snapshot,translate,client_6,digit_classification,mnist_image,1x28x28,digit_label,digits_0_9,10,mnist_c_translate,translate,5974,"{""0"": 1007, ""1"": 431, ""2"": 810, ""3"": 327, ""4"": 794, ""5"": 289, ""6"": 473, ""7"": 286, ""8"": 208, ""9"": 1349}",0.391320360943358,test,0.9122,2.146518582999988,2.146696792,0.22519841700000143,2.3815820000000087,0.9122,0.9424962698252756,"[0.1156, 0.1136, 0.1068, 0.0926, 0.0976, 0.0832, 0.091, 0.0784, 0.0922, 0.129]",/Users/deepakkanneganti/Documents/Experimemt 3/MINIST/traditional adaptive composition techniques/client_profiles/weights/translate26.pt
translate27,translate27,corrupt_fl,/Users/deepakkanneganti/Documents/Experimemt 3/MINIST/FL_C/artifacts/federated_artifact_corrupt/translate,client_6.pt,/Users/deepakkanneganti/Documents/Experimemt 3/MINIST/FL_C/artifacts/federated_artifact_corrupt/translate/clients/client_6.pt,client_6,3,final_snapshot,translate,client_6,digit_classification,mnist_image,1x28x28,digit_label,digits_0_9,10,mnist_c_translate,translate,5974,"{""0"": 1007, ""1"": 431, ""2"": 810, ""3"": 327, ""4"": 794, ""5"": 289, ""6"": 473, ""7"": 286, ""8"": 208, ""9"": 1349}",0.20599955328284425,test,0.9412,2.175172917000026,2.1754257500000165,0.25453516700000023,2.444587499999983,0.9412,0.9566271689207975,"[0.1044, 0.1104, 0.1052, 0.0992, 0.0928, 0.0854, 0.095, 0.093, 0.0854, 0.1292]",/Users/deepakkanneganti/Documents/Experimemt 3/MINIST/traditional adaptive composition techniques/client_profiles/weights/translate27.pt
translate28,translate28,corrupt_fl,/Users/deepakkanneganti/Documents/Experimemt 3/MINIST/FL_C/artifacts/federated_artifact_corrupt/translate,client_6_round_3.pt,/Users/deepakkanneganti/Documents/Experimemt 3/MINIST/FL_C/artifacts/federated_artifact_corrupt/translate/clients/client_6_round_3.pt,client_6,3,round_snapshot,translate,client_6,digit_classification,mnist_image,1x28x28,digit_label,digits_0_9,10,mnist_c_translate,translate,5974,"{""0"": 1007, ""1"": 431, ""2"": 810, ""3"": 327, ""4"": 794, ""5"": 289, ""6"": 473, ""7"": 286, ""8"": 208, ""9"": 1349}",0.20599955328284425,test,0.9412,2.111796292000008,2.1119234169999856,0.4321030419999943,2.560760082999991,0.9412,0.9566271689207975,"[0.1044, 0.1104, 0.1052, 0.0992, 0.0928, 0.0854, 0.095, 0.093, 0.0854, 0.1292]",/Users/deepakkanneganti/Documents/Experimemt 3/MINIST/traditional adaptive composition techniques/client_profiles/weights/translate28.pt
translate29,translate29,corrupt_fl,/Users/deepakkanneganti/Documents/Experimemt 3/MINIST/FL_C/artifacts/federated_artifact_corrupt/translate,client_7_round_1.pt,/Users/deepakkanneganti/Documents/Experimemt 3/MINIST/FL_C/artifacts/federated_artifact_corrupt/translate/clients/client_7_round_1.pt,client_7,1,round_snapshot,translate,client_7,digit_classification,mnist_image,1x28x28,digit_label,digits_0_9,10,mnist_c_translate,translate,5388,"{""0"": 316, ""1"": 917, ""2"": 381, ""3"": 1042, ""4"": 374, ""5"": 921, ""6"": 671, ""7"": 286, ""8"": 208, ""9"": 272}",0.9297059812518054,test,0.8142,2.0899896669999976,2.0901359579999905,0.2504553329999908,2.358974042,0.8141999999999999,0.946365461005541,"[0.1066, 0.1608, 0.0934, 0.0822, 0.1416, 0.0852, 0.0948, 0.1048, 0.059, 0.0716]",/Users/deepakkanneganti/Documents/Experimemt 3/MINIST/traditional adaptive composition techniques/client_profiles/weights/translate29.pt
translate30,translate30,corrupt_fl,/Users/deepakkanneganti/Documents/Experimemt 3/MINIST/FL_C/artifacts/federated_artifact_corrupt/translate,client_7_round_2.pt,/Users/deepakkanneganti/Documents/Experimemt 3/MINIST/FL_C/artifacts/federated_artifact_corrupt/translate/clients/client_7_round_2.pt,client_7,2,round_snapshot,translate,client_7,digit_classification,mnist_image,1x28x28,digit_label,digits_0_9,10,mnist_c_translate,translate,5388,"{""0"": 316, ""1"": 917, ""2"": 381, ""3"": 1042, ""4"": 374, ""5"": 921, ""6"": 671, ""7"": 286, ""8"": 208, ""9"": 272}",0.4084962173256763,test,0.912,2.0978164170000184,2.097966624999998,0.22363320799999542,2.333685333999995,0.9119999999999999,0.9658190121985804,"[0.0936, 0.1108, 0.1066, 0.1198, 0.0954, 0.0996, 0.0992, 0.0822, 0.0844, 0.1084]",/Users/deepakkanneganti/Documents/Experimemt 3/MINIST/traditional adaptive composition techniques/client_profiles/weights/translate30.pt
translate31,translate31,corrupt_fl,/Users/deepakkanneganti/Documents/Experimemt 3/MINIST/FL_C/artifacts/federated_artifact_corrupt/translate,client_7.pt,/Users/deepakkanneganti/Documents/Experimemt 3/MINIST/FL_C/artifacts/federated_artifact_corrupt/translate/clients/client_7.pt,client_7,3,final_snapshot,translate,client_7,digit_classification,mnist_image,1x28x28,digit_label,digits_0_9,10,mnist_c_translate,translate,5388,"{""0"": 316, ""1"": 917, ""2"": 381, ""3"": 1042, ""4"": 374, ""5"": 921, ""6"": 671, ""7"": 286, ""8"": 208, ""9"": 272}",0.19916994479853053,test,0.9394,2.0200580420000165,2.020192165999987,0.21859537499997828,2.2511285839999857,0.9394,0.9559734110723799,"[0.0954, 0.111, 0.1018, 0.0994, 0.1004, 0.099, 0.103, 0.1142, 0.0906, 0.0852]",/Users/deepakkanneganti/Documents/Experimemt 3/MINIST/traditional adaptive composition techniques/client_profiles/weights/translate31.pt
translate32,translate32,corrupt_fl,/Users/deepakkanneganti/Documents/Experimemt 3/MINIST/FL_C/artifacts/federated_artifact_corrupt/translate,client_7_round_3.pt,/Users/deepakkanneganti/Documents/Experimemt 3/MINIST/FL_C/artifacts/federated_artifact_corrupt/translate/clients/client_7_round_3.pt,client_7,3,round_snapshot,translate,client_7,digit_classification,mnist_image,1x28x28,digit_label,digits_0_9,10,mnist_c_translate,translate,5388,"{""0"": 316, ""1"": 917, ""2"": 381, ""3"": 1042, ""4"": 374, ""5"": 921, ""6"": 671, ""7"": 286, ""8"": 208, ""9"": 272}",0.19916994479853053,test,0.9394,2.131078292000012,2.1312034579999874,0.2486176250000085,2.3900098329999935,0.9394,0.9559734110723799,"[0.0954, 0.111, 0.1018, 0.0994, 0.1004, 0.099, 0.103, 0.1142, 0.0906, 0.0852]",/Users/deepakkanneganti/Documents/Experimemt 3/MINIST/traditional adaptive composition techniques/client_profiles/weights/translate32.pt
translate33,translate33,corrupt_fl,/Users/deepakkanneganti/Documents/Experimemt 3/MINIST/FL_C/artifacts/federated_artifact_corrupt/translate,client_8_round_1.pt,/Users/deepakkanneganti/Documents/Experimemt 3/MINIST/FL_C/artifacts/federated_artifact_corrupt/translate/clients/client_8_round_1.pt,client_8,1,round_snapshot,translate,client_8,digit_classification,mnist_image,1x28x28,digit_label,digits_0_9,10,mnist_c_translate,translate,5831,"{""0"": 316, ""1"": 917, ""2"": 381, ""3"": 1042, ""4"": 374, ""5"": 289, ""6"": 670, ""7"": 286, ""8"": 208, ""9"": 1348}",0.8761275355582652,test,0.8542,2.5227649999999926,2.52301079099999,0.23983729200000425,2.7781587919999993,0.8542,0.8928217333313182,"[0.0828, 0.128, 0.0934, 0.1464, 0.0886, 0.0658, 0.113, 0.0866, 0.0576, 0.1378]",/Users/deepakkanneganti/Documents/Experimemt 3/MINIST/traditional adaptive composition techniques/client_profiles/weights/translate33.pt
translate34,translate34,corrupt_fl,/Users/deepakkanneganti/Documents/Experimemt 3/MINIST/FL_C/artifacts/federated_artifact_corrupt/translate,client_8_round_2.pt,/Users/deepakkanneganti/Documents/Experimemt 3/MINIST/FL_C/artifacts/federated_artifact_corrupt/translate/clients/client_8_round_2.pt,client_8,2,round_snapshot,translate,client_8,digit_classification,mnist_image,1x28x28,digit_label,digits_0_9,10,mnist_c_translate,translate,5831,"{""0"": 316, ""1"": 917, ""2"": 381, ""3"": 1042, ""4"": 374, ""5"": 289, ""6"": 670, ""7"": 286, ""8"": 208, ""9"": 1348}",0.38151048269608745,test,0.9236,2.2015117920000193,2.201794542000016,0.22913583300001505,2.450099499999993,0.9236000000000001,0.9503332422450218,"[0.0984, 0.1194, 0.1102, 0.116, 0.0898, 0.08, 0.0954, 0.089, 0.086, 0.1158]",/Users/deepakkanneganti/Documents/Experimemt 3/MINIST/traditional adaptive composition techniques/client_profiles/weights/translate34.pt
translate35,translate35,corrupt_fl,/Users/deepakkanneganti/Documents/Experimemt 3/MINIST/FL_C/artifacts/federated_artifact_corrupt/translate,client_8.pt,/Users/deepakkanneganti/Documents/Experimemt 3/MINIST/FL_C/artifacts/federated_artifact_corrupt/translate/clients/client_8.pt,client_8,3,final_snapshot,translate,client_8,digit_classification,mnist_image,1x28x28,digit_label,digits_0_9,10,mnist_c_translate,translate,5831,"{""0"": 316, ""1"": 917, ""2"": 381, ""3"": 1042, ""4"": 374, ""5"": 289, ""6"": 670, ""7"": 286, ""8"": 208, ""9"": 1348}",0.20035767668615218,test,0.9388,2.112089666000003,2.112208291999991,0.223088582999992,2.3481089169999905,0.9388,0.945371372967926,"[0.0978, 0.1144, 0.1012, 0.1188, 0.0878, 0.0834, 0.0978, 0.0896, 0.0908, 0.1184]",/Users/deepakkanneganti/Documents/Experimemt 3/MINIST/traditional adaptive composition techniques/client_profiles/weights/translate35.pt
translate36,translate36,corrupt_fl,/Users/deepakkanneganti/Documents/Experimemt 3/MINIST/FL_C/artifacts/federated_artifact_corrupt/translate,client_8_round_3.pt,/Users/deepakkanneganti/Documents/Experimemt 3/MINIST/FL_C/artifacts/federated_artifact_corrupt/translate/clients/client_8_round_3.pt,client_8,3,round_snapshot,translate,client_8,digit_classification,mnist_image,1x28x28,digit_label,digits_0_9,10,mnist_c_translate,translate,5831,"{""0"": 316, ""1"": 917, ""2"": 381, ""3"": 1042, ""4"": 374, ""5"": 289, ""6"": 670, ""7"": 286, ""8"": 208, ""9"": 1348}",0.20035767668615218,test,0.9388,2.088055541000017,2.088194584000007,0.23150766599999884,2.3298149999999964,0.9388,0.945371372967926,"[0.0978, 0.1144, 0.1012, 0.1188, 0.0878, 0.0834, 0.0978, 0.0896, 0.0908, 0.1184]",/Users/deepakkanneganti/Documents/Experimemt 3/MINIST/traditional adaptive composition techniques/client_profiles/weights/translate36.pt
translate37,translate37,corrupt_fl,/Users/deepakkanneganti/Documents/Experimemt 3/MINIST/FL_C/artifacts/federated_artifact_corrupt/translate,client_9_round_1.pt,/Users/deepakkanneganti/Documents/Experimemt 3/MINIST/FL_C/artifacts/federated_artifact_corrupt/translate/clients/client_9_round_1.pt,client_9,1,round_snapshot,translate,client_9,digit_classification,mnist_image,1x28x28,digit_label,digits_0_9,10,mnist_c_translate,translate,5772,"{""0"": 315, ""1"": 431, ""2"": 810, ""3"": 1042, ""4"": 373, ""5"": 289, ""6"": 670, ""7"": 286, ""8"": 208, ""9"": 1348}",0.9880307851278264,test,0.87,2.1979159589999995,2.1980649580000033,0.22864620799998647,2.442897958000003,0.8699999999999999,0.9350138708627881,"[0.1152, 0.1186, 0.1198, 0.1064, 0.0858, 0.0784, 0.0934, 0.0956, 0.0436, 0.1432]",/Users/deepakkanneganti/Documents/Experimemt 3/MINIST/traditional adaptive composition techniques/client_profiles/weights/translate37.pt
translate38,translate38,corrupt_fl,/Users/deepakkanneganti/Documents/Experimemt 3/MINIST/FL_C/artifacts/federated_artifact_corrupt/translate,client_9_round_2.pt,/Users/deepakkanneganti/Documents/Experimemt 3/MINIST/FL_C/artifacts/federated_artifact_corrupt/translate/clients/client_9_round_2.pt,client_9,2,round_snapshot,translate,client_9,digit_classification,mnist_image,1x28x28,digit_label,digits_0_9,10,mnist_c_translate,translate,5772,"{""0"": 315, ""1"": 431, ""2"": 810, ""3"": 1042, ""4"": 373, ""5"": 289, ""6"": 670, ""7"": 286, ""8"": 208, ""9"": 1348}",0.42576024438376014,test,0.9228,2.1295223330000113,2.1298193330000004,0.2308764999999937,2.3795392499999934,0.9228000000000002,0.9504448124598023,"[0.0928, 0.115, 0.1162, 0.121, 0.0856, 0.074, 0.0918, 0.094, 0.096, 0.1136]",/Users/deepakkanneganti/Documents/Experimemt 3/MINIST/traditional adaptive composition techniques/client_profiles/weights/translate38.pt
translate39,translate39,corrupt_fl,/Users/deepakkanneganti/Documents/Experimemt 3/MINIST/FL_C/artifacts/federated_artifact_corrupt/translate,client_9.pt,/Users/deepakkanneganti/Documents/Experimemt 3/MINIST/FL_C/artifacts/federated_artifact_corrupt/translate/clients/client_9.pt,client_9,3,final_snapshot,translate,client_9,digit_classification,mnist_image,1x28x28,digit_label,digits_0_9,10,mnist_c_translate,translate,5772,"{""0"": 315, ""1"": 431, ""2"": 810, ""3"": 1042, ""4"": 373, ""5"": 289, ""6"": 670, ""7"": 286, ""8"": 208, ""9"": 1348}",0.23617177221762098,test,0.9008,2.132549707999999,2.132755166999999,0.24363770900001214,2.3936130839999805,0.9007999999999999,0.9353411465658973,"[0.0972, 0.1132, 0.0918, 0.1436, 0.0926, 0.0818, 0.0908, 0.0848, 0.0704, 0.1338]",/Users/deepakkanneganti/Documents/Experimemt 3/MINIST/traditional adaptive composition techniques/client_profiles/weights/translate39.pt
translate40,translate40,corrupt_fl,/Users/deepakkanneganti/Documents/Experimemt 3/MINIST/FL_C/artifacts/federated_artifact_corrupt/translate,client_9_round_3.pt,/Users/deepakkanneganti/Documents/Experimemt 3/MINIST/FL_C/artifacts/federated_artifact_corrupt/translate/clients/client_9_round_3.pt,client_9,3,round_snapshot,translate,client_9,digit_classification,mnist_image,1x28x28,digit_label,digits_0_9,10,mnist_c_translate,translate,5772,"{""0"": 315, ""1"": 431, ""2"": 810, ""3"": 1042, ""4"": 373, ""5"": 289, ""6"": 670, ""7"": 286, ""8"": 208, ""9"": 1348}",0.23617177221762098,test,0.9008,2.255359666000004,2.2555786669999804,0.2753996250000057,2.5430838749999793,0.9007999999999999,0.9353411465658973,"[0.0972, 0.1132, 0.0918, 0.1436, 0.0926, 0.0818, 0.0908, 0.0848, 0.0704, 0.1338]",/Users/deepakkanneganti/Documents/Experimemt 3/MINIST/traditional adaptive composition techniques/client_profiles/weights/translate40.pt
clean+translate1,clean+translate1,corrupt_fl,/Users/deepakkanneganti/Documents/Experimemt 3/MINIST/FL_C/artifacts/federated_artifact_corrupt/clean_translate,client_0_round_1.pt,/Users/deepakkanneganti/Documents/Experimemt 3/MINIST/FL_C/artifacts/federated_artifact_corrupt/clean_translate/clients/client_0_round_1.pt,client_0,1,round_snapshot,clean+translate,client_0,digit_classification,mnist_image,1x28x28,digit_label,digits_0_9,10,mnist_c_clean+translate,clean+translate,1282,"{""0"": 292, ""1"": 89, ""2"": 68, ""3"": 90, ""4"": 181, ""5"": 183, ""6"": 168, ""7"": 68, ""8"": 55, ""9"": 88}",0.942785354274692,test,0.5768,2.8692382079999845,2.869712708999998,0.8861596669999869,3.8650521250000054,0.5768,0.7124938639790857,"[0.098, 0.1036, 0.0784, 0.098, 0.1192, 0.1658, 0.135, 0.1038, 0.0334, 0.0648]",/Users/deepakkanneganti/Documents/Experimemt 3/MINIST/traditional adaptive composition techniques/client_profiles/weights/clean+translate1.pt
clean+translate2,clean+translate2,corrupt_fl,/Users/deepakkanneganti/Documents/Experimemt 3/MINIST/FL_C/artifacts/federated_artifact_corrupt/clean_translate,client_0_round_2.pt,/Users/deepakkanneganti/Documents/Experimemt 3/MINIST/FL_C/artifacts/federated_artifact_corrupt/clean_translate/clients/client_0_round_2.pt,client_0,2,round_snapshot,clean+translate,client_0,digit_classification,mnist_image,1x28x28,digit_label,digits_0_9,10,mnist_c_clean+translate,clean+translate,1282,"{""0"": 292, ""1"": 89, ""2"": 68, ""3"": 90, ""4"": 181, ""5"": 183, ""6"": 168, ""7"": 68, ""8"": 55, ""9"": 88}",0.4703021428801797,test,0.6914,2.9844885420000082,2.9851866250000114,0.3894441660000041,3.556834084000002,0.6914000000000001,0.7452990028816457,"[0.113, 0.0772, 0.0716, 0.0606, 0.0904, 0.1494, 0.1216, 0.1576, 0.0906, 0.068]",/Users/deepakkanneganti/Documents/Experimemt 3/MINIST/traditional adaptive composition techniques/client_profiles/weights/clean+translate2.pt
clean+translate3,clean+translate3,corrupt_fl,/Users/deepakkanneganti/Documents/Experimemt 3/MINIST/FL_C/artifacts/federated_artifact_corrupt/clean_translate,client_0_round_3.pt,/Users/deepakkanneganti/Documents/Experimemt 3/MINIST/FL_C/artifacts/federated_artifact_corrupt/clean_translate/clients/client_0_round_3.pt,client_0,3,round_snapshot,clean+translate,client_0,digit_classification,mnist_image,1x28x28,digit_label,digits_0_9,10,mnist_c_clean+translate,clean+translate,1282,"{""0"": 292, ""1"": 89, ""2"": 68, ""3"": 90, ""4"": 181, ""5"": 183, ""6"": 168, ""7"": 68, ""8"": 55, ""9"": 88}",0.15956433252854782,test,0.8182,5.255932959000006,5.256475749999993,0.30316287499999817,5.674139625000009,0.8182,0.8599392214603333,"[0.109, 0.1154, 0.0924, 0.0964, 0.1292, 0.1034, 0.1084, 0.0848, 0.083, 0.078]",/Users/deepakkanneganti/Documents/Experimemt 3/MINIST/traditional adaptive composition techniques/client_profiles/weights/clean+translate3.pt
clean+translate4,clean+translate4,corrupt_fl,/Users/deepakkanneganti/Documents/Experimemt 3/MINIST/FL_C/artifacts/federated_artifact_corrupt/clean_translate,client_0_round_4.pt,/Users/deepakkanneganti/Documents/Experimemt 3/MINIST/FL_C/artifacts/federated_artifact_corrupt/clean_translate/clients/client_0_round_4.pt,client_0,4,round_snapshot,clean+translate,client_0,digit_classification,mnist_image,1x28x28,digit_label,digits_0_9,10,mnist_c_clean+translate,clean+translate,1282,"{""0"": 292, ""1"": 89, ""2"": 68, ""3"": 90, ""4"": 181, ""5"": 183, ""6"": 168, ""7"": 68, ""8"": 55, ""9"": 88}",0.12971047851059472,test,0.8028,2.205796915999997,2.2062697080000078,0.2378882080000153,2.6530614170000035,0.8028000000000001,0.8576182932978444,"[0.123, 0.1366, 0.0822, 0.101, 0.1098, 0.1292, 0.0776, 0.1248, 0.0458, 0.07]",/Users/deepakkanneganti/Documents/Experimemt 3/MINIST/traditional adaptive composition techniques/client_profiles/weights/clean+translate4.pt
clean+translate5,clean+translate5,corrupt_fl,/Users/deepakkanneganti/Documents/Experimemt 3/MINIST/FL_C/artifacts/federated_artifact_corrupt/clean_translate,client_0_round_5.pt,/Users/deepakkanneganti/Documents/Experimemt 3/MINIST/FL_C/artifacts/federated_artifact_corrupt/clean_translate/clients/client_0_round_5.pt,client_0,5,round_snapshot,clean+translate,client_0,digit_classification,mnist_image,1x28x28,digit_label,digits_0_9,10,mnist_c_clean+translate,clean+translate,1282,"{""0"": 292, ""1"": 89, ""2"": 68, ""3"": 90, ""4"": 181, ""5"": 183, ""6"": 168, ""7"": 68, ""8"": 55, ""9"": 88}",0.1336107915849425,test,0.8602,2.113394999999997,2.113517540999993,0.22522816700001158,2.37638208300001,0.8602000000000001,0.877336107309838,"[0.108, 0.1148, 0.0866, 0.1012, 0.1218, 0.1078, 0.093, 0.1066, 0.0702, 0.09]",/Users/deepakkanneganti/Documents/Experimemt 3/MINIST/traditional adaptive composition techniques/client_profiles/weights/clean+translate5.pt
clean+translate6,clean+translate6,corrupt_fl,/Users/deepakkanneganti/Documents/Experimemt 3/MINIST/FL_C/artifacts/federated_artifact_corrupt/clean_translate,client_0_round_6.pt,/Users/deepakkanneganti/Documents/Experimemt 3/MINIST/FL_C/artifacts/federated_artifact_corrupt/clean_translate/clients/client_0_round_6.pt,client_0,6,round_snapshot,clean+translate,client_0,digit_classification,mnist_image,1x28x28,digit_label,digits_0_9,10,mnist_c_clean+translate,clean+translate,1282,"{""0"": 292, ""1"": 89, ""2"": 68, ""3"": 90, ""4"": 181, ""5"": 183, ""6"": 168, ""7"": 68, ""8"": 55, ""9"": 88}",0.08717208093201573,test,0.8704,2.350257292000009,2.3507903339999814,0.24877574999999297,2.670651167000017,0.8704000000000001,0.9017295329637867,"[0.099, 0.1194, 0.0938, 0.096, 0.099, 0.0992, 0.1122, 0.0984, 0.068, 0.115]",/Users/deepakkanneganti/Documents/Experimemt 3/MINIST/traditional adaptive composition techniques/client_profiles/weights/clean+translate6.pt
clean+translate7,clean+translate7,corrupt_fl,/Users/deepakkanneganti/Documents/Experimemt 3/MINIST/FL_C/artifacts/federated_artifact_corrupt/clean_translate,client_0_round_7.pt,/Users/deepakkanneganti/Documents/Experimemt 3/MINIST/FL_C/artifacts/federated_artifact_corrupt/clean_translate/clients/client_0_round_7.pt,client_0,7,round_snapshot,clean+translate,client_0,digit_classification,mnist_image,1x28x28,digit_label,digits_0_9,10,mnist_c_clean+translate,clean+translate,1282,"{""0"": 292, ""1"": 89, ""2"": 68, ""3"": 90, ""4"": 181, ""5"": 183, ""6"": 168, ""7"": 68, ""8"": 55, ""9"": 88}",0.08778192922755172,test,0.8628,2.0943964580000056,2.094530375000005,0.2396922079999797,2.4080558750000023,0.8628,0.8829137808540896,"[0.1258, 0.1044, 0.085, 0.1352, 0.09, 0.0924, 0.0994, 0.1134, 0.0516, 0.1028]",/Users/deepakkanneganti/Documents/Experimemt 3/MINIST/traditional adaptive composition techniques/client_profiles/weights/clean+translate7.pt
clean+translate8,clean+translate8,corrupt_fl,/Users/deepakkanneganti/Documents/Experimemt 3/MINIST/FL_C/artifacts/federated_artifact_corrupt/clean_translate,client_0_round_8.pt,/Users/deepakkanneganti/Documents/Experimemt 3/MINIST/FL_C/artifacts/federated_artifact_corrupt/clean_translate/clients/client_0_round_8.pt,client_0,8,round_snapshot,clean+translate,client_0,digit_classification,mnist_image,1x28x28,digit_label,digits_0_9,10,mnist_c_clean+translate,clean+translate,1282,"{""0"": 292, ""1"": 89, ""2"": 68, ""3"": 90, ""4"": 181, ""5"": 183, ""6"": 168, ""7"": 68, ""8"": 55, ""9"": 88}",0.07391552501499202,test,0.8756,2.130008666000009,2.1302484590000006,0.2221290839999881,2.38841179100001,0.8755999999999998,0.8808472192000547,"[0.1252, 0.1274, 0.0876, 0.0844, 0.1008, 0.0964, 0.0886, 0.1268, 0.0674, 0.0954]",/Users/deepakkanneganti/Documents/Experimemt 3/MINIST/traditional adaptive composition techniques/client_profiles/weights/clean+translate8.pt
clean+translate9,clean+translate9,corrupt_fl,/Users/deepakkanneganti/Documents/Experimemt 3/MINIST/FL_C/artifacts/federated_artifact_corrupt/clean_translate,client_0_round_9.pt,/Users/deepakkanneganti/Documents/Experimemt 3/MINIST/FL_C/artifacts/federated_artifact_corrupt/clean_translate/clients/client_0_round_9.pt,client_0,9,round_snapshot,clean+translate,client_0,digit_classification,mnist_image,1x28x28,digit_label,digits_0_9,10,mnist_c_clean+translate,clean+translate,1282,"{""0"": 292, ""1"": 89, ""2"": 68, ""3"": 90, ""4"": 181, ""5"": 183, ""6"": 168, ""7"": 68, ""8"": 55, ""9"": 88}",0.06601949102442825,test,0.8838,2.083751833000008,2.0838884580000183,0.21372962500001336,2.383031332999991,0.8837999999999999,0.8960448152290067,"[0.1206, 0.1134, 0.115, 0.0864, 0.1236, 0.0882, 0.0856, 0.087, 0.0874, 0.0928]",/Users/deepakkanneganti/Documents/Experimemt 3/MINIST/traditional adaptive composition techniques/client_profiles/weights/clean+translate9.pt
clean+translate10,clean+translate10,corrupt_fl,/Users/deepakkanneganti/Documents/Experimemt 3/MINIST/FL_C/artifacts/federated_artifact_corrupt/clean_translate,client_0_round_10.pt,/Users/deepakkanneganti/Documents/Experimemt 3/MINIST/FL_C/artifacts/federated_artifact_corrupt/clean_translate/clients/client_0_round_10.pt,client_0,10,round_snapshot,clean+translate,client_0,digit_classification,mnist_image,1x28x28,digit_label,digits_0_9,10,mnist_c_clean+translate,clean+translate,1282,"{""0"": 292, ""1"": 89, ""2"": 68, ""3"": 90, ""4"": 181, ""5"": 183, ""6"": 168, ""7"": 68, ""8"": 55, ""9"": 88}",0.05304774705556073,test,0.9068,2.105322290999993,2.105458124999984,0.24656724999999824,2.3857256670000027,0.9067999999999999,0.924928615372379,"[0.0976, 0.1174, 0.0998, 0.1086, 0.0962, 0.1124, 0.1008, 0.0922, 0.0794, 0.0956]",/Users/deepakkanneganti/Documents/Experimemt 3/MINIST/traditional adaptive composition techniques/client_profiles/weights/clean+translate10.pt
clean+translate11,clean+translate11,corrupt_fl,/Users/deepakkanneganti/Documents/Experimemt 3/MINIST/FL_C/artifacts/federated_artifact_corrupt/clean_translate,client_0_round_11.pt,/Users/deepakkanneganti/Documents/Experimemt 3/MINIST/FL_C/artifacts/federated_artifact_corrupt/clean_translate/clients/client_0_round_11.pt,client_0,11,round_snapshot,clean+translate,client_0,digit_classification,mnist_image,1x28x28,digit_label,digits_0_9,10,mnist_c_clean+translate,clean+translate,1282,"{""0"": 292, ""1"": 89, ""2"": 68, ""3"": 90, ""4"": 181, ""5"": 183, ""6"": 168, ""7"": 68, ""8"": 55, ""9"": 88}",0.04557915814185628,test,0.9146,2.0797301669999797,2.0798864170000115,0.22836720899999818,2.341946207999996,0.9146000000000001,0.9298683305429252,"[0.122, 0.1116, 0.1106, 0.1008, 0.0906, 0.0818, 0.0944, 0.102, 0.079, 0.1072]",/Users/deepakkanneganti/Documents/Experimemt 3/MINIST/traditional adaptive composition techniques/client_profiles/weights/clean+translate11.pt
clean+translate12,clean+translate12,corrupt_fl,/Users/deepakkanneganti/Documents/Experimemt 3/MINIST/FL_C/artifacts/federated_artifact_corrupt/clean_translate,client_0_round_12.pt,/Users/deepakkanneganti/Documents/Experimemt 3/MINIST/FL_C/artifacts/federated_artifact_corrupt/clean_translate/clients/client_0_round_12.pt,client_0,12,round_snapshot,clean+translate,client_0,digit_classification,mnist_image,1x28x28,digit_label,digits_0_9,10,mnist_c_clean+translate,clean+translate,1282,"{""0"": 292, ""1"": 89, ""2"": 68, ""3"": 90, ""4"": 181, ""5"": 183, ""6"": 168, ""7"": 68, ""8"": 55, ""9"": 88}",0.05323179481395831,test,0.9136,2.0436971249999942,2.0438109579999946,0.22930041699999038,2.3154739999999947,0.9136,0.9060278472502243,"[0.1098, 0.1088, 0.0974, 0.0984, 0.119, 0.092, 0.1008, 0.0964, 0.0792, 0.0982]",/Users/deepakkanneganti/Documents/Experimemt 3/MINIST/traditional adaptive composition techniques/client_profiles/weights/clean+translate12.pt
clean+translate13,clean+translate13,corrupt_fl,/Users/deepakkanneganti/Documents/Experimemt 3/MINIST/FL_C/artifacts/federated_artifact_corrupt/clean_translate,client_0_round_13.pt,/Users/deepakkanneganti/Documents/Experimemt 3/MINIST/FL_C/artifacts/federated_artifact_corrupt/clean_translate/clients/client_0_round_13.pt,client_0,13,round_snapshot,clean+translate,client_0,digit_classification,mnist_image,1x28x28,digit_label,digits_0_9,10,mnist_c_clean+translate,clean+translate,1282,"{""0"": 292, ""1"": 89, ""2"": 68, ""3"": 90, ""4"": 181, ""5"": 183, ""6"": 168, ""7"": 68, ""8"": 55, ""9"": 88}",0.048904914642193806,test,0.9158,2.0734740419999866,2.0735962919999906,0.2157067500000096,2.3235857919999887,0.9158000000000002,0.9323959905567645,"[0.0984, 0.1104, 0.1064, 0.092, 0.1016, 0.104, 0.0974, 0.1054, 0.091, 0.0934]",/Users/deepakkanneganti/Documents/Experimemt 3/MINIST/traditional adaptive composition techniques/client_profiles/weights/clean+translate13.pt
clean+translate14,clean+translate14,corrupt_fl,/Users/deepakkanneganti/Documents/Experimemt 3/MINIST/FL_C/artifacts/federated_artifact_corrupt/clean_translate,client_0_round_14.pt,/Users/deepakkanneganti/Documents/Experimemt 3/MINIST/FL_C/artifacts/federated_artifact_corrupt/clean_translate/clients/client_0_round_14.pt,client_0,14,round_snapshot,clean+translate,client_0,digit_classification,mnist_image,1x28x28,digit_label,digits_0_9,10,mnist_c_clean+translate,clean+translate,1282,"{""0"": 292, ""1"": 89, ""2"": 68, ""3"": 90, ""4"": 181, ""5"": 183, ""6"": 168, ""7"": 68, ""8"": 55, ""9"": 88}",0.03683544166084506,test,0.9022,2.1218692079999926,2.1220012910000037,0.21096354100001236,2.3673588329999973,0.9022,0.9070930002588232,"[0.0904, 0.1264, 0.0916, 0.0996, 0.0986, 0.1234, 0.0916, 0.1014, 0.0792, 0.0978]",/Users/deepakkanneganti/Documents/Experimemt 3/MINIST/traditional adaptive composition techniques/client_profiles/weights/clean+translate14.pt
clean+translate15,clean+translate15,corrupt_fl,/Users/deepakkanneganti/Documents/Experimemt 3/MINIST/FL_C/artifacts/federated_artifact_corrupt/clean_translate,client_0_round_15.pt,/Users/deepakkanneganti/Documents/Experimemt 3/MINIST/FL_C/artifacts/federated_artifact_corrupt/clean_translate/clients/client_0_round_15.pt,client_0,15,round_snapshot,clean+translate,client_0,digit_classification,mnist_image,1x28x28,digit_label,digits_0_9,10,mnist_c_clean+translate,clean+translate,1282,"{""0"": 292, ""1"": 89, ""2"": 68, ""3"": 90, ""4"": 181, ""5"": 183, ""6"": 168, ""7"": 68, ""8"": 55, ""9"": 88}",0.04144969499569043,test,0.918,2.116182041000002,2.116311749999994,0.22936020800000279,2.3801289999999824,0.9179999999999999,0.9259145723405395,"[0.1028, 0.107, 0.094, 0.0944, 0.1054, 0.1102, 0.0982, 0.1002, 0.0876, 0.1002]",/Users/deepakkanneganti/Documents/Experimemt 3/MINIST/traditional adaptive composition techniques/client_profiles/weights/clean+translate15.pt
clean+translate16,clean+translate16,corrupt_fl,/Users/deepakkanneganti/Documents/Experimemt 3/MINIST/FL_C/artifacts/federated_artifact_corrupt/clean_translate,client_0_round_16.pt,/Users/deepakkanneganti/Documents/Experimemt 3/MINIST/FL_C/artifacts/federated_artifact_corrupt/clean_translate/clients/client_0_round_16.pt,client_0,16,round_snapshot,clean+translate,client_0,digit_classification,mnist_image,1x28x28,digit_label,digits_0_9,10,mnist_c_clean+translate,clean+translate,1282,"{""0"": 292, ""1"": 89, ""2"": 68, ""3"": 90, ""4"": 181, ""5"": 183, ""6"": 168, ""7"": 68, ""8"": 55, ""9"": 88}",0.037817969919353454,test,0.9236,2.0822136250000085,2.082358666999994,0.2304785000000038,2.3560650409999937,0.9235999999999999,0.954526878067193,"[0.114, 0.1142, 0.1006, 0.1052, 0.0978, 0.0904, 0.0924, 0.105, 0.0808, 0.0996]",/Users/deepakkanneganti/Documents/Experimemt 3/MINIST/traditional adaptive composition techniques/client_profiles/weights/clean+translate16.pt
clean+translate17,clean+translate17,corrupt_fl,/Users/deepakkanneganti/Documents/Experimemt 3/MINIST/FL_C/artifacts/federated_artifact_corrupt/clean_translate,client_0_round_17.pt,/Users/deepakkanneganti/Documents/Experimemt 3/MINIST/FL_C/artifacts/federated_artifact_corrupt/clean_translate/clients/client_0_round_17.pt,client_0,17,round_snapshot,clean+translate,client_0,digit_classification,mnist_image,1x28x28,digit_label,digits_0_9,10,mnist_c_clean+translate,clean+translate,1282,"{""0"": 292, ""1"": 89, ""2"": 68, ""3"": 90, ""4"": 181, ""5"": 183, ""6"": 168, ""7"": 68, ""8"": 55, ""9"": 88}",0.07789633425349937,test,0.9246,2.0687062910000122,2.068847792000014,0.22084212500001854,2.3207207910000136,0.9245999999999999,0.9339839760665454,"[0.11, 0.116, 0.098, 0.0926, 0.0992, 0.0914, 0.086, 0.0998, 0.1096, 0.0974]",/Users/deepakkanneganti/Documents/Experimemt 3/MINIST/traditional adaptive composition techniques/client_profiles/weights/clean+translate17.pt
clean+translate18,clean+translate18,corrupt_fl,/Users/deepakkanneganti/Documents/Experimemt 3/MINIST/FL_C/artifacts/federated_artifact_corrupt/clean_translate,client_0_round_18.pt,/Users/deepakkanneganti/Documents/Experimemt 3/MINIST/FL_C/artifacts/federated_artifact_corrupt/clean_translate/clients/client_0_round_18.pt,client_0,18,round_snapshot,clean+translate,client_0,digit_classification,mnist_image,1x28x28,digit_label,digits_0_9,10,mnist_c_clean+translate,clean+translate,1282,"{""0"": 292, ""1"": 89, ""2"": 68, ""3"": 90, ""4"": 181, ""5"": 183, ""6"": 168, ""7"": 68, ""8"": 55, ""9"": 88}",0.03259915876322228,test,0.9204,2.043350916999998,2.043460957999997,0.20970137500000874,2.287383417000001,0.9203999999999999,0.9287502350629679,"[0.1008, 0.1152, 0.094, 0.113, 0.1002, 0.0934, 0.0934, 0.112, 0.0706, 0.1074]",/Users/deepakkanneganti/Documents/Experimemt 3/MINIST/traditional adaptive composition techniques/client_profiles/weights/clean+translate18.pt
clean+translate19,clean+translate19,corrupt_fl,/Users/deepakkanneganti/Documents/Experimemt 3/MINIST/FL_C/artifacts/federated_artifact_corrupt/clean_translate,client_0_round_19.pt,/Users/deepakkanneganti/Documents/Experimemt 3/MINIST/FL_C/artifacts/federated_artifact_corrupt/clean_translate/clients/client_0_round_19.pt,client_0,19,round_snapshot,clean+translate,client_0,digit_classification,mnist_image,1x28x28,digit_label,digits_0_9,10,mnist_c_clean+translate,clean+translate,1282,"{""0"": 292, ""1"": 89, ""2"": 68, ""3"": 90, ""4"": 181, ""5"": 183, ""6"": 168, ""7"": 68, ""8"": 55, ""9"": 88}",0.03778867998368118,test,0.9314,2.1083760409999854,2.1085530409999933,0.2565072499999985,2.3974141250000116,0.9314,0.9314452359390727,"[0.1062, 0.1126, 0.0954, 0.0958, 0.115, 0.095, 0.1034, 0.106, 0.0774, 0.0932]",/Users/deepakkanneganti/Documents/Experimemt 3/MINIST/traditional adaptive composition techniques/client_profiles/weights/clean+translate19.pt
clean+translate20,clean+translate20,corrupt_fl,/Users/deepakkanneganti/Documents/Experimemt 3/MINIST/FL_C/artifacts/federated_artifact_corrupt/clean_translate,client_0.pt,/Users/deepakkanneganti/Documents/Experimemt 3/MINIST/FL_C/artifacts/federated_artifact_corrupt/clean_translate/clients/client_0.pt,client_0,20,final_snapshot,clean+translate,client_0,digit_classification,mnist_image,1x28x28,digit_label,digits_0_9,10,mnist_c_clean+translate,clean+translate,1282,"{""0"": 292, ""1"": 89, ""2"": 68, ""3"": 90, ""4"": 181, ""5"": 183, ""6"": 168, ""7"": 68, ""8"": 55, ""9"": 88}",0.03298207184758267,test,0.9248,2.7372869169999774,2.7376046669999994,0.24001899999998955,3.1048299999999927,0.9248,0.9226903586313182,"[0.1142, 0.1106, 0.091, 0.101, 0.1112, 0.1006, 0.0892, 0.1096, 0.0822, 0.0904]",/Users/deepakkanneganti/Documents/Experimemt 3/MINIST/traditional adaptive composition techniques/client_profiles/weights/clean+translate20.pt
clean+translate21,clean+translate21,corrupt_fl,/Users/deepakkanneganti/Documents/Experimemt 3/MINIST/FL_C/artifacts/federated_artifact_corrupt/clean_translate,client_0_round_20.pt,/Users/deepakkanneganti/Documents/Experimemt 3/MINIST/FL_C/artifacts/federated_artifact_corrupt/clean_translate/clients/client_0_round_20.pt,client_0,20,round_snapshot,clean+translate,client_0,digit_classification,mnist_image,1x28x28,digit_label,digits_0_9,10,mnist_c_clean+translate,clean+translate,1282,"{""0"": 292, ""1"": 89, ""2"": 68, ""3"": 90, ""4"": 181, ""5"": 183, ""6"": 168, ""7"": 68, ""8"": 55, ""9"": 88}",0.03298207184758267,test,0.9248,2.1822140830000194,2.182394875,0.22453312500002198,2.4851139579999995,0.9248,0.9226903586313182,"[0.1142, 0.1106, 0.091, 0.101, 0.1112, 0.1006, 0.0892, 0.1096, 0.0822, 0.0904]",/Users/deepakkanneganti/Documents/Experimemt 3/MINIST/traditional adaptive composition techniques/client_profiles/weights/clean+translate21.pt
clean+translate22,clean+translate22,corrupt_fl,/Users/deepakkanneganti/Documents/Experimemt 3/MINIST/FL_C/artifacts/federated_artifact_corrupt/clean_translate,client_1_round_1.pt,/Users/deepakkanneganti/Documents/Experimemt 3/MINIST/FL_C/artifacts/federated_artifact_corrupt/clean_translate/clients/client_1_round_1.pt,client_1,1,round_snapshot,clean+translate,client_1,digit_classification,mnist_image,1x28x28,digit_label,digits_0_9,10,mnist_c_clean+translate,clean+translate,1427,"{""0"": 292, ""1"": 284, ""2"": 68, ""3"": 90, ""4"": 181, ""5"": 183, ""6"": 118, ""7"": 68, ""8"": 55, ""9"": 88}",0.9582268645366033,test,0.624,2.2986372499999845,2.298964041000005,0.2855562089999921,2.657450124999997,0.6239999999999999,0.7152935316284429,"[0.1138, 0.1766, 0.1192, 0.0792, 0.0996, 0.1278, 0.0786, 0.0744, 0.0456, 0.0852]",/Users/deepakkanneganti/Documents/Experimemt 3/MINIST/traditional adaptive composition techniques/client_profiles/weights/clean+translate22.pt
clean+translate23,clean+translate23,corrupt_fl,/Users/deepakkanneganti/Documents/Experimemt 3/MINIST/FL_C/artifacts/federated_artifact_corrupt/clean_translate,client_1_round_2.pt,/Users/deepakkanneganti/Documents/Experimemt 3/MINIST/FL_C/artifacts/federated_artifact_corrupt/clean_translate/clients/client_1_round_2.pt,client_1,2,round_snapshot,clean+translate,client_1,digit_classification,mnist_image,1x28x28,digit_label,digits_0_9,10,mnist_c_clean+translate,clean+translate,1427,"{""0"": 292, ""1"": 284, ""2"": 68, ""3"": 90, ""4"": 181, ""5"": 183, ""6"": 118, ""7"": 68, ""8"": 55, ""9"": 88}",0.3580206162813637,test,0.7578,3.0989115830000173,3.0991790840000135,0.23232779200000664,3.424490583000022,0.7577999999999999,0.7936656921300206,"[0.0914, 0.1304, 0.1118, 0.1264, 0.1112, 0.1172, 0.0914, 0.0698, 0.0558, 0.0946]",/Users/deepakkanneganti/Documents/Experimemt 3/MINIST/traditional adaptive composition techniques/client_profiles/weights/clean+translate23.pt
clean+translate24,clean+translate24,corrupt_fl,/Users/deepakkanneganti/Documents/Experimemt 3/MINIST/FL_C/artifacts/federated_artifact_corrupt/clean_translate,client_1_round_3.pt,/Users/deepakkanneganti/Documents/Experimemt 3/MINIST/FL_C/artifacts/federated_artifact_corrupt/clean_translate/clients/client_1_round_3.pt,client_1,3,round_snapshot,clean+translate,client_1,digit_classification,mnist_image,1x28x28,digit_label,digits_0_9,10,mnist_c_clean+translate,clean+translate,1427,"{""0"": 292, ""1"": 284, ""2"": 68, ""3"": 90, ""4"": 181, ""5"": 183, ""6"": 118, ""7"": 68, ""8"": 55, ""9"": 88}",0.17961393291544583,test,0.7648,2.0891459999999995,2.0893375420000098,0.29065116699999294,2.4932507919999978,0.7648,0.8123059682890099,"[0.1258, 0.1616, 0.0934, 0.0576, 0.1308, 0.092, 0.064, 0.1172, 0.0562, 0.1014]",/Users/deepakkanneganti/Documents/Experimemt 3/MINIST/traditional adaptive composition techniques/client_profiles/weights/clean+translate24.pt
clean+translate25,clean+translate25,corrupt_fl,/Users/deepakkanneganti/Documents/Experimemt 3/MINIST/FL_C/artifacts/federated_artifact_corrupt/clean_translate,client_1_round_4.pt,/Users/deepakkanneganti/Documents/Experimemt 3/MINIST/FL_C/artifacts/federated_artifact_corrupt/clean_translate/clients/client_1_round_4.pt,client_1,4,round_snapshot,clean+translate,client_1,digit_classification,mnist_image,1x28x28,digit_label,digits_0_9,10,mnist_c_clean+translate,clean+translate,1427,"{""0"": 292, ""1"": 284, ""2"": 68, ""3"": 90, ""4"": 181, ""5"": 183, ""6"": 118, ""7"": 68, ""8"": 55, ""9"": 88}",0.11509130253560013,test,0.8224,2.2076402079999866,2.2102026249999938,0.24247362500000236,2.5760102920000065,0.8224,0.8622490369187343,"[0.1014, 0.1388, 0.116, 0.1006, 0.1132, 0.0856, 0.0828, 0.078, 0.069, 0.1146]",/Users/deepakkanneganti/Documents/Experimemt 3/MINIST/traditional adaptive composition techniques/client_profiles/weights/clean+translate25.pt
clean+translate26,clean+translate26,corrupt_fl,/Users/deepakkanneganti/Documents/Experimemt 3/MINIST/FL_C/artifacts/federated_artifact_corrupt/clean_translate,client_1_round_5.pt,/Users/deepakkanneganti/Documents/Experimemt 3/MINIST/FL_C/artifacts/federated_artifact_corrupt/clean_translate/clients/client_1_round_5.pt,client_1,5,round_snapshot,clean+translate,client_1,digit_classification,mnist_image,1x28x28,digit_label,digits_0_9,10,mnist_c_clean+translate,clean+translate,1427,"{""0"": 292, ""1"": 284, ""2"": 68, ""3"": 90, ""4"": 181, ""5"": 183, ""6"": 118, ""7"": 68, ""8"": 55, ""9"": 88}",0.11175408172938558,test,0.8326,2.1036991249999915,2.103931208000006,0.22264866599999777,2.4023730409999757,0.8326,0.8815735217991802,"[0.1106, 0.1232, 0.092, 0.0732, 0.1088, 0.1514, 0.0888, 0.077, 0.0746, 0.1004]",/Users/deepakkanneganti/Documents/Experimemt 3/MINIST/traditional adaptive composition techniques/client_profiles/weights/clean+translate26.pt
clean+translate27,clean+translate27,corrupt_fl,/Users/deepakkanneganti/Documents/Experimemt 3/MINIST/FL_C/artifacts/federated_artifact_corrupt/clean_translate,client_1_round_6.pt,/Users/deepakkanneganti/Documents/Experimemt 3/MINIST/FL_C/artifacts/federated_artifact_corrupt/clean_translate/clients/client_1_round_6.pt,client_1,6,round_snapshot,clean+translate,client_1,digit_classification,mnist_image,1x28x28,digit_label,digits_0_9,10,mnist_c_clean+translate,clean+translate,1427,"{""0"": 292, ""1"": 284, ""2"": 68, ""3"": 90, ""4"": 181, ""5"": 183, ""6"": 118, ""7"": 68, ""8"": 55, ""9"": 88}",0.08556015742942691,test,0.8474,2.003866375000001,2.0039876250000077,0.21337687499999447,2.260347208000013,0.8474,0.8892858599618001,"[0.1168, 0.1224, 0.1146, 0.0914, 0.0982, 0.1112, 0.0908, 0.0918, 0.0682, 0.0946]",/Users/deepakkanneganti/Documents/Experimemt 3/MINIST/traditional adaptive composition techniques/client_profiles/weights/clean+translate27.pt
clean+translate28,clean+translate28,corrupt_fl,/Users/deepakkanneganti/Documents/Experimemt 3/MINIST/FL_C/artifacts/federated_artifact_corrupt/clean_translate,client_1_round_7.pt,/Users/deepakkanneganti/Documents/Experimemt 3/MINIST/FL_C/artifacts/federated_artifact_corrupt/clean_translate/clients/client_1_round_7.pt,client_1,7,round_snapshot,clean+translate,client_1,digit_classification,mnist_image,1x28x28,digit_label,digits_0_9,10,mnist_c_clean+translate,clean+translate,1427,"{""0"": 292, ""1"": 284, ""2"": 68, ""3"": 90, ""4"": 181, ""5"": 183, ""6"": 118, ""7"": 68, ""8"": 55, ""9"": 88}",0.07980129096863998,test,0.8526,2.0179308749999905,2.0180592090000005,0.24737812499998313,2.2993762499999946,0.8526,0.8813451373509337,"[0.113, 0.118, 0.1114, 0.091, 0.1078, 0.0898, 0.088, 0.0964, 0.0592, 0.1254]",/Users/deepakkanneganti/Documents/Experimemt 3/MINIST/traditional adaptive composition techniques/client_profiles/weights/clean+translate28.pt
clean+translate29,clean+translate29,corrupt_fl,/Users/deepakkanneganti/Documents/Experimemt 3/MINIST/FL_C/artifacts/federated_artifact_corrupt/clean_translate,client_1_round_8.pt,/Users/deepakkanneganti/Documents/Experimemt 3/MINIST/FL_C/artifacts/federated_artifact_corrupt/clean_translate/clients/client_1_round_8.pt,client_1,8,round_snapshot,clean+translate,client_1,digit_classification,mnist_image,1x28x28,digit_label,digits_0_9,10,mnist_c_clean+translate,clean+translate,1427,"{""0"": 292, ""1"": 284, ""2"": 68, ""3"": 90, ""4"": 181, ""5"": 183, ""6"": 118, ""7"": 68, ""8"": 55, ""9"": 88}",0.09111220658653313,test,0.864,2.565051084000004,2.5652745000000152,0.2315912919999903,2.8920634160000134,0.8639999999999999,0.8920593184210622,"[0.1058, 0.123, 0.1046, 0.0772, 0.122, 0.0932, 0.0852, 0.0942, 0.0824, 0.1124]",/Users/deepakkanneganti/Documents/Experimemt 3/MINIST/traditional adaptive composition techniques/client_profiles/weights/clean+translate29.pt
clean+translate30,clean+translate30,corrupt_fl,/Users/deepakkanneganti/Documents/Experimemt 3/MINIST/FL_C/artifacts/federated_artifact_corrupt/clean_translate,client_1_round_9.pt,/Users/deepakkanneganti/Documents/Experimemt 3/MINIST/FL_C/artifacts/federated_artifact_corrupt/clean_translate/clients/client_1_round_9.pt,client_1,9,round_snapshot,clean+translate,client_1,digit_classification,mnist_image,1x28x28,digit_label,digits_0_9,10,mnist_c_clean+translate,clean+translate,1427,"{""0"": 292, ""1"": 284, ""2"": 68, ""3"": 90, ""4"": 181, ""5"": 183, ""6"": 118, ""7"": 68, ""8"": 55, ""9"": 88}",0.059010815237545304,test,0.8638,2.1935545839999975,2.193974792000006,0.24043504200002985,2.5304979170000195,0.8638,0.8838321401251813,"[0.1174, 0.1336, 0.1056, 0.0778, 0.1106, 0.1126, 0.0918, 0.092, 0.0628, 0.0958]",/Users/deepakkanneganti/Documents/Experimemt 3/MINIST/traditional adaptive composition techniques/client_profiles/weights/clean+translate30.pt
clean+translate31,clean+translate31,corrupt_fl,/Users/deepakkanneganti/Documents/Experimemt 3/MINIST/FL_C/artifacts/federated_artifact_corrupt/clean_translate,client_1_round_10.pt,/Users/deepakkanneganti/Documents/Experimemt 3/MINIST/FL_C/artifacts/federated_artifact_corrupt/clean_translate/clients/client_1_round_10.pt,client_1,10,round_snapshot,clean+translate,client_1,digit_classification,mnist_image,1x28x28,digit_label,digits_0_9,10,mnist_c_clean+translate,clean+translate,1427,"{""0"": 292, ""1"": 284, ""2"": 68, ""3"": 90, ""4"": 181, ""5"": 183, ""6"": 118, ""7"": 68, ""8"": 55, ""9"": 88}",0.07302471708195905,test,0.8768,2.1224939589999963,2.123522625000021,0.24549541600003977,2.4800028329999577,0.8768,0.9040242584284741,"[0.0934, 0.1328, 0.1192, 0.0832, 0.1112, 0.1104, 0.0938, 0.101, 0.0708, 0.0842]",/Users/deepakkanneganti/Documents/Experimemt 3/MINIST/traditional adaptive composition techniques/client_profiles/weights/clean+translate31.pt
clean+translate32,clean+translate32,corrupt_fl,/Users/deepakkanneganti/Documents/Experimemt 3/MINIST/FL_C/artifacts/federated_artifact_corrupt/clean_translate,client_1_round_11.pt,/Users/deepakkanneganti/Documents/Experimemt 3/MINIST/FL_C/artifacts/federated_artifact_corrupt/clean_translate/clients/client_1_round_11.pt,client_1,11,round_snapshot,clean+translate,client_1,digit_classification,mnist_image,1x28x28,digit_label,digits_0_9,10,mnist_c_clean+translate,clean+translate,1427,"{""0"": 292, ""1"": 284, ""2"": 68, ""3"": 90, ""4"": 181, ""5"": 183, ""6"": 118, ""7"": 68, ""8"": 55, ""9"": 88}",0.04867690222130881,test,0.9118,2.510636666000039,2.5112427079999975,0.23263962499999025,2.8145117500000083,0.9118,0.9173697010815209,"[0.1074, 0.1142, 0.122, 0.0878, 0.0928, 0.0954, 0.0852, 0.1026, 0.091, 0.1016]",/Users/deepakkanneganti/Documents/Experimemt 3/MINIST/traditional adaptive composition techniques/client_profiles/weights/clean+translate32.pt
clean+translate33,clean+translate33,corrupt_fl,/Users/deepakkanneganti/Documents/Experimemt 3/MINIST/FL_C/artifacts/federated_artifact_corrupt/clean_translate,client_1_round_12.pt,/Users/deepakkanneganti/Documents/Experimemt 3/MINIST/FL_C/artifacts/federated_artifact_corrupt/clean_translate/clients/client_1_round_12.pt,client_1,12,round_snapshot,clean+translate,client_1,digit_classification,mnist_image,1x28x28,digit_label,digits_0_9,10,mnist_c_clean+translate,clean+translate,1427,"{""0"": 292, ""1"": 284, ""2"": 68, ""3"": 90, ""4"": 181, ""5"": 183, ""6"": 118, ""7"": 68, ""8"": 55, ""9"": 88}",0.04479090217500925,test,0.88,2.0416488750000212,2.0418010419999746,0.24578687499996477,2.379137999999955,0.8800000000000001,0.8987186171294492,"[0.1158, 0.1314, 0.0978, 0.1018, 0.1002, 0.1208, 0.074, 0.0868, 0.0744, 0.097]",/Users/deepakkanneganti/Documents/Experimemt 3/MINIST/traditional adaptive composition techniques/client_profiles/weights/clean+translate33.pt
clean+translate34,clean+translate34,corrupt_fl,/Users/deepakkanneganti/Documents/Experimemt 3/MINIST/FL_C/artifacts/federated_artifact_corrupt/clean_translate,client_1_round_13.pt,/Users/deepakkanneganti/Documents/Experimemt 3/MINIST/FL_C/artifacts/federated_artifact_corrupt/clean_translate/clients/client_1_round_13.pt,client_1,13,round_snapshot,clean+translate,client_1,digit_classification,mnist_image,1x28x28,digit_label,digits_0_9,10,mnist_c_clean+translate,clean+translate,1427,"{""0"": 292, ""1"": 284, ""2"": 68, ""3"": 90, ""4"": 181, ""5"": 183, ""6"": 118, ""7"": 68, ""8"": 55, ""9"": 88}",0.04111857352674835,test,0.9032,2.456195292000018,2.4564356249999832,0.28566995800002815,2.781291957999997,0.9032,0.9048778781102301,"[0.1036, 0.1284, 0.1072, 0.0956, 0.098, 0.0948, 0.0904, 0.0924, 0.078, 0.1116]",/Users/deepakkanneganti/Documents/Experimemt 3/MINIST/traditional adaptive composition techniques/client_profiles/weights/clean+translate34.pt
clean+translate35,clean+translate35,corrupt_fl,/Users/deepakkanneganti/Documents/Experimemt 3/MINIST/FL_C/artifacts/federated_artifact_corrupt/clean_translate,client_1_round_14.pt,/Users/deepakkanneganti/Documents/Experimemt 3/MINIST/FL_C/artifacts/federated_artifact_corrupt/clean_translate/clients/client_1_round_14.pt,client_1,14,round_snapshot,clean+translate,client_1,digit_classification,mnist_image,1x28x28,digit_label,digits_0_9,10,mnist_c_clean+translate,clean+translate,1427,"{""0"": 292, ""1"": 284, ""2"": 68, ""3"": 90, ""4"": 181, ""5"": 183, ""6"": 118, ""7"": 68, ""8"": 55, ""9"": 88}",0.03309149753153583,test,0.9122,2.4064592500000117,2.4066433330000336,0.3101429170000074,2.836508457999969,0.9122,0.915895597706112,"[0.1054, 0.133, 0.0978, 0.0986, 0.0858, 0.1014, 0.0814, 0.0926, 0.094, 0.11]",/Users/deepakkanneganti/Documents/Experimemt 3/MINIST/traditional adaptive composition techniques/client_profiles/weights/clean+translate35.pt
clean+translate36,clean+translate36,corrupt_fl,/Users/deepakkanneganti/Documents/Experimemt 3/MINIST/FL_C/artifacts/federated_artifact_corrupt/clean_translate,client_1_round_15.pt,/Users/deepakkanneganti/Documents/Experimemt 3/MINIST/FL_C/artifacts/federated_artifact_corrupt/clean_translate/clients/client_1_round_15.pt,client_1,15,round_snapshot,clean+translate,client_1,digit_classification,mnist_image,1x28x28,digit_label,digits_0_9,10,mnist_c_clean+translate,clean+translate,1427,"{""0"": 292, ""1"": 284, ""2"": 68, ""3"": 90, ""4"": 181, ""5"": 183, ""6"": 118, ""7"": 68, ""8"": 55, ""9"": 88}",0.03857784078314176,test,0.9028,2.3210809159999712,2.321207916999981,0.2647752909999781,2.621138125000016,0.9027999999999998,0.9144242086000534,"[0.0942, 0.1308, 0.1008, 0.0908, 0.1168, 0.1096, 0.0924, 0.0932, 0.0804, 0.091]",/Users/deepakkanneganti/Documents/Experimemt 3/MINIST/traditional adaptive composition techniques/client_profiles/weights/clean+translate36.pt
clean+translate37,clean+translate37,corrupt_fl,/Users/deepakkanneganti/Documents/Experimemt 3/MINIST/FL_C/artifacts/federated_artifact_corrupt/clean_translate,client_1_round_16.pt,/Users/deepakkanneganti/Documents/Experimemt 3/MINIST/FL_C/artifacts/federated_artifact_corrupt/clean_translate/clients/client_1_round_16.pt,client_1,16,round_snapshot,clean+translate,client_1,digit_classification,mnist_image,1x28x28,digit_label,digits_0_9,10,mnist_c_clean+translate,clean+translate,1427,"{""0"": 292, ""1"": 284, ""2"": 68, ""3"": 90, ""4"": 181, ""5"": 183, ""6"": 118, ""7"": 68, ""8"": 55, ""9"": 88}",0.038773895745786525,test,0.91,2.3516855000000305,2.351945042000011,0.276703915999974,2.6956479999999488,0.9099999999999999,0.9208725737239263,"[0.1064, 0.116, 0.1134, 0.1096, 0.0976, 0.096, 0.083, 0.0956, 0.074, 0.1084]",/Users/deepakkanneganti/Documents/Experimemt 3/MINIST/traditional adaptive composition techniques/client_profiles/weights/clean+translate37.pt
clean+translate38,clean+translate38,corrupt_fl,/Users/deepakkanneganti/Documents/Experimemt 3/MINIST/FL_C/artifacts/federated_artifact_corrupt/clean_translate,client_1_round_17.pt,/Users/deepakkanneganti/Documents/Experimemt 3/MINIST/FL_C/artifacts/federated_artifact_corrupt/clean_translate/clients/client_1_round_17.pt,client_1,17,round_snapshot,clean+translate,client_1,digit_classification,mnist_image,1x28x28,digit_label,digits_0_9,10,mnist_c_clean+translate,clean+translate,1427,"{""0"": 292, ""1"": 284, ""2"": 68, ""3"": 90, ""4"": 181, ""5"": 183, ""6"": 118, ""7"": 68, ""8"": 55, ""9"": 88}",0.037524658229408994,test,0.8898,2.416416416000004,2.4175610000000347,0.2530746249999538,2.773567416999981,0.8897999999999999,0.9197599952625096,"[0.094, 0.1252, 0.1006, 0.1106, 0.1062, 0.1174, 0.082, 0.1066, 0.0546, 0.1028]",/Users/deepakkanneganti/Documents/Experimemt 3/MINIST/traditional adaptive composition techniques/client_profiles/weights/clean+translate38.pt
clean+translate39,clean+translate39,corrupt_fl,/Users/deepakkanneganti/Documents/Experimemt 3/MINIST/FL_C/artifacts/federated_artifact_corrupt/clean_translate,client_1_round_18.pt,/Users/deepakkanneganti/Documents/Experimemt 3/MINIST/FL_C/artifacts/federated_artifact_corrupt/clean_translate/clients/client_1_round_18.pt,client_1,18,round_snapshot,clean+translate,client_1,digit_classification,mnist_image,1x28x28,digit_label,digits_0_9,10,mnist_c_clean+translate,clean+translate,1427,"{""0"": 292, ""1"": 284, ""2"": 68, ""3"": 90, ""4"": 181, ""5"": 183, ""6"": 118, ""7"": 68, ""8"": 55, ""9"": 88}",0.027642651590415172,test,0.9018,2.3487863749999747,2.3491392909999718,0.24630108299999165,2.713287916000013,0.9017999999999999,0.9075361135305716,"[0.1256, 0.1354, 0.0874, 0.106, 0.1042, 0.088, 0.0896, 0.0934, 0.0798, 0.0906]",/Users/deepakkanneganti/Documents/Experimemt 3/MINIST/traditional adaptive composition techniques/client_profiles/weights/clean+translate39.pt
clean+translate40,clean+translate40,corrupt_fl,/Users/deepakkanneganti/Documents/Experimemt 3/MINIST/FL_C/artifacts/federated_artifact_corrupt/clean_translate,client_1_round_19.pt,/Users/deepakkanneganti/Documents/Experimemt 3/MINIST/FL_C/artifacts/federated_artifact_corrupt/clean_translate/clients/client_1_round_19.pt,client_1,19,round_snapshot,clean+translate,client_1,digit_classification,mnist_image,1x28x28,digit_label,digits_0_9,10,mnist_c_clean+translate,clean+translate,1427,"{""0"": 292, ""1"": 284, ""2"": 68, ""3"": 90, ""4"": 181, ""5"": 183, ""6"": 118, ""7"": 68, ""8"": 55, ""9"": 88}",0.03966668719173564,test,0.9208,2.21022345800003,2.210444458999973,0.24407595799999626,2.53761424999999,0.9208000000000001,0.9193376255032364,"[0.0966, 0.1164, 0.1228, 0.095, 0.1162, 0.0838, 0.0986, 0.0906, 0.0824, 0.0976]",/Users/deepakkanneganti/Documents/Experimemt 3/MINIST/traditional adaptive composition techniques/client_profiles/weights/clean+translate40.pt
clean+translate41,clean+translate41,corrupt_fl,/Users/deepakkanneganti/Documents/Experimemt 3/MINIST/FL_C/artifacts/federated_artifact_corrupt/clean_translate,client_1.pt,/Users/deepakkanneganti/Documents/Experimemt 3/MINIST/FL_C/artifacts/federated_artifact_corrupt/clean_translate/clients/client_1.pt,client_1,20,final_snapshot,clean+translate,client_1,digit_classification,mnist_image,1x28x28,digit_label,digits_0_9,10,mnist_c_clean+translate,clean+translate,1427,"{""0"": 292, ""1"": 284, ""2"": 68, ""3"": 90, ""4"": 181, ""5"": 183, ""6"": 118, ""7"": 68, ""8"": 55, ""9"": 88}",0.02978067109749342,test,0.9198,2.0864492919999975,2.086572041000011,0.2293861250000191,2.3580274159999703,0.9197999999999998,0.9243643060037798,"[0.1042, 0.1248, 0.1018, 0.0962, 0.1174, 0.102, 0.0802, 0.0994, 0.085, 0.089]",/Users/deepakkanneganti/Documents/Experimemt 3/MINIST/traditional adaptive composition techniques/client_profiles/weights/clean+translate41.pt
clean+translate42,clean+translate42,corrupt_fl,/Users/deepakkanneganti/Documents/Experimemt 3/MINIST/FL_C/artifacts/federated_artifact_corrupt/clean_translate,client_1_round_20.pt,/Users/deepakkanneganti/Documents/Experimemt 3/MINIST/FL_C/artifacts/federated_artifact_corrupt/clean_translate/clients/client_1_round_20.pt,client_1,20,round_snapshot,clean+translate,client_1,digit_classification,mnist_image,1x28x28,digit_label,digits_0_9,10,mnist_c_clean+translate,clean+translate,1427,"{""0"": 292, ""1"": 284, ""2"": 68, ""3"": 90, ""4"": 181, ""5"": 183, ""6"": 118, ""7"": 68, ""8"": 55, ""9"": 88}",0.02978067109749342,test,0.9198,2.1747570830000313,2.1749796670000023,0.2884138329999928,2.4981176249999635,0.9197999999999998,0.9243643060037798,"[0.1042, 0.1248, 0.1018, 0.0962, 0.1174, 0.102, 0.0802, 0.0994, 0.085, 0.089]",/Users/deepakkanneganti/Documents/Experimemt 3/MINIST/traditional adaptive composition techniques/client_profiles/weights/clean+translate42.pt
clean+translate43,clean+translate43,corrupt_fl,/Users/deepakkanneganti/Documents/Experimemt 3/MINIST/FL_C/artifacts/federated_artifact_corrupt/clean_translate,client_10_round_1.pt,/Users/deepakkanneganti/Documents/Experimemt 3/MINIST/FL_C/artifacts/federated_artifact_corrupt/clean_translate/clients/client_10_round_1.pt,client_10,1,round_snapshot,clean+translate,client_10,digit_classification,mnist_image,1x28x28,digit_label,digits_0_9,10,mnist_c_clean+translate,clean+translate,1344,"{""0"": 74, ""1"": 283, ""2"": 67, ""3"": 90, ""4"": 181, ""5"": 182, ""6"": 118, ""7"": 67, ""8"": 55, ""9"": 227}",1.0933291153474287,test,0.5806,2.973420458000021,2.9737255000000005,0.23554274999997915,3.307145834000039,0.5806,0.7523493697354915,"[0.0808, 0.163, 0.0886, 0.0534, 0.1368, 0.1354, 0.1554, 0.0734, 0.0164, 0.0968]",/Users/deepakkanneganti/Documents/Experimemt 3/MINIST/traditional adaptive composition techniques/client_profiles/weights/clean+translate43.pt
clean+translate44,clean+translate44,corrupt_fl,/Users/deepakkanneganti/Documents/Experimemt 3/MINIST/FL_C/artifacts/federated_artifact_corrupt/clean_translate,client_10_round_2.pt,/Users/deepakkanneganti/Documents/Experimemt 3/MINIST/FL_C/artifacts/federated_artifact_corrupt/clean_translate/clients/client_10_round_2.pt,client_10,2,round_snapshot,clean+translate,client_10,digit_classification,mnist_image,1x28x28,digit_label,digits_0_9,10,mnist_c_clean+translate,clean+translate,1344,"{""0"": 74, ""1"": 283, ""2"": 67, ""3"": 90, ""4"": 181, ""5"": 182, ""6"": 118, ""7"": 67, ""8"": 55, ""9"": 227}",0.4031458363840074,test,0.7514,2.161384708000014,2.161579749999987,0.22745958299998392,2.5006500409999717,0.7514,0.7936502679377319,"[0.0806, 0.1168, 0.0888, 0.0916, 0.0976, 0.122, 0.0998, 0.0788, 0.0592, 0.1648]",/Users/deepakkanneganti/Documents/Experimemt 3/MINIST/traditional adaptive composition techniques/client_profiles/weights/clean+translate44.pt
clean+translate45,clean+translate45,corrupt_fl,/Users/deepakkanneganti/Documents/Experimemt 3/MINIST/FL_C/artifacts/federated_artifact_corrupt/clean_translate,client_10_round_3.pt,/Users/deepakkanneganti/Documents/Experimemt 3/MINIST/FL_C/artifacts/federated_artifact_corrupt/clean_translate/clients/client_10_round_3.pt,client_10,3,round_snapshot,clean+translate,client_10,digit_classification,mnist_image,1x28x28,digit_label,digits_0_9,10,mnist_c_clean+translate,clean+translate,1344,"{""0"": 74, ""1"": 283, ""2"": 67, ""3"": 90, ""4"": 181, ""5"": 182, ""6"": 118, ""7"": 67, ""8"": 55, ""9"": 227}",0.2041784445896293,test,0.7974,2.147472332999996,2.147599291000006,0.2229487079999899,2.4219290409999985,0.7974,0.8481460421780559,"[0.072, 0.1462, 0.0796, 0.1286, 0.1194, 0.113, 0.0974, 0.081, 0.0544, 0.1084]",/Users/deepakkanneganti/Documents/Experimemt 3/MINIST/traditional adaptive composition techniques/client_profiles/weights/clean+translate45.pt
clean+translate46,clean+translate46,corrupt_fl,/Users/deepakkanneganti/Documents/Experimemt 3/MINIST/FL_C/artifacts/federated_artifact_corrupt/clean_translate,client_10_round_4.pt,/Users/deepakkanneganti/Documents/Experimemt 3/MINIST/FL_C/artifacts/federated_artifact_corrupt/clean_translate/clients/client_10_round_4.pt,client_10,4,round_snapshot,clean+translate,client_10,digit_classification,mnist_image,1x28x28,digit_label,digits_0_9,10,mnist_c_clean+translate,clean+translate,1344,"{""0"": 74, ""1"": 283, ""2"": 67, ""3"": 90, ""4"": 181, ""5"": 182, ""6"": 118, ""7"": 67, ""8"": 55, ""9"": 227}",0.1348398385400122,test,0.8424,2.210768332999976,2.2110324999999875,0.23394274999998288,2.4785368750000316,0.8423999999999999,0.8766176648081305,"[0.0906, 0.1374, 0.086, 0.1152, 0.097, 0.099, 0.0888, 0.0808, 0.0746, 0.1306]",/Users/deepakkanneganti/Documents/Experimemt 3/MINIST/traditional adaptive composition techniques/client_profiles/weights/clean+translate46.pt
clean+translate47,clean+translate47,corrupt_fl,/Users/deepakkanneganti/Documents/Experimemt 3/MINIST/FL_C/artifacts/federated_artifact_corrupt/clean_translate,client_10_round_5.pt,/Users/deepakkanneganti/Documents/Experimemt 3/MINIST/FL_C/artifacts/federated_artifact_corrupt/clean_translate/clients/client_10_round_5.pt,client_10,5,round_snapshot,clean+translate,client_10,digit_classification,mnist_image,1x28x28,digit_label,digits_0_9,10,mnist_c_clean+translate,clean+translate,1344,"{""0"": 74, ""1"": 283, ""2"": 67, ""3"": 90, ""4"": 181, ""5"": 182, ""6"": 118, ""7"": 67, ""8"": 55, ""9"": 227}",0.13242837989872153,test,0.831,2.1320736659999966,2.132281083999999,0.2231674999999882,2.448631459000012,0.8310000000000001,0.880581081166735,"[0.092, 0.1346, 0.0774, 0.0814, 0.104, 0.1088, 0.081, 0.0968, 0.0502, 0.1738]",/Users/deepakkanneganti/Documents/Experimemt 3/MINIST/traditional adaptive composition techniques/client_profiles/weights/clean+translate47.pt
clean+translate48,clean+translate48,corrupt_fl,/Users/deepakkanneganti/Documents/Experimemt 3/MINIST/FL_C/artifacts/federated_artifact_corrupt/clean_translate,client_10_round_6.pt,/Users/deepakkanneganti/Documents/Experimemt 3/MINIST/FL_C/artifacts/federated_artifact_corrupt/clean_translate/clients/client_10_round_6.pt,client_10,6,round_snapshot,clean+translate,client_10,digit_classification,mnist_image,1x28x28,digit_label,digits_0_9,10,mnist_c_clean+translate,clean+translate,1344,"{""0"": 74, ""1"": 283, ""2"": 67, ""3"": 90, ""4"": 181, ""5"": 182, ""6"": 118, ""7"": 67, ""8"": 55, ""9"": 227}",0.10281803413774028,test,0.8636,2.116385792000017,2.1165281660000232,0.22593533299999535,2.3791335420000337,0.8635999999999999,0.9045782291127177,"[0.088, 0.1196, 0.1036, 0.1022, 0.0848, 0.1132, 0.0936, 0.0936, 0.06, 0.1414]",/Users/deepakkanneganti/Documents/Experimemt 3/MINIST/traditional adaptive composition techniques/client_profiles/weights/clean+translate48.pt
clean+translate49,clean+translate49,corrupt_fl,/Users/deepakkanneganti/Documents/Experimemt 3/MINIST/FL_C/artifacts/federated_artifact_corrupt/clean_translate,client_10_round_7.pt,/Users/deepakkanneganti/Documents/Experimemt 3/MINIST/FL_C/artifacts/federated_artifact_corrupt/clean_translate/clients/client_10_round_7.pt,client_10,7,round_snapshot,clean+translate,client_10,digit_classification,mnist_image,1x28x28,digit_label,digits_0_9,10,mnist_c_clean+translate,clean+translate,1344,"{""0"": 74, ""1"": 283, ""2"": 67, ""3"": 90, ""4"": 181, ""5"": 182, ""6"": 118, ""7"": 67, ""8"": 55, ""9"": 227}",0.08594871746997039,test,0.889,2.1102978750000148,2.110468792000006,0.2284014579999507,2.4066431250000164,0.889,0.9061176245876678,"[0.1002, 0.1192, 0.0852, 0.113, 0.0842, 0.1064, 0.1046, 0.0952, 0.0754, 0.1166]",/Users/deepakkanneganti/Documents/Experimemt 3/MINIST/traditional adaptive composition techniques/client_profiles/weights/clean+translate49.pt
clean+translate50,clean+translate50,corrupt_fl,/Users/deepakkanneganti/Documents/Experimemt 3/MINIST/FL_C/artifacts/federated_artifact_corrupt/clean_translate,client_10_round_8.pt,/Users/deepakkanneganti/Documents/Experimemt 3/MINIST/FL_C/artifacts/federated_artifact_corrupt/clean_translate/clients/client_10_round_8.pt,client_10,8,round_snapshot,clean+translate,client_10,digit_classification,mnist_image,1x28x28,digit_label,digits_0_9,10,mnist_c_clean+translate,clean+translate,1344,"{""0"": 74, ""1"": 283, ""2"": 67, ""3"": 90, ""4"": 181, ""5"": 182, ""6"": 118, ""7"": 67, ""8"": 55, ""9"": 227}",0.0827161418556264,test,0.8988,2.1206344170000193,2.1207734579999737,0.2253959579999787,2.3899335830000155,0.8987999999999999,0.9060122209823828,"[0.098, 0.119, 0.0908, 0.0964, 0.0982, 0.0806, 0.0862, 0.0986, 0.0874, 0.1448]",/Users/deepakkanneganti/Documents/Experimemt 3/MINIST/traditional adaptive composition techniques/client_profiles/weights/clean+translate50.pt
clean+translate51,clean+translate51,corrupt_fl,/Users/deepakkanneganti/Documents/Experimemt 3/MINIST/FL_C/artifacts/federated_artifact_corrupt/clean_translate,client_10_round_9.pt,/Users/deepakkanneganti/Documents/Experimemt 3/MINIST/FL_C/artifacts/federated_artifact_corrupt/clean_translate/clients/client_10_round_9.pt,client_10,9,round_snapshot,clean+translate,client_10,digit_classification,mnist_image,1x28x28,digit_label,digits_0_9,10,mnist_c_clean+translate,clean+translate,1344,"{""0"": 74, ""1"": 283, ""2"": 67, ""3"": 90, ""4"": 181, ""5"": 182, ""6"": 118, ""7"": 67, ""8"": 55, ""9"": 227}",0.06437755393033678,test,0.9108,2.1767563329999575,2.1769516670000257,0.3391739580000035,2.5515132079999603,0.9108,0.9352925111946294,"[0.1058, 0.1192, 0.0888, 0.1052, 0.1032, 0.1, 0.0936, 0.097, 0.0762, 0.111]",/Users/deepakkanneganti/Documents/Experimemt 3/MINIST/traditional adaptive composition techniques/client_profiles/weights/clean+translate51.pt
clean+translate52,clean+translate52,corrupt_fl,/Users/deepakkanneganti/Documents/Experimemt 3/MINIST/FL_C/artifacts/federated_artifact_corrupt/clean_translate,client_10_round_10.pt,/Users/deepakkanneganti/Documents/Experimemt 3/MINIST/FL_C/artifacts/federated_artifact_corrupt/clean_translate/clients/client_10_round_10.pt,client_10,10,round_snapshot,clean+translate,client_10,digit_classification,mnist_image,1x28x28,digit_label,digits_0_9,10,mnist_c_clean+translate,clean+translate,1344,"{""0"": 74, ""1"": 283, ""2"": 67, ""3"": 90, ""4"": 181, ""5"": 182, ""6"": 118, ""7"": 67, ""8"": 55, ""9"": 227}",0.06384541466832161,test,0.9142,2.3382848749999994,2.33877700000005,0.2349173329999985,2.677583000000027,0.9142000000000001,0.941479044593127,"[0.0912, 0.1206, 0.098, 0.101, 0.0918, 0.0958, 0.0934, 0.0966, 0.085, 0.1266]",/Users/deepakkanneganti/Documents/Experimemt 3/MINIST/traditional adaptive composition techniques/client_profiles/weights/clean+translate52.pt
clean+translate53,clean+translate53,corrupt_fl,/Users/deepakkanneganti/Documents/Experimemt 3/MINIST/FL_C/artifacts/federated_artifact_corrupt/clean_translate,client_10_round_11.pt,/Users/deepakkanneganti/Documents/Experimemt 3/MINIST/FL_C/artifacts/federated_artifact_corrupt/clean_translate/clients/client_10_round_11.pt,client_10,11,round_snapshot,clean+translate,client_10,digit_classification,mnist_image,1x28x28,digit_label,digits_0_9,10,mnist_c_clean+translate,clean+translate,1344,"{""0"": 74, ""1"": 283, ""2"": 67, ""3"": 90, ""4"": 181, ""5"": 182, ""6"": 118, ""7"": 67, ""8"": 55, ""9"": 227}",0.05069966876710003,test,0.9114,2.254039958000021,2.2544259590000024,0.29067145799996297,2.643376917000012,0.9114000000000001,0.9309660011386908,"[0.1038, 0.1258, 0.1032, 0.0978, 0.0984, 0.0942, 0.09, 0.1084, 0.0722, 0.1062]",/Users/deepakkanneganti/Documents/Experimemt 3/MINIST/traditional adaptive composition techniques/client_profiles/weights/clean+translate53.pt
clean+translate54,clean+translate54,corrupt_fl,/Users/deepakkanneganti/Documents/Experimemt 3/MINIST/FL_C/artifacts/federated_artifact_corrupt/clean_translate,client_10_round_12.pt,/Users/deepakkanneganti/Documents/Experimemt 3/MINIST/FL_C/artifacts/federated_artifact_corrupt/clean_translate/clients/client_10_round_12.pt,client_10,12,round_snapshot,clean+translate,client_10,digit_classification,mnist_image,1x28x28,digit_label,digits_0_9,10,mnist_c_clean+translate,clean+translate,1344,"{""0"": 74, ""1"": 283, ""2"": 67, ""3"": 90, ""4"": 181, ""5"": 182, ""6"": 118, ""7"": 67, ""8"": 55, ""9"": 227}",0.04741388876837763,test,0.9142,2.34409929200001,2.344678541999997,0.2789152909999757,2.698643790999995,0.9141999999999999,0.9425162811607956,"[0.093, 0.1214, 0.099, 0.0982, 0.1074, 0.0886, 0.1052, 0.0866, 0.0874, 0.1132]",/Users/deepakkanneganti/Documents/Experimemt 3/MINIST/traditional adaptive composition techniques/client_profiles/weights/clean+translate54.pt
clean+translate55,clean+translate55,corrupt_fl,/Users/deepakkanneganti/Documents/Experimemt 3/MINIST/FL_C/artifacts/federated_artifact_corrupt/clean_translate,client_10_round_13.pt,/Users/deepakkanneganti/Documents/Experimemt 3/MINIST/FL_C/artifacts/federated_artifact_corrupt/clean_translate/clients/client_10_round_13.pt,client_10,13,round_snapshot,clean+translate,client_10,digit_classification,mnist_image,1x28x28,digit_label,digits_0_9,10,mnist_c_clean+translate,clean+translate,1344,"{""0"": 74, ""1"": 283, ""2"": 67, ""3"": 90, ""4"": 181, ""5"": 182, ""6"": 118, ""7"": 67, ""8"": 55, ""9"": 227}",0.05868386773561889,test,0.92,2.7001085830000306,2.700485458000003,0.3106074579999927,3.130011959000001,0.9199999999999999,0.9329958974067896,"[0.096, 0.111, 0.1104, 0.0938, 0.1, 0.078, 0.097, 0.0908, 0.092, 0.131]",/Users/deepakkanneganti/Documents/Experimemt 3/MINIST/traditional adaptive composition techniques/client_profiles/weights/clean+translate55.pt
clean+translate56,clean+translate56,corrupt_fl,/Users/deepakkanneganti/Documents/Experimemt 3/MINIST/FL_C/artifacts/federated_artifact_corrupt/clean_translate,client_10_round_14.pt,/Users/deepakkanneganti/Documents/Experimemt 3/MINIST/FL_C/artifacts/federated_artifact_corrupt/clean_translate/clients/client_10_round_14.pt,client_10,14,round_snapshot,clean+translate,client_10,digit_classification,mnist_image,1x28x28,digit_label,digits_0_9,10,mnist_c_clean+translate,clean+translate,1344,"{""0"": 74, ""1"": 283, ""2"": 67, ""3"": 90, ""4"": 181, ""5"": 182, ""6"": 118, ""7"": 67, ""8"": 55, ""9"": 227}",0.0507894186726348,test,0.9142,2.9001331670000354,2.9006520840000007,0.2600482909999755,3.3480787910000345,0.9142000000000001,0.9165721224910033,"[0.1026, 0.1284, 0.1114, 0.094, 0.0912, 0.1002, 0.1006, 0.0884, 0.0824, 0.1008]",/Users/deepakkanneganti/Documents/Experimemt 3/MINIST/traditional adaptive composition techniques/client_profiles/weights/clean+translate56.pt
clean+translate57,clean+translate57,corrupt_fl,/Users/deepakkanneganti/Documents/Experimemt 3/MINIST/FL_C/artifacts/federated_artifact_corrupt/clean_translate,client_10_round_15.pt,/Users/deepakkanneganti/Documents/Experimemt 3/MINIST/FL_C/artifacts/federated_artifact_corrupt/clean_translate/clients/client_10_round_15.pt,client_10,15,round_snapshot,clean+translate,client_10,digit_classification,mnist_image,1x28x28,digit_label,digits_0_9,10,mnist_c_clean+translate,clean+translate,1344,"{""0"": 74, ""1"": 283, ""2"": 67, ""3"": 90, ""4"": 181, ""5"": 182, ""6"": 118, ""7"": 67, ""8"": 55, ""9"": 227}",0.03543852022002367,test,0.9266,2.3292559590000224,2.3295337079999854,0.3325162499999692,2.7496460410000054,0.9266,0.9351380998557318,"[0.1002, 0.1154, 0.0918, 0.088, 0.1082, 0.1016, 0.0954, 0.0942, 0.0888, 0.1164]",/Users/deepakkanneganti/Documents/Experimemt 3/MINIST/traditional adaptive composition techniques/client_profiles/weights/clean+translate57.pt
clean+translate58,clean+translate58,corrupt_fl,/Users/deepakkanneganti/Documents/Experimemt 3/MINIST/FL_C/artifacts/federated_artifact_corrupt/clean_translate,client_10_round_16.pt,/Users/deepakkanneganti/Documents/Experimemt 3/MINIST/FL_C/artifacts/federated_artifact_corrupt/clean_translate/clients/client_10_round_16.pt,client_10,16,round_snapshot,clean+translate,client_10,digit_classification,mnist_image,1x28x28,digit_label,digits_0_9,10,mnist_c_clean+translate,clean+translate,1344,"{""0"": 74, ""1"": 283, ""2"": 67, ""3"": 90, ""4"": 181, ""5"": 182, ""6"": 118, ""7"": 67, ""8"": 55, ""9"": 227}",0.0372288777619939,test,0.925,2.102017332999992,2.102185625000004,0.21967320900000686,2.388559500000042,0.925,0.9362400176216213,"[0.1034, 0.1164, 0.0998, 0.1206, 0.0954, 0.0856, 0.0948, 0.1048, 0.0798, 0.0994]",/Users/deepakkanneganti/Documents/Experimemt 3/MINIST/traditional adaptive composition techniques/client_profiles/weights/clean+translate58.pt
clean+translate59,clean+translate59,corrupt_fl,/Users/deepakkanneganti/Documents/Experimemt 3/MINIST/FL_C/artifacts/federated_artifact_corrupt/clean_translate,client_10_round_17.pt,/Users/deepakkanneganti/Documents/Experimemt 3/MINIST/FL_C/artifacts/federated_artifact_corrupt/clean_translate/clients/client_10_round_17.pt,client_10,17,round_snapshot,clean+translate,client_10,digit_classification,mnist_image,1x28x28,digit_label,digits_0_9,10,mnist_c_clean+translate,clean+translate,1344,"{""0"": 74, ""1"": 283, ""2"": 67, ""3"": 90, ""4"": 181, ""5"": 182, ""6"": 118, ""7"": 67, ""8"": 55, ""9"": 227}",0.049273293747594864,test,0.9264,2.2674246670000002,2.2676452079999763,0.23518891699995947,2.5377293750000263,0.9263999999999999,0.9364313431375783,"[0.1046, 0.1244, 0.1132, 0.0994, 0.0992, 0.0916, 0.0934, 0.1008, 0.0688, 0.1046]",/Users/deepakkanneganti/Documents/Experimemt 3/MINIST/traditional adaptive composition techniques/client_profiles/weights/clean+translate59.pt
clean+translate60,clean+translate60,corrupt_fl,/Users/deepakkanneganti/Documents/Experimemt 3/MINIST/FL_C/artifacts/federated_artifact_corrupt/clean_translate,client_10_round_18.pt,/Users/deepakkanneganti/Documents/Experimemt 3/MINIST/FL_C/artifacts/federated_artifact_corrupt/clean_translate/clients/client_10_round_18.pt,client_10,18,round_snapshot,clean+translate,client_10,digit_classification,mnist_image,1x28x28,digit_label,digits_0_9,10,mnist_c_clean+translate,clean+translate,1344,"{""0"": 74, ""1"": 283, ""2"": 67, ""3"": 90, ""4"": 181, ""5"": 182, ""6"": 118, ""7"": 67, ""8"": 55, ""9"": 227}",0.0418766521368966,test,0.9322,2.060889207999992,2.06110187500002,0.22613850000004732,2.372348332999991,0.9322000000000001,0.9344439677114966,"[0.0894, 0.1186, 0.0944, 0.1094, 0.099, 0.0872, 0.0936, 0.1062, 0.0888, 0.1134]",/Users/deepakkanneganti/Documents/Experimemt 3/MINIST/traditional adaptive composition techniques/client_profiles/weights/clean+translate60.pt
clean+translate61,clean+translate61,corrupt_fl,/Users/deepakkanneganti/Documents/Experimemt 3/MINIST/FL_C/artifacts/federated_artifact_corrupt/clean_translate,client_10_round_19.pt,/Users/deepakkanneganti/Documents/Experimemt 3/MINIST/FL_C/artifacts/federated_artifact_corrupt/clean_translate/clients/client_10_round_19.pt,client_10,19,round_snapshot,clean+translate,client_10,digit_classification,mnist_image,1x28x28,digit_label,digits_0_9,10,mnist_c_clean+translate,clean+translate,1344,"{""0"": 74, ""1"": 283, ""2"": 67, ""3"": 90, ""4"": 181, ""5"": 182, ""6"": 118, ""7"": 67, ""8"": 55, ""9"": 227}",0.036170368738980455,test,0.93,2.002508750000004,2.00263208399997,0.2106082089999859,2.2451981670000123,0.9299999999999999,0.9223462798285643,"[0.0916, 0.121, 0.0938, 0.1084, 0.1006, 0.0882, 0.1008, 0.0978, 0.0808, 0.117]",/Users/deepakkanneganti/Documents/Experimemt 3/MINIST/traditional adaptive composition techniques/client_profiles/weights/clean+translate61.pt
clean+translate62,clean+translate62,corrupt_fl,/Users/deepakkanneganti/Documents/Experimemt 3/MINIST/FL_C/artifacts/federated_artifact_corrupt/clean_translate,client_10.pt,/Users/deepakkanneganti/Documents/Experimemt 3/MINIST/FL_C/artifacts/federated_artifact_corrupt/clean_translate/clients/client_10.pt,client_10,20,final_snapshot,clean+translate,client_10,digit_classification,mnist_image,1x28x28,digit_label,digits_0_9,10,mnist_c_clean+translate,clean+translate,1344,"{""0"": 74, ""1"": 283, ""2"": 67, ""3"": 90, ""4"": 181, ""5"": 182, ""6"": 118, ""7"": 67, ""8"": 55, ""9"": 227}",0.030912204130524486,test,0.9194,2.0162649999999758,2.016397292000022,0.2159569159999819,2.270613207999986,0.9193999999999999,0.9293765997137178,"[0.1006, 0.12, 0.1006, 0.098, 0.1258, 0.0896, 0.0878, 0.1048, 0.0786, 0.0942]",/Users/deepakkanneganti/Documents/Experimemt 3/MINIST/traditional adaptive composition techniques/client_profiles/weights/clean+translate62.pt
clean+translate63,clean+translate63,corrupt_fl,/Users/deepakkanneganti/Documents/Experimemt 3/MINIST/FL_C/artifacts/federated_artifact_corrupt/clean_translate,client_10_round_20.pt,/Users/deepakkanneganti/Documents/Experimemt 3/MINIST/FL_C/artifacts/federated_artifact_corrupt/clean_translate/clients/client_10_round_20.pt,client_10,20,round_snapshot,clean+translate,client_10,digit_classification,mnist_image,1x28x28,digit_label,digits_0_9,10,mnist_c_clean+translate,clean+translate,1344,"{""0"": 74, ""1"": 283, ""2"": 67, ""3"": 90, ""4"": 181, ""5"": 182, ""6"": 118, ""7"": 67, ""8"": 55, ""9"": 227}",0.030912204130524486,test,0.9194,2.0965006669999866,2.096716541000035,0.21152141700002858,2.354386624999961,0.9193999999999999,0.9293765997137178,"[0.1006, 0.12, 0.1006, 0.098, 0.1258, 0.0896, 0.0878, 0.1048, 0.0786, 0.0942]",/Users/deepakkanneganti/Documents/Experimemt 3/MINIST/traditional adaptive composition techniques/client_profiles/weights/clean+translate63.pt
clean+translate64,clean+translate64,corrupt_fl,/Users/deepakkanneganti/Documents/Experimemt 3/MINIST/FL_C/artifacts/federated_artifact_corrupt/clean_translate,client_11_round_1.pt,/Users/deepakkanneganti/Documents/Experimemt 3/MINIST/FL_C/artifacts/federated_artifact_corrupt/clean_translate/clients/client_11_round_1.pt,client_11,1,round_snapshot,clean+translate,client_11,digit_classification,mnist_image,1x28x28,digit_label,digits_0_9,10,mnist_c_clean+translate,clean+translate,1297,"{""0"": 74, ""1"": 283, ""2"": 67, ""3"": 90, ""4"": 181, ""5"": 86, ""6"": 167, ""7"": 67, ""8"": 55, ""9"": 227}",0.9696431178035159,test,0.5916,2.1282124159999967,2.1285336669999992,0.24712612499996567,2.4126414999999497,0.5916,0.7171359361911473,"[0.0826, 0.1428, 0.0344, 0.1422, 0.1622, 0.0606, 0.1188, 0.1292, 0.0256, 0.1016]",/Users/deepakkanneganti/Documents/Experimemt 3/MINIST/traditional adaptive composition techniques/client_profiles/weights/clean+translate64.pt
clean+translate65,clean+translate65,corrupt_fl,/Users/deepakkanneganti/Documents/Experimemt 3/MINIST/FL_C/artifacts/federated_artifact_corrupt/clean_translate,client_11_round_2.pt,/Users/deepakkanneganti/Documents/Experimemt 3/MINIST/FL_C/artifacts/federated_artifact_corrupt/clean_translate/clients/client_11_round_2.pt,client_11,2,round_snapshot,clean+translate,client_11,digit_classification,mnist_image,1x28x28,digit_label,digits_0_9,10,mnist_c_clean+translate,clean+translate,1297,"{""0"": 74, ""1"": 283, ""2"": 67, ""3"": 90, ""4"": 181, ""5"": 86, ""6"": 167, ""7"": 67, ""8"": 55, ""9"": 227}",0.37748617430528003,test,0.728,2.0580401670000015,2.0581872079999926,0.22315716699995392,2.346809374999964,0.728,0.8057378952275287,"[0.0882, 0.17, 0.079, 0.0594, 0.1172, 0.1006, 0.0908, 0.1314, 0.0632, 0.1002]",/Users/deepakkanneganti/Documents/Experimemt 3/MINIST/traditional adaptive composition techniques/client_profiles/weights/clean+translate65.pt
clean+translate66,clean+translate66,corrupt_fl,/Users/deepakkanneganti/Documents/Experimemt 3/MINIST/FL_C/artifacts/federated_artifact_corrupt/clean_translate,client_11_round_3.pt,/Users/deepakkanneganti/Documents/Experimemt 3/MINIST/FL_C/artifacts/federated_artifact_corrupt/clean_translate/clients/client_11_round_3.pt,client_11,3,round_snapshot,clean+translate,client_11,digit_classification,mnist_image,1x28x28,digit_label,digits_0_9,10,mnist_c_clean+translate,clean+translate,1297,"{""0"": 74, ""1"": 283, ""2"": 67, ""3"": 90, ""4"": 181, ""5"": 86, ""6"": 167, ""7"": 67, ""8"": 55, ""9"": 227}",0.20700971985405142,test,0.7824,2.172319625,2.1729940420000275,0.33798904199994695,2.549107666999987,0.7824,0.8333652518251486,"[0.0914, 0.186, 0.0694, 0.0918, 0.1236, 0.0806, 0.0912, 0.0666, 0.086, 0.1134]",/Users/deepakkanneganti/Documents/Experimemt 3/MINIST/traditional adaptive composition techniques/client_profiles/weights/clean+translate66.pt
clean+translate67,clean+translate67,corrupt_fl,/Users/deepakkanneganti/Documents/Experimemt 3/MINIST/FL_C/artifacts/federated_artifact_corrupt/clean_translate,client_11_round_4.pt,/Users/deepakkanneganti/Documents/Experimemt 3/MINIST/FL_C/artifacts/federated_artifact_corrupt/clean_translate/clients/client_11_round_4.pt,client_11,4,round_snapshot,clean+translate,client_11,digit_classification,mnist_image,1x28x28,digit_label,digits_0_9,10,mnist_c_clean+translate,clean+translate,1297,"{""0"": 74, ""1"": 283, ""2"": 67, ""3"": 90, ""4"": 181, ""5"": 86, ""6"": 167, ""7"": 67, ""8"": 55, ""9"": 227}",0.15125619168534424,test,0.8096,4.334120541999994,4.335112082999956,0.27770545799995716,4.761886790999995,0.8096,0.8561440147507513,"[0.1042, 0.1586, 0.0948, 0.0784, 0.1204, 0.0724, 0.1002, 0.0712, 0.0746, 0.1252]",/Users/deepakkanneganti/Documents/Experimemt 3/MINIST/traditional adaptive composition techniques/client_profiles/weights/clean+translate67.pt
clean+translate68,clean+translate68,corrupt_fl,/Users/deepakkanneganti/Documents/Experimemt 3/MINIST/FL_C/artifacts/federated_artifact_corrupt/clean_translate,client_11_round_5.pt,/Users/deepakkanneganti/Documents/Experimemt 3/MINIST/FL_C/artifacts/federated_artifact_corrupt/clean_translate/clients/client_11_round_5.pt,client_11,5,round_snapshot,clean+translate,client_11,digit_classification,mnist_image,1x28x28,digit_label,digits_0_9,10,mnist_c_clean+translate,clean+translate,1297,"{""0"": 74, ""1"": 283, ""2"": 67, ""3"": 90, ""4"": 181, ""5"": 86, ""6"": 167, ""7"": 67, ""8"": 55, ""9"": 227}",0.13249315660108218,test,0.8452,2.5650059170000077,2.5653745840000397,0.25877641699997866,3.1456520419999947,0.8452,0.8794679826726572,"[0.0854, 0.1434, 0.1066, 0.0908, 0.0896, 0.0968, 0.1218, 0.0998, 0.059, 0.1068]",/Users/deepakkanneganti/Documents/Experimemt 3/MINIST/traditional adaptive composition techniques/client_profiles/weights/clean+translate68.pt
clean+translate69,clean+translate69,corrupt_fl,/Users/deepakkanneganti/Documents/Experimemt 3/MINIST/FL_C/artifacts/federated_artifact_corrupt/clean_translate,client_11_round_6.pt,/Users/deepakkanneganti/Documents/Experimemt 3/MINIST/FL_C/artifacts/federated_artifact_corrupt/clean_translate/clients/client_11_round_6.pt,client_11,6,round_snapshot,clean+translate,client_11,digit_classification,mnist_image,1x28x28,digit_label,digits_0_9,10,mnist_c_clean+translate,clean+translate,1297,"{""0"": 74, ""1"": 283, ""2"": 67, ""3"": 90, ""4"": 181, ""5"": 86, ""6"": 167, ""7"": 67, ""8"": 55, ""9"": 227}",0.11622939851473678,test,0.8794,2.131820833000006,2.1319755420000206,0.22050816699999132,2.437804832999973,0.8794000000000001,0.9068805954068239,"[0.0984, 0.1236, 0.0888, 0.1092, 0.0986, 0.0726, 0.0882, 0.1022, 0.0836, 0.1348]",/Users/deepakkanneganti/Documents/Experimemt 3/MINIST/traditional adaptive composition techniques/client_profiles/weights/clean+translate69.pt
clean+translate70,clean+translate70,corrupt_fl,/Users/deepakkanneganti/Documents/Experimemt 3/MINIST/FL_C/artifacts/federated_artifact_corrupt/clean_translate,client_11_round_7.pt,/Users/deepakkanneganti/Documents/Experimemt 3/MINIST/FL_C/artifacts/federated_artifact_corrupt/clean_translate/clients/client_11_round_7.pt,client_11,7,round_snapshot,clean+translate,client_11,digit_classification,mnist_image,1x28x28,digit_label,digits_0_9,10,mnist_c_clean+translate,clean+translate,1297,"{""0"": 74, ""1"": 283, ""2"": 67, ""3"": 90, ""4"": 181, ""5"": 86, ""6"": 167, ""7"": 67, ""8"": 55, ""9"": 227}",0.10827275444612358,test,0.8808,2.1561972910000122,2.156365542000003,0.2148156669999821,2.4076262080000106,0.8808,0.9031687503818633,"[0.0886, 0.1374, 0.084, 0.105, 0.0944, 0.0888, 0.0978, 0.088, 0.091, 0.125]",/Users/deepakkanneganti/Documents/Experimemt 3/MINIST/traditional adaptive composition techniques/client_profiles/weights/clean+translate70.pt
clean+translate71,clean+translate71,corrupt_fl,/Users/deepakkanneganti/Documents/Experimemt 3/MINIST/FL_C/artifacts/federated_artifact_corrupt/clean_translate,client_11_round_8.pt,/Users/deepakkanneganti/Documents/Experimemt 3/MINIST/FL_C/artifacts/federated_artifact_corrupt/clean_translate/clients/client_11_round_8.pt,client_11,8,round_snapshot,clean+translate,client_11,digit_classification,mnist_image,1x28x28,digit_label,digits_0_9,10,mnist_c_clean+translate,clean+translate,1297,"{""0"": 74, ""1"": 283, ""2"": 67, ""3"": 90, ""4"": 181, ""5"": 86, ""6"": 167, ""7"": 67, ""8"": 55, ""9"": 227}",0.07089261758620992,test,0.8986,2.071065457999964,2.0712118330000067,0.24715449999996508,2.417108457999973,0.8985999999999998,0.9084595476659312,"[0.0994, 0.1234, 0.0954, 0.1008, 0.098, 0.0816, 0.0766, 0.0946, 0.1036, 0.1266]",/Users/deepakkanneganti/Documents/Experimemt 3/MINIST/traditional adaptive composition techniques/client_profiles/weights/clean+translate71.pt
clean+translate72,clean+translate72,corrupt_fl,/Users/deepakkanneganti/Documents/Experimemt 3/MINIST/FL_C/artifacts/federated_artifact_corrupt/clean_translate,client_11_round_9.pt,/Users/deepakkanneganti/Documents/Experimemt 3/MINIST/FL_C/artifacts/federated_artifact_corrupt/clean_translate/clients/client_11_round_9.pt,client_11,9,round_snapshot,clean+translate,client_11,digit_classification,mnist_image,1x28x28,digit_label,digits_0_9,10,mnist_c_clean+translate,clean+translate,1297,"{""0"": 74, ""1"": 283, ""2"": 67, ""3"": 90, ""4"": 181, ""5"": 86, ""6"": 167, ""7"": 67, ""8"": 55, ""9"": 227}",0.08097820664106896,test,0.9008,2.219579916999976,2.219881291999968,0.2216497919999938,2.482404583999994,0.9007999999999999,0.9146569804284889,"[0.1002, 0.1234, 0.0992, 0.0842, 0.103, 0.1018, 0.094, 0.0998, 0.0834, 0.111]",/Users/deepakkanneganti/Documents/Experimemt 3/MINIST/traditional adaptive composition techniques/client_profiles/weights/clean+translate72.pt
clean+translate73,clean+translate73,corrupt_fl,/Users/deepakkanneganti/Documents/Experimemt 3/MINIST/FL_C/artifacts/federated_artifact_corrupt/clean_translate,client_11_round_10.pt,/Users/deepakkanneganti/Documents/Experimemt 3/MINIST/FL_C/artifacts/federated_artifact_corrupt/clean_translate/clients/client_11_round_10.pt,client_11,10,round_snapshot,clean+translate,client_11,digit_classification,mnist_image,1x28x28,digit_label,digits_0_9,10,mnist_c_clean+translate,clean+translate,1297,"{""0"": 74, ""1"": 283, ""2"": 67, ""3"": 90, ""4"": 181, ""5"": 86, ""6"": 167, ""7"": 67, ""8"": 55, ""9"": 227}",0.08090022498050309,test,0.907,2.125642959000004,2.125789709000003,0.22195433300004197,2.4520277500000134,0.9069999999999998,0.9341999879320084,"[0.0934, 0.1318, 0.0998, 0.1036, 0.0928, 0.0916, 0.0878, 0.1012, 0.0802, 0.1178]",/Users/deepakkanneganti/Documents/Experimemt 3/MINIST/traditional adaptive composition techniques/client_profiles/weights/clean+translate73.pt
clean+translate74,clean+translate74,corrupt_fl,/Users/deepakkanneganti/Documents/Experimemt 3/MINIST/FL_C/artifacts/federated_artifact_corrupt/clean_translate,client_11_round_11.pt,/Users/deepakkanneganti/Documents/Experimemt 3/MINIST/FL_C/artifacts/federated_artifact_corrupt/clean_translate/clients/client_11_round_11.pt,client_11,11,round_snapshot,clean+translate,client_11,digit_classification,mnist_image,1x28x28,digit_label,digits_0_9,10,mnist_c_clean+translate,clean+translate,1297,"{""0"": 74, ""1"": 283, ""2"": 67, ""3"": 90, ""4"": 181, ""5"": 86, ""6"": 167, ""7"": 67, ""8"": 55, ""9"": 227}",0.07818786596710031,test,0.8964,2.1404992920000154,2.1406857919999993,0.23481895899999472,2.416350792000003,0.8964000000000001,0.9254248958835294,"[0.1036, 0.1302, 0.093, 0.111, 0.0888, 0.0898, 0.0908, 0.0934, 0.0796, 0.1198]",/Users/deepakkanneganti/Documents/Experimemt 3/MINIST/traditional adaptive composition techniques/client_profiles/weights/clean+translate74.pt
clean+translate75,clean+translate75,corrupt_fl,/Users/deepakkanneganti/Documents/Experimemt 3/MINIST/FL_C/artifacts/federated_artifact_corrupt/clean_translate,client_11_round_12.pt,/Users/deepakkanneganti/Documents/Experimemt 3/MINIST/FL_C/artifacts/federated_artifact_corrupt/clean_translate/clients/client_11_round_12.pt,client_11,12,round_snapshot,clean+translate,client_11,digit_classification,mnist_image,1x28x28,digit_label,digits_0_9,10,mnist_c_clean+translate,clean+translate,1297,"{""0"": 74, ""1"": 283, ""2"": 67, ""3"": 90, ""4"": 181, ""5"": 86, ""6"": 167, ""7"": 67, ""8"": 55, ""9"": 227}",0.06215394194287276,test,0.9182,2.15685287499997,2.157021874999998,0.30451504199999135,2.5048406250000426,0.9182,0.9408023550535164,"[0.0932, 0.1182, 0.102, 0.0994, 0.1004, 0.0936, 0.0896, 0.0934, 0.0914, 0.1188]",/Users/deepakkanneganti/Documents/Experimemt 3/MINIST/traditional adaptive composition techniques/client_profiles/weights/clean+translate75.pt
clean+translate76,clean+translate76,corrupt_fl,/Users/deepakkanneganti/Documents/Experimemt 3/MINIST/FL_C/artifacts/federated_artifact_corrupt/clean_translate,client_11_round_13.pt,/Users/deepakkanneganti/Documents/Experimemt 3/MINIST/FL_C/artifacts/federated_artifact_corrupt/clean_translate/clients/client_11_round_13.pt,client_11,13,round_snapshot,clean+translate,client_11,digit_classification,mnist_image,1x28x28,digit_label,digits_0_9,10,mnist_c_clean+translate,clean+translate,1297,"{""0"": 74, ""1"": 283, ""2"": 67, ""3"": 90, ""4"": 181, ""5"": 86, ""6"": 167, ""7"": 67, ""8"": 55, ""9"": 227}",0.07859423499780172,test,0.912,2.3146010419999925,2.3148625420000144,0.2560341660000063,2.6524222499999723,0.9119999999999999,0.9185953226674304,"[0.0966, 0.118, 0.1048, 0.0932, 0.1104, 0.081, 0.0876, 0.0928, 0.0912, 0.1244]",/Users/deepakkanneganti/Documents/Experimemt 3/MINIST/traditional adaptive composition techniques/client_profiles/weights/clean+translate76.pt
clean+translate77,clean+translate77,corrupt_fl,/Users/deepakkanneganti/Documents/Experimemt 3/MINIST/FL_C/artifacts/federated_artifact_corrupt/clean_translate,client_11_round_14.pt,/Users/deepakkanneganti/Documents/Experimemt 3/MINIST/FL_C/artifacts/federated_artifact_corrupt/clean_translate/clients/client_11_round_14.pt,client_11,14,round_snapshot,clean+translate,client_11,digit_classification,mnist_image,1x28x28,digit_label,digits_0_9,10,mnist_c_clean+translate,clean+translate,1297,"{""0"": 74, ""1"": 283, ""2"": 67, ""3"": 90, ""4"": 181, ""5"": 86, ""6"": 167, ""7"": 67, ""8"": 55, ""9"": 227}",0.06480085717119051,test,0.9248,2.1376408329999776,2.1377841670000066,0.2574122080000052,2.4925357079999912,0.9248000000000001,0.9178288238001976,"[0.094, 0.126, 0.1014, 0.1078, 0.0816, 0.0936, 0.0892, 0.0902, 0.1086, 0.1076]",/Users/deepakkanneganti/Documents/Experimemt 3/MINIST/traditional adaptive composition techniques/client_profiles/weights/clean+translate77.pt
clean+translate78,clean+translate78,corrupt_fl,/Users/deepakkanneganti/Documents/Experimemt 3/MINIST/FL_C/artifacts/federated_artifact_corrupt/clean_translate,client_11_round_15.pt,/Users/deepakkanneganti/Documents/Experimemt 3/MINIST/FL_C/artifacts/federated_artifact_corrupt/clean_translate/clients/client_11_round_15.pt,client_11,15,round_snapshot,clean+translate,client_11,digit_classification,mnist_image,1x28x28,digit_label,digits_0_9,10,mnist_c_clean+translate,clean+translate,1297,"{""0"": 74, ""1"": 283, ""2"": 67, ""3"": 90, ""4"": 181, ""5"": 86, ""6"": 167, ""7"": 67, ""8"": 55, ""9"": 227}",0.05113232189394308,test,0.8862,2.276718458000005,2.2771630419999838,0.25128283300000476,2.5811385419999624,0.8862,0.9226725223147503,"[0.0824, 0.1466, 0.0854, 0.0988, 0.1138, 0.1006, 0.0888, 0.114, 0.0644, 0.1052]",/Users/deepakkanneganti/Documents/Experimemt 3/MINIST/traditional adaptive composition techniques/client_profiles/weights/clean+translate78.pt
clean+translate79,clean+translate79,corrupt_fl,/Users/deepakkanneganti/Documents/Experimemt 3/MINIST/FL_C/artifacts/federated_artifact_corrupt/clean_translate,client_11_round_16.pt,/Users/deepakkanneganti/Documents/Experimemt 3/MINIST/FL_C/artifacts/federated_artifact_corrupt/clean_translate/clients/client_11_round_16.pt,client_11,16,round_snapshot,clean+translate,client_11,digit_classification,mnist_image,1x28x28,digit_label,digits_0_9,10,mnist_c_clean+translate,clean+translate,1297,"{""0"": 74, ""1"": 283, ""2"": 67, ""3"": 90, ""4"": 181, ""5"": 86, ""6"": 167, ""7"": 67, ""8"": 55, ""9"": 227}",0.04817711820148609,test,0.9172,2.1403924170000437,2.140631166999981,0.24800300000003972,2.4695800420000182,0.9172,0.9330371102401831,"[0.1074, 0.1252, 0.1052, 0.0988, 0.0952, 0.0842, 0.0966, 0.0994, 0.0814, 0.1066]",/Users/deepakkanneganti/Documents/Experimemt 3/MINIST/traditional adaptive composition techniques/client_profiles/weights/clean+translate79.pt
clean+translate80,clean+translate80,corrupt_fl,/Users/deepakkanneganti/Documents/Experimemt 3/MINIST/FL_C/artifacts/federated_artifact_corrupt/clean_translate,client_11_round_17.pt,/Users/deepakkanneganti/Documents/Experimemt 3/MINIST/FL_C/artifacts/federated_artifact_corrupt/clean_translate/clients/client_11_round_17.pt,client_11,17,round_snapshot,clean+translate,client_11,digit_classification,mnist_image,1x28x28,digit_label,digits_0_9,10,mnist_c_clean+translate,clean+translate,1297,"{""0"": 74, ""1"": 283, ""2"": 67, ""3"": 90, ""4"": 181, ""5"": 86, ""6"": 167, ""7"": 67, ""8"": 55, ""9"": 227}",0.04455690960766691,test,0.924,2.05986204200002,2.0600116250000156,0.23759366699999873,2.332841832999975,0.9240000000000002,0.9313659182039479,"[0.0986, 0.1338, 0.1026, 0.0964, 0.1094, 0.0942, 0.0904, 0.1058, 0.0708, 0.098]",/Users/deepakkanneganti/Documents/Experimemt 3/MINIST/traditional adaptive composition techniques/client_profiles/weights/clean+translate80.pt
clean+translate81,clean+translate81,corrupt_fl,/Users/deepakkanneganti/Documents/Experimemt 3/MINIST/FL_C/artifacts/federated_artifact_corrupt/clean_translate,client_11_round_18.pt,/Users/deepakkanneganti/Documents/Experimemt 3/MINIST/FL_C/artifacts/federated_artifact_corrupt/clean_translate/clients/client_11_round_18.pt,client_11,18,round_snapshot,clean+translate,client_11,digit_classification,mnist_image,1x28x28,digit_label,digits_0_9,10,mnist_c_clean+translate,clean+translate,1297,"{""0"": 74, ""1"": 283, ""2"": 67, ""3"": 90, ""4"": 181, ""5"": 86, ""6"": 167, ""7"": 67, ""8"": 55, ""9"": 227}",0.043205922836381375,test,0.9232,3.0361324579999973,3.0364779579999777,0.40774133299998994,3.4905778749999854,0.9231999999999999,0.9221848193647392,"[0.1002, 0.1164, 0.1166, 0.1004, 0.0972, 0.0814, 0.0948, 0.078, 0.099, 0.116]",/Users/deepakkanneganti/Documents/Experimemt 3/MINIST/traditional adaptive composition techniques/client_profiles/weights/clean+translate81.pt
clean+translate82,clean+translate82,corrupt_fl,/Users/deepakkanneganti/Documents/Experimemt 3/MINIST/FL_C/artifacts/federated_artifact_corrupt/clean_translate,client_11_round_19.pt,/Users/deepakkanneganti/Documents/Experimemt 3/MINIST/FL_C/artifacts/federated_artifact_corrupt/clean_translate/clients/client_11_round_19.pt,client_11,19,round_snapshot,clean+translate,client_11,digit_classification,mnist_image,1x28x28,digit_label,digits_0_9,10,mnist_c_clean+translate,clean+translate,1297,"{""0"": 74, ""1"": 283, ""2"": 67, ""3"": 90, ""4"": 181, ""5"": 86, ""6"": 167, ""7"": 67, ""8"": 55, ""9"": 227}",0.04264066452301587,test,0.9268,2.2636588330000222,2.263851917000011,0.22470241700000315,2.7189237499999876,0.9268000000000001,0.9238528405663737,"[0.0862, 0.1194, 0.0926, 0.111, 0.1, 0.089, 0.106, 0.0914, 0.0934, 0.111]",/Users/deepakkanneganti/Documents/Experimemt 3/MINIST/traditional adaptive composition techniques/client_profiles/weights/clean+translate82.pt
clean+translate83,clean+translate83,corrupt_fl,/Users/deepakkanneganti/Documents/Experimemt 3/MINIST/FL_C/artifacts/federated_artifact_corrupt/clean_translate,client_11.pt,/Users/deepakkanneganti/Documents/Experimemt 3/MINIST/FL_C/artifacts/federated_artifact_corrupt/clean_translate/clients/client_11.pt,client_11,20,final_snapshot,clean+translate,client_11,digit_classification,mnist_image,1x28x28,digit_label,digits_0_9,10,mnist_c_clean+translate,clean+translate,1297,"{""0"": 74, ""1"": 283, ""2"": 67, ""3"": 90, ""4"": 181, ""5"": 86, ""6"": 167, ""7"": 67, ""8"": 55, ""9"": 227}",0.05310168655617445,test,0.9344,2.1900891669999965,2.190296250000017,0.21956495900002437,2.4837717920000273,0.9343999999999999,0.9466876068163531,"[0.0898, 0.1196, 0.101, 0.0994, 0.097, 0.0946, 0.0982, 0.1032, 0.1054, 0.0918]",/Users/deepakkanneganti/Documents/Experimemt 3/MINIST/traditional adaptive composition techniques/client_profiles/weights/clean+translate83.pt
clean+translate84,clean+translate84,corrupt_fl,/Users/deepakkanneganti/Documents/Experimemt 3/MINIST/FL_C/artifacts/federated_artifact_corrupt/clean_translate,client_11_round_20.pt,/Users/deepakkanneganti/Documents/Experimemt 3/MINIST/FL_C/artifacts/federated_artifact_corrupt/clean_translate/clients/client_11_round_20.pt,client_11,20,round_snapshot,clean+translate,client_11,digit_classification,mnist_image,1x28x28,digit_label,digits_0_9,10,mnist_c_clean+translate,clean+translate,1297,"{""0"": 74, ""1"": 283, ""2"": 67, ""3"": 90, ""4"": 181, ""5"": 86, ""6"": 167, ""7"": 67, ""8"": 55, ""9"": 227}",0.05310168655617445,test,0.9344,2.6901374170000167,2.6906474589999902,0.27523733300000686,3.067648792,0.9343999999999999,0.9466876068163531,"[0.0898, 0.1196, 0.101, 0.0994, 0.097, 0.0946, 0.0982, 0.1032, 0.1054, 0.0918]",/Users/deepakkanneganti/Documents/Experimemt 3/MINIST/traditional adaptive composition techniques/client_profiles/weights/clean+translate84.pt
clean+translate85,clean+translate85,corrupt_fl,/Users/deepakkanneganti/Documents/Experimemt 3/MINIST/FL_C/artifacts/federated_artifact_corrupt/clean_translate,client_12_round_1.pt,/Users/deepakkanneganti/Documents/Experimemt 3/MINIST/FL_C/artifacts/federated_artifact_corrupt/clean_translate/clients/client_12_round_1.pt,client_12,1,round_snapshot,clean+translate,client_12,digit_classification,mnist_image,1x28x28,digit_label,digits_0_9,10,mnist_c_clean+translate,clean+translate,1371,"{""0"": 291, ""1"": 89, ""2"": 67, ""3"": 234, ""4"": 181, ""5"": 182, ""6"": 118, ""7"": 67, ""8"": 55, ""9"": 87}",1.0209474888714878,test,0.5892,2.247914000000037,2.248074083000006,0.21630291700000726,2.5608148749999486,0.5892,0.7045828252665908,"[0.0906, 0.1464, 0.0872, 0.1286, 0.1394, 0.1286, 0.0744, 0.1282, 0.0266, 0.05]",/Users/deepakkanneganti/Documents/Experimemt 3/MINIST/traditional adaptive composition techniques/client_profiles/weights/clean+translate85.pt
clean+translate86,clean+translate86,corrupt_fl,/Users/deepakkanneganti/Documents/Experimemt 3/MINIST/FL_C/artifacts/federated_artifact_corrupt/clean_translate,client_12_round_2.pt,/Users/deepakkanneganti/Documents/Experimemt 3/MINIST/FL_C/artifacts/federated_artifact_corrupt/clean_translate/clients/client_12_round_2.pt,client_12,2,round_snapshot,clean+translate,client_12,digit_classification,mnist_image,1x28x28,digit_label,digits_0_9,10,mnist_c_clean+translate,clean+translate,1371,"{""0"": 291, ""1"": 89, ""2"": 67, ""3"": 234, ""4"": 181, ""5"": 182, ""6"": 118, ""7"": 67, ""8"": 55, ""9"": 87}",0.39841750173857715,test,0.7454,2.159292416000028,2.159423875000016,0.21105283299999655,2.403886959000033,0.7454,0.7958224485155924,"[0.1154, 0.1462, 0.0862, 0.1372, 0.1312, 0.0906, 0.1048, 0.0614, 0.0542, 0.0728]",/Users/deepakkanneganti/Documents/Experimemt 3/MINIST/traditional adaptive composition techniques/client_profiles/weights/clean+translate86.pt
clean+translate87,clean+translate87,corrupt_fl,/Users/deepakkanneganti/Documents/Experimemt 3/MINIST/FL_C/artifacts/federated_artifact_corrupt/clean_translate,client_12_round_3.pt,/Users/deepakkanneganti/Documents/Experimemt 3/MINIST/FL_C/artifacts/federated_artifact_corrupt/clean_translate/clients/client_12_round_3.pt,client_12,3,round_snapshot,clean+translate,client_12,digit_classification,mnist_image,1x28x28,digit_label,digits_0_9,10,mnist_c_clean+translate,clean+translate,1371,"{""0"": 291, ""1"": 89, ""2"": 67, ""3"": 234, ""4"": 181, ""5"": 182, ""6"": 118, ""7"": 67, ""8"": 55, ""9"": 87}",0.18782847464987726,test,0.7912,2.239133082999956,2.239379917000008,0.2223267500000361,2.5482068329999947,0.7912,0.8483586961284296,"[0.1026, 0.1068, 0.0622, 0.1816, 0.1284, 0.089, 0.0978, 0.0886, 0.0734, 0.0696]",/Users/deepakkanneganti/Documents/Experimemt 3/MINIST/traditional adaptive composition techniques/client_profiles/weights/clean+translate87.pt
clean+translate88,clean+translate88,corrupt_fl,/Users/deepakkanneganti/Documents/Experimemt 3/MINIST/FL_C/artifacts/federated_artifact_corrupt/clean_translate,client_12_round_4.pt,/Users/deepakkanneganti/Documents/Experimemt 3/MINIST/FL_C/artifacts/federated_artifact_corrupt/clean_translate/clients/client_12_round_4.pt,client_12,4,round_snapshot,clean+translate,client_12,digit_classification,mnist_image,1x28x28,digit_label,digits_0_9,10,mnist_c_clean+translate,clean+translate,1371,"{""0"": 291, ""1"": 89, ""2"": 67, ""3"": 234, ""4"": 181, ""5"": 182, ""6"": 118, ""7"": 67, ""8"": 55, ""9"": 87}",0.13045219749663817,test,0.8428,2.089138083000023,2.0892638750000287,0.2082449999999767,2.387588375000007,0.8428000000000001,0.8842949157263458,"[0.1162, 0.1276, 0.085, 0.1272, 0.1168, 0.0838, 0.0882, 0.0932, 0.0916, 0.0704]",/Users/deepakkanneganti/Documents/Experimemt 3/MINIST/traditional adaptive composition techniques/client_profiles/weights/clean+translate88.pt
clean+translate89,clean+translate89,corrupt_fl,/Users/deepakkanneganti/Documents/Experimemt 3/MINIST/FL_C/artifacts/federated_artifact_corrupt/clean_translate,client_12_round_5.pt,/Users/deepakkanneganti/Documents/Experimemt 3/MINIST/FL_C/artifacts/federated_artifact_corrupt/clean_translate/clients/client_12_round_5.pt,client_12,5,round_snapshot,clean+translate,client_12,digit_classification,mnist_image,1x28x28,digit_label,digits_0_9,10,mnist_c_clean+translate,clean+translate,1371,"{""0"": 291, ""1"": 89, ""2"": 67, ""3"": 234, ""4"": 181, ""5"": 182, ""6"": 118, ""7"": 67, ""8"": 55, ""9"": 87}",0.1200389489531517,test,0.8436,2.5840382920000025,2.5843399999999974,0.341153625000004,2.9620524999999702,0.8436,0.8705836134284157,"[0.1128, 0.1118, 0.0926, 0.1104, 0.132, 0.0814, 0.0854, 0.129, 0.0674, 0.0772]",/Users/deepakkanneganti/Documents/Experimemt 3/MINIST/traditional adaptive composition techniques/client_profiles/weights/clean+translate89.pt
clean+translate90,clean+translate90,corrupt_fl,/Users/deepakkanneganti/Documents/Experimemt 3/MINIST/FL_C/artifacts/federated_artifact_corrupt/clean_translate,client_12_round_6.pt,/Users/deepakkanneganti/Documents/Experimemt 3/MINIST/FL_C/artifacts/federated_artifact_corrupt/clean_translate/clients/client_12_round_6.pt,client_12,6,round_snapshot,clean+translate,client_12,digit_classification,mnist_image,1x28x28,digit_label,digits_0_9,10,mnist_c_clean+translate,clean+translate,1371,"{""0"": 291, ""1"": 89, ""2"": 67, ""3"": 234, ""4"": 181, ""5"": 182, ""6"": 118, ""7"": 67, ""8"": 55, ""9"": 87}",0.08763915424545606,test,0.865,2.1637099170000056,2.163931041000012,0.22443358399999624,2.5387124579999636,0.865,0.9025972816365039,"[0.0956, 0.1054, 0.0966, 0.123, 0.1282, 0.0794, 0.0882, 0.0938, 0.1058, 0.084]",/Users/deepakkanneganti/Documents/Experimemt 3/MINIST/traditional adaptive composition techniques/client_profiles/weights/clean+translate90.pt
clean+translate91,clean+translate91,corrupt_fl,/Users/deepakkanneganti/Documents/Experimemt 3/MINIST/FL_C/artifacts/federated_artifact_corrupt/clean_translate,client_12_round_7.pt,/Users/deepakkanneganti/Documents/Experimemt 3/MINIST/FL_C/artifacts/federated_artifact_corrupt/clean_translate/clients/client_12_round_7.pt,client_12,7,round_snapshot,clean+translate,client_12,digit_classification,mnist_image,1x28x28,digit_label,digits_0_9,10,mnist_c_clean+translate,clean+translate,1371,"{""0"": 291, ""1"": 89, ""2"": 67, ""3"": 234, ""4"": 181, ""5"": 182, ""6"": 118, ""7"": 67, ""8"": 55, ""9"": 87}",0.08304141224785284,test,0.8676,2.1186439999999607,2.118854082999974,0.2214447499999892,2.388109874999998,0.8676,0.8858104890355557,"[0.0982, 0.1202, 0.1056, 0.1252, 0.0934, 0.115, 0.095, 0.1022, 0.0716, 0.0736]",/Users/deepakkanneganti/Documents/Experimemt 3/MINIST/traditional adaptive composition techniques/client_profiles/weights/clean+translate91.pt
clean+translate92,clean+translate92,corrupt_fl,/Users/deepakkanneganti/Documents/Experimemt 3/MINIST/FL_C/artifacts/federated_artifact_corrupt/clean_translate,client_12_round_8.pt,/Users/deepakkanneganti/Documents/Experimemt 3/MINIST/FL_C/artifacts/federated_artifact_corrupt/clean_translate/clients/client_12_round_8.pt,client_12,8,round_snapshot,clean+translate,client_12,digit_classification,mnist_image,1x28x28,digit_label,digits_0_9,10,mnist_c_clean+translate,clean+translate,1371,"{""0"": 291, ""1"": 89, ""2"": 67, ""3"": 234, ""4"": 181, ""5"": 182, ""6"": 118, ""7"": 67, ""8"": 55, ""9"": 87}",0.08370781695526658,test,0.8824,2.3017130000000066,2.3020910419999723,0.2381482920000053,2.5886773750000316,0.8824,0.8876444724178959,"[0.108, 0.1092, 0.108, 0.1178, 0.1178, 0.0804, 0.1006, 0.0846, 0.0984, 0.0752]",/Users/deepakkanneganti/Documents/Experimemt 3/MINIST/traditional adaptive composition techniques/client_profiles/weights/clean+translate92.pt
clean+translate93,clean+translate93,corrupt_fl,/Users/deepakkanneganti/Documents/Experimemt 3/MINIST/FL_C/artifacts/federated_artifact_corrupt/clean_translate,client_12_round_9.pt,/Users/deepakkanneganti/Documents/Experimemt 3/MINIST/FL_C/artifacts/federated_artifact_corrupt/clean_translate/clients/client_12_round_9.pt,client_12,9,round_snapshot,clean+translate,client_12,digit_classification,mnist_image,1x28x28,digit_label,digits_0_9,10,mnist_c_clean+translate,clean+translate,1371,"{""0"": 291, ""1"": 89, ""2"": 67, ""3"": 234, ""4"": 181, ""5"": 182, ""6"": 118, ""7"": 67, ""8"": 55, ""9"": 87}",0.08328039532132221,test,0.8822,2.129827665999983,2.129987749999998,0.22887691599999016,2.456723457999999,0.8821999999999999,0.9042850802519233,"[0.1196, 0.1198, 0.1066, 0.0998, 0.124, 0.0898, 0.092, 0.1046, 0.0676, 0.0762]",/Users/deepakkanneganti/Documents/Experimemt 3/MINIST/traditional adaptive composition techniques/client_profiles/weights/clean+translate93.pt
clean+translate94,clean+translate94,corrupt_fl,/Users/deepakkanneganti/Documents/Experimemt 3/MINIST/FL_C/artifacts/federated_artifact_corrupt/clean_translate,client_12_round_10.pt,/Users/deepakkanneganti/Documents/Experimemt 3/MINIST/FL_C/artifacts/federated_artifact_corrupt/clean_translate/clients/client_12_round_10.pt,client_12,10,round_snapshot,clean+translate,client_12,digit_classification,mnist_image,1x28x28,digit_label,digits_0_9,10,mnist_c_clean+translate,clean+translate,1371,"{""0"": 291, ""1"": 89, ""2"": 67, ""3"": 234, ""4"": 181, ""5"": 182, ""6"": 118, ""7"": 67, ""8"": 55, ""9"": 87}",0.06726023698733612,test,0.9062,2.221619125000018,2.221981584000048,0.30300212500003454,2.561247667000032,0.9061999999999999,0.9313997805589991,"[0.106, 0.1228, 0.1034, 0.129, 0.0976, 0.0894, 0.0994, 0.0944, 0.0728, 0.0852]",/Users/deepakkanneganti/Documents/Experimemt 3/MINIST/traditional adaptive composition techniques/client_profiles/weights/clean+translate94.pt
clean+translate95,clean+translate95,corrupt_fl,/Users/deepakkanneganti/Documents/Experimemt 3/MINIST/FL_C/artifacts/federated_artifact_corrupt/clean_translate,client_12_round_11.pt,/Users/deepakkanneganti/Documents/Experimemt 3/MINIST/FL_C/artifacts/federated_artifact_corrupt/clean_translate/clients/client_12_round_11.pt,client_12,11,round_snapshot,clean+translate,client_12,digit_classification,mnist_image,1x28x28,digit_label,digits_0_9,10,mnist_c_clean+translate,clean+translate,1371,"{""0"": 291, ""1"": 89, ""2"": 67, ""3"": 234, ""4"": 181, ""5"": 182, ""6"": 118, ""7"": 67, ""8"": 55, ""9"": 87}",0.058786030830533215,test,0.9052,2.749803374999999,2.7504297500000234,0.2775710839999874,3.23190900000003,0.9052000000000001,0.9063406136309061,"[0.1122, 0.1176, 0.1098, 0.0994, 0.1002, 0.1032, 0.0888, 0.105, 0.0728, 0.091]",/Users/deepakkanneganti/Documents/Experimemt 3/MINIST/traditional adaptive composition techniques/client_profiles/weights/clean+translate95.pt
clean+translate96,clean+translate96,corrupt_fl,/Users/deepakkanneganti/Documents/Experimemt 3/MINIST/FL_C/artifacts/federated_artifact_corrupt/clean_translate,client_12_round_12.pt,/Users/deepakkanneganti/Documents/Experimemt 3/MINIST/FL_C/artifacts/federated_artifact_corrupt/clean_translate/clients/client_12_round_12.pt,client_12,12,round_snapshot,clean+translate,client_12,digit_classification,mnist_image,1x28x28,digit_label,digits_0_9,10,mnist_c_clean+translate,clean+translate,1371,"{""0"": 291, ""1"": 89, ""2"": 67, ""3"": 234, ""4"": 181, ""5"": 182, ""6"": 118, ""7"": 67, ""8"": 55, ""9"": 87}",0.05838603879127539,test,0.912,2.390181874999996,2.3904482919999737,0.2141032500000506,2.7100595,0.9120000000000001,0.9312670311530205,"[0.0966, 0.117, 0.104, 0.1202, 0.1074, 0.087, 0.0926, 0.0926, 0.0844, 0.0982]",/Users/deepakkanneganti/Documents/Experimemt 3/MINIST/traditional adaptive composition techniques/client_profiles/weights/clean+translate96.pt
clean+translate97,clean+translate97,corrupt_fl,/Users/deepakkanneganti/Documents/Experimemt 3/MINIST/FL_C/artifacts/federated_artifact_corrupt/clean_translate,client_12_round_13.pt,/Users/deepakkanneganti/Documents/Experimemt 3/MINIST/FL_C/artifacts/federated_artifact_corrupt/clean_translate/clients/client_12_round_13.pt,client_12,13,round_snapshot,clean+translate,client_12,digit_classification,mnist_image,1x28x28,digit_label,digits_0_9,10,mnist_c_clean+translate,clean+translate,1371,"{""0"": 291, ""1"": 89, ""2"": 67, ""3"": 234, ""4"": 181, ""5"": 182, ""6"": 118, ""7"": 67, ""8"": 55, ""9"": 87}",0.049928893772602984,test,0.9136,2.0431689160000133,2.0433148749999646,0.2397695829999975,2.3700888750000217,0.9136,0.938965475209351,"[0.0852, 0.1124, 0.103, 0.1304, 0.1028, 0.0798, 0.0964, 0.1, 0.0896, 0.1004]",/Users/deepakkanneganti/Documents/Experimemt 3/MINIST/traditional adaptive composition techniques/client_profiles/weights/clean+translate97.pt
clean+translate98,clean+translate98,corrupt_fl,/Users/deepakkanneganti/Documents/Experimemt 3/MINIST/FL_C/artifacts/federated_artifact_corrupt/clean_translate,client_12_round_14.pt,/Users/deepakkanneganti/Documents/Experimemt 3/MINIST/FL_C/artifacts/federated_artifact_corrupt/clean_translate/clients/client_12_round_14.pt,client_12,14,round_snapshot,clean+translate,client_12,digit_classification,mnist_image,1x28x28,digit_label,digits_0_9,10,mnist_c_clean+translate,clean+translate,1371,"{""0"": 291, ""1"": 89, ""2"": 67, ""3"": 234, ""4"": 181, ""5"": 182, ""6"": 118, ""7"": 67, ""8"": 55, ""9"": 87}",0.05043843708875956,test,0.9152,2.144094834000043,2.1442749580000395,0.21478987500000812,2.391511625000021,0.9151999999999999,0.9309150872746006,"[0.0976, 0.1224, 0.0974, 0.1292, 0.086, 0.0906, 0.0932, 0.0864, 0.105, 0.0922]",/Users/deepakkanneganti/Documents/Experimemt 3/MINIST/traditional adaptive composition techniques/client_profiles/weights/clean+translate98.pt
clean+translate99,clean+translate99,corrupt_fl,/Users/deepakkanneganti/Documents/Experimemt 3/MINIST/FL_C/artifacts/federated_artifact_corrupt/clean_translate,client_12_round_15.pt,/Users/deepakkanneganti/Documents/Experimemt 3/MINIST/FL_C/artifacts/federated_artifact_corrupt/clean_translate/clients/client_12_round_15.pt,client_12,15,round_snapshot,clean+translate,client_12,digit_classification,mnist_image,1x28x28,digit_label,digits_0_9,10,mnist_c_clean+translate,clean+translate,1371,"{""0"": 291, ""1"": 89, ""2"": 67, ""3"": 234, ""4"": 181, ""5"": 182, ""6"": 118, ""7"": 67, ""8"": 55, ""9"": 87}",0.050774741621518675,test,0.9174,2.200862416999996,2.201011875000006,0.21616920799999662,2.4537139579999803,0.9174,0.9346716073071986,"[0.0914, 0.1132, 0.099, 0.1306, 0.1114, 0.0924, 0.0836, 0.1022, 0.0812, 0.095]",/Users/deepakkanneganti/Documents/Experimemt 3/MINIST/traditional adaptive composition techniques/client_profiles/weights/clean+translate99.pt
clean+translate100,clean+translate100,corrupt_fl,/Users/deepakkanneganti/Documents/Experimemt 3/MINIST/FL_C/artifacts/federated_artifact_corrupt/clean_translate,client_12_round_16.pt,/Users/deepakkanneganti/Documents/Experimemt 3/MINIST/FL_C/artifacts/federated_artifact_corrupt/clean_translate/clients/client_12_round_16.pt,client_12,16,round_snapshot,clean+translate,client_12,digit_classification,mnist_image,1x28x28,digit_label,digits_0_9,10,mnist_c_clean+translate,clean+translate,1371,"{""0"": 291, ""1"": 89, ""2"": 67, ""3"": 234, ""4"": 181, ""5"": 182, ""6"": 118, ""7"": 67, ""8"": 55, ""9"": 87}",0.041081883436576885,test,0.9148,2.3817535420000127,2.3819422920000193,0.2621361660000048,2.682696082999996,0.9148,0.9469761304039337,"[0.1066, 0.1166, 0.1096, 0.131, 0.0984, 0.0772, 0.0916, 0.1014, 0.079, 0.0886]",/Users/deepakkanneganti/Documents/Experimemt 3/MINIST/traditional adaptive composition techniques/client_profiles/weights/clean+translate100.pt
clean+translate101,clean+translate101,corrupt_fl,/Users/deepakkanneganti/Documents/Experimemt 3/MINIST/FL_C/artifacts/federated_artifact_corrupt/clean_translate,client_12_round_17.pt,/Users/deepakkanneganti/Documents/Experimemt 3/MINIST/FL_C/artifacts/federated_artifact_corrupt/clean_translate/clients/client_12_round_17.pt,client_12,17,round_snapshot,clean+translate,client_12,digit_classification,mnist_image,1x28x28,digit_label,digits_0_9,10,mnist_c_clean+translate,clean+translate,1371,"{""0"": 291, ""1"": 89, ""2"": 67, ""3"": 234, ""4"": 181, ""5"": 182, ""6"": 118, ""7"": 67, ""8"": 55, ""9"": 87}",0.050264236460806744,test,0.9194,2.7190090839999925,2.7194001670000034,0.2809970000000135,3.0508225410000023,0.9194000000000001,0.9331613081310184,"[0.105, 0.1342, 0.0976, 0.0958, 0.1116, 0.0922, 0.0924, 0.0974, 0.073, 0.1008]",/Users/deepakkanneganti/Documents/Experimemt 3/MINIST/traditional adaptive composition techniques/client_profiles/weights/clean+translate101.pt
clean+translate102,clean+translate102,corrupt_fl,/Users/deepakkanneganti/Documents/Experimemt 3/MINIST/FL_C/artifacts/federated_artifact_corrupt/clean_translate,client_12_round_18.pt,/Users/deepakkanneganti/Documents/Experimemt 3/MINIST/FL_C/artifacts/federated_artifact_corrupt/clean_translate/clients/client_12_round_18.pt,client_12,18,round_snapshot,clean+translate,client_12,digit_classification,mnist_image,1x28x28,digit_label,digits_0_9,10,mnist_c_clean+translate,clean+translate,1371,"{""0"": 291, ""1"": 89, ""2"": 67, ""3"": 234, ""4"": 181, ""5"": 182, ""6"": 118, ""7"": 67, ""8"": 55, ""9"": 87}",0.0395565330770544,test,0.9294,2.960512082999969,2.961489125000014,0.4163209579999716,3.791788458000042,0.9294,0.9324701540152996,"[0.1072, 0.121, 0.0996, 0.114, 0.1026, 0.0852, 0.0832, 0.1076, 0.0876, 0.092]",/Users/deepakkanneganti/Documents/Experimemt 3/MINIST/traditional adaptive composition techniques/client_profiles/weights/clean+translate102.pt
clean+translate103,clean+translate103,corrupt_fl,/Users/deepakkanneganti/Documents/Experimemt 3/MINIST/FL_C/artifacts/federated_artifact_corrupt/clean_translate,client_12_round_19.pt,/Users/deepakkanneganti/Documents/Experimemt 3/MINIST/FL_C/artifacts/federated_artifact_corrupt/clean_translate/clients/client_12_round_19.pt,client_12,19,round_snapshot,clean+translate,client_12,digit_classification,mnist_image,1x28x28,digit_label,digits_0_9,10,mnist_c_clean+translate,clean+translate,1371,"{""0"": 291, ""1"": 89, ""2"": 67, ""3"": 234, ""4"": 181, ""5"": 182, ""6"": 118, ""7"": 67, ""8"": 55, ""9"": 87}",0.04631608220833269,test,0.9276,2.663948624999989,2.6644182919999935,0.3057641660000172,3.081735999999978,0.9276,0.9334799075190684,"[0.1024, 0.1138, 0.1028, 0.103, 0.1198, 0.0856, 0.0958, 0.0952, 0.0868, 0.0948]",/Users/deepakkanneganti/Documents/Experimemt 3/MINIST/traditional adaptive composition techniques/client_profiles/weights/clean+translate103.pt
clean+translate104,clean+translate104,corrupt_fl,/Users/deepakkanneganti/Documents/Experimemt 3/MINIST/FL_C/artifacts/federated_artifact_corrupt/clean_translate,client_12.pt,/Users/deepakkanneganti/Documents/Experimemt 3/MINIST/FL_C/artifacts/federated_artifact_corrupt/clean_translate/clients/client_12.pt,client_12,20,final_snapshot,clean+translate,client_12,digit_classification,mnist_image,1x28x28,digit_label,digits_0_9,10,mnist_c_clean+translate,clean+translate,1371,"{""0"": 291, ""1"": 89, ""2"": 67, ""3"": 234, ""4"": 181, ""5"": 182, ""6"": 118, ""7"": 67, ""8"": 55, ""9"": 87}",0.03876380090404189,test,0.9406,2.5941141669999865,2.5943993330000126,0.275213167000004,3.003414541999973,0.9406000000000001,0.937974321705468,"[0.101, 0.1134, 0.0958, 0.1092, 0.1112, 0.0946, 0.0892, 0.1032, 0.0888, 0.0936]",/Users/deepakkanneganti/Documents/Experimemt 3/MINIST/traditional adaptive composition techniques/client_profiles/weights/clean+translate104.pt
clean+translate105,clean+translate105,corrupt_fl,/Users/deepakkanneganti/Documents/Experimemt 3/MINIST/FL_C/artifacts/federated_artifact_corrupt/clean_translate,client_12_round_20.pt,/Users/deepakkanneganti/Documents/Experimemt 3/MINIST/FL_C/artifacts/federated_artifact_corrupt/clean_translate/clients/client_12_round_20.pt,client_12,20,round_snapshot,clean+translate,client_12,digit_classification,mnist_image,1x28x28,digit_label,digits_0_9,10,mnist_c_clean+translate,clean+translate,1371,"{""0"": 291, ""1"": 89, ""2"": 67, ""3"": 234, ""4"": 181, ""5"": 182, ""6"": 118, ""7"": 67, ""8"": 55, ""9"": 87}",0.03876380090404189,test,0.9406,2.6463625000000093,2.647155166999994,0.2515696250000019,2.983622999999966,0.9406000000000001,0.937974321705468,"[0.101, 0.1134, 0.0958, 0.1092, 0.1112, 0.0946, 0.0892, 0.1032, 0.0888, 0.0936]",/Users/deepakkanneganti/Documents/Experimemt 3/MINIST/traditional adaptive composition techniques/client_profiles/weights/clean+translate105.pt
clean+translate106,clean+translate106,corrupt_fl,/Users/deepakkanneganti/Documents/Experimemt 3/MINIST/FL_C/artifacts/federated_artifact_corrupt/clean_translate,client_13_round_1.pt,/Users/deepakkanneganti/Documents/Experimemt 3/MINIST/FL_C/artifacts/federated_artifact_corrupt/clean_translate/clients/client_13_round_1.pt,client_13,1,round_snapshot,clean+translate,client_13,digit_classification,mnist_image,1x28x28,digit_label,digits_0_9,10,mnist_c_clean+translate,clean+translate,1730,"{""0"": 74, ""1"": 89, ""2"": 67, ""3"": 234, ""4"": 104, ""5"": 182, ""6"": 167, ""7"": 67, ""8"": 659, ""9"": 87}",1.0410791266532171,test,0.6388,2.645559917000014,2.645857958000022,0.44580366700000695,3.1956818330000374,0.6388,0.7470440370312927,"[0.0622, 0.1022, 0.0952, 0.1244, 0.1346, 0.1038, 0.1062, 0.074, 0.1558, 0.0416]",/Users/deepakkanneganti/Documents/Experimemt 3/MINIST/traditional adaptive composition techniques/client_profiles/weights/clean+translate106.pt
clean+translate107,clean+translate107,corrupt_fl,/Users/deepakkanneganti/Documents/Experimemt 3/MINIST/FL_C/artifacts/federated_artifact_corrupt/clean_translate,client_13_round_2.pt,/Users/deepakkanneganti/Documents/Experimemt 3/MINIST/FL_C/artifacts/federated_artifact_corrupt/clean_translate/clients/client_13_round_2.pt,client_13,2,round_snapshot,clean+translate,client_13,digit_classification,mnist_image,1x28x28,digit_label,digits_0_9,10,mnist_c_clean+translate,clean+translate,1730,"{""0"": 74, ""1"": 89, ""2"": 67, ""3"": 234, ""4"": 104, ""5"": 182, ""6"": 167, ""7"": 67, ""8"": 659, ""9"": 87}",0.40733592797602924,test,0.7562,2.381093249999992,2.3813136250000184,0.22832495799997332,2.706776792000028,0.7562,0.7683953451232117,"[0.0642, 0.0926, 0.1022, 0.1422, 0.1114, 0.0786, 0.1062, 0.0988, 0.133, 0.0708]",/Users/deepakkanneganti/Documents/Experimemt 3/MINIST/traditional adaptive composition techniques/client_profiles/weights/clean+translate107.pt
clean+translate108,clean+translate108,corrupt_fl,/Users/deepakkanneganti/Documents/Experimemt 3/MINIST/FL_C/artifacts/federated_artifact_corrupt/clean_translate,client_13_round_3.pt,/Users/deepakkanneganti/Documents/Experimemt 3/MINIST/FL_C/artifacts/federated_artifact_corrupt/clean_translate/clients/client_13_round_3.pt,client_13,3,round_snapshot,clean+translate,client_13,digit_classification,mnist_image,1x28x28,digit_label,digits_0_9,10,mnist_c_clean+translate,clean+translate,1730,"{""0"": 74, ""1"": 89, ""2"": 67, ""3"": 234, ""4"": 104, ""5"": 182, ""6"": 167, ""7"": 67, ""8"": 659, ""9"": 87}",0.18787353068944954,test,0.79,2.436627458000032,2.437710750000008,0.2507850829999825,2.7967000840000082,0.79,0.8226962609847177,"[0.0788, 0.123, 0.0642, 0.1448, 0.1012, 0.068, 0.0824, 0.1072, 0.143, 0.0874]",/Users/deepakkanneganti/Documents/Experimemt 3/MINIST/traditional adaptive composition techniques/client_profiles/weights/clean+translate108.pt
clean+translate109,clean+translate109,corrupt_fl,/Users/deepakkanneganti/Documents/Experimemt 3/MINIST/FL_C/artifacts/federated_artifact_corrupt/clean_translate,client_13_round_4.pt,/Users/deepakkanneganti/Documents/Experimemt 3/MINIST/FL_C/artifacts/federated_artifact_corrupt/clean_translate/clients/client_13_round_4.pt,client_13,4,round_snapshot,clean+translate,client_13,digit_classification,mnist_image,1x28x28,digit_label,digits_0_9,10,mnist_c_clean+translate,clean+translate,1730,"{""0"": 74, ""1"": 89, ""2"": 67, ""3"": 234, ""4"": 104, ""5"": 182, ""6"": 167, ""7"": 67, ""8"": 659, ""9"": 87}",0.13880742447716848,test,0.8396,2.221366417000013,2.221597041999985,0.2257322500000214,2.5363350840000294,0.8396000000000001,0.8824816566118516,"[0.0766, 0.1124, 0.076, 0.113, 0.127, 0.0778, 0.0814, 0.0918, 0.1346, 0.1094]",/Users/deepakkanneganti/Documents/Experimemt 3/MINIST/traditional adaptive composition techniques/client_profiles/weights/clean+translate109.pt
clean+translate110,clean+translate110,corrupt_fl,/Users/deepakkanneganti/Documents/Experimemt 3/MINIST/FL_C/artifacts/federated_artifact_corrupt/clean_translate,client_13_round_5.pt,/Users/deepakkanneganti/Documents/Experimemt 3/MINIST/FL_C/artifacts/federated_artifact_corrupt/clean_translate/clients/client_13_round_5.pt,client_13,5,round_snapshot,clean+translate,client_13,digit_classification,mnist_image,1x28x28,digit_label,digits_0_9,10,mnist_c_clean+translate,clean+translate,1730,"{""0"": 74, ""1"": 89, ""2"": 67, ""3"": 234, ""4"": 104, ""5"": 182, ""6"": 167, ""7"": 67, ""8"": 659, ""9"": 87}",0.1035970916882867,test,0.8628,2.4516653750000046,2.452025084000013,0.30885575000002063,2.874866957999984,0.8628,0.8814476291555752,"[0.0886, 0.1192, 0.0914, 0.1136, 0.1014, 0.098, 0.084, 0.0834, 0.1178, 0.1026]",/Users/deepakkanneganti/Documents/Experimemt 3/MINIST/traditional adaptive composition techniques/client_profiles/weights/clean+translate110.pt
clean+translate111,clean+translate111,corrupt_fl,/Users/deepakkanneganti/Documents/Experimemt 3/MINIST/FL_C/artifacts/federated_artifact_corrupt/clean_translate,client_13_round_6.pt,/Users/deepakkanneganti/Documents/Experimemt 3/MINIST/FL_C/artifacts/federated_artifact_corrupt/clean_translate/clients/client_13_round_6.pt,client_13,6,round_snapshot,clean+translate,client_13,digit_classification,mnist_image,1x28x28,digit_label,digits_0_9,10,mnist_c_clean+translate,clean+translate,1730,"{""0"": 74, ""1"": 89, ""2"": 67, ""3"": 234, ""4"": 104, ""5"": 182, ""6"": 167, ""7"": 67, ""8"": 659, ""9"": 87}",0.08421133773490078,test,0.865,2.9021898749999764,2.9027907500000083,0.23476562500002274,3.378790166999977,0.8649999999999999,0.9028291801285937,"[0.074, 0.114, 0.0878, 0.1084, 0.1082, 0.0954, 0.0906, 0.103, 0.1314, 0.0872]",/Users/deepakkanneganti/Documents/Experimemt 3/MINIST/traditional adaptive composition techniques/client_profiles/weights/clean+translate111.pt
clean+translate112,clean+translate112,corrupt_fl,/Users/deepakkanneganti/Documents/Experimemt 3/MINIST/FL_C/artifacts/federated_artifact_corrupt/clean_translate,client_13_round_7.pt,/Users/deepakkanneganti/Documents/Experimemt 3/MINIST/FL_C/artifacts/federated_artifact_corrupt/clean_translate/clients/client_13_round_7.pt,client_13,7,round_snapshot,clean+translate,client_13,digit_classification,mnist_image,1x28x28,digit_label,digits_0_9,10,mnist_c_clean+translate,clean+translate,1730,"{""0"": 74, ""1"": 89, ""2"": 67, ""3"": 234, ""4"": 104, ""5"": 182, ""6"": 167, ""7"": 67, ""8"": 659, ""9"": 87}",0.08986198445338578,test,0.8642,2.5843505830000026,2.5846361249999745,0.2870783750000214,3.0101688340000123,0.8642,0.8838856953377277,"[0.0722, 0.1132, 0.0814, 0.11, 0.096, 0.0924, 0.0876, 0.0992, 0.1684, 0.0796]",/Users/deepakkanneganti/Documents/Experimemt 3/MINIST/traditional adaptive composition techniques/client_profiles/weights/clean+translate112.pt
clean+translate113,clean+translate113,corrupt_fl,/Users/deepakkanneganti/Documents/Experimemt 3/MINIST/FL_C/artifacts/federated_artifact_corrupt/clean_translate,client_13_round_8.pt,/Users/deepakkanneganti/Documents/Experimemt 3/MINIST/FL_C/artifacts/federated_artifact_corrupt/clean_translate/clients/client_13_round_8.pt,client_13,8,round_snapshot,clean+translate,client_13,digit_classification,mnist_image,1x28x28,digit_label,digits_0_9,10,mnist_c_clean+translate,clean+translate,1730,"{""0"": 74, ""1"": 89, ""2"": 67, ""3"": 234, ""4"": 104, ""5"": 182, ""6"": 167, ""7"": 67, ""8"": 659, ""9"": 87}",0.065332720300094,test,0.879,2.676762832999998,2.677061917000003,0.2446291670000278,3.0282751249999933,0.8789999999999999,0.8863208685234911,"[0.0856, 0.11, 0.082, 0.1068, 0.1056, 0.0864, 0.0956, 0.094, 0.1556, 0.0784]",/Users/deepakkanneganti/Documents/Experimemt 3/MINIST/traditional adaptive composition techniques/client_profiles/weights/clean+translate113.pt
clean+translate114,clean+translate114,corrupt_fl,/Users/deepakkanneganti/Documents/Experimemt 3/MINIST/FL_C/artifacts/federated_artifact_corrupt/clean_translate,client_13_round_9.pt,/Users/deepakkanneganti/Documents/Experimemt 3/MINIST/FL_C/artifacts/federated_artifact_corrupt/clean_translate/clients/client_13_round_9.pt,client_13,9,round_snapshot,clean+translate,client_13,digit_classification,mnist_image,1x28x28,digit_label,digits_0_9,10,mnist_c_clean+translate,clean+translate,1730,"{""0"": 74, ""1"": 89, ""2"": 67, ""3"": 234, ""4"": 104, ""5"": 182, ""6"": 167, ""7"": 67, ""8"": 659, ""9"": 87}",0.06714642892724701,test,0.8954,2.2380649579999954,2.2383004159999587,0.2786882919999698,2.6175901250000493,0.8954000000000001,0.9225802738512144,"[0.0966, 0.1198, 0.0904, 0.0994, 0.1142, 0.0884, 0.0926, 0.088, 0.1264, 0.0842]",/Users/deepakkanneganti/Documents/Experimemt 3/MINIST/traditional adaptive composition techniques/client_profiles/weights/clean+translate114.pt
clean+translate115,clean+translate115,corrupt_fl,/Users/deepakkanneganti/Documents/Experimemt 3/MINIST/FL_C/artifacts/federated_artifact_corrupt/clean_translate,client_13_round_10.pt,/Users/deepakkanneganti/Documents/Experimemt 3/MINIST/FL_C/artifacts/federated_artifact_corrupt/clean_translate/clients/client_13_round_10.pt,client_13,10,round_snapshot,clean+translate,client_13,digit_classification,mnist_image,1x28x28,digit_label,digits_0_9,10,mnist_c_clean+translate,clean+translate,1730,"{""0"": 74, ""1"": 89, ""2"": 67, ""3"": 234, ""4"": 104, ""5"": 182, ""6"": 167, ""7"": 67, ""8"": 659, ""9"": 87}",0.06461573873336117,test,0.8704,2.8848096669999563,2.8851576249999766,0.3283757920000312,3.2606635409999853,0.8704000000000001,0.8981353111510568,"[0.0668, 0.114, 0.0894, 0.1326, 0.0916, 0.1202, 0.087, 0.0892, 0.1294, 0.0798]",/Users/deepakkanneganti/Documents/Experimemt 3/MINIST/traditional adaptive composition techniques/client_profiles/weights/clean+translate115.pt
clean+translate116,clean+translate116,corrupt_fl,/Users/deepakkanneganti/Documents/Experimemt 3/MINIST/FL_C/artifacts/federated_artifact_corrupt/clean_translate,client_13_round_11.pt,/Users/deepakkanneganti/Documents/Experimemt 3/MINIST/FL_C/artifacts/federated_artifact_corrupt/clean_translate/clients/client_13_round_11.pt,client_13,11,round_snapshot,clean+translate,client_13,digit_classification,mnist_image,1x28x28,digit_label,digits_0_9,10,mnist_c_clean+translate,clean+translate,1730,"{""0"": 74, ""1"": 89, ""2"": 67, ""3"": 234, ""4"": 104, ""5"": 182, ""6"": 167, ""7"": 67, ""8"": 659, ""9"": 87}",0.06379388685205153,test,0.8906,2.7214527080000153,2.721823583999992,0.2653653749999876,3.289771083000005,0.8905999999999998,0.8808290762951627,"[0.0938, 0.1102, 0.0952, 0.093, 0.11, 0.0826, 0.0874, 0.0988, 0.15, 0.079]",/Users/deepakkanneganti/Documents/Experimemt 3/MINIST/traditional adaptive composition techniques/client_profiles/weights/clean+translate116.pt
clean+translate117,clean+translate117,corrupt_fl,/Users/deepakkanneganti/Documents/Experimemt 3/MINIST/FL_C/artifacts/federated_artifact_corrupt/clean_translate,client_13_round_12.pt,/Users/deepakkanneganti/Documents/Experimemt 3/MINIST/FL_C/artifacts/federated_artifact_corrupt/clean_translate/clients/client_13_round_12.pt,client_13,12,round_snapshot,clean+translate,client_13,digit_classification,mnist_image,1x28x28,digit_label,digits_0_9,10,mnist_c_clean+translate,clean+translate,1730,"{""0"": 74, ""1"": 89, ""2"": 67, ""3"": 234, ""4"": 104, ""5"": 182, ""6"": 167, ""7"": 67, ""8"": 659, ""9"": 87}",0.054672982693383734,test,0.9174,2.7140564999999697,2.7143222909999736,0.23345150000000103,3.038447917000042,0.9174000000000001,0.9337045214475164,"[0.0866, 0.1218, 0.0936, 0.1186, 0.1072, 0.0914, 0.086, 0.0932, 0.1066, 0.095]",/Users/deepakkanneganti/Documents/Experimemt 3/MINIST/traditional adaptive composition techniques/client_profiles/weights/clean+translate117.pt
clean+translate118,clean+translate118,corrupt_fl,/Users/deepakkanneganti/Documents/Experimemt 3/MINIST/FL_C/artifacts/federated_artifact_corrupt/clean_translate,client_13_round_13.pt,/Users/deepakkanneganti/Documents/Experimemt 3/MINIST/FL_C/artifacts/federated_artifact_corrupt/clean_translate/clients/client_13_round_13.pt,client_13,13,round_snapshot,clean+translate,client_13,digit_classification,mnist_image,1x28x28,digit_label,digits_0_9,10,mnist_c_clean+translate,clean+translate,1730,"{""0"": 74, ""1"": 89, ""2"": 67, ""3"": 234, ""4"": 104, ""5"": 182, ""6"": 167, ""7"": 67, ""8"": 659, ""9"": 87}",0.0503283143487005,test,0.8838,2.38249941600003,2.382762874999969,0.4093767089999574,2.888347834000001,0.8838000000000001,0.9038174971274437,"[0.0696, 0.1076, 0.0896, 0.1058, 0.1018, 0.09, 0.085, 0.0946, 0.1498, 0.1062]",/Users/deepakkanneganti/Documents/Experimemt 3/MINIST/traditional adaptive composition techniques/client_profiles/weights/clean+translate118.pt
clean+translate119,clean+translate119,corrupt_fl,/Users/deepakkanneganti/Documents/Experimemt 3/MINIST/FL_C/artifacts/federated_artifact_corrupt/clean_translate,client_13_round_14.pt,/Users/deepakkanneganti/Documents/Experimemt 3/MINIST/FL_C/artifacts/federated_artifact_corrupt/clean_translate/clients/client_13_round_14.pt,client_13,14,round_snapshot,clean+translate,client_13,digit_classification,mnist_image,1x28x28,digit_label,digits_0_9,10,mnist_c_clean+translate,clean+translate,1730,"{""0"": 74, ""1"": 89, ""2"": 67, ""3"": 234, ""4"": 104, ""5"": 182, ""6"": 167, ""7"": 67, ""8"": 659, ""9"": 87}",0.041404059051447326,test,0.912,3.2139526249999903,3.214325374999987,0.2454303330000016,3.650269332999983,0.9120000000000001,0.9147298280737479,"[0.0786, 0.1222, 0.0914, 0.1106, 0.1024, 0.1018, 0.089, 0.0956, 0.1254, 0.083]",/Users/deepakkanneganti/Documents/Experimemt 3/MINIST/traditional adaptive composition techniques/client_profiles/weights/clean+translate119.pt
clean+translate120,clean+translate120,corrupt_fl,/Users/deepakkanneganti/Documents/Experimemt 3/MINIST/FL_C/artifacts/federated_artifact_corrupt/clean_translate,client_13_round_15.pt,/Users/deepakkanneganti/Documents/Experimemt 3/MINIST/FL_C/artifacts/federated_artifact_corrupt/clean_translate/clients/client_13_round_15.pt,client_13,15,round_snapshot,clean+translate,client_13,digit_classification,mnist_image,1x28x28,digit_label,digits_0_9,10,mnist_c_clean+translate,clean+translate,1730,"{""0"": 74, ""1"": 89, ""2"": 67, ""3"": 234, ""4"": 104, ""5"": 182, ""6"": 167, ""7"": 67, ""8"": 659, ""9"": 87}",0.0409533744373004,test,0.9158,3.0849263329999985,3.085608707999995,0.3019415830000298,3.495384583000032,0.9158,0.9202602725525176,"[0.0782, 0.1114, 0.0864, 0.0966, 0.1152, 0.1064, 0.0966, 0.1038, 0.1184, 0.087]",/Users/deepakkanneganti/Documents/Experimemt 3/MINIST/traditional adaptive composition techniques/client_profiles/weights/clean+translate120.pt
clean+translate121,clean+translate121,corrupt_fl,/Users/deepakkanneganti/Documents/Experimemt 3/MINIST/FL_C/artifacts/federated_artifact_corrupt/clean_translate,client_13_round_16.pt,/Users/deepakkanneganti/Documents/Experimemt 3/MINIST/FL_C/artifacts/federated_artifact_corrupt/clean_translate/clients/client_13_round_16.pt,client_13,16,round_snapshot,clean+translate,client_13,digit_classification,mnist_image,1x28x28,digit_label,digits_0_9,10,mnist_c_clean+translate,clean+translate,1730,"{""0"": 74, ""1"": 89, ""2"": 67, ""3"": 234, ""4"": 104, ""5"": 182, ""6"": 167, ""7"": 67, ""8"": 659, ""9"": 87}",0.03486748872923532,test,0.9206,2.7317209579999826,2.733167041999991,0.2613061250000328,3.160981832999994,0.9206,0.925181612312998,"[0.0904, 0.1114, 0.0944, 0.1082, 0.095, 0.09, 0.0916, 0.1094, 0.1254, 0.0842]",/Users/deepakkanneganti/Documents/Experimemt 3/MINIST/traditional adaptive composition techniques/client_profiles/weights/clean+translate121.pt
clean+translate122,clean+translate122,corrupt_fl,/Users/deepakkanneganti/Documents/Experimemt 3/MINIST/FL_C/artifacts/federated_artifact_corrupt/clean_translate,client_13_round_17.pt,/Users/deepakkanneganti/Documents/Experimemt 3/MINIST/FL_C/artifacts/federated_artifact_corrupt/clean_translate/clients/client_13_round_17.pt,client_13,17,round_snapshot,clean+translate,client_13,digit_classification,mnist_image,1x28x28,digit_label,digits_0_9,10,mnist_c_clean+translate,clean+translate,1730,"{""0"": 74, ""1"": 89, ""2"": 67, ""3"": 234, ""4"": 104, ""5"": 182, ""6"": 167, ""7"": 67, ""8"": 659, ""9"": 87}",0.03420209010974282,test,0.9222,2.7704866249999895,2.770800124999994,0.5568718330000024,3.407551249999983,0.9221999999999999,0.9348504358819036,"[0.0848, 0.1212, 0.0938, 0.105, 0.1146, 0.0882, 0.087, 0.1008, 0.107, 0.0976]",/Users/deepakkanneganti/Documents/Experimemt 3/MINIST/traditional adaptive composition techniques/client_profiles/weights/clean+translate122.pt
clean+translate123,clean+translate123,corrupt_fl,/Users/deepakkanneganti/Documents/Experimemt 3/MINIST/FL_C/artifacts/federated_artifact_corrupt/clean_translate,client_13_round_18.pt,/Users/deepakkanneganti/Documents/Experimemt 3/MINIST/FL_C/artifacts/federated_artifact_corrupt/clean_translate/clients/client_13_round_18.pt,client_13,18,round_snapshot,clean+translate,client_13,digit_classification,mnist_image,1x28x28,digit_label,digits_0_9,10,mnist_c_clean+translate,clean+translate,1730,"{""0"": 74, ""1"": 89, ""2"": 67, ""3"": 234, ""4"": 104, ""5"": 182, ""6"": 167, ""7"": 67, ""8"": 659, ""9"": 87}",0.030504236807159725,test,0.918,2.666470707999963,2.6667720000000372,0.29856266600000936,3.057039791999955,0.9180000000000001,0.91114711503592,"[0.0862, 0.1146, 0.0846, 0.1064, 0.1048, 0.0852, 0.0932, 0.1054, 0.128, 0.0916]",/Users/deepakkanneganti/Documents/Experimemt 3/MINIST/traditional adaptive composition techniques/client_profiles/weights/clean+translate123.pt
clean+translate124,clean+translate124,corrupt_fl,/Users/deepakkanneganti/Documents/Experimemt 3/MINIST/FL_C/artifacts/federated_artifact_corrupt/clean_translate,client_13_round_19.pt,/Users/deepakkanneganti/Documents/Experimemt 3/MINIST/FL_C/artifacts/federated_artifact_corrupt/clean_translate/clients/client_13_round_19.pt,client_13,19,round_snapshot,clean+translate,client_13,digit_classification,mnist_image,1x28x28,digit_label,digits_0_9,10,mnist_c_clean+translate,clean+translate,1730,"{""0"": 74, ""1"": 89, ""2"": 67, ""3"": 234, ""4"": 104, ""5"": 182, ""6"": 167, ""7"": 67, ""8"": 659, ""9"": 87}",0.028236080360199724,test,0.918,3.0802806249999435,3.081471333999957,0.5307039169999825,3.7129020000000423,0.9179999999999999,0.903201079690585,"[0.0828, 0.1108, 0.087, 0.1038, 0.1052, 0.0918, 0.0996, 0.101, 0.125, 0.093]",/Users/deepakkanneganti/Documents/Experimemt 3/MINIST/traditional adaptive composition techniques/client_profiles/weights/clean+translate124.pt
clean+translate125,clean+translate125,corrupt_fl,/Users/deepakkanneganti/Documents/Experimemt 3/MINIST/FL_C/artifacts/federated_artifact_corrupt/clean_translate,client_13.pt,/Users/deepakkanneganti/Documents/Experimemt 3/MINIST/FL_C/artifacts/federated_artifact_corrupt/clean_translate/clients/client_13.pt,client_13,20,final_snapshot,clean+translate,client_13,digit_classification,mnist_image,1x28x28,digit_label,digits_0_9,10,mnist_c_clean+translate,clean+translate,1730,"{""0"": 74, ""1"": 89, ""2"": 67, ""3"": 234, ""4"": 104, ""5"": 182, ""6"": 167, ""7"": 67, ""8"": 659, ""9"": 87}",0.0356815741175697,test,0.9126,3.6119435420000627,3.6131670830000076,0.5229062089999843,4.478033041999993,0.9126,0.9062655326178746,"[0.0866, 0.1034, 0.0948, 0.108, 0.1048, 0.09, 0.083, 0.094, 0.147, 0.0884]",/Users/deepakkanneganti/Documents/Experimemt 3/MINIST/traditional adaptive composition techniques/client_profiles/weights/clean+translate125.pt
clean+translate126,clean+translate126,corrupt_fl,/Users/deepakkanneganti/Documents/Experimemt 3/MINIST/FL_C/artifacts/federated_artifact_corrupt/clean_translate,client_13_round_20.pt,/Users/deepakkanneganti/Documents/Experimemt 3/MINIST/FL_C/artifacts/federated_artifact_corrupt/clean_translate/clients/client_13_round_20.pt,client_13,20,round_snapshot,clean+translate,client_13,digit_classification,mnist_image,1x28x28,digit_label,digits_0_9,10,mnist_c_clean+translate,clean+translate,1730,"{""0"": 74, ""1"": 89, ""2"": 67, ""3"": 234, ""4"": 104, ""5"": 182, ""6"": 167, ""7"": 67, ""8"": 659, ""9"": 87}",0.0356815741175697,test,0.9126,2.900831500000095,2.9031349169999885,0.30568045799998345,3.448417332999952,0.9126,0.9062655326178746,"[0.0866, 0.1034, 0.0948, 0.108, 0.1048, 0.09, 0.083, 0.094, 0.147, 0.0884]",/Users/deepakkanneganti/Documents/Experimemt 3/MINIST/traditional adaptive composition techniques/client_profiles/weights/clean+translate126.pt
clean+translate127,clean+translate127,corrupt_fl,/Users/deepakkanneganti/Documents/Experimemt 3/MINIST/FL_C/artifacts/federated_artifact_corrupt/clean_translate,client_14_round_1.pt,/Users/deepakkanneganti/Documents/Experimemt 3/MINIST/FL_C/artifacts/federated_artifact_corrupt/clean_translate/clients/client_14_round_1.pt,client_14,1,round_snapshot,clean+translate,client_14,digit_classification,mnist_image,1x28x28,digit_label,digits_0_9,10,mnist_c_clean+translate,clean+translate,1608,"{""0"": 74, ""1"": 283, ""2"": 67, ""3"": 90, ""4"": 181, ""5"": 85, ""6"": 118, ""7"": 429, ""8"": 54, ""9"": 227}",0.904236552807001,test,0.6104,2.604240584000081,2.6044537500000615,0.27229845800002295,2.9444102090000115,0.6104,0.711589324124259,"[0.068, 0.147, 0.094, 0.0792, 0.1296, 0.0846, 0.0628, 0.2286, 0.0232, 0.083]",/Users/deepakkanneganti/Documents/Experimemt 3/MINIST/traditional adaptive composition techniques/client_profiles/weights/clean+translate127.pt
clean+translate128,clean+translate128,corrupt_fl,/Users/deepakkanneganti/Documents/Experimemt 3/MINIST/FL_C/artifacts/federated_artifact_corrupt/clean_translate,client_14_round_2.pt,/Users/deepakkanneganti/Documents/Experimemt 3/MINIST/FL_C/artifacts/federated_artifact_corrupt/clean_translate/clients/client_14_round_2.pt,client_14,2,round_snapshot,clean+translate,client_14,digit_classification,mnist_image,1x28x28,digit_label,digits_0_9,10,mnist_c_clean+translate,clean+translate,1608,"{""0"": 74, ""1"": 283, ""2"": 67, ""3"": 90, ""4"": 181, ""5"": 85, ""6"": 118, ""7"": 429, ""8"": 54, ""9"": 227}",0.38627153405776393,test,0.754,3.0549359579999873,3.0559569160000137,0.3028079580000167,3.466411624999978,0.754,0.8055346907783397,"[0.0698, 0.116, 0.0668, 0.1146, 0.1222, 0.0558, 0.1018, 0.1286, 0.0866, 0.1378]",/Users/deepakkanneganti/Documents/Experimemt 3/MINIST/traditional adaptive composition techniques/client_profiles/weights/clean+translate128.pt
clean+translate129,clean+translate129,corrupt_fl,/Users/deepakkanneganti/Documents/Experimemt 3/MINIST/FL_C/artifacts/federated_artifact_corrupt/clean_translate,client_14_round_3.pt,/Users/deepakkanneganti/Documents/Experimemt 3/MINIST/FL_C/artifacts/federated_artifact_corrupt/clean_translate/clients/client_14_round_3.pt,client_14,3,round_snapshot,clean+translate,client_14,digit_classification,mnist_image,1x28x28,digit_label,digits_0_9,10,mnist_c_clean+translate,clean+translate,1608,"{""0"": 74, ""1"": 283, ""2"": 67, ""3"": 90, ""4"": 181, ""5"": 85, ""6"": 118, ""7"": 429, ""8"": 54, ""9"": 227}",0.18751378653523249,test,0.7714,3.424157124999965,3.4244913750000023,0.28741024999999354,3.8363273329999856,0.7714000000000001,0.8195797400667876,"[0.0656, 0.1372, 0.0852, 0.1022, 0.1042, 0.0726, 0.0832, 0.1556, 0.047, 0.1472]",/Users/deepakkanneganti/Documents/Experimemt 3/MINIST/traditional adaptive composition techniques/client_profiles/weights/clean+translate129.pt
clean+translate130,clean+translate130,corrupt_fl,/Users/deepakkanneganti/Documents/Experimemt 3/MINIST/FL_C/artifacts/federated_artifact_corrupt/clean_translate,client_14_round_4.pt,/Users/deepakkanneganti/Documents/Experimemt 3/MINIST/FL_C/artifacts/federated_artifact_corrupt/clean_translate/clients/client_14_round_4.pt,client_14,4,round_snapshot,clean+translate,client_14,digit_classification,mnist_image,1x28x28,digit_label,digits_0_9,10,mnist_c_clean+translate,clean+translate,1608,"{""0"": 74, ""1"": 283, ""2"": 67, ""3"": 90, ""4"": 181, ""5"": 85, ""6"": 118, ""7"": 429, ""8"": 54, ""9"": 227}",0.15280884432678038,test,0.8536,2.714521125000033,2.7147822499999847,0.4131775830001061,3.2648776670000643,0.8535999999999999,0.8860324640883201,"[0.0906, 0.1, 0.1212, 0.095, 0.1204, 0.0698, 0.0872, 0.1182, 0.0948, 0.1028]",/Users/deepakkanneganti/Documents/Experimemt 3/MINIST/traditional adaptive composition techniques/client_profiles/weights/clean+translate130.pt
clean+translate131,clean+translate131,corrupt_fl,/Users/deepakkanneganti/Documents/Experimemt 3/MINIST/FL_C/artifacts/federated_artifact_corrupt/clean_translate,client_14_round_5.pt,/Users/deepakkanneganti/Documents/Experimemt 3/MINIST/FL_C/artifacts/federated_artifact_corrupt/clean_translate/clients/client_14_round_5.pt,client_14,5,round_snapshot,clean+translate,client_14,digit_classification,mnist_image,1x28x28,digit_label,digits_0_9,10,mnist_c_clean+translate,clean+translate,1608,"{""0"": 74, ""1"": 283, ""2"": 67, ""3"": 90, ""4"": 181, ""5"": 85, ""6"": 118, ""7"": 429, ""8"": 54, ""9"": 227}",0.12262717882792155,test,0.8584,2.3843693339999845,2.384607874999915,0.2760446250000541,2.7572736249999252,0.8583999999999999,0.884234931385782,"[0.074, 0.1148, 0.0798, 0.1346, 0.0912, 0.0876, 0.0986, 0.1048, 0.0942, 0.1204]",/Users/deepakkanneganti/Documents/Experimemt 3/MINIST/traditional adaptive composition techniques/client_profiles/weights/clean+translate131.pt
clean+translate132,clean+translate132,corrupt_fl,/Users/deepakkanneganti/Documents/Experimemt 3/MINIST/FL_C/artifacts/federated_artifact_corrupt/clean_translate,client_14_round_6.pt,/Users/deepakkanneganti/Documents/Experimemt 3/MINIST/FL_C/artifacts/federated_artifact_corrupt/clean_translate/clients/client_14_round_6.pt,client_14,6,round_snapshot,clean+translate,client_14,digit_classification,mnist_image,1x28x28,digit_label,digits_0_9,10,mnist_c_clean+translate,clean+translate,1608,"{""0"": 74, ""1"": 283, ""2"": 67, ""3"": 90, ""4"": 181, ""5"": 85, ""6"": 118, ""7"": 429, ""8"": 54, ""9"": 227}",0.106185992845358,test,0.8548,2.8110968750000893,2.81145441700005,0.28938304200005405,3.194846792000021,0.8548,0.8878616084263483,"[0.0786, 0.124, 0.0806, 0.088, 0.1152, 0.0806, 0.0916, 0.1222, 0.071, 0.1482]",/Users/deepakkanneganti/Documents/Experimemt 3/MINIST/traditional adaptive composition techniques/client_profiles/weights/clean+translate132.pt
clean+translate133,clean+translate133,corrupt_fl,/Users/deepakkanneganti/Documents/Experimemt 3/MINIST/FL_C/artifacts/federated_artifact_corrupt/clean_translate,client_14_round_7.pt,/Users/deepakkanneganti/Documents/Experimemt 3/MINIST/FL_C/artifacts/federated_artifact_corrupt/clean_translate/clients/client_14_round_7.pt,client_14,7,round_snapshot,clean+translate,client_14,digit_classification,mnist_image,1x28x28,digit_label,digits_0_9,10,mnist_c_clean+translate,clean+translate,1608,"{""0"": 74, ""1"": 283, ""2"": 67, ""3"": 90, ""4"": 181, ""5"": 85, ""6"": 118, ""7"": 429, ""8"": 54, ""9"": 227}",0.1016819728538394,test,0.877,2.96921220899992,2.9700329160000365,0.29838374999997086,3.3824526669999386,0.877,0.9030113377099822,"[0.0738, 0.1144, 0.0966, 0.1128, 0.097, 0.0836, 0.1104, 0.1136, 0.0662, 0.1316]",/Users/deepakkanneganti/Documents/Experimemt 3/MINIST/traditional adaptive composition techniques/client_profiles/weights/clean+translate133.pt
clean+translate134,clean+translate134,corrupt_fl,/Users/deepakkanneganti/Documents/Experimemt 3/MINIST/FL_C/artifacts/federated_artifact_corrupt/clean_translate,client_14_round_8.pt,/Users/deepakkanneganti/Documents/Experimemt 3/MINIST/FL_C/artifacts/federated_artifact_corrupt/clean_translate/clients/client_14_round_8.pt,client_14,8,round_snapshot,clean+translate,client_14,digit_classification,mnist_image,1x28x28,digit_label,digits_0_9,10,mnist_c_clean+translate,clean+translate,1608,"{""0"": 74, ""1"": 283, ""2"": 67, ""3"": 90, ""4"": 181, ""5"": 85, ""6"": 118, ""7"": 429, ""8"": 54, ""9"": 227}",0.07803766840161422,test,0.8918,2.783588540999972,2.7839026660000172,0.2949756250000064,3.1892653339999697,0.8918000000000001,0.9014299926756225,"[0.0918, 0.1034, 0.0832, 0.0982, 0.0966, 0.079, 0.0988, 0.1128, 0.1044, 0.1318]",/Users/deepakkanneganti/Documents/Experimemt 3/MINIST/traditional adaptive composition techniques/client_profiles/weights/clean+translate134.pt
clean+translate135,clean+translate135,corrupt_fl,/Users/deepakkanneganti/Documents/Experimemt 3/MINIST/FL_C/artifacts/federated_artifact_corrupt/clean_translate,client_14_round_9.pt,/Users/deepakkanneganti/Documents/Experimemt 3/MINIST/FL_C/artifacts/federated_artifact_corrupt/clean_translate/clients/client_14_round_9.pt,client_14,9,round_snapshot,clean+translate,client_14,digit_classification,mnist_image,1x28x28,digit_label,digits_0_9,10,mnist_c_clean+translate,clean+translate,1608,"{""0"": 74, ""1"": 283, ""2"": 67, ""3"": 90, ""4"": 181, ""5"": 85, ""6"": 118, ""7"": 429, ""8"": 54, ""9"": 227}",0.08010387530502601,test,0.9006,2.491097707999984,2.492138291999936,0.3278530420000152,2.9121203749999722,0.9006000000000001,0.9290311220427616,"[0.098, 0.1254, 0.0946, 0.1092, 0.0988, 0.086, 0.0832, 0.1128, 0.0864, 0.1056]",/Users/deepakkanneganti/Documents/Experimemt 3/MINIST/traditional adaptive composition techniques/client_profiles/weights/clean+translate135.pt
clean+translate136,clean+translate136,corrupt_fl,/Users/deepakkanneganti/Documents/Experimemt 3/MINIST/FL_C/artifacts/federated_artifact_corrupt/clean_translate,client_14_round_10.pt,/Users/deepakkanneganti/Documents/Experimemt 3/MINIST/FL_C/artifacts/federated_artifact_corrupt/clean_translate/clients/client_14_round_10.pt,client_14,10,round_snapshot,clean+translate,client_14,digit_classification,mnist_image,1x28x28,digit_label,digits_0_9,10,mnist_c_clean+translate,clean+translate,1608,"{""0"": 74, ""1"": 283, ""2"": 67, ""3"": 90, ""4"": 181, ""5"": 85, ""6"": 118, ""7"": 429, ""8"": 54, ""9"": 227}",0.07162453121959399,test,0.897,3.0566771660000995,3.056982167000001,0.27631095900005676,3.457753249999996,0.8969999999999999,0.9349070094579925,"[0.1034, 0.1274, 0.0984, 0.099, 0.0838, 0.0922, 0.088, 0.1114, 0.08, 0.1164]",/Users/deepakkanneganti/Documents/Experimemt 3/MINIST/traditional adaptive composition techniques/client_profiles/weights/clean+translate136.pt
clean+translate137,clean+translate137,corrupt_fl,/Users/deepakkanneganti/Documents/Experimemt 3/MINIST/FL_C/artifacts/federated_artifact_corrupt/clean_translate,client_14_round_11.pt,/Users/deepakkanneganti/Documents/Experimemt 3/MINIST/FL_C/artifacts/federated_artifact_corrupt/clean_translate/clients/client_14_round_11.pt,client_14,11,round_snapshot,clean+translate,client_14,digit_classification,mnist_image,1x28x28,digit_label,digits_0_9,10,mnist_c_clean+translate,clean+translate,1608,"{""0"": 74, ""1"": 283, ""2"": 67, ""3"": 90, ""4"": 181, ""5"": 85, ""6"": 118, ""7"": 429, ""8"": 54, ""9"": 227}",0.06564431236937451,test,0.9142,3.423797749999949,3.424925916999996,0.3314916669999093,3.852544875000035,0.9141999999999999,0.9216888805975858,"[0.104, 0.1252, 0.0952, 0.0886, 0.0984, 0.086, 0.0952, 0.109, 0.0904, 0.108]",/Users/deepakkanneganti/Documents/Experimemt 3/MINIST/traditional adaptive composition techniques/client_profiles/weights/clean+translate137.pt
clean+translate138,clean+translate138,corrupt_fl,/Users/deepakkanneganti/Documents/Experimemt 3/MINIST/FL_C/artifacts/federated_artifact_corrupt/clean_translate,client_14_round_12.pt,/Users/deepakkanneganti/Documents/Experimemt 3/MINIST/FL_C/artifacts/federated_artifact_corrupt/clean_translate/clients/client_14_round_12.pt,client_14,12,round_snapshot,clean+translate,client_14,digit_classification,mnist_image,1x28x28,digit_label,digits_0_9,10,mnist_c_clean+translate,clean+translate,1608,"{""0"": 74, ""1"": 283, ""2"": 67, ""3"": 90, ""4"": 181, ""5"": 85, ""6"": 118, ""7"": 429, ""8"": 54, ""9"": 227}",0.06076871570295248,test,0.9022,3.449414917000013,3.449850749999996,0.3167404999999235,3.8791517499998918,0.9022,0.9086916397969871,"[0.093, 0.111, 0.0976, 0.0998, 0.1152, 0.0806, 0.105, 0.127, 0.0804, 0.0904]",/Users/deepakkanneganti/Documents/Experimemt 3/MINIST/traditional adaptive composition techniques/client_profiles/weights/clean+translate138.pt
clean+translate139,clean+translate139,corrupt_fl,/Users/deepakkanneganti/Documents/Experimemt 3/MINIST/FL_C/artifacts/federated_artifact_corrupt/clean_translate,client_14_round_13.pt,/Users/deepakkanneganti/Documents/Experimemt 3/MINIST/FL_C/artifacts/federated_artifact_corrupt/clean_translate/clients/client_14_round_13.pt,client_14,13,round_snapshot,clean+translate,client_14,digit_classification,mnist_image,1x28x28,digit_label,digits_0_9,10,mnist_c_clean+translate,clean+translate,1608,"{""0"": 74, ""1"": 283, ""2"": 67, ""3"": 90, ""4"": 181, ""5"": 85, ""6"": 118, ""7"": 429, ""8"": 54, ""9"": 227}",0.056012967290977635,test,0.9136,2.7194187500000453,2.7210979999999836,0.45111050000002706,3.314693625000018,0.9136,0.9354360308465737,"[0.075, 0.1182, 0.1062, 0.1128, 0.0984, 0.0822, 0.09, 0.1094, 0.0916, 0.1162]",/Users/deepakkanneganti/Documents/Experimemt 3/MINIST/traditional adaptive composition techniques/client_profiles/weights/clean+translate139.pt
clean+translate140,clean+translate140,corrupt_fl,/Users/deepakkanneganti/Documents/Experimemt 3/MINIST/FL_C/artifacts/federated_artifact_corrupt/clean_translate,client_14_round_14.pt,/Users/deepakkanneganti/Documents/Experimemt 3/MINIST/FL_C/artifacts/federated_artifact_corrupt/clean_translate/clients/client_14_round_14.pt,client_14,14,round_snapshot,clean+translate,client_14,digit_classification,mnist_image,1x28x28,digit_label,digits_0_9,10,mnist_c_clean+translate,clean+translate,1608,"{""0"": 74, ""1"": 283, ""2"": 67, ""3"": 90, ""4"": 181, ""5"": 85, ""6"": 118, ""7"": 429, ""8"": 54, ""9"": 227}",0.05540393628418828,test,0.9048,3.004474334000065,3.0050032910000937,0.33726591599997846,3.4438100419999955,0.9048,0.9164807452298395,"[0.087, 0.1276, 0.087, 0.112, 0.0872, 0.0892, 0.081, 0.1218, 0.094, 0.1132]",/Users/deepakkanneganti/Documents/Experimemt 3/MINIST/traditional adaptive composition techniques/client_profiles/weights/clean+translate140.pt
clean+translate141,clean+translate141,corrupt_fl,/Users/deepakkanneganti/Documents/Experimemt 3/MINIST/FL_C/artifacts/federated_artifact_corrupt/clean_translate,client_14_round_15.pt,/Users/deepakkanneganti/Documents/Experimemt 3/MINIST/FL_C/artifacts/federated_artifact_corrupt/clean_translate/clients/client_14_round_15.pt,client_14,15,round_snapshot,clean+translate,client_14,digit_classification,mnist_image,1x28x28,digit_label,digits_0_9,10,mnist_c_clean+translate,clean+translate,1608,"{""0"": 74, ""1"": 283, ""2"": 67, ""3"": 90, ""4"": 181, ""5"": 85, ""6"": 118, ""7"": 429, ""8"": 54, ""9"": 227}",0.04852552153170109,test,0.9242,2.558670459000041,2.558886750000056,0.2420900409999831,2.874547790999941,0.9242000000000001,0.943975416417485,"[0.0894, 0.1178, 0.0884, 0.1088, 0.106, 0.0906, 0.098, 0.114, 0.0768, 0.1102]",/Users/deepakkanneganti/Documents/Experimemt 3/MINIST/traditional adaptive composition techniques/client_profiles/weights/clean+translate141.pt
clean+translate142,clean+translate142,corrupt_fl,/Users/deepakkanneganti/Documents/Experimemt 3/MINIST/FL_C/artifacts/federated_artifact_corrupt/clean_translate,client_14_round_16.pt,/Users/deepakkanneganti/Documents/Experimemt 3/MINIST/FL_C/artifacts/federated_artifact_corrupt/clean_translate/clients/client_14_round_16.pt,client_14,16,round_snapshot,clean+translate,client_14,digit_classification,mnist_image,1x28x28,digit_label,digits_0_9,10,mnist_c_clean+translate,clean+translate,1608,"{""0"": 74, ""1"": 283, ""2"": 67, ""3"": 90, ""4"": 181, ""5"": 85, ""6"": 118, ""7"": 429, ""8"": 54, ""9"": 227}",0.05501433630258991,test,0.916,2.438316666999981,2.4386074579999786,0.2481636669999716,2.775159707999933,0.916,0.9256264085239081,"[0.0988, 0.113, 0.0976, 0.1142, 0.0982, 0.0714, 0.09, 0.1302, 0.0912, 0.0954]",/Users/deepakkanneganti/Documents/Experimemt 3/MINIST/traditional adaptive composition techniques/client_profiles/weights/clean+translate142.pt
clean+translate143,clean+translate143,corrupt_fl,/Users/deepakkanneganti/Documents/Experimemt 3/MINIST/FL_C/artifacts/federated_artifact_corrupt/clean_translate,client_14_round_17.pt,/Users/deepakkanneganti/Documents/Experimemt 3/MINIST/FL_C/artifacts/federated_artifact_corrupt/clean_translate/clients/client_14_round_17.pt,client_14,17,round_snapshot,clean+translate,client_14,digit_classification,mnist_image,1x28x28,digit_label,digits_0_9,10,mnist_c_clean+translate,clean+translate,1608,"{""0"": 74, ""1"": 283, ""2"": 67, ""3"": 90, ""4"": 181, ""5"": 85, ""6"": 118, ""7"": 429, ""8"": 54, ""9"": 227}",0.04404462263800013,test,0.9324,2.4170340409999653,2.417230625000002,0.23973395799998798,2.753671582999914,0.9324,0.9343784327259526,"[0.0936, 0.1238, 0.0984, 0.1002, 0.0986, 0.0796, 0.0918, 0.1102, 0.0928, 0.111]",/Users/deepakkanneganti/Documents/Experimemt 3/MINIST/traditional adaptive composition techniques/client_profiles/weights/clean+translate143.pt
clean+translate144,clean+translate144,corrupt_fl,/Users/deepakkanneganti/Documents/Experimemt 3/MINIST/FL_C/artifacts/federated_artifact_corrupt/clean_translate,client_14_round_18.pt,/Users/deepakkanneganti/Documents/Experimemt 3/MINIST/FL_C/artifacts/federated_artifact_corrupt/clean_translate/clients/client_14_round_18.pt,client_14,18,round_snapshot,clean+translate,client_14,digit_classification,mnist_image,1x28x28,digit_label,digits_0_9,10,mnist_c_clean+translate,clean+translate,1608,"{""0"": 74, ""1"": 283, ""2"": 67, ""3"": 90, ""4"": 181, ""5"": 85, ""6"": 118, ""7"": 429, ""8"": 54, ""9"": 227}",0.03913961669716697,test,0.9058,2.4139077080000106,2.41603029099997,0.295608666000021,2.827395958000011,0.9057999999999999,0.9072449686389921,"[0.0884, 0.124, 0.083, 0.0914, 0.106, 0.0806, 0.1016, 0.119, 0.096, 0.11]",/Users/deepakkanneganti/Documents/Experimemt 3/MINIST/traditional adaptive composition techniques/client_profiles/weights/clean+translate144.pt
clean+translate145,clean+translate145,corrupt_fl,/Users/deepakkanneganti/Documents/Experimemt 3/MINIST/FL_C/artifacts/federated_artifact_corrupt/clean_translate,client_14_round_19.pt,/Users/deepakkanneganti/Documents/Experimemt 3/MINIST/FL_C/artifacts/federated_artifact_corrupt/clean_translate/clients/client_14_round_19.pt,client_14,19,round_snapshot,clean+translate,client_14,digit_classification,mnist_image,1x28x28,digit_label,digits_0_9,10,mnist_c_clean+translate,clean+translate,1608,"{""0"": 74, ""1"": 283, ""2"": 67, ""3"": 90, ""4"": 181, ""5"": 85, ""6"": 118, ""7"": 429, ""8"": 54, ""9"": 227}",0.04521472897762672,test,0.9312,2.4035319580000305,2.403743458000008,0.2328863329998967,2.741619041999911,0.9311999999999999,0.9096771455359816,"[0.0912, 0.1164, 0.0876, 0.101, 0.1118, 0.0794, 0.1058, 0.117, 0.0894, 0.1004]",/Users/deepakkanneganti/Documents/Experimemt 3/MINIST/traditional adaptive composition techniques/client_profiles/weights/clean+translate145.pt
clean+translate146,clean+translate146,corrupt_fl,/Users/deepakkanneganti/Documents/Experimemt 3/MINIST/FL_C/artifacts/federated_artifact_corrupt/clean_translate,client_14.pt,/Users/deepakkanneganti/Documents/Experimemt 3/MINIST/FL_C/artifacts/federated_artifact_corrupt/clean_translate/clients/client_14.pt,client_14,20,final_snapshot,clean+translate,client_14,digit_classification,mnist_image,1x28x28,digit_label,digits_0_9,10,mnist_c_clean+translate,clean+translate,1608,"{""0"": 74, ""1"": 283, ""2"": 67, ""3"": 90, ""4"": 181, ""5"": 85, ""6"": 118, ""7"": 429, ""8"": 54, ""9"": 227}",0.03619664771339068,test,0.9306,2.8459947080000347,2.8461981670000114,0.2627316249999012,3.1634895830000005,0.9306000000000001,0.9333671857227601,"[0.0914, 0.111, 0.087, 0.0946, 0.1052, 0.0912, 0.097, 0.1126, 0.0988, 0.1112]",/Users/deepakkanneganti/Documents/Experimemt 3/MINIST/traditional adaptive composition techniques/client_profiles/weights/clean+translate146.pt
clean+translate147,clean+translate147,corrupt_fl,/Users/deepakkanneganti/Documents/Experimemt 3/MINIST/FL_C/artifacts/federated_artifact_corrupt/clean_translate,client_14_round_20.pt,/Users/deepakkanneganti/Documents/Experimemt 3/MINIST/FL_C/artifacts/federated_artifact_corrupt/clean_translate/clients/client_14_round_20.pt,client_14,20,round_snapshot,clean+translate,client_14,digit_classification,mnist_image,1x28x28,digit_label,digits_0_9,10,mnist_c_clean+translate,clean+translate,1608,"{""0"": 74, ""1"": 283, ""2"": 67, ""3"": 90, ""4"": 181, ""5"": 85, ""6"": 118, ""7"": 429, ""8"": 54, ""9"": 227}",0.03619664771339068,test,0.9306,2.8094587090000687,2.810324874999992,0.6018877499999462,3.5051268330000767,0.9306000000000001,0.9333671857227601,"[0.0914, 0.111, 0.087, 0.0946, 0.1052, 0.0912, 0.097, 0.1126, 0.0988, 0.1112]",/Users/deepakkanneganti/Documents/Experimemt 3/MINIST/traditional adaptive composition techniques/client_profiles/weights/clean+translate147.pt
clean+translate148,clean+translate148,corrupt_fl,/Users/deepakkanneganti/Documents/Experimemt 3/MINIST/FL_C/artifacts/federated_artifact_corrupt/clean_translate,client_15_round_1.pt,/Users/deepakkanneganti/Documents/Experimemt 3/MINIST/FL_C/artifacts/federated_artifact_corrupt/clean_translate/clients/client_15_round_1.pt,client_15,1,round_snapshot,clean+translate,client_15,digit_classification,mnist_image,1x28x28,digit_label,digits_0_9,10,mnist_c_clean+translate,clean+translate,1661,"{""0"": 74, ""1"": 89, ""2"": 67, ""3"": 90, ""4"": 180, ""5"": 182, ""6"": 167, ""7"": 67, ""8"": 658, ""9"": 87}",0.8837585120629041,test,0.6162,3.4608927079999603,3.461166832999993,0.26839716699998917,3.831109917000049,0.6162000000000001,0.6984486015617708,"[0.052, 0.1276, 0.0788, 0.0538, 0.2166, 0.1292, 0.0724, 0.1186, 0.1014, 0.0496]",/Users/deepakkanneganti/Documents/Experimemt 3/MINIST/traditional adaptive composition techniques/client_profiles/weights/clean+translate148.pt
clean+translate149,clean+translate149,corrupt_fl,/Users/deepakkanneganti/Documents/Experimemt 3/MINIST/FL_C/artifacts/federated_artifact_corrupt/clean_translate,client_15_round_2.pt,/Users/deepakkanneganti/Documents/Experimemt 3/MINIST/FL_C/artifacts/federated_artifact_corrupt/clean_translate/clients/client_15_round_2.pt,client_15,2,round_snapshot,clean+translate,client_15,digit_classification,mnist_image,1x28x28,digit_label,digits_0_9,10,mnist_c_clean+translate,clean+translate,1661,"{""0"": 74, ""1"": 89, ""2"": 67, ""3"": 90, ""4"": 180, ""5"": 182, ""6"": 167, ""7"": 67, ""8"": 658, ""9"": 87}",0.4211838927406531,test,0.7132,3.3441312080000216,3.34451758299997,0.2563459159999866,3.718205792000049,0.7132,0.7754708132329449,"[0.0722, 0.0964, 0.065, 0.0668, 0.1518, 0.071, 0.0908, 0.1038, 0.2154, 0.0668]",/Users/deepakkanneganti/Documents/Experimemt 3/MINIST/traditional adaptive composition techniques/client_profiles/weights/clean+translate149.pt
clean+translate150,clean+translate150,corrupt_fl,/Users/deepakkanneganti/Documents/Experimemt 3/MINIST/FL_C/artifacts/federated_artifact_corrupt/clean_translate,client_15_round_3.pt,/Users/deepakkanneganti/Documents/Experimemt 3/MINIST/FL_C/artifacts/federated_artifact_corrupt/clean_translate/clients/client_15_round_3.pt,client_15,3,round_snapshot,clean+translate,client_15,digit_classification,mnist_image,1x28x28,digit_label,digits_0_9,10,mnist_c_clean+translate,clean+translate,1661,"{""0"": 74, ""1"": 89, ""2"": 67, ""3"": 90, ""4"": 180, ""5"": 182, ""6"": 167, ""7"": 67, ""8"": 658, ""9"": 87}",0.2033124866011815,test,0.7586,2.4347544590000325,2.43528379199995,0.25355420799996864,2.767038124999999,0.7586,0.804970046956708,"[0.0856, 0.1094, 0.0774, 0.093, 0.1138, 0.0754, 0.0776, 0.071, 0.2392, 0.0576]",/Users/deepakkanneganti/Documents/Experimemt 3/MINIST/traditional adaptive composition techniques/client_profiles/weights/clean+translate150.pt
clean+translate151,clean+translate151,corrupt_fl,/Users/deepakkanneganti/Documents/Experimemt 3/MINIST/FL_C/artifacts/federated_artifact_corrupt/clean_translate,client_15_round_4.pt,/Users/deepakkanneganti/Documents/Experimemt 3/MINIST/FL_C/artifacts/federated_artifact_corrupt/clean_translate/clients/client_15_round_4.pt,client_15,4,round_snapshot,clean+translate,client_15,digit_classification,mnist_image,1x28x28,digit_label,digits_0_9,10,mnist_c_clean+translate,clean+translate,1661,"{""0"": 74, ""1"": 89, ""2"": 67, ""3"": 90, ""4"": 180, ""5"": 182, ""6"": 167, ""7"": 67, ""8"": 658, ""9"": 87}",0.14596198432338545,test,0.8204,2.2783269579999796,2.2786309159999973,0.23034020899990537,2.6376228750000337,0.8203999999999999,0.8637012221933269,"[0.0822, 0.105, 0.0902, 0.0842, 0.1266, 0.0722, 0.099, 0.1056, 0.162, 0.073]",/Users/deepakkanneganti/Documents/Experimemt 3/MINIST/traditional adaptive composition techniques/client_profiles/weights/clean+translate151.pt
clean+translate152,clean+translate152,corrupt_fl,/Users/deepakkanneganti/Documents/Experimemt 3/MINIST/FL_C/artifacts/federated_artifact_corrupt/clean_translate,client_15_round_5.pt,/Users/deepakkanneganti/Documents/Experimemt 3/MINIST/FL_C/artifacts/federated_artifact_corrupt/clean_translate/clients/client_15_round_5.pt,client_15,5,round_snapshot,clean+translate,client_15,digit_classification,mnist_image,1x28x28,digit_label,digits_0_9,10,mnist_c_clean+translate,clean+translate,1661,"{""0"": 74, ""1"": 89, ""2"": 67, ""3"": 90, ""4"": 180, ""5"": 182, ""6"": 167, ""7"": 67, ""8"": 658, ""9"": 87}",0.12751703155346406,test,0.8276,2.3811303329999873,2.381356750000009,0.2585693750000928,2.698209958999996,0.8276,0.8414635533336808,"[0.0918, 0.1116, 0.0824, 0.0968, 0.114, 0.0852, 0.0812, 0.0772, 0.1792, 0.0806]",/Users/deepakkanneganti/Documents/Experimemt 3/MINIST/traditional adaptive composition techniques/client_profiles/weights/clean+translate152.pt
clean+translate153,clean+translate153,corrupt_fl,/Users/deepakkanneganti/Documents/Experimemt 3/MINIST/FL_C/artifacts/federated_artifact_corrupt/clean_translate,client_15_round_6.pt,/Users/deepakkanneganti/Documents/Experimemt 3/MINIST/FL_C/artifacts/federated_artifact_corrupt/clean_translate/clients/client_15_round_6.pt,client_15,6,round_snapshot,clean+translate,client_15,digit_classification,mnist_image,1x28x28,digit_label,digits_0_9,10,mnist_c_clean+translate,clean+translate,1661,"{""0"": 74, ""1"": 89, ""2"": 67, ""3"": 90, ""4"": 180, ""5"": 182, ""6"": 167, ""7"": 67, ""8"": 658, ""9"": 87}",0.11259460372802539,test,0.8524,2.2345370000000457,2.234715334000043,0.26533487499989405,2.603595583000015,0.8523999999999999,0.8866895440568574,"[0.081, 0.1188, 0.098, 0.0904, 0.1208, 0.1016, 0.0956, 0.0944, 0.1334, 0.066]",/Users/deepakkanneganti/Documents/Experimemt 3/MINIST/traditional adaptive composition techniques/client_profiles/weights/clean+translate153.pt
clean+translate154,clean+translate154,corrupt_fl,/Users/deepakkanneganti/Documents/Experimemt 3/MINIST/FL_C/artifacts/federated_artifact_corrupt/clean_translate,client_15_round_7.pt,/Users/deepakkanneganti/Documents/Experimemt 3/MINIST/FL_C/artifacts/federated_artifact_corrupt/clean_translate/clients/client_15_round_7.pt,client_15,7,round_snapshot,clean+translate,client_15,digit_classification,mnist_image,1x28x28,digit_label,digits_0_9,10,mnist_c_clean+translate,clean+translate,1661,"{""0"": 74, ""1"": 89, ""2"": 67, ""3"": 90, ""4"": 180, ""5"": 182, ""6"": 167, ""7"": 67, ""8"": 658, ""9"": 87}",0.0902746858027501,test,0.8686,2.5390010419999953,2.539318500000036,0.390285290999941,2.974144959,0.8686,0.8788426157813882,"[0.0896, 0.1124, 0.115, 0.088, 0.1196, 0.0896, 0.0972, 0.1168, 0.1132, 0.0586]",/Users/deepakkanneganti/Documents/Experimemt 3/MINIST/traditional adaptive composition techniques/client_profiles/weights/clean+translate154.pt
clean+translate155,clean+translate155,corrupt_fl,/Users/deepakkanneganti/Documents/Experimemt 3/MINIST/FL_C/artifacts/federated_artifact_corrupt/clean_translate,client_15_round_8.pt,/Users/deepakkanneganti/Documents/Experimemt 3/MINIST/FL_C/artifacts/federated_artifact_corrupt/clean_translate/clients/client_15_round_8.pt,client_15,8,round_snapshot,clean+translate,client_15,digit_classification,mnist_image,1x28x28,digit_label,digits_0_9,10,mnist_c_clean+translate,clean+translate,1661,"{""0"": 74, ""1"": 89, ""2"": 67, ""3"": 90, ""4"": 180, ""5"": 182, ""6"": 167, ""7"": 67, ""8"": 658, ""9"": 87}",0.0841231217655616,test,0.8678,2.9807838329999186,2.9818420000000287,0.2461094590000812,3.420219374999988,0.8677999999999999,0.8914651806751519,"[0.0956, 0.1108, 0.1092, 0.0938, 0.0998, 0.0694, 0.0812, 0.1064, 0.1692, 0.0646]",/Users/deepakkanneganti/Documents/Experimemt 3/MINIST/traditional adaptive composition techniques/client_profiles/weights/clean+translate155.pt
clean+translate156,clean+translate156,corrupt_fl,/Users/deepakkanneganti/Documents/Experimemt 3/MINIST/FL_C/artifacts/federated_artifact_corrupt/clean_translate,client_15_round_9.pt,/Users/deepakkanneganti/Documents/Experimemt 3/MINIST/FL_C/artifacts/federated_artifact_corrupt/clean_translate/clients/client_15_round_9.pt,client_15,9,round_snapshot,clean+translate,client_15,digit_classification,mnist_image,1x28x28,digit_label,digits_0_9,10,mnist_c_clean+translate,clean+translate,1661,"{""0"": 74, ""1"": 89, ""2"": 67, ""3"": 90, ""4"": 180, ""5"": 182, ""6"": 167, ""7"": 67, ""8"": 658, ""9"": 87}",0.08138504187361552,test,0.8634,2.6648585000000367,2.6650820419999945,0.23890416600011122,3.0097888340000054,0.8634000000000001,0.899367528609824,"[0.0982, 0.1116, 0.0908, 0.0894, 0.1026, 0.075, 0.0934, 0.0846, 0.1714, 0.083]",/Users/deepakkanneganti/Documents/Experimemt 3/MINIST/traditional adaptive composition techniques/client_profiles/weights/clean+translate156.pt
clean+translate157,clean+translate157,corrupt_fl,/Users/deepakkanneganti/Documents/Experimemt 3/MINIST/FL_C/artifacts/federated_artifact_corrupt/clean_translate,client_15_round_10.pt,/Users/deepakkanneganti/Documents/Experimemt 3/MINIST/FL_C/artifacts/federated_artifact_corrupt/clean_translate/clients/client_15_round_10.pt,client_15,10,round_snapshot,clean+translate,client_15,digit_classification,mnist_image,1x28x28,digit_label,digits_0_9,10,mnist_c_clean+translate,clean+translate,1661,"{""0"": 74, ""1"": 89, ""2"": 67, ""3"": 90, ""4"": 180, ""5"": 182, ""6"": 167, ""7"": 67, ""8"": 658, ""9"": 87}",0.0707754675919811,test,0.8772,3.122994207999909,3.123369417000049,0.2587452079999366,3.473511791999954,0.8772,0.8978223948201596,"[0.0946, 0.1206, 0.095, 0.087, 0.1062, 0.0758, 0.0992, 0.1032, 0.1534, 0.065]",/Users/deepakkanneganti/Documents/Experimemt 3/MINIST/traditional adaptive composition techniques/client_profiles/weights/clean+translate157.pt
clean+translate158,clean+translate158,corrupt_fl,/Users/deepakkanneganti/Documents/Experimemt 3/MINIST/FL_C/artifacts/federated_artifact_corrupt/clean_translate,client_15_round_11.pt,/Users/deepakkanneganti/Documents/Experimemt 3/MINIST/FL_C/artifacts/federated_artifact_corrupt/clean_translate/clients/client_15_round_11.pt,client_15,11,round_snapshot,clean+translate,client_15,digit_classification,mnist_image,1x28x28,digit_label,digits_0_9,10,mnist_c_clean+translate,clean+translate,1661,"{""0"": 74, ""1"": 89, ""2"": 67, ""3"": 90, ""4"": 180, ""5"": 182, ""6"": 167, ""7"": 67, ""8"": 658, ""9"": 87}",0.06687838108971333,test,0.893,2.254751875000011,2.2551364590000276,0.24308750000000146,2.573006792000001,0.893,0.9085379635122657,"[0.097, 0.1158, 0.0948, 0.0912, 0.1046, 0.0872, 0.0886, 0.1342, 0.11, 0.0766]",/Users/deepakkanneganti/Documents/Experimemt 3/MINIST/traditional adaptive composition techniques/client_profiles/weights/clean+translate158.pt
clean+translate159,clean+translate159,corrupt_fl,/Users/deepakkanneganti/Documents/Experimemt 3/MINIST/FL_C/artifacts/federated_artifact_corrupt/clean_translate,client_15_round_12.pt,/Users/deepakkanneganti/Documents/Experimemt 3/MINIST/FL_C/artifacts/federated_artifact_corrupt/clean_translate/clients/client_15_round_12.pt,client_15,12,round_snapshot,clean+translate,client_15,digit_classification,mnist_image,1x28x28,digit_label,digits_0_9,10,mnist_c_clean+translate,clean+translate,1661,"{""0"": 74, ""1"": 89, ""2"": 67, ""3"": 90, ""4"": 180, ""5"": 182, ""6"": 167, ""7"": 67, ""8"": 658, ""9"": 87}",0.05944601888171373,test,0.9076,2.1664989170000126,2.1667300000000296,0.24483616700001676,2.4416612080000277,0.9076000000000001,0.9213763059106901,"[0.0928, 0.1098, 0.0958, 0.1064, 0.0958, 0.0906, 0.0912, 0.0958, 0.1414, 0.0804]",/Users/deepakkanneganti/Documents/Experimemt 3/MINIST/traditional adaptive composition techniques/client_profiles/weights/clean+translate159.pt
clean+translate160,clean+translate160,corrupt_fl,/Users/deepakkanneganti/Documents/Experimemt 3/MINIST/FL_C/artifacts/federated_artifact_corrupt/clean_translate,client_15_round_13.pt,/Users/deepakkanneganti/Documents/Experimemt 3/MINIST/FL_C/artifacts/federated_artifact_corrupt/clean_translate/clients/client_15_round_13.pt,client_15,13,round_snapshot,clean+translate,client_15,digit_classification,mnist_image,1x28x28,digit_label,digits_0_9,10,mnist_c_clean+translate,clean+translate,1661,"{""0"": 74, ""1"": 89, ""2"": 67, ""3"": 90, ""4"": 180, ""5"": 182, ""6"": 167, ""7"": 67, ""8"": 658, ""9"": 87}",0.06064226064019096,test,0.8986,2.191354541999999,2.1915010000000166,0.2242474580000362,2.4573743330000752,0.8986000000000001,0.913643448018041,"[0.093, 0.1132, 0.0936, 0.0948, 0.1034, 0.08, 0.0858, 0.1032, 0.1392, 0.0938]",/Users/deepakkanneganti/Documents/Experimemt 3/MINIST/traditional adaptive composition techniques/client_profiles/weights/clean+translate160.pt
clean+translate161,clean+translate161,corrupt_fl,/Users/deepakkanneganti/Documents/Experimemt 3/MINIST/FL_C/artifacts/federated_artifact_corrupt/clean_translate,client_15_round_14.pt,/Users/deepakkanneganti/Documents/Experimemt 3/MINIST/FL_C/artifacts/federated_artifact_corrupt/clean_translate/clients/client_15_round_14.pt,client_15,14,round_snapshot,clean+translate,client_15,digit_classification,mnist_image,1x28x28,digit_label,digits_0_9,10,mnist_c_clean+translate,clean+translate,1661,"{""0"": 74, ""1"": 89, ""2"": 67, ""3"": 90, ""4"": 180, ""5"": 182, ""6"": 167, ""7"": 67, ""8"": 658, ""9"": 87}",0.06785121244879869,test,0.9112,2.1802681670000084,2.1804309999999987,0.2251886660000082,2.437600499999917,0.9112,0.9283383700452854,"[0.0886, 0.1264, 0.096, 0.1002, 0.0892, 0.093, 0.086, 0.09, 0.1516, 0.079]",/Users/deepakkanneganti/Documents/Experimemt 3/MINIST/traditional adaptive composition techniques/client_profiles/weights/clean+translate161.pt
clean+translate162,clean+translate162,corrupt_fl,/Users/deepakkanneganti/Documents/Experimemt 3/MINIST/FL_C/artifacts/federated_artifact_corrupt/clean_translate,client_15_round_15.pt,/Users/deepakkanneganti/Documents/Experimemt 3/MINIST/FL_C/artifacts/federated_artifact_corrupt/clean_translate/clients/client_15_round_15.pt,client_15,15,round_snapshot,clean+translate,client_15,digit_classification,mnist_image,1x28x28,digit_label,digits_0_9,10,mnist_c_clean+translate,clean+translate,1661,"{""0"": 74, ""1"": 89, ""2"": 67, ""3"": 90, ""4"": 180, ""5"": 182, ""6"": 167, ""7"": 67, ""8"": 658, ""9"": 87}",0.06980002647600113,test,0.922,2.1636464580000165,2.1637953749999497,0.25156254199998784,2.4701821669999617,0.922,0.9300013227995519,"[0.092, 0.113, 0.092, 0.1016, 0.117, 0.091, 0.0886, 0.1162, 0.1094, 0.0792]",/Users/deepakkanneganti/Documents/Experimemt 3/MINIST/traditional adaptive composition techniques/client_profiles/weights/clean+translate162.pt
clean+translate163,clean+translate163,corrupt_fl,/Users/deepakkanneganti/Documents/Experimemt 3/MINIST/FL_C/artifacts/federated_artifact_corrupt/clean_translate,client_15_round_16.pt,/Users/deepakkanneganti/Documents/Experimemt 3/MINIST/FL_C/artifacts/federated_artifact_corrupt/clean_translate/clients/client_15_round_16.pt,client_15,16,round_snapshot,clean+translate,client_15,digit_classification,mnist_image,1x28x28,digit_label,digits_0_9,10,mnist_c_clean+translate,clean+translate,1661,"{""0"": 74, ""1"": 89, ""2"": 67, ""3"": 90, ""4"": 180, ""5"": 182, ""6"": 167, ""7"": 67, ""8"": 658, ""9"": 87}",0.06446800724818157,test,0.9166,2.2138289170000007,2.2140020000000504,0.27183083299996724,2.5160948329998973,0.9166000000000001,0.9359024029542694,"[0.0972, 0.1112, 0.1032, 0.1058, 0.099, 0.069, 0.0832, 0.1138, 0.1352, 0.0824]",/Users/deepakkanneganti/Documents/Experimemt 3/MINIST/traditional adaptive composition techniques/client_profiles/weights/clean+translate163.pt
clean+translate164,clean+translate164,corrupt_fl,/Users/deepakkanneganti/Documents/Experimemt 3/MINIST/FL_C/artifacts/federated_artifact_corrupt/clean_translate,client_15_round_17.pt,/Users/deepakkanneganti/Documents/Experimemt 3/MINIST/FL_C/artifacts/federated_artifact_corrupt/clean_translate/clients/client_15_round_17.pt,client_15,17,round_snapshot,clean+translate,client_15,digit_classification,mnist_image,1x28x28,digit_label,digits_0_9,10,mnist_c_clean+translate,clean+translate,1661,"{""0"": 74, ""1"": 89, ""2"": 67, ""3"": 90, ""4"": 180, ""5"": 182, ""6"": 167, ""7"": 67, ""8"": 658, ""9"": 87}",0.054475883284631446,test,0.9288,2.184512750000067,2.1846401669999977,0.22843812500002514,2.456955791999917,0.9288000000000001,0.9293205303283756,"[0.0968, 0.1218, 0.098, 0.0896, 0.107, 0.0874, 0.0936, 0.1012, 0.1128, 0.0918]",/Users/deepakkanneganti/Documents/Experimemt 3/MINIST/traditional adaptive composition techniques/client_profiles/weights/clean+translate164.pt
clean+translate165,clean+translate165,corrupt_fl,/Users/deepakkanneganti/Documents/Experimemt 3/MINIST/FL_C/artifacts/federated_artifact_corrupt/clean_translate,client_15_round_18.pt,/Users/deepakkanneganti/Documents/Experimemt 3/MINIST/FL_C/artifacts/federated_artifact_corrupt/clean_translate/clients/client_15_round_18.pt,client_15,18,round_snapshot,clean+translate,client_15,digit_classification,mnist_image,1x28x28,digit_label,digits_0_9,10,mnist_c_clean+translate,clean+translate,1661,"{""0"": 74, ""1"": 89, ""2"": 67, ""3"": 90, ""4"": 180, ""5"": 182, ""6"": 167, ""7"": 67, ""8"": 658, ""9"": 87}",0.04395724308844178,test,0.9332,2.216465416999995,2.216615667000042,0.23302304100002402,2.4811327919999258,0.9331999999999999,0.9299383801327044,"[0.0884, 0.1152, 0.0996, 0.1036, 0.1012, 0.0864, 0.0892, 0.1084, 0.1182, 0.0898]",/Users/deepakkanneganti/Documents/Experimemt 3/MINIST/traditional adaptive composition techniques/client_profiles/weights/clean+translate165.pt
clean+translate166,clean+translate166,corrupt_fl,/Users/deepakkanneganti/Documents/Experimemt 3/MINIST/FL_C/artifacts/federated_artifact_corrupt/clean_translate,client_15_round_19.pt,/Users/deepakkanneganti/Documents/Experimemt 3/MINIST/FL_C/artifacts/federated_artifact_corrupt/clean_translate/clients/client_15_round_19.pt,client_15,19,round_snapshot,clean+translate,client_15,digit_classification,mnist_image,1x28x28,digit_label,digits_0_9,10,mnist_c_clean+translate,clean+translate,1661,"{""0"": 74, ""1"": 89, ""2"": 67, ""3"": 90, ""4"": 180, ""5"": 182, ""6"": 167, ""7"": 67, ""8"": 658, ""9"": 87}",0.053934560085718446,test,0.917,2.1579370420000714,2.158143209000059,0.24618999999995594,2.471230916999957,0.917,0.9194760079431645,"[0.0926, 0.1234, 0.093, 0.0924, 0.1148, 0.0906, 0.099, 0.1072, 0.1104, 0.0766]",/Users/deepakkanneganti/Documents/Experimemt 3/MINIST/traditional adaptive composition techniques/client_profiles/weights/clean+translate166.pt
clean+translate167,clean+translate167,corrupt_fl,/Users/deepakkanneganti/Documents/Experimemt 3/MINIST/FL_C/artifacts/federated_artifact_corrupt/clean_translate,client_15.pt,/Users/deepakkanneganti/Documents/Experimemt 3/MINIST/FL_C/artifacts/federated_artifact_corrupt/clean_translate/clients/client_15.pt,client_15,20,final_snapshot,clean+translate,client_15,digit_classification,mnist_image,1x28x28,digit_label,digits_0_9,10,mnist_c_clean+translate,clean+translate,1661,"{""0"": 74, ""1"": 89, ""2"": 67, ""3"": 90, ""4"": 180, ""5"": 182, ""6"": 167, ""7"": 67, ""8"": 658, ""9"": 87}",0.050321198164079435,test,0.9382,2.6032544170000165,2.603534374999981,0.2770538330000818,2.9147701670000288,0.9382000000000001,0.9374662411510132,"[0.0934, 0.1126, 0.099, 0.1, 0.1076, 0.0906, 0.0942, 0.107, 0.1092, 0.0864]",/Users/deepakkanneganti/Documents/Experimemt 3/MINIST/traditional adaptive composition techniques/client_profiles/weights/clean+translate167.pt
clean+translate168,clean+translate168,corrupt_fl,/Users/deepakkanneganti/Documents/Experimemt 3/MINIST/FL_C/artifacts/federated_artifact_corrupt/clean_translate,client_15_round_20.pt,/Users/deepakkanneganti/Documents/Experimemt 3/MINIST/FL_C/artifacts/federated_artifact_corrupt/clean_translate/clients/client_15_round_20.pt,client_15,20,round_snapshot,clean+translate,client_15,digit_classification,mnist_image,1x28x28,digit_label,digits_0_9,10,mnist_c_clean+translate,clean+translate,1661,"{""0"": 74, ""1"": 89, ""2"": 67, ""3"": 90, ""4"": 180, ""5"": 182, ""6"": 167, ""7"": 67, ""8"": 658, ""9"": 87}",0.050321198164079435,test,0.9382,2.3270102089999227,2.32725866699991,0.3140094159999762,2.7843054170000414,0.9382000000000001,0.9374662411510132,"[0.0934, 0.1126, 0.099, 0.1, 0.1076, 0.0906, 0.0942, 0.107, 0.1092, 0.0864]",/Users/deepakkanneganti/Documents/Experimemt 3/MINIST/traditional adaptive composition techniques/client_profiles/weights/clean+translate168.pt
clean+translate169,clean+translate169,corrupt_fl,/Users/deepakkanneganti/Documents/Experimemt 3/MINIST/FL_C/artifacts/federated_artifact_corrupt/clean_translate,client_16_round_1.pt,/Users/deepakkanneganti/Documents/Experimemt 3/MINIST/FL_C/artifacts/federated_artifact_corrupt/clean_translate/clients/client_16_round_1.pt,client_16,1,round_snapshot,clean+translate,client_16,digit_classification,mnist_image,1x28x28,digit_label,digits_0_9,10,mnist_c_clean+translate,clean+translate,1513,"{""0"": 73, ""1"": 89, ""2"": 67, ""3"": 234, ""4"": 180, ""5"": 182, ""6"": 118, ""7"": 429, ""8"": 54, ""9"": 87}",0.9133409385879835,test,0.6012,2.2997899169999982,2.3000130419999323,0.24913037499993607,2.658540291999998,0.6012000000000001,0.7145464207198176,"[0.0584, 0.132, 0.0812, 0.0726, 0.1184, 0.0958, 0.0882, 0.2724, 0.0408, 0.0402]",/Users/deepakkanneganti/Documents/Experimemt 3/MINIST/traditional adaptive composition techniques/client_profiles/weights/clean+translate169.pt
clean+translate170,clean+translate170,corrupt_fl,/Users/deepakkanneganti/Documents/Experimemt 3/MINIST/FL_C/artifacts/federated_artifact_corrupt/clean_translate,client_16_round_2.pt,/Users/deepakkanneganti/Documents/Experimemt 3/MINIST/FL_C/artifacts/federated_artifact_corrupt/clean_translate/clients/client_16_round_2.pt,client_16,2,round_snapshot,clean+translate,client_16,digit_classification,mnist_image,1x28x28,digit_label,digits_0_9,10,mnist_c_clean+translate,clean+translate,1513,"{""0"": 73, ""1"": 89, ""2"": 67, ""3"": 234, ""4"": 180, ""5"": 182, ""6"": 118, ""7"": 429, ""8"": 54, ""9"": 87}",0.38768487692707115,test,0.7334,2.156797249999954,2.1569537089999358,0.22453437500007567,2.4532014580000805,0.7333999999999999,0.7839850231625454,"[0.0754, 0.0916, 0.0758, 0.1292, 0.1476, 0.1046, 0.0888, 0.176, 0.061, 0.05]",/Users/deepakkanneganti/Documents/Experimemt 3/MINIST/traditional adaptive composition techniques/client_profiles/weights/clean+translate170.pt
clean+translate171,clean+translate171,corrupt_fl,/Users/deepakkanneganti/Documents/Experimemt 3/MINIST/FL_C/artifacts/federated_artifact_corrupt/clean_translate,client_16_round_3.pt,/Users/deepakkanneganti/Documents/Experimemt 3/MINIST/FL_C/artifacts/federated_artifact_corrupt/clean_translate/clients/client_16_round_3.pt,client_16,3,round_snapshot,clean+translate,client_16,digit_classification,mnist_image,1x28x28,digit_label,digits_0_9,10,mnist_c_clean+translate,clean+translate,1513,"{""0"": 73, ""1"": 89, ""2"": 67, ""3"": 234, ""4"": 180, ""5"": 182, ""6"": 118, ""7"": 429, ""8"": 54, ""9"": 87}",0.18585092284613186,test,0.819,2.1881285829999797,2.1882507079999414,0.22321316699992622,2.4440895000000182,0.8190000000000002,0.858456500488591,"[0.082, 0.1342, 0.0848, 0.116, 0.1158, 0.0772, 0.1258, 0.1236, 0.0684, 0.0722]",/Users/deepakkanneganti/Documents/Experimemt 3/MINIST/traditional adaptive composition techniques/client_profiles/weights/clean+translate171.pt
clean+translate172,clean+translate172,corrupt_fl,/Users/deepakkanneganti/Documents/Experimemt 3/MINIST/FL_C/artifacts/federated_artifact_corrupt/clean_translate,client_16_round_4.pt,/Users/deepakkanneganti/Documents/Experimemt 3/MINIST/FL_C/artifacts/federated_artifact_corrupt/clean_translate/clients/client_16_round_4.pt,client_16,4,round_snapshot,clean+translate,client_16,digit_classification,mnist_image,1x28x28,digit_label,digits_0_9,10,mnist_c_clean+translate,clean+translate,1513,"{""0"": 73, ""1"": 89, ""2"": 67, ""3"": 234, ""4"": 180, ""5"": 182, ""6"": 118, ""7"": 429, ""8"": 54, ""9"": 87}",0.13837864363773,test,0.8408,2.3349369160000606,2.3351360409999415,0.2642606250000199,2.640646208000021,0.8408,0.863120179724512,"[0.081, 0.1198, 0.0836, 0.0982, 0.1236, 0.099, 0.0786, 0.1514, 0.0774, 0.0874]",/Users/deepakkanneganti/Documents/Experimemt 3/MINIST/traditional adaptive composition techniques/client_profiles/weights/clean+translate172.pt
clean+translate173,clean+translate173,corrupt_fl,/Users/deepakkanneganti/Documents/Experimemt 3/MINIST/FL_C/artifacts/federated_artifact_corrupt/clean_translate,client_16_round_5.pt,/Users/deepakkanneganti/Documents/Experimemt 3/MINIST/FL_C/artifacts/federated_artifact_corrupt/clean_translate/clients/client_16_round_5.pt,client_16,5,round_snapshot,clean+translate,client_16,digit_classification,mnist_image,1x28x28,digit_label,digits_0_9,10,mnist_c_clean+translate,clean+translate,1513,"{""0"": 73, ""1"": 89, ""2"": 67, ""3"": 234, ""4"": 180, ""5"": 182, ""6"": 118, ""7"": 429, ""8"": 54, ""9"": 87}",0.11711843456659052,test,0.864,2.598877874999971,2.599459124999953,0.40284070799998517,3.1288006669999504,0.8640000000000001,0.9105002186473461,"[0.093, 0.1158, 0.0914, 0.1084, 0.1006, 0.0932, 0.0842, 0.144, 0.0844, 0.085]",/Users/deepakkanneganti/Documents/Experimemt 3/MINIST/traditional adaptive composition techniques/client_profiles/weights/clean+translate173.pt
clean+translate174,clean+translate174,corrupt_fl,/Users/deepakkanneganti/Documents/Experimemt 3/MINIST/FL_C/artifacts/federated_artifact_corrupt/clean_translate,client_16_round_6.pt,/Users/deepakkanneganti/Documents/Experimemt 3/MINIST/FL_C/artifacts/federated_artifact_corrupt/clean_translate/clients/client_16_round_6.pt,client_16,6,round_snapshot,clean+translate,client_16,digit_classification,mnist_image,1x28x28,digit_label,digits_0_9,10,mnist_c_clean+translate,clean+translate,1513,"{""0"": 73, ""1"": 89, ""2"": 67, ""3"": 234, ""4"": 180, ""5"": 182, ""6"": 118, ""7"": 429, ""8"": 54, ""9"": 87}",0.09043112035012907,test,0.8524,4.489774207999972,4.490132457999948,0.8778895829999556,5.514897791000067,0.8523999999999999,0.8943451626310011,"[0.0878, 0.1188, 0.098, 0.1294, 0.092, 0.0852, 0.0982, 0.1586, 0.0612, 0.0708]",/Users/deepakkanneganti/Documents/Experimemt 3/MINIST/traditional adaptive composition techniques/client_profiles/weights/clean+translate174.pt
clean+translate175,clean+translate175,corrupt_fl,/Users/deepakkanneganti/Documents/Experimemt 3/MINIST/FL_C/artifacts/federated_artifact_corrupt/clean_translate,client_16_round_7.pt,/Users/deepakkanneganti/Documents/Experimemt 3/MINIST/FL_C/artifacts/federated_artifact_corrupt/clean_translate/clients/client_16_round_7.pt,client_16,7,round_snapshot,clean+translate,client_16,digit_classification,mnist_image,1x28x28,digit_label,digits_0_9,10,mnist_c_clean+translate,clean+translate,1513,"{""0"": 73, ""1"": 89, ""2"": 67, ""3"": 234, ""4"": 180, ""5"": 182, ""6"": 118, ""7"": 429, ""8"": 54, ""9"": 87}",0.08976373617123398,test,0.897,4.540954333000059,4.543824916000062,0.7725124579999374,5.518195666999986,0.897,0.8907995600466644,"[0.0892, 0.1066, 0.0938, 0.1128, 0.0944, 0.087, 0.097, 0.128, 0.0934, 0.0978]",/Users/deepakkanneganti/Documents/Experimemt 3/MINIST/traditional adaptive composition techniques/client_profiles/weights/clean+translate175.pt
clean+translate176,clean+translate176,corrupt_fl,/Users/deepakkanneganti/Documents/Experimemt 3/MINIST/FL_C/artifacts/federated_artifact_corrupt/clean_translate,client_16_round_8.pt,/Users/deepakkanneganti/Documents/Experimemt 3/MINIST/FL_C/artifacts/federated_artifact_corrupt/clean_translate/clients/client_16_round_8.pt,client_16,8,round_snapshot,clean+translate,client_16,digit_classification,mnist_image,1x28x28,digit_label,digits_0_9,10,mnist_c_clean+translate,clean+translate,1513,"{""0"": 73, ""1"": 89, ""2"": 67, ""3"": 234, ""4"": 180, ""5"": 182, ""6"": 118, ""7"": 429, ""8"": 54, ""9"": 87}",0.0764971914080282,test,0.8886,3.165442125000027,3.1657996669999875,0.2503595000000587,3.5622070829999757,0.8886,0.8936680375123938,"[0.1036, 0.1068, 0.0752, 0.1088, 0.0984, 0.0874, 0.0808, 0.1452, 0.0868, 0.107]",/Users/deepakkanneganti/Documents/Experimemt 3/MINIST/traditional adaptive composition techniques/client_profiles/weights/clean+translate176.pt
clean+translate177,clean+translate177,corrupt_fl,/Users/deepakkanneganti/Documents/Experimemt 3/MINIST/FL_C/artifacts/federated_artifact_corrupt/clean_translate,client_16_round_9.pt,/Users/deepakkanneganti/Documents/Experimemt 3/MINIST/FL_C/artifacts/federated_artifact_corrupt/clean_translate/clients/client_16_round_9.pt,client_16,9,round_snapshot,clean+translate,client_16,digit_classification,mnist_image,1x28x28,digit_label,digits_0_9,10,mnist_c_clean+translate,clean+translate,1513,"{""0"": 73, ""1"": 89, ""2"": 67, ""3"": 234, ""4"": 180, ""5"": 182, ""6"": 118, ""7"": 429, ""8"": 54, ""9"": 87}",0.06629899216608869,test,0.8962,2.5690419170000496,2.5694511250000005,0.2608040830000391,2.905035749999911,0.8962,0.913099752916376,"[0.09, 0.1124, 0.0916, 0.1094, 0.0928, 0.0978, 0.092, 0.1308, 0.0886, 0.0946]",/Users/deepakkanneganti/Documents/Experimemt 3/MINIST/traditional adaptive composition techniques/client_profiles/weights/clean+translate177.pt
clean+translate178,clean+translate178,corrupt_fl,/Users/deepakkanneganti/Documents/Experimemt 3/MINIST/FL_C/artifacts/federated_artifact_corrupt/clean_translate,client_16_round_10.pt,/Users/deepakkanneganti/Documents/Experimemt 3/MINIST/FL_C/artifacts/federated_artifact_corrupt/clean_translate/clients/client_16_round_10.pt,client_16,10,round_snapshot,clean+translate,client_16,digit_classification,mnist_image,1x28x28,digit_label,digits_0_9,10,mnist_c_clean+translate,clean+translate,1513,"{""0"": 73, ""1"": 89, ""2"": 67, ""3"": 234, ""4"": 180, ""5"": 182, ""6"": 118, ""7"": 429, ""8"": 54, ""9"": 87}",0.059163848843632474,test,0.889,2.3758862500000077,2.376164708000033,0.29209324999999353,2.7770866670000487,0.8889999999999999,0.929138258092286,"[0.087, 0.1064, 0.0906, 0.1422, 0.0842, 0.104, 0.103, 0.11, 0.0808, 0.0918]",/Users/deepakkanneganti/Documents/Experimemt 3/MINIST/traditional adaptive composition techniques/client_profiles/weights/clean+translate178.pt
clean+translate179,clean+translate179,corrupt_fl,/Users/deepakkanneganti/Documents/Experimemt 3/MINIST/FL_C/artifacts/federated_artifact_corrupt/clean_translate,client_16_round_11.pt,/Users/deepakkanneganti/Documents/Experimemt 3/MINIST/FL_C/artifacts/federated_artifact_corrupt/clean_translate/clients/client_16_round_11.pt,client_16,11,round_snapshot,clean+translate,client_16,digit_classification,mnist_image,1x28x28,digit_label,digits_0_9,10,mnist_c_clean+translate,clean+translate,1513,"{""0"": 73, ""1"": 89, ""2"": 67, ""3"": 234, ""4"": 180, ""5"": 182, ""6"": 118, ""7"": 429, ""8"": 54, ""9"": 87}",0.05443599307909608,test,0.916,2.2337290000000394,2.2338945000000194,0.2249621250000473,2.5432261250000465,0.916,0.9334281513168892,"[0.098, 0.1114, 0.0976, 0.0972, 0.108, 0.101, 0.0982, 0.1084, 0.0892, 0.091]",/Users/deepakkanneganti/Documents/Experimemt 3/MINIST/traditional adaptive composition techniques/client_profiles/weights/clean+translate179.pt
clean+translate180,clean+translate180,corrupt_fl,/Users/deepakkanneganti/Documents/Experimemt 3/MINIST/FL_C/artifacts/federated_artifact_corrupt/clean_translate,client_16_round_12.pt,/Users/deepakkanneganti/Documents/Experimemt 3/MINIST/FL_C/artifacts/federated_artifact_corrupt/clean_translate/clients/client_16_round_12.pt,client_16,12,round_snapshot,clean+translate,client_16,digit_classification,mnist_image,1x28x28,digit_label,digits_0_9,10,mnist_c_clean+translate,clean+translate,1513,"{""0"": 73, ""1"": 89, ""2"": 67, ""3"": 234, ""4"": 180, ""5"": 182, ""6"": 118, ""7"": 429, ""8"": 54, ""9"": 87}",0.045048254593792886,test,0.9228,2.3373984999999493,2.3376134579999643,0.23193366699990747,2.612408834000007,0.9228,0.9367199289699512,"[0.0932, 0.1104, 0.0958, 0.1172, 0.1018, 0.0844, 0.0982, 0.1118, 0.0934, 0.0938]",/Users/deepakkanneganti/Documents/Experimemt 3/MINIST/traditional adaptive composition techniques/client_profiles/weights/clean+translate180.pt
clean+translate181,clean+translate181,corrupt_fl,/Users/deepakkanneganti/Documents/Experimemt 3/MINIST/FL_C/artifacts/federated_artifact_corrupt/clean_translate,client_16_round_13.pt,/Users/deepakkanneganti/Documents/Experimemt 3/MINIST/FL_C/artifacts/federated_artifact_corrupt/clean_translate/clients/client_16_round_13.pt,client_16,13,round_snapshot,clean+translate,client_16,digit_classification,mnist_image,1x28x28,digit_label,digits_0_9,10,mnist_c_clean+translate,clean+translate,1513,"{""0"": 73, ""1"": 89, ""2"": 67, ""3"": 234, ""4"": 180, ""5"": 182, ""6"": 118, ""7"": 429, ""8"": 54, ""9"": 87}",0.04419198564978109,test,0.9142,2.2579276660000005,2.258104249999974,0.22388579100004335,2.533856042000025,0.9141999999999999,0.920423549003452,"[0.0924, 0.1148, 0.0884, 0.1074, 0.1034, 0.0922, 0.1002, 0.1222, 0.073, 0.106]",/Users/deepakkanneganti/Documents/Experimemt 3/MINIST/traditional adaptive composition techniques/client_profiles/weights/clean+translate181.pt
clean+translate182,clean+translate182,corrupt_fl,/Users/deepakkanneganti/Documents/Experimemt 3/MINIST/FL_C/artifacts/federated_artifact_corrupt/clean_translate,client_16_round_14.pt,/Users/deepakkanneganti/Documents/Experimemt 3/MINIST/FL_C/artifacts/federated_artifact_corrupt/clean_translate/clients/client_16_round_14.pt,client_16,14,round_snapshot,clean+translate,client_16,digit_classification,mnist_image,1x28x28,digit_label,digits_0_9,10,mnist_c_clean+translate,clean+translate,1513,"{""0"": 73, ""1"": 89, ""2"": 67, ""3"": 234, ""4"": 180, ""5"": 182, ""6"": 118, ""7"": 429, ""8"": 54, ""9"": 87}",0.04126314999949601,test,0.9146,2.2177445419999913,2.217998374999979,0.23388299999999163,2.488542417000076,0.9145999999999999,0.9271250842368772,"[0.0898, 0.1216, 0.0932, 0.1262, 0.0884, 0.0908, 0.0862, 0.1164, 0.0962, 0.0912]",/Users/deepakkanneganti/Documents/Experimemt 3/MINIST/traditional adaptive composition techniques/client_profiles/weights/clean+translate182.pt
clean+translate183,clean+translate183,corrupt_fl,/Users/deepakkanneganti/Documents/Experimemt 3/MINIST/FL_C/artifacts/federated_artifact_corrupt/clean_translate,client_16_round_15.pt,/Users/deepakkanneganti/Documents/Experimemt 3/MINIST/FL_C/artifacts/federated_artifact_corrupt/clean_translate/clients/client_16_round_15.pt,client_16,15,round_snapshot,clean+translate,client_16,digit_classification,mnist_image,1x28x28,digit_label,digits_0_9,10,mnist_c_clean+translate,clean+translate,1513,"{""0"": 73, ""1"": 89, ""2"": 67, ""3"": 234, ""4"": 180, ""5"": 182, ""6"": 118, ""7"": 429, ""8"": 54, ""9"": 87}",0.0374682530010533,test,0.9206,2.4613974169999437,2.4616151249999803,0.2795794160000469,2.798347415999956,0.9206000000000001,0.9430455445113999,"[0.0886, 0.1142, 0.0828, 0.121, 0.1154, 0.0952, 0.0856, 0.1198, 0.0862, 0.0912]",/Users/deepakkanneganti/Documents/Experimemt 3/MINIST/traditional adaptive composition techniques/client_profiles/weights/clean+translate183.pt
clean+translate184,clean+translate184,corrupt_fl,/Users/deepakkanneganti/Documents/Experimemt 3/MINIST/FL_C/artifacts/federated_artifact_corrupt/clean_translate,client_16_round_16.pt,/Users/deepakkanneganti/Documents/Experimemt 3/MINIST/FL_C/artifacts/federated_artifact_corrupt/clean_translate/clients/client_16_round_16.pt,client_16,16,round_snapshot,clean+translate,client_16,digit_classification,mnist_image,1x28x28,digit_label,digits_0_9,10,mnist_c_clean+translate,clean+translate,1513,"{""0"": 73, ""1"": 89, ""2"": 67, ""3"": 234, ""4"": 180, ""5"": 182, ""6"": 118, ""7"": 429, ""8"": 54, ""9"": 87}",0.0447640193419324,test,0.9028,2.2295522080000865,2.2297827500000267,0.235938874999988,2.569681707999962,0.9028,0.916315789008434,"[0.0876, 0.1098, 0.1014, 0.1238, 0.0948, 0.0846, 0.0856, 0.139, 0.1014, 0.072]",/Users/deepakkanneganti/Documents/Experimemt 3/MINIST/traditional adaptive composition techniques/client_profiles/weights/clean+translate184.pt
clean+translate185,clean+translate185,corrupt_fl,/Users/deepakkanneganti/Documents/Experimemt 3/MINIST/FL_C/artifacts/federated_artifact_corrupt/clean_translate,client_16_round_17.pt,/Users/deepakkanneganti/Documents/Experimemt 3/MINIST/FL_C/artifacts/federated_artifact_corrupt/clean_translate/clients/client_16_round_17.pt,client_16,17,round_snapshot,clean+translate,client_16,digit_classification,mnist_image,1x28x28,digit_label,digits_0_9,10,mnist_c_clean+translate,clean+translate,1513,"{""0"": 73, ""1"": 89, ""2"": 67, ""3"": 234, ""4"": 180, ""5"": 182, ""6"": 118, ""7"": 429, ""8"": 54, ""9"": 87}",0.03939162575018903,test,0.9308,2.161387375000004,2.1616000410000424,0.24742687499997373,2.51673120800001,0.9308,0.9487332520235747,"[0.0944, 0.1184, 0.0976, 0.1054, 0.1026, 0.0882, 0.0888, 0.1194, 0.09, 0.0952]",/Users/deepakkanneganti/Documents/Experimemt 3/MINIST/traditional adaptive composition techniques/client_profiles/weights/clean+translate185.pt
clean+translate186,clean+translate186,corrupt_fl,/Users/deepakkanneganti/Documents/Experimemt 3/MINIST/FL_C/artifacts/federated_artifact_corrupt/clean_translate,client_16_round_18.pt,/Users/deepakkanneganti/Documents/Experimemt 3/MINIST/FL_C/artifacts/federated_artifact_corrupt/clean_translate/clients/client_16_round_18.pt,client_16,18,round_snapshot,clean+translate,client_16,digit_classification,mnist_image,1x28x28,digit_label,digits_0_9,10,mnist_c_clean+translate,clean+translate,1513,"{""0"": 73, ""1"": 89, ""2"": 67, ""3"": 234, ""4"": 180, ""5"": 182, ""6"": 118, ""7"": 429, ""8"": 54, ""9"": 87}",0.03906232634714494,test,0.9346,2.163425375000088,2.163566332999949,0.22388858299996173,2.423934708000047,0.9346,0.9379848600366818,"[0.0966, 0.1138, 0.0934, 0.107, 0.0974, 0.0826, 0.094, 0.1236, 0.0976, 0.094]",/Users/deepakkanneganti/Documents/Experimemt 3/MINIST/traditional adaptive composition techniques/client_profiles/weights/clean+translate186.pt
clean+translate187,clean+translate187,corrupt_fl,/Users/deepakkanneganti/Documents/Experimemt 3/MINIST/FL_C/artifacts/federated_artifact_corrupt/clean_translate,client_16_round_19.pt,/Users/deepakkanneganti/Documents/Experimemt 3/MINIST/FL_C/artifacts/federated_artifact_corrupt/clean_translate/clients/client_16_round_19.pt,client_16,19,round_snapshot,clean+translate,client_16,digit_classification,mnist_image,1x28x28,digit_label,digits_0_9,10,mnist_c_clean+translate,clean+translate,1513,"{""0"": 73, ""1"": 89, ""2"": 67, ""3"": 234, ""4"": 180, ""5"": 182, ""6"": 118, ""7"": 429, ""8"": 54, ""9"": 87}",0.04293039962390645,test,0.923,2.22094279199996,2.2211777909999455,0.23532937499999207,2.544370916999924,0.9229999999999998,0.914571625575373,"[0.0864, 0.117, 0.094, 0.0964, 0.1082, 0.0814, 0.1086, 0.1294, 0.0864, 0.0922]",/Users/deepakkanneganti/Documents/Experimemt 3/MINIST/traditional adaptive composition techniques/client_profiles/weights/clean+translate187.pt
clean+translate188,clean+translate188,corrupt_fl,/Users/deepakkanneganti/Documents/Experimemt 3/MINIST/FL_C/artifacts/federated_artifact_corrupt/clean_translate,client_16.pt,/Users/deepakkanneganti/Documents/Experimemt 3/MINIST/FL_C/artifacts/federated_artifact_corrupt/clean_translate/clients/client_16.pt,client_16,20,final_snapshot,clean+translate,client_16,digit_classification,mnist_image,1x28x28,digit_label,digits_0_9,10,mnist_c_clean+translate,clean+translate,1513,"{""0"": 73, ""1"": 89, ""2"": 67, ""3"": 234, ""4"": 180, ""5"": 182, ""6"": 118, ""7"": 429, ""8"": 54, ""9"": 87}",0.027979279215085424,test,0.9386,2.2807421250000743,2.2809678749999875,0.25490383400006067,2.604648500000053,0.9385999999999999,0.9411818219761424,"[0.0888, 0.1124, 0.097, 0.1126, 0.1054, 0.0922, 0.0938, 0.1036, 0.1034, 0.0908]",/Users/deepakkanneganti/Documents/Experimemt 3/MINIST/traditional adaptive composition techniques/client_profiles/weights/clean+translate188.pt
clean+translate189,clean+translate189,corrupt_fl,/Users/deepakkanneganti/Documents/Experimemt 3/MINIST/FL_C/artifacts/federated_artifact_corrupt/clean_translate,client_16_round_20.pt,/Users/deepakkanneganti/Documents/Experimemt 3/MINIST/FL_C/artifacts/federated_artifact_corrupt/clean_translate/clients/client_16_round_20.pt,client_16,20,round_snapshot,clean+translate,client_16,digit_classification,mnist_image,1x28x28,digit_label,digits_0_9,10,mnist_c_clean+translate,clean+translate,1513,"{""0"": 73, ""1"": 89, ""2"": 67, ""3"": 234, ""4"": 180, ""5"": 182, ""6"": 118, ""7"": 429, ""8"": 54, ""9"": 87}",0.027979279215085424,test,0.9386,2.722685750000096,2.723039749999998,0.3265565000000379,3.137830165999958,0.9385999999999999,0.9411818219761424,"[0.0888, 0.1124, 0.097, 0.1126, 0.1054, 0.0922, 0.0938, 0.1036, 0.1034, 0.0908]",/Users/deepakkanneganti/Documents/Experimemt 3/MINIST/traditional adaptive composition techniques/client_profiles/weights/clean+translate189.pt
clean+translate190,clean+translate190,corrupt_fl,/Users/deepakkanneganti/Documents/Experimemt 3/MINIST/FL_C/artifacts/federated_artifact_corrupt/clean_translate,client_17_round_1.pt,/Users/deepakkanneganti/Documents/Experimemt 3/MINIST/FL_C/artifacts/federated_artifact_corrupt/clean_translate/clients/client_17_round_1.pt,client_17,1,round_snapshot,clean+translate,client_17,digit_classification,mnist_image,1x28x28,digit_label,digits_0_9,10,mnist_c_clean+translate,clean+translate,1384,"{""0"": 291, ""1"": 89, ""2"": 67, ""3"": 233, ""4"": 104, ""5"": 85, ""6"": 167, ""7"": 67, ""8"": 54, ""9"": 227}",1.004754415064147,test,0.6106,2.303511667000066,2.3037691670000413,0.27457079199996315,2.6807461250000415,0.6106,0.7002034481828339,"[0.1172, 0.113, 0.095, 0.105, 0.0902, 0.0798, 0.13, 0.1096, 0.0504, 0.1098]",/Users/deepakkanneganti/Documents/Experimemt 3/MINIST/traditional adaptive composition techniques/client_profiles/weights/clean+translate190.pt
clean+translate191,clean+translate191,corrupt_fl,/Users/deepakkanneganti/Documents/Experimemt 3/MINIST/FL_C/artifacts/federated_artifact_corrupt/clean_translate,client_17_round_2.pt,/Users/deepakkanneganti/Documents/Experimemt 3/MINIST/FL_C/artifacts/federated_artifact_corrupt/clean_translate/clients/client_17_round_2.pt,client_17,2,round_snapshot,clean+translate,client_17,digit_classification,mnist_image,1x28x28,digit_label,digits_0_9,10,mnist_c_clean+translate,clean+translate,1384,"{""0"": 291, ""1"": 89, ""2"": 67, ""3"": 233, ""4"": 104, ""5"": 85, ""6"": 167, ""7"": 67, ""8"": 54, ""9"": 227}",0.36769870420296985,test,0.7458,2.3442347920000657,2.3445639579999806,0.24785133299997142,2.682465250000064,0.7458000000000001,0.8079778409398833,"[0.1212, 0.1138, 0.0936, 0.1128, 0.1062, 0.1008, 0.1008, 0.0728, 0.0488, 0.1292]",/Users/deepakkanneganti/Documents/Experimemt 3/MINIST/traditional adaptive composition techniques/client_profiles/weights/clean+translate191.pt
clean+translate192,clean+translate192,corrupt_fl,/Users/deepakkanneganti/Documents/Experimemt 3/MINIST/FL_C/artifacts/federated_artifact_corrupt/clean_translate,client_17_round_3.pt,/Users/deepakkanneganti/Documents/Experimemt 3/MINIST/FL_C/artifacts/federated_artifact_corrupt/clean_translate/clients/client_17_round_3.pt,client_17,3,round_snapshot,clean+translate,client_17,digit_classification,mnist_image,1x28x28,digit_label,digits_0_9,10,mnist_c_clean+translate,clean+translate,1384,"{""0"": 291, ""1"": 89, ""2"": 67, ""3"": 233, ""4"": 104, ""5"": 85, ""6"": 167, ""7"": 67, ""8"": 54, ""9"": 227}",0.17423677083217737,test,0.81,2.376765166999917,2.376963208999996,0.25536029199997756,2.7764539580000474,0.8099999999999999,0.8495059754803506,"[0.101, 0.1428, 0.0912, 0.1206, 0.1144, 0.0786, 0.0868, 0.0908, 0.0702, 0.1036]",/Users/deepakkanneganti/Documents/Experimemt 3/MINIST/traditional adaptive composition techniques/client_profiles/weights/clean+translate192.pt
clean+translate193,clean+translate193,corrupt_fl,/Users/deepakkanneganti/Documents/Experimemt 3/MINIST/FL_C/artifacts/federated_artifact_corrupt/clean_translate,client_17_round_4.pt,/Users/deepakkanneganti/Documents/Experimemt 3/MINIST/FL_C/artifacts/federated_artifact_corrupt/clean_translate/clients/client_17_round_4.pt,client_17,4,round_snapshot,clean+translate,client_17,digit_classification,mnist_image,1x28x28,digit_label,digits_0_9,10,mnist_c_clean+translate,clean+translate,1384,"{""0"": 291, ""1"": 89, ""2"": 67, ""3"": 233, ""4"": 104, ""5"": 85, ""6"": 167, ""7"": 67, ""8"": 54, ""9"": 227}",0.14636180820790204,test,0.833,2.4126174579999997,2.4522815419999233,0.3276035410000304,2.8954255410000087,0.833,0.8547120556850365,"[0.1192, 0.097, 0.0964, 0.1046, 0.1246, 0.075, 0.084, 0.088, 0.0778, 0.1334]",/Users/deepakkanneganti/Documents/Experimemt 3/MINIST/traditional adaptive composition techniques/client_profiles/weights/clean+translate193.pt
clean+translate194,clean+translate194,corrupt_fl,/Users/deepakkanneganti/Documents/Experimemt 3/MINIST/FL_C/artifacts/federated_artifact_corrupt/clean_translate,client_17_round_5.pt,/Users/deepakkanneganti/Documents/Experimemt 3/MINIST/FL_C/artifacts/federated_artifact_corrupt/clean_translate/clients/client_17_round_5.pt,client_17,5,round_snapshot,clean+translate,client_17,digit_classification,mnist_image,1x28x28,digit_label,digits_0_9,10,mnist_c_clean+translate,clean+translate,1384,"{""0"": 291, ""1"": 89, ""2"": 67, ""3"": 233, ""4"": 104, ""5"": 85, ""6"": 167, ""7"": 67, ""8"": 54, ""9"": 227}",0.0941550348970023,test,0.862,2.3854960829999072,2.385736624999936,0.2594992079999656,2.733079707999991,0.8620000000000001,0.8708894847558931,"[0.1052, 0.107, 0.0896, 0.101, 0.1206, 0.107, 0.0956, 0.088, 0.0716, 0.1144]",/Users/deepakkanneganti/Documents/Experimemt 3/MINIST/traditional adaptive composition techniques/client_profiles/weights/clean+translate194.pt
clean+translate195,clean+translate195,corrupt_fl,/Users/deepakkanneganti/Documents/Experimemt 3/MINIST/FL_C/artifacts/federated_artifact_corrupt/clean_translate,client_17_round_6.pt,/Users/deepakkanneganti/Documents/Experimemt 3/MINIST/FL_C/artifacts/federated_artifact_corrupt/clean_translate/clients/client_17_round_6.pt,client_17,6,round_snapshot,clean+translate,client_17,digit_classification,mnist_image,1x28x28,digit_label,digits_0_9,10,mnist_c_clean+translate,clean+translate,1384,"{""0"": 291, ""1"": 89, ""2"": 67, ""3"": 233, ""4"": 104, ""5"": 85, ""6"": 167, ""7"": 67, ""8"": 54, ""9"": 227}",0.08820418082177639,test,0.874,2.245133624999994,2.2455550829999993,0.24457983300010255,2.6130768330000365,0.8739999999999999,0.8848742699008536,"[0.0972, 0.1168, 0.1038, 0.1142, 0.0958, 0.087, 0.089, 0.1154, 0.0692, 0.1116]",/Users/deepakkanneganti/Documents/Experimemt 3/MINIST/traditional adaptive composition techniques/client_profiles/weights/clean+translate195.pt
clean+translate196,clean+translate196,corrupt_fl,/Users/deepakkanneganti/Documents/Experimemt 3/MINIST/FL_C/artifacts/federated_artifact_corrupt/clean_translate,client_17_round_7.pt,/Users/deepakkanneganti/Documents/Experimemt 3/MINIST/FL_C/artifacts/federated_artifact_corrupt/clean_translate/clients/client_17_round_7.pt,client_17,7,round_snapshot,clean+translate,client_17,digit_classification,mnist_image,1x28x28,digit_label,digits_0_9,10,mnist_c_clean+translate,clean+translate,1384,"{""0"": 291, ""1"": 89, ""2"": 67, ""3"": 233, ""4"": 104, ""5"": 85, ""6"": 167, ""7"": 67, ""8"": 54, ""9"": 227}",0.0793883962500276,test,0.8782,2.278565750000098,2.278801082999962,0.23375283300003957,2.624021416000005,0.8782,0.8897121270147846,"[0.1088, 0.1154, 0.0746, 0.1194, 0.1108, 0.0808, 0.09, 0.0986, 0.0944, 0.1072]",/Users/deepakkanneganti/Documents/Experimemt 3/MINIST/traditional adaptive composition techniques/client_profiles/weights/clean+translate196.pt
clean+translate197,clean+translate197,corrupt_fl,/Users/deepakkanneganti/Documents/Experimemt 3/MINIST/FL_C/artifacts/federated_artifact_corrupt/clean_translate,client_17_round_8.pt,/Users/deepakkanneganti/Documents/Experimemt 3/MINIST/FL_C/artifacts/federated_artifact_corrupt/clean_translate/clients/client_17_round_8.pt,client_17,8,round_snapshot,clean+translate,client_17,digit_classification,mnist_image,1x28x28,digit_label,digits_0_9,10,mnist_c_clean+translate,clean+translate,1384,"{""0"": 291, ""1"": 89, ""2"": 67, ""3"": 233, ""4"": 104, ""5"": 85, ""6"": 167, ""7"": 67, ""8"": 54, ""9"": 227}",0.06744009211207881,test,0.8866,2.265772374999983,2.265987915999972,0.2306135420000146,2.589969750000023,0.8865999999999999,0.8874225603200123,"[0.114, 0.098, 0.0852, 0.0964, 0.1104, 0.0788, 0.085, 0.109, 0.1038, 0.1194]",/Users/deepakkanneganti/Documents/Experimemt 3/MINIST/traditional adaptive composition techniques/client_profiles/weights/clean+translate197.pt
clean+translate198,clean+translate198,corrupt_fl,/Users/deepakkanneganti/Documents/Experimemt 3/MINIST/FL_C/artifacts/federated_artifact_corrupt/clean_translate,client_17_round_9.pt,/Users/deepakkanneganti/Documents/Experimemt 3/MINIST/FL_C/artifacts/federated_artifact_corrupt/clean_translate/clients/client_17_round_9.pt,client_17,9,round_snapshot,clean+translate,client_17,digit_classification,mnist_image,1x28x28,digit_label,digits_0_9,10,mnist_c_clean+translate,clean+translate,1384,"{""0"": 291, ""1"": 89, ""2"": 67, ""3"": 233, ""4"": 104, ""5"": 85, ""6"": 167, ""7"": 67, ""8"": 54, ""9"": 227}",0.06204747055854761,test,0.9042,2.3888495840000132,2.389192458000025,0.25521441700004743,2.7912604580000107,0.9042,0.9162077360288365,"[0.1174, 0.1118, 0.111, 0.1084, 0.1046, 0.0902, 0.0872, 0.0932, 0.0752, 0.101]",/Users/deepakkanneganti/Documents/Experimemt 3/MINIST/traditional adaptive composition techniques/client_profiles/weights/clean+translate198.pt
clean+translate199,clean+translate199,corrupt_fl,/Users/deepakkanneganti/Documents/Experimemt 3/MINIST/FL_C/artifacts/federated_artifact_corrupt/clean_translate,client_17_round_10.pt,/Users/deepakkanneganti/Documents/Experimemt 3/MINIST/FL_C/artifacts/federated_artifact_corrupt/clean_translate/clients/client_17_round_10.pt,client_17,10,round_snapshot,clean+translate,client_17,digit_classification,mnist_image,1x28x28,digit_label,digits_0_9,10,mnist_c_clean+translate,clean+translate,1384,"{""0"": 291, ""1"": 89, ""2"": 67, ""3"": 233, ""4"": 104, ""5"": 85, ""6"": 167, ""7"": 67, ""8"": 54, ""9"": 227}",0.055168865784776935,test,0.883,2.2979177089999894,2.298132209000073,0.24753158299995448,2.639588250000088,0.883,0.9052121605493656,"[0.1394, 0.115, 0.0984, 0.1282, 0.0874, 0.0752, 0.075, 0.0926, 0.0778, 0.111]",/Users/deepakkanneganti/Documents/Experimemt 3/MINIST/traditional adaptive composition techniques/client_profiles/weights/clean+translate199.pt
clean+translate200,clean+translate200,corrupt_fl,/Users/deepakkanneganti/Documents/Experimemt 3/MINIST/FL_C/artifacts/federated_artifact_corrupt/clean_translate,client_17_round_11.pt,/Users/deepakkanneganti/Documents/Experimemt 3/MINIST/FL_C/artifacts/federated_artifact_corrupt/clean_translate/clients/client_17_round_11.pt,client_17,11,round_snapshot,clean+translate,client_17,digit_classification,mnist_image,1x28x28,digit_label,digits_0_9,10,mnist_c_clean+translate,clean+translate,1384,"{""0"": 291, ""1"": 89, ""2"": 67, ""3"": 233, ""4"": 104, ""5"": 85, ""6"": 167, ""7"": 67, ""8"": 54, ""9"": 227}",0.05437173316198768,test,0.9152,2.266327042000057,2.266571417000023,0.2535403749999432,2.6185516670000197,0.9152000000000001,0.9179884789947527,"[0.118, 0.112, 0.1044, 0.1024, 0.1138, 0.0848, 0.0934, 0.0966, 0.079, 0.0956]",/Users/deepakkanneganti/Documents/Experimemt 3/MINIST/traditional adaptive composition techniques/client_profiles/weights/clean+translate200.pt
clean+translate201,clean+translate201,corrupt_fl,/Users/deepakkanneganti/Documents/Experimemt 3/MINIST/FL_C/artifacts/federated_artifact_corrupt/clean_translate,client_17_round_12.pt,/Users/deepakkanneganti/Documents/Experimemt 3/MINIST/FL_C/artifacts/federated_artifact_corrupt/clean_translate/clients/client_17_round_12.pt,client_17,12,round_snapshot,clean+translate,client_17,digit_classification,mnist_image,1x28x28,digit_label,digits_0_9,10,mnist_c_clean+translate,clean+translate,1384,"{""0"": 291, ""1"": 89, ""2"": 67, ""3"": 233, ""4"": 104, ""5"": 85, ""6"": 167, ""7"": 67, ""8"": 54, ""9"": 227}",0.049588791969599144,test,0.8908,2.23716074999993,2.2373637919999965,0.23520716600000924,2.554471291000027,0.8908000000000001,0.9231515594102292,"[0.1038, 0.1072, 0.0778, 0.1322, 0.0886, 0.0816, 0.0956, 0.095, 0.0856, 0.1326]",/Users/deepakkanneganti/Documents/Experimemt 3/MINIST/traditional adaptive composition techniques/client_profiles/weights/clean+translate201.pt
clean+translate202,clean+translate202,corrupt_fl,/Users/deepakkanneganti/Documents/Experimemt 3/MINIST/FL_C/artifacts/federated_artifact_corrupt/clean_translate,client_17_round_13.pt,/Users/deepakkanneganti/Documents/Experimemt 3/MINIST/FL_C/artifacts/federated_artifact_corrupt/clean_translate/clients/client_17_round_13.pt,client_17,13,round_snapshot,clean+translate,client_17,digit_classification,mnist_image,1x28x28,digit_label,digits_0_9,10,mnist_c_clean+translate,clean+translate,1384,"{""0"": 291, ""1"": 89, ""2"": 67, ""3"": 233, ""4"": 104, ""5"": 85, ""6"": 167, ""7"": 67, ""8"": 54, ""9"": 227}",0.046149121413966925,test,0.9088,2.1907558330000256,2.190973332999988,0.2616425830000253,2.52170420799996,0.9087999999999999,0.922531510051212,"[0.1136, 0.1064, 0.1086, 0.1086, 0.0918, 0.0854, 0.0916, 0.096, 0.0816, 0.1164]",/Users/deepakkanneganti/Documents/Experimemt 3/MINIST/traditional adaptive composition techniques/client_profiles/weights/clean+translate202.pt
clean+translate203,clean+translate203,corrupt_fl,/Users/deepakkanneganti/Documents/Experimemt 3/MINIST/FL_C/artifacts/federated_artifact_corrupt/clean_translate,client_17_round_14.pt,/Users/deepakkanneganti/Documents/Experimemt 3/MINIST/FL_C/artifacts/federated_artifact_corrupt/clean_translate/clients/client_17_round_14.pt,client_17,14,round_snapshot,clean+translate,client_17,digit_classification,mnist_image,1x28x28,digit_label,digits_0_9,10,mnist_c_clean+translate,clean+translate,1384,"{""0"": 291, ""1"": 89, ""2"": 67, ""3"": 233, ""4"": 104, ""5"": 85, ""6"": 167, ""7"": 67, ""8"": 54, ""9"": 227}",0.04398649204240152,test,0.9072,2.2932774579999204,2.2934598330000426,0.23351800000000367,2.6130822500000477,0.9071999999999999,0.9128668977819874,"[0.1116, 0.1168, 0.0934, 0.1164, 0.0878, 0.0846, 0.0824, 0.0966, 0.0906, 0.1198]",/Users/deepakkanneganti/Documents/Experimemt 3/MINIST/traditional adaptive composition techniques/client_profiles/weights/clean+translate203.pt
clean+translate204,clean+translate204,corrupt_fl,/Users/deepakkanneganti/Documents/Experimemt 3/MINIST/FL_C/artifacts/federated_artifact_corrupt/clean_translate,client_17_round_15.pt,/Users/deepakkanneganti/Documents/Experimemt 3/MINIST/FL_C/artifacts/federated_artifact_corrupt/clean_translate/clients/client_17_round_15.pt,client_17,15,round_snapshot,clean+translate,client_17,digit_classification,mnist_image,1x28x28,digit_label,digits_0_9,10,mnist_c_clean+translate,clean+translate,1384,"{""0"": 291, ""1"": 89, ""2"": 67, ""3"": 233, ""4"": 104, ""5"": 85, ""6"": 167, ""7"": 67, ""8"": 54, ""9"": 227}",0.0488661520013755,test,0.9174,2.926688375000026,2.926971332999983,0.25508062500000506,3.276476042000013,0.9174,0.9445310908109659,"[0.1026, 0.1144, 0.0974, 0.105, 0.1264, 0.0936, 0.0986, 0.0988, 0.0708, 0.0924]",/Users/deepakkanneganti/Documents/Experimemt 3/MINIST/traditional adaptive composition techniques/client_profiles/weights/clean+translate204.pt
clean+translate205,clean+translate205,corrupt_fl,/Users/deepakkanneganti/Documents/Experimemt 3/MINIST/FL_C/artifacts/federated_artifact_corrupt/clean_translate,client_17_round_16.pt,/Users/deepakkanneganti/Documents/Experimemt 3/MINIST/FL_C/artifacts/federated_artifact_corrupt/clean_translate/clients/client_17_round_16.pt,client_17,16,round_snapshot,clean+translate,client_17,digit_classification,mnist_image,1x28x28,digit_label,digits_0_9,10,mnist_c_clean+translate,clean+translate,1384,"{""0"": 291, ""1"": 89, ""2"": 67, ""3"": 233, ""4"": 104, ""5"": 85, ""6"": 167, ""7"": 67, ""8"": 54, ""9"": 227}",0.04119867082177238,test,0.9126,4.604679250000004,4.605279208999946,0.38792433300000084,5.124590458000057,0.9126,0.9290622240905261,"[0.1214, 0.112, 0.1024, 0.103, 0.1022, 0.0784, 0.0908, 0.092, 0.0998, 0.098]",/Users/deepakkanneganti/Documents/Experimemt 3/MINIST/traditional adaptive composition techniques/client_profiles/weights/clean+translate205.pt
clean+translate206,clean+translate206,corrupt_fl,/Users/deepakkanneganti/Documents/Experimemt 3/MINIST/FL_C/artifacts/federated_artifact_corrupt/clean_translate,client_17_round_17.pt,/Users/deepakkanneganti/Documents/Experimemt 3/MINIST/FL_C/artifacts/federated_artifact_corrupt/clean_translate/clients/client_17_round_17.pt,client_17,17,round_snapshot,clean+translate,client_17,digit_classification,mnist_image,1x28x28,digit_label,digits_0_9,10,mnist_c_clean+translate,clean+translate,1384,"{""0"": 291, ""1"": 89, ""2"": 67, ""3"": 233, ""4"": 104, ""5"": 85, ""6"": 167, ""7"": 67, ""8"": 54, ""9"": 227}",0.037665765690193934,test,0.9134,2.865059624999958,2.865978499999983,0.253598792000048,3.4100321250000434,0.9134,0.9183266838678045,"[0.1, 0.122, 0.0904, 0.1144, 0.0958, 0.1074, 0.0938, 0.104, 0.0724, 0.0998]",/Users/deepakkanneganti/Documents/Experimemt 3/MINIST/traditional adaptive composition techniques/client_profiles/weights/clean+translate206.pt
clean+translate207,clean+translate207,corrupt_fl,/Users/deepakkanneganti/Documents/Experimemt 3/MINIST/FL_C/artifacts/federated_artifact_corrupt/clean_translate,client_17_round_18.pt,/Users/deepakkanneganti/Documents/Experimemt 3/MINIST/FL_C/artifacts/federated_artifact_corrupt/clean_translate/clients/client_17_round_18.pt,client_17,18,round_snapshot,clean+translate,client_17,digit_classification,mnist_image,1x28x28,digit_label,digits_0_9,10,mnist_c_clean+translate,clean+translate,1384,"{""0"": 291, ""1"": 89, ""2"": 67, ""3"": 233, ""4"": 104, ""5"": 85, ""6"": 167, ""7"": 67, ""8"": 54, ""9"": 227}",0.044646902489617016,test,0.921,2.6932870409999623,2.693537957999979,0.27522558299995126,3.1758867080000073,0.9209999999999999,0.9273598899295378,"[0.1062, 0.1224, 0.0966, 0.115, 0.1036, 0.0826, 0.0916, 0.109, 0.076, 0.097]",/Users/deepakkanneganti/Documents/Experimemt 3/MINIST/traditional adaptive composition techniques/client_profiles/weights/clean+translate207.pt
clean+translate208,clean+translate208,corrupt_fl,/Users/deepakkanneganti/Documents/Experimemt 3/MINIST/FL_C/artifacts/federated_artifact_corrupt/clean_translate,client_17_round_19.pt,/Users/deepakkanneganti/Documents/Experimemt 3/MINIST/FL_C/artifacts/federated_artifact_corrupt/clean_translate/clients/client_17_round_19.pt,client_17,19,round_snapshot,clean+translate,client_17,digit_classification,mnist_image,1x28x28,digit_label,digits_0_9,10,mnist_c_clean+translate,clean+translate,1384,"{""0"": 291, ""1"": 89, ""2"": 67, ""3"": 233, ""4"": 104, ""5"": 85, ""6"": 167, ""7"": 67, ""8"": 54, ""9"": 227}",0.03369405371786067,test,0.9374,2.5248841249999714,2.5252801249999948,0.2848277089999556,2.926073458000019,0.9374,0.9298844291794373,"[0.1034, 0.1168, 0.0946, 0.1046, 0.1078, 0.083, 0.1024, 0.0966, 0.08, 0.1108]",/Users/deepakkanneganti/Documents/Experimemt 3/MINIST/traditional adaptive composition techniques/client_profiles/weights/clean+translate208.pt
clean+translate209,clean+translate209,corrupt_fl,/Users/deepakkanneganti/Documents/Experimemt 3/MINIST/FL_C/artifacts/federated_artifact_corrupt/clean_translate,client_17.pt,/Users/deepakkanneganti/Documents/Experimemt 3/MINIST/FL_C/artifacts/federated_artifact_corrupt/clean_translate/clients/client_17.pt,client_17,20,final_snapshot,clean+translate,client_17,digit_classification,mnist_image,1x28x28,digit_label,digits_0_9,10,mnist_c_clean+translate,clean+translate,1384,"{""0"": 291, ""1"": 89, ""2"": 67, ""3"": 233, ""4"": 104, ""5"": 85, ""6"": 167, ""7"": 67, ""8"": 54, ""9"": 227}",0.04321969149521354,test,0.9302,2.8321201249999604,2.832431917000008,0.24141945799999576,3.1623529580000422,0.9301999999999999,0.9420037426644681,"[0.0996, 0.1118, 0.0974, 0.1196, 0.1004, 0.0834, 0.0938, 0.0932, 0.0906, 0.1102]",/Users/deepakkanneganti/Documents/Experimemt 3/MINIST/traditional adaptive composition techniques/client_profiles/weights/clean+translate209.pt
clean+translate210,clean+translate210,corrupt_fl,/Users/deepakkanneganti/Documents/Experimemt 3/MINIST/FL_C/artifacts/federated_artifact_corrupt/clean_translate,client_17_round_20.pt,/Users/deepakkanneganti/Documents/Experimemt 3/MINIST/FL_C/artifacts/federated_artifact_corrupt/clean_translate/clients/client_17_round_20.pt,client_17,20,round_snapshot,clean+translate,client_17,digit_classification,mnist_image,1x28x28,digit_label,digits_0_9,10,mnist_c_clean+translate,clean+translate,1384,"{""0"": 291, ""1"": 89, ""2"": 67, ""3"": 233, ""4"": 104, ""5"": 85, ""6"": 167, ""7"": 67, ""8"": 54, ""9"": 227}",0.04321969149521354,test,0.9302,2.443300000000022,2.443681333000086,0.2759707499999422,2.828358582999954,0.9301999999999999,0.9420037426644681,"[0.0996, 0.1118, 0.0974, 0.1196, 0.1004, 0.0834, 0.0938, 0.0932, 0.0906, 0.1102]",/Users/deepakkanneganti/Documents/Experimemt 3/MINIST/traditional adaptive composition techniques/client_profiles/weights/clean+translate210.pt
clean+translate211,clean+translate211,corrupt_fl,/Users/deepakkanneganti/Documents/Experimemt 3/MINIST/FL_C/artifacts/federated_artifact_corrupt/clean_translate,client_18_round_1.pt,/Users/deepakkanneganti/Documents/Experimemt 3/MINIST/FL_C/artifacts/federated_artifact_corrupt/clean_translate/clients/client_18_round_1.pt,client_18,1,round_snapshot,clean+translate,client_18,digit_classification,mnist_image,1x28x28,digit_label,digits_0_9,10,mnist_c_clean+translate,clean+translate,1338,"{""0"": 291, ""1"": 89, ""2"": 67, ""3"": 90, ""4"": 104, ""5"": 182, ""6"": 167, ""7"": 67, ""8"": 54, ""9"": 227}",1.0062092646504894,test,0.6026,2.4236432920000652,2.4239444999999478,0.2805102080000097,2.95245024999997,0.6026,0.7390275034354921,"[0.1144, 0.1122, 0.088, 0.0566, 0.0696, 0.1632, 0.1152, 0.089, 0.028, 0.1638]",/Users/deepakkanneganti/Documents/Experimemt 3/MINIST/traditional adaptive composition techniques/client_profiles/weights/clean+translate211.pt
clean+translate212,clean+translate212,corrupt_fl,/Users/deepakkanneganti/Documents/Experimemt 3/MINIST/FL_C/artifacts/federated_artifact_corrupt/clean_translate,client_18_round_2.pt,/Users/deepakkanneganti/Documents/Experimemt 3/MINIST/FL_C/artifacts/federated_artifact_corrupt/clean_translate/clients/client_18_round_2.pt,client_18,2,round_snapshot,clean+translate,client_18,digit_classification,mnist_image,1x28x28,digit_label,digits_0_9,10,mnist_c_clean+translate,clean+translate,1338,"{""0"": 291, ""1"": 89, ""2"": 67, ""3"": 90, ""4"": 104, ""5"": 182, ""6"": 167, ""7"": 67, ""8"": 54, ""9"": 227}",0.40124521427082294,test,0.7374,2.453015292000032,2.45332329200005,0.25204658300003757,2.802811583000107,0.7373999999999999,0.792611754687231,"[0.1152, 0.119, 0.0782, 0.0996, 0.1318, 0.11, 0.106, 0.0776, 0.0444, 0.1182]",/Users/deepakkanneganti/Documents/Experimemt 3/MINIST/traditional adaptive composition techniques/client_profiles/weights/clean+translate212.pt
clean+translate213,clean+translate213,corrupt_fl,/Users/deepakkanneganti/Documents/Experimemt 3/MINIST/FL_C/artifacts/federated_artifact_corrupt/clean_translate,client_18_round_3.pt,/Users/deepakkanneganti/Documents/Experimemt 3/MINIST/FL_C/artifacts/federated_artifact_corrupt/clean_translate/clients/client_18_round_3.pt,client_18,3,round_snapshot,clean+translate,client_18,digit_classification,mnist_image,1x28x28,digit_label,digits_0_9,10,mnist_c_clean+translate,clean+translate,1338,"{""0"": 291, ""1"": 89, ""2"": 67, ""3"": 90, ""4"": 104, ""5"": 182, ""6"": 167, ""7"": 67, ""8"": 54, ""9"": 227}",0.1864235055717555,test,0.8018,2.476898375000019,2.477390958000001,0.2610837500000116,2.9020232910000914,0.8017999999999998,0.8457882355296679,"[0.1266, 0.1148, 0.0804, 0.0982, 0.113, 0.1046, 0.0818, 0.0984, 0.062, 0.1202]",/Users/deepakkanneganti/Documents/Experimemt 3/MINIST/traditional adaptive composition techniques/client_profiles/weights/clean+translate213.pt
clean+translate214,clean+translate214,corrupt_fl,/Users/deepakkanneganti/Documents/Experimemt 3/MINIST/FL_C/artifacts/federated_artifact_corrupt/clean_translate,client_18_round_4.pt,/Users/deepakkanneganti/Documents/Experimemt 3/MINIST/FL_C/artifacts/federated_artifact_corrupt/clean_translate/clients/client_18_round_4.pt,client_18,4,round_snapshot,clean+translate,client_18,digit_classification,mnist_image,1x28x28,digit_label,digits_0_9,10,mnist_c_clean+translate,clean+translate,1338,"{""0"": 291, ""1"": 89, ""2"": 67, ""3"": 90, ""4"": 104, ""5"": 182, ""6"": 167, ""7"": 67, ""8"": 54, ""9"": 227}",0.14199577288871462,test,0.8328,2.453167624999992,2.453449040999999,0.38270008300003155,2.9497947500000237,0.8328,0.8632338454827299,"[0.1154, 0.1114, 0.1018, 0.0838, 0.1182, 0.1008, 0.0918, 0.079, 0.0626, 0.1352]",/Users/deepakkanneganti/Documents/Experimemt 3/MINIST/traditional adaptive composition techniques/client_profiles/weights/clean+translate214.pt
clean+translate215,clean+translate215,corrupt_fl,/Users/deepakkanneganti/Documents/Experimemt 3/MINIST/FL_C/artifacts/federated_artifact_corrupt/clean_translate,client_18_round_5.pt,/Users/deepakkanneganti/Documents/Experimemt 3/MINIST/FL_C/artifacts/federated_artifact_corrupt/clean_translate/clients/client_18_round_5.pt,client_18,5,round_snapshot,clean+translate,client_18,digit_classification,mnist_image,1x28x28,digit_label,digits_0_9,10,mnist_c_clean+translate,clean+translate,1338,"{""0"": 291, ""1"": 89, ""2"": 67, ""3"": 90, ""4"": 104, ""5"": 182, ""6"": 167, ""7"": 67, ""8"": 54, ""9"": 227}",0.12529860504648901,test,0.838,2.7007880829999067,2.7011562920000642,0.24001066699997864,3.037528541000029,0.8379999999999999,0.8660949203380339,"[0.1054, 0.0826, 0.0844, 0.0822, 0.0978, 0.1146, 0.1018, 0.0886, 0.0896, 0.153]",/Users/deepakkanneganti/Documents/Experimemt 3/MINIST/traditional adaptive composition techniques/client_profiles/weights/clean+translate215.pt
clean+translate216,clean+translate216,corrupt_fl,/Users/deepakkanneganti/Documents/Experimemt 3/MINIST/FL_C/artifacts/federated_artifact_corrupt/clean_translate,client_18_round_6.pt,/Users/deepakkanneganti/Documents/Experimemt 3/MINIST/FL_C/artifacts/federated_artifact_corrupt/clean_translate/clients/client_18_round_6.pt,client_18,6,round_snapshot,clean+translate,client_18,digit_classification,mnist_image,1x28x28,digit_label,digits_0_9,10,mnist_c_clean+translate,clean+translate,1338,"{""0"": 291, ""1"": 89, ""2"": 67, ""3"": 90, ""4"": 104, ""5"": 182, ""6"": 167, ""7"": 67, ""8"": 54, ""9"": 227}",0.10718590241264213,test,0.867,2.3753096659999073,2.375524791000089,0.22508958399998846,2.702934916999993,0.867,0.9152508195763035,"[0.0976, 0.1314, 0.1228, 0.1012, 0.0878, 0.0982, 0.0864, 0.1052, 0.0574, 0.112]",/Users/deepakkanneganti/Documents/Experimemt 3/MINIST/traditional adaptive composition techniques/client_profiles/weights/clean+translate216.pt
clean+translate217,clean+translate217,corrupt_fl,/Users/deepakkanneganti/Documents/Experimemt 3/MINIST/FL_C/artifacts/federated_artifact_corrupt/clean_translate,client_18_round_7.pt,/Users/deepakkanneganti/Documents/Experimemt 3/MINIST/FL_C/artifacts/federated_artifact_corrupt/clean_translate/clients/client_18_round_7.pt,client_18,7,round_snapshot,clean+translate,client_18,digit_classification,mnist_image,1x28x28,digit_label,digits_0_9,10,mnist_c_clean+translate,clean+translate,1338,"{""0"": 291, ""1"": 89, ""2"": 67, ""3"": 90, ""4"": 104, ""5"": 182, ""6"": 167, ""7"": 67, ""8"": 54, ""9"": 227}",0.09233415634794669,test,0.8718,2.1705857089999654,2.170774583000025,0.224349375000088,2.5096767500000396,0.8718,0.8916006647713498,"[0.1088, 0.1098, 0.0948, 0.0948, 0.083, 0.1152, 0.097, 0.097, 0.066, 0.1336]",/Users/deepakkanneganti/Documents/Experimemt 3/MINIST/traditional adaptive composition techniques/client_profiles/weights/clean+translate217.pt
clean+translate218,clean+translate218,corrupt_fl,/Users/deepakkanneganti/Documents/Experimemt 3/MINIST/FL_C/artifacts/federated_artifact_corrupt/clean_translate,client_18_round_8.pt,/Users/deepakkanneganti/Documents/Experimemt 3/MINIST/FL_C/artifacts/federated_artifact_corrupt/clean_translate/clients/client_18_round_8.pt,client_18,8,round_snapshot,clean+translate,client_18,digit_classification,mnist_image,1x28x28,digit_label,digits_0_9,10,mnist_c_clean+translate,clean+translate,1338,"{""0"": 291, ""1"": 89, ""2"": 67, ""3"": 90, ""4"": 104, ""5"": 182, ""6"": 167, ""7"": 67, ""8"": 54, ""9"": 227}",0.08527560927199596,test,0.8878,2.35547120800004,2.3556405000000495,0.31199325000000044,2.7043704579999712,0.8878,0.8828320861205403,"[0.1092, 0.1248, 0.0866, 0.1028, 0.1068, 0.1052, 0.0854, 0.088, 0.0738, 0.1174]",/Users/deepakkanneganti/Documents/Experimemt 3/MINIST/traditional adaptive composition techniques/client_profiles/weights/clean+translate218.pt
clean+translate219,clean+translate219,corrupt_fl,/Users/deepakkanneganti/Documents/Experimemt 3/MINIST/FL_C/artifacts/federated_artifact_corrupt/clean_translate,client_18_round_9.pt,/Users/deepakkanneganti/Documents/Experimemt 3/MINIST/FL_C/artifacts/federated_artifact_corrupt/clean_translate/clients/client_18_round_9.pt,client_18,9,round_snapshot,clean+translate,client_18,digit_classification,mnist_image,1x28x28,digit_label,digits_0_9,10,mnist_c_clean+translate,clean+translate,1338,"{""0"": 291, ""1"": 89, ""2"": 67, ""3"": 90, ""4"": 104, ""5"": 182, ""6"": 167, ""7"": 67, ""8"": 54, ""9"": 227}",0.0689915767447515,test,0.8984,2.306519499999922,2.3071946249999655,0.2613680829999794,2.6694283330000417,0.8984,0.9284416481458379,"[0.109, 0.1098, 0.1074, 0.099, 0.0934, 0.0948, 0.0876, 0.0992, 0.0696, 0.1302]",/Users/deepakkanneganti/Documents/Experimemt 3/MINIST/traditional adaptive composition techniques/client_profiles/weights/clean+translate219.pt
clean+translate220,clean+translate220,corrupt_fl,/Users/deepakkanneganti/Documents/Experimemt 3/MINIST/FL_C/artifacts/federated_artifact_corrupt/clean_translate,client_18_round_10.pt,/Users/deepakkanneganti/Documents/Experimemt 3/MINIST/FL_C/artifacts/federated_artifact_corrupt/clean_translate/clients/client_18_round_10.pt,client_18,10,round_snapshot,clean+translate,client_18,digit_classification,mnist_image,1x28x28,digit_label,digits_0_9,10,mnist_c_clean+translate,clean+translate,1338,"{""0"": 291, ""1"": 89, ""2"": 67, ""3"": 90, ""4"": 104, ""5"": 182, ""6"": 167, ""7"": 67, ""8"": 54, ""9"": 227}",0.059788703128243935,test,0.8904,2.320709165999915,2.3209413749999612,0.23362029199995504,2.6473916249999547,0.8904,0.9056450347066495,"[0.0874, 0.1262, 0.1094, 0.1364, 0.084, 0.102, 0.0962, 0.092, 0.0664, 0.1]",/Users/deepakkanneganti/Documents/Experimemt 3/MINIST/traditional adaptive composition techniques/client_profiles/weights/clean+translate220.pt
clean+translate221,clean+translate221,corrupt_fl,/Users/deepakkanneganti/Documents/Experimemt 3/MINIST/FL_C/artifacts/federated_artifact_corrupt/clean_translate,client_18_round_11.pt,/Users/deepakkanneganti/Documents/Experimemt 3/MINIST/FL_C/artifacts/federated_artifact_corrupt/clean_translate/clients/client_18_round_11.pt,client_18,11,round_snapshot,clean+translate,client_18,digit_classification,mnist_image,1x28x28,digit_label,digits_0_9,10,mnist_c_clean+translate,clean+translate,1338,"{""0"": 291, ""1"": 89, ""2"": 67, ""3"": 90, ""4"": 104, ""5"": 182, ""6"": 167, ""7"": 67, ""8"": 54, ""9"": 227}",0.06351916669783267,test,0.9262,2.285052124999993,2.285269208000045,0.2516168749999679,2.6283403339999722,0.9262,0.9424590125469137,"[0.111, 0.1166, 0.1118, 0.089, 0.0996, 0.0914, 0.0944, 0.0998, 0.0864, 0.1]",/Users/deepakkanneganti/Documents/Experimemt 3/MINIST/traditional adaptive composition techniques/client_profiles/weights/clean+translate221.pt
clean+translate222,clean+translate222,corrupt_fl,/Users/deepakkanneganti/Documents/Experimemt 3/MINIST/FL_C/artifacts/federated_artifact_corrupt/clean_translate,client_18_round_12.pt,/Users/deepakkanneganti/Documents/Experimemt 3/MINIST/FL_C/artifacts/federated_artifact_corrupt/clean_translate/clients/client_18_round_12.pt,client_18,12,round_snapshot,clean+translate,client_18,digit_classification,mnist_image,1x28x28,digit_label,digits_0_9,10,mnist_c_clean+translate,clean+translate,1338,"{""0"": 291, ""1"": 89, ""2"": 67, ""3"": 90, ""4"": 104, ""5"": 182, ""6"": 167, ""7"": 67, ""8"": 54, ""9"": 227}",0.048799061089415445,test,0.9298,2.184556499999985,2.18471825000006,0.2225935420000269,2.4807143750000478,0.9298,0.9388979205537199,"[0.1166, 0.1124, 0.0996, 0.1036, 0.1024, 0.0854, 0.1018, 0.0924, 0.0834, 0.1024]",/Users/deepakkanneganti/Documents/Experimemt 3/MINIST/traditional adaptive composition techniques/client_profiles/weights/clean+translate222.pt
clean+translate223,clean+translate223,corrupt_fl,/Users/deepakkanneganti/Documents/Experimemt 3/MINIST/FL_C/artifacts/federated_artifact_corrupt/clean_translate,client_18_round_13.pt,/Users/deepakkanneganti/Documents/Experimemt 3/MINIST/FL_C/artifacts/federated_artifact_corrupt/clean_translate/clients/client_18_round_13.pt,client_18,13,round_snapshot,clean+translate,client_18,digit_classification,mnist_image,1x28x28,digit_label,digits_0_9,10,mnist_c_clean+translate,clean+translate,1338,"{""0"": 291, ""1"": 89, ""2"": 67, ""3"": 90, ""4"": 104, ""5"": 182, ""6"": 167, ""7"": 67, ""8"": 54, ""9"": 227}",0.06494460250674323,test,0.9118,2.214425707999908,2.214567875000057,0.23317245800001274,2.4952767500000164,0.9118,0.9261816758749941,"[0.0898, 0.111, 0.1158, 0.0924, 0.1042, 0.098, 0.0944, 0.0912, 0.0754, 0.1278]",/Users/deepakkanneganti/Documents/Experimemt 3/MINIST/traditional adaptive composition techniques/client_profiles/weights/clean+translate223.pt
clean+translate224,clean+translate224,corrupt_fl,/Users/deepakkanneganti/Documents/Experimemt 3/MINIST/FL_C/artifacts/federated_artifact_corrupt/clean_translate,client_18_round_14.pt,/Users/deepakkanneganti/Documents/Experimemt 3/MINIST/FL_C/artifacts/federated_artifact_corrupt/clean_translate/clients/client_18_round_14.pt,client_18,14,round_snapshot,clean+translate,client_18,digit_classification,mnist_image,1x28x28,digit_label,digits_0_9,10,mnist_c_clean+translate,clean+translate,1338,"{""0"": 291, ""1"": 89, ""2"": 67, ""3"": 90, ""4"": 104, ""5"": 182, ""6"": 167, ""7"": 67, ""8"": 54, ""9"": 227}",0.05081240918176869,test,0.912,2.1671900420000156,2.1673314160000245,0.248140792000072,2.500693333000072,0.9119999999999999,0.9258594539595407,"[0.0948, 0.131, 0.113, 0.0962, 0.0914, 0.1068, 0.0918, 0.08, 0.0848, 0.1102]",/Users/deepakkanneganti/Documents/Experimemt 3/MINIST/traditional adaptive composition techniques/client_profiles/weights/clean+translate224.pt
clean+translate225,clean+translate225,corrupt_fl,/Users/deepakkanneganti/Documents/Experimemt 3/MINIST/FL_C/artifacts/federated_artifact_corrupt/clean_translate,client_18_round_15.pt,/Users/deepakkanneganti/Documents/Experimemt 3/MINIST/FL_C/artifacts/federated_artifact_corrupt/clean_translate/clients/client_18_round_15.pt,client_18,15,round_snapshot,clean+translate,client_18,digit_classification,mnist_image,1x28x28,digit_label,digits_0_9,10,mnist_c_clean+translate,clean+translate,1338,"{""0"": 291, ""1"": 89, ""2"": 67, ""3"": 90, ""4"": 104, ""5"": 182, ""6"": 167, ""7"": 67, ""8"": 54, ""9"": 227}",0.054040283472700554,test,0.9244,2.177645417000008,2.1777673749999167,0.23438529200006997,2.4483087909999313,0.9243999999999998,0.9321320216885132,"[0.1006, 0.1238, 0.0938, 0.0912, 0.11, 0.103, 0.0934, 0.1014, 0.0798, 0.103]",/Users/deepakkanneganti/Documents/Experimemt 3/MINIST/traditional adaptive composition techniques/client_profiles/weights/clean+translate225.pt
clean+translate226,clean+translate226,corrupt_fl,/Users/deepakkanneganti/Documents/Experimemt 3/MINIST/FL_C/artifacts/federated_artifact_corrupt/clean_translate,client_18_round_16.pt,/Users/deepakkanneganti/Documents/Experimemt 3/MINIST/FL_C/artifacts/federated_artifact_corrupt/clean_translate/clients/client_18_round_16.pt,client_18,16,round_snapshot,clean+translate,client_18,digit_classification,mnist_image,1x28x28,digit_label,digits_0_9,10,mnist_c_clean+translate,clean+translate,1338,"{""0"": 291, ""1"": 89, ""2"": 67, ""3"": 90, ""4"": 104, ""5"": 182, ""6"": 167, ""7"": 67, ""8"": 54, ""9"": 227}",0.048083903691308064,test,0.9274,2.2761765829999376,2.2763590419999673,0.23008995800000775,2.5562996249999514,0.9274000000000001,0.9307341285048287,"[0.1178, 0.1156, 0.1078, 0.1084, 0.094, 0.0822, 0.0946, 0.1044, 0.0796, 0.0956]",/Users/deepakkanneganti/Documents/Experimemt 3/MINIST/traditional adaptive composition techniques/client_profiles/weights/clean+translate226.pt
clean+translate227,clean+translate227,corrupt_fl,/Users/deepakkanneganti/Documents/Experimemt 3/MINIST/FL_C/artifacts/federated_artifact_corrupt/clean_translate,client_18_round_17.pt,/Users/deepakkanneganti/Documents/Experimemt 3/MINIST/FL_C/artifacts/federated_artifact_corrupt/clean_translate/clients/client_18_round_17.pt,client_18,17,round_snapshot,clean+translate,client_18,digit_classification,mnist_image,1x28x28,digit_label,digits_0_9,10,mnist_c_clean+translate,clean+translate,1338,"{""0"": 291, ""1"": 89, ""2"": 67, ""3"": 90, ""4"": 104, ""5"": 182, ""6"": 167, ""7"": 67, ""8"": 54, ""9"": 227}",0.05374713687959946,test,0.9108,2.253197249999971,2.2533645419999857,0.23288137500003359,2.530563041999926,0.9108,0.9254331552108237,"[0.104, 0.1352, 0.1118, 0.0902, 0.1044, 0.101, 0.0982, 0.0986, 0.0622, 0.0944]",/Users/deepakkanneganti/Documents/Experimemt 3/MINIST/traditional adaptive composition techniques/client_profiles/weights/clean+translate227.pt
clean+translate228,clean+translate228,corrupt_fl,/Users/deepakkanneganti/Documents/Experimemt 3/MINIST/FL_C/artifacts/federated_artifact_corrupt/clean_translate,client_18_round_18.pt,/Users/deepakkanneganti/Documents/Experimemt 3/MINIST/FL_C/artifacts/federated_artifact_corrupt/clean_translate/clients/client_18_round_18.pt,client_18,18,round_snapshot,clean+translate,client_18,digit_classification,mnist_image,1x28x28,digit_label,digits_0_9,10,mnist_c_clean+translate,clean+translate,1338,"{""0"": 291, ""1"": 89, ""2"": 67, ""3"": 90, ""4"": 104, ""5"": 182, ""6"": 167, ""7"": 67, ""8"": 54, ""9"": 227}",0.046006555810119164,test,0.923,2.148813041999915,2.1489377079999485,0.24360487500007366,2.4243427920000613,0.923,0.930089214445393,"[0.0976, 0.1262, 0.1038, 0.0994, 0.1038, 0.1032, 0.0864, 0.0978, 0.0796, 0.1022]",/Users/deepakkanneganti/Documents/Experimemt 3/MINIST/traditional adaptive composition techniques/client_profiles/weights/clean+translate228.pt
clean+translate229,clean+translate229,corrupt_fl,/Users/deepakkanneganti/Documents/Experimemt 3/MINIST/FL_C/artifacts/federated_artifact_corrupt/clean_translate,client_18_round_19.pt,/Users/deepakkanneganti/Documents/Experimemt 3/MINIST/FL_C/artifacts/federated_artifact_corrupt/clean_translate/clients/client_18_round_19.pt,client_18,19,round_snapshot,clean+translate,client_18,digit_classification,mnist_image,1x28x28,digit_label,digits_0_9,10,mnist_c_clean+translate,clean+translate,1338,"{""0"": 291, ""1"": 89, ""2"": 67, ""3"": 90, ""4"": 104, ""5"": 182, ""6"": 167, ""7"": 67, ""8"": 54, ""9"": 227}",0.04687828978410724,test,0.9266,2.148531250000019,2.1487089170000218,0.21700041700000838,2.4689838329999247,0.9266,0.9195103385464504,"[0.0948, 0.1248, 0.0956, 0.0988, 0.1028, 0.0938, 0.0954, 0.103, 0.0718, 0.1192]",/Users/deepakkanneganti/Documents/Experimemt 3/MINIST/traditional adaptive composition techniques/client_profiles/weights/clean+translate229.pt
clean+translate230,clean+translate230,corrupt_fl,/Users/deepakkanneganti/Documents/Experimemt 3/MINIST/FL_C/artifacts/federated_artifact_corrupt/clean_translate,client_18.pt,/Users/deepakkanneganti/Documents/Experimemt 3/MINIST/FL_C/artifacts/federated_artifact_corrupt/clean_translate/clients/client_18.pt,client_18,20,final_snapshot,clean+translate,client_18,digit_classification,mnist_image,1x28x28,digit_label,digits_0_9,10,mnist_c_clean+translate,clean+translate,1338,"{""0"": 291, ""1"": 89, ""2"": 67, ""3"": 90, ""4"": 104, ""5"": 182, ""6"": 167, ""7"": 67, ""8"": 54, ""9"": 227}",0.049964472954867015,test,0.9396,2.2682005000000345,2.2683962500000234,0.2338043340000695,2.5348153750001075,0.9395999999999999,0.944331204913975,"[0.1024, 0.1124, 0.0974, 0.1022, 0.1048, 0.0988, 0.0962, 0.0956, 0.0876, 0.1026]",/Users/deepakkanneganti/Documents/Experimemt 3/MINIST/traditional adaptive composition techniques/client_profiles/weights/clean+translate230.pt
clean+translate231,clean+translate231,corrupt_fl,/Users/deepakkanneganti/Documents/Experimemt 3/MINIST/FL_C/artifacts/federated_artifact_corrupt/clean_translate,client_18_round_20.pt,/Users/deepakkanneganti/Documents/Experimemt 3/MINIST/FL_C/artifacts/federated_artifact_corrupt/clean_translate/clients/client_18_round_20.pt,client_18,20,round_snapshot,clean+translate,client_18,digit_classification,mnist_image,1x28x28,digit_label,digits_0_9,10,mnist_c_clean+translate,clean+translate,1338,"{""0"": 291, ""1"": 89, ""2"": 67, ""3"": 90, ""4"": 104, ""5"": 182, ""6"": 167, ""7"": 67, ""8"": 54, ""9"": 227}",0.049964472954867015,test,0.9396,2.2147150000000693,2.214996584000005,0.24832095800002207,2.5425749999999425,0.9395999999999999,0.944331204913975,"[0.1024, 0.1124, 0.0974, 0.1022, 0.1048, 0.0988, 0.0962, 0.0956, 0.0876, 0.1026]",/Users/deepakkanneganti/Documents/Experimemt 3/MINIST/traditional adaptive composition techniques/client_profiles/weights/clean+translate231.pt
clean+translate232,clean+translate232,corrupt_fl,/Users/deepakkanneganti/Documents/Experimemt 3/MINIST/FL_C/artifacts/federated_artifact_corrupt/clean_translate,client_19_round_1.pt,/Users/deepakkanneganti/Documents/Experimemt 3/MINIST/FL_C/artifacts/federated_artifact_corrupt/clean_translate/clients/client_19_round_1.pt,client_19,1,round_snapshot,clean+translate,client_19,digit_classification,mnist_image,1x28x28,digit_label,digits_0_9,10,mnist_c_clean+translate,clean+translate,1432,"{""0"": 73, ""1"": 88, ""2"": 334, ""3"": 233, ""4"": 104, ""5"": 85, ""6"": 167, ""7"": 67, ""8"": 54, ""9"": 227}",0.9523447843061553,test,0.6064,2.437386083999968,2.4376192910000327,0.2331918750001023,2.7082505840000977,0.6063999999999999,0.7090181088461092,"[0.0768, 0.137, 0.1748, 0.1178, 0.0704, 0.063, 0.0998, 0.0628, 0.0358, 0.1618]",/Users/deepakkanneganti/Documents/Experimemt 3/MINIST/traditional adaptive composition techniques/client_profiles/weights/clean+translate232.pt
clean+translate233,clean+translate233,corrupt_fl,/Users/deepakkanneganti/Documents/Experimemt 3/MINIST/FL_C/artifacts/federated_artifact_corrupt/clean_translate,client_19_round_2.pt,/Users/deepakkanneganti/Documents/Experimemt 3/MINIST/FL_C/artifacts/federated_artifact_corrupt/clean_translate/clients/client_19_round_2.pt,client_19,2,round_snapshot,clean+translate,client_19,digit_classification,mnist_image,1x28x28,digit_label,digits_0_9,10,mnist_c_clean+translate,clean+translate,1432,"{""0"": 73, ""1"": 88, ""2"": 334, ""3"": 233, ""4"": 104, ""5"": 85, ""6"": 167, ""7"": 67, ""8"": 54, ""9"": 227}",0.4206194062199857,test,0.7346,2.1811290000000554,2.1813605840000037,0.2506957499999771,2.5162806670000464,0.7346,0.7942815367541306,"[0.0734, 0.1322, 0.168, 0.1256, 0.0944, 0.0746, 0.0898, 0.0924, 0.0496, 0.1]",/Users/deepakkanneganti/Documents/Experimemt 3/MINIST/traditional adaptive composition techniques/client_profiles/weights/clean+translate233.pt
clean+translate234,clean+translate234,corrupt_fl,/Users/deepakkanneganti/Documents/Experimemt 3/MINIST/FL_C/artifacts/federated_artifact_corrupt/clean_translate,client_19_round_3.pt,/Users/deepakkanneganti/Documents/Experimemt 3/MINIST/FL_C/artifacts/federated_artifact_corrupt/clean_translate/clients/client_19_round_3.pt,client_19,3,round_snapshot,clean+translate,client_19,digit_classification,mnist_image,1x28x28,digit_label,digits_0_9,10,mnist_c_clean+translate,clean+translate,1432,"{""0"": 73, ""1"": 88, ""2"": 334, ""3"": 233, ""4"": 104, ""5"": 85, ""6"": 167, ""7"": 67, ""8"": 54, ""9"": 227}",0.2267318003707462,test,0.795,2.2404228329999114,2.2405461670000477,0.24825466699996923,2.5192167499999414,0.7950000000000002,0.8302192281008858,"[0.0954, 0.1332, 0.1272, 0.134, 0.0768, 0.075, 0.0936, 0.096, 0.0474, 0.1214]",/Users/deepakkanneganti/Documents/Experimemt 3/MINIST/traditional adaptive composition techniques/client_profiles/weights/clean+translate234.pt
clean+translate235,clean+translate235,corrupt_fl,/Users/deepakkanneganti/Documents/Experimemt 3/MINIST/FL_C/artifacts/federated_artifact_corrupt/clean_translate,client_19_round_4.pt,/Users/deepakkanneganti/Documents/Experimemt 3/MINIST/FL_C/artifacts/federated_artifact_corrupt/clean_translate/clients/client_19_round_4.pt,client_19,4,round_snapshot,clean+translate,client_19,digit_classification,mnist_image,1x28x28,digit_label,digits_0_9,10,mnist_c_clean+translate,clean+translate,1432,"{""0"": 73, ""1"": 88, ""2"": 334, ""3"": 233, ""4"": 104, ""5"": 85, ""6"": 167, ""7"": 67, ""8"": 54, ""9"": 227}",0.15149831420017612,test,0.8244,2.3188250839999682,2.319102416000078,0.2535021669999651,2.665572916999963,0.8244,0.8684077927026286,"[0.0936, 0.118, 0.1612, 0.1122, 0.1036, 0.0654, 0.091, 0.0764, 0.0652, 0.1134]",/Users/deepakkanneganti/Documents/Experimemt 3/MINIST/traditional adaptive composition techniques/client_profiles/weights/clean+translate235.pt
clean+translate236,clean+translate236,corrupt_fl,/Users/deepakkanneganti/Documents/Experimemt 3/MINIST/FL_C/artifacts/federated_artifact_corrupt/clean_translate,client_19_round_5.pt,/Users/deepakkanneganti/Documents/Experimemt 3/MINIST/FL_C/artifacts/federated_artifact_corrupt/clean_translate/clients/client_19_round_5.pt,client_19,5,round_snapshot,clean+translate,client_19,digit_classification,mnist_image,1x28x28,digit_label,digits_0_9,10,mnist_c_clean+translate,clean+translate,1432,"{""0"": 73, ""1"": 88, ""2"": 334, ""3"": 233, ""4"": 104, ""5"": 85, ""6"": 167, ""7"": 67, ""8"": 54, ""9"": 227}",0.1353845898475912,test,0.8706,2.1710840000000644,2.1713462920000666,0.23221520800007056,2.520976792000056,0.8705999999999999,0.9092680175748795,"[0.0884, 0.1172, 0.1012, 0.1176, 0.0844, 0.0818, 0.107, 0.0914, 0.0902, 0.1208]",/Users/deepakkanneganti/Documents/Experimemt 3/MINIST/traditional adaptive composition techniques/client_profiles/weights/clean+translate236.pt
clean+translate237,clean+translate237,corrupt_fl,/Users/deepakkanneganti/Documents/Experimemt 3/MINIST/FL_C/artifacts/federated_artifact_corrupt/clean_translate,client_19_round_6.pt,/Users/deepakkanneganti/Documents/Experimemt 3/MINIST/FL_C/artifacts/federated_artifact_corrupt/clean_translate/clients/client_19_round_6.pt,client_19,6,round_snapshot,clean+translate,client_19,digit_classification,mnist_image,1x28x28,digit_label,digits_0_9,10,mnist_c_clean+translate,clean+translate,1432,"{""0"": 73, ""1"": 88, ""2"": 334, ""3"": 233, ""4"": 104, ""5"": 85, ""6"": 167, ""7"": 67, ""8"": 54, ""9"": 227}",0.12722934844593206,test,0.8768,2.174520124999958,2.1746748750000506,0.2587555830000383,2.4667711250000366,0.8768,0.9059373289244234,"[0.092, 0.1242, 0.119, 0.0916, 0.0948, 0.082, 0.1126, 0.0966, 0.072, 0.1152]",/Users/deepakkanneganti/Documents/Experimemt 3/MINIST/traditional adaptive composition techniques/client_profiles/weights/clean+translate237.pt
clean+translate238,clean+translate238,corrupt_fl,/Users/deepakkanneganti/Documents/Experimemt 3/MINIST/FL_C/artifacts/federated_artifact_corrupt/clean_translate,client_19_round_7.pt,/Users/deepakkanneganti/Documents/Experimemt 3/MINIST/FL_C/artifacts/federated_artifact_corrupt/clean_translate/clients/client_19_round_7.pt,client_19,7,round_snapshot,clean+translate,client_19,digit_classification,mnist_image,1x28x28,digit_label,digits_0_9,10,mnist_c_clean+translate,clean+translate,1432,"{""0"": 73, ""1"": 88, ""2"": 334, ""3"": 233, ""4"": 104, ""5"": 85, ""6"": 167, ""7"": 67, ""8"": 54, ""9"": 227}",0.10005866389514671,test,0.8802,2.283631959000104,2.2837998749999997,0.23417670899993936,2.5636606250000114,0.8802,0.90968893382101,"[0.0952, 0.1104, 0.1172, 0.1308, 0.091, 0.0794, 0.117, 0.0998, 0.0544, 0.1048]",/Users/deepakkanneganti/Documents/Experimemt 3/MINIST/traditional adaptive composition techniques/client_profiles/weights/clean+translate238.pt
clean+translate239,clean+translate239,corrupt_fl,/Users/deepakkanneganti/Documents/Experimemt 3/MINIST/FL_C/artifacts/federated_artifact_corrupt/clean_translate,client_19_round_8.pt,/Users/deepakkanneganti/Documents/Experimemt 3/MINIST/FL_C/artifacts/federated_artifact_corrupt/clean_translate/clients/client_19_round_8.pt,client_19,8,round_snapshot,clean+translate,client_19,digit_classification,mnist_image,1x28x28,digit_label,digits_0_9,10,mnist_c_clean+translate,clean+translate,1432,"{""0"": 73, ""1"": 88, ""2"": 334, ""3"": 233, ""4"": 104, ""5"": 85, ""6"": 167, ""7"": 67, ""8"": 54, ""9"": 227}",0.0892452872875664,test,0.8914,2.236548291999952,2.2367920830000685,0.23086870899999212,2.513996417000044,0.8914,0.8966558597543837,"[0.093, 0.1132, 0.1354, 0.1086, 0.0928, 0.0768, 0.0828, 0.102, 0.088, 0.1074]",/Users/deepakkanneganti/Documents/Experimemt 3/MINIST/traditional adaptive composition techniques/client_profiles/weights/clean+translate239.pt
clean+translate240,clean+translate240,corrupt_fl,/Users/deepakkanneganti/Documents/Experimemt 3/MINIST/FL_C/artifacts/federated_artifact_corrupt/clean_translate,client_19_round_9.pt,/Users/deepakkanneganti/Documents/Experimemt 3/MINIST/FL_C/artifacts/federated_artifact_corrupt/clean_translate/clients/client_19_round_9.pt,client_19,9,round_snapshot,clean+translate,client_19,digit_classification,mnist_image,1x28x28,digit_label,digits_0_9,10,mnist_c_clean+translate,clean+translate,1432,"{""0"": 73, ""1"": 88, ""2"": 334, ""3"": 233, ""4"": 104, ""5"": 85, ""6"": 167, ""7"": 67, ""8"": 54, ""9"": 227}",0.08603552640933129,test,0.8974,2.1503079589999743,2.1504350420000264,0.2210360840000476,2.404804707999915,0.8974,0.910061173844225,"[0.1014, 0.1126, 0.1286, 0.1042, 0.106, 0.0834, 0.0946, 0.0822, 0.0834, 0.1036]",/Users/deepakkanneganti/Documents/Experimemt 3/MINIST/traditional adaptive composition techniques/client_profiles/weights/clean+translate240.pt
clean+translate241,clean+translate241,corrupt_fl,/Users/deepakkanneganti/Documents/Experimemt 3/MINIST/FL_C/artifacts/federated_artifact_corrupt/clean_translate,client_19_round_10.pt,/Users/deepakkanneganti/Documents/Experimemt 3/MINIST/FL_C/artifacts/federated_artifact_corrupt/clean_translate/clients/client_19_round_10.pt,client_19,10,round_snapshot,clean+translate,client_19,digit_classification,mnist_image,1x28x28,digit_label,digits_0_9,10,mnist_c_clean+translate,clean+translate,1432,"{""0"": 73, ""1"": 88, ""2"": 334, ""3"": 233, ""4"": 104, ""5"": 85, ""6"": 167, ""7"": 67, ""8"": 54, ""9"": 227}",0.07299276809984197,test,0.9028,2.1567614580000054,2.1569198749999714,0.22044449999998506,2.4714256250000517,0.9028,0.9288324142187171,"[0.0966, 0.1226, 0.1254, 0.1134, 0.0932, 0.0834, 0.0992, 0.0914, 0.0692, 0.1056]",/Users/deepakkanneganti/Documents/Experimemt 3/MINIST/traditional adaptive composition techniques/client_profiles/weights/clean+translate241.pt
clean+translate242,clean+translate242,corrupt_fl,/Users/deepakkanneganti/Documents/Experimemt 3/MINIST/FL_C/artifacts/federated_artifact_corrupt/clean_translate,client_19_round_11.pt,/Users/deepakkanneganti/Documents/Experimemt 3/MINIST/FL_C/artifacts/federated_artifact_corrupt/clean_translate/clients/client_19_round_11.pt,client_19,11,round_snapshot,clean+translate,client_19,digit_classification,mnist_image,1x28x28,digit_label,digits_0_9,10,mnist_c_clean+translate,clean+translate,1432,"{""0"": 73, ""1"": 88, ""2"": 334, ""3"": 233, ""4"": 104, ""5"": 85, ""6"": 167, ""7"": 67, ""8"": 54, ""9"": 227}",0.07741393604212338,test,0.913,2.3300512090000893,2.3302860830000327,0.2430726659999891,2.6072874579999734,0.913,0.9330990444969415,"[0.108, 0.1128, 0.127, 0.0978, 0.0914, 0.0812, 0.1012, 0.0938, 0.0834, 0.1034]",/Users/deepakkanneganti/Documents/Experimemt 3/MINIST/traditional adaptive composition techniques/client_profiles/weights/clean+translate242.pt
clean+translate243,clean+translate243,corrupt_fl,/Users/deepakkanneganti/Documents/Experimemt 3/MINIST/FL_C/artifacts/federated_artifact_corrupt/clean_translate,client_19_round_12.pt,/Users/deepakkanneganti/Documents/Experimemt 3/MINIST/FL_C/artifacts/federated_artifact_corrupt/clean_translate/clients/client_19_round_12.pt,client_19,12,round_snapshot,clean+translate,client_19,digit_classification,mnist_image,1x28x28,digit_label,digits_0_9,10,mnist_c_clean+translate,clean+translate,1432,"{""0"": 73, ""1"": 88, ""2"": 334, ""3"": 233, ""4"": 104, ""5"": 85, ""6"": 167, ""7"": 67, ""8"": 54, ""9"": 227}",0.06638235091749164,test,0.911,2.2158551669999724,2.2159973330000184,0.2234782919999816,2.539112541999998,0.9109999999999999,0.9183187519525052,"[0.0968, 0.1124, 0.1176, 0.1112, 0.1076, 0.0734, 0.1, 0.094, 0.077, 0.11]",/Users/deepakkanneganti/Documents/Experimemt 3/MINIST/traditional adaptive composition techniques/client_profiles/weights/clean+translate243.pt
clean+translate244,clean+translate244,corrupt_fl,/Users/deepakkanneganti/Documents/Experimemt 3/MINIST/FL_C/artifacts/federated_artifact_corrupt/clean_translate,client_19_round_13.pt,/Users/deepakkanneganti/Documents/Experimemt 3/MINIST/FL_C/artifacts/federated_artifact_corrupt/clean_translate/clients/client_19_round_13.pt,client_19,13,round_snapshot,clean+translate,client_19,digit_classification,mnist_image,1x28x28,digit_label,digits_0_9,10,mnist_c_clean+translate,clean+translate,1432,"{""0"": 73, ""1"": 88, ""2"": 334, ""3"": 233, ""4"": 104, ""5"": 85, ""6"": 167, ""7"": 67, ""8"": 54, ""9"": 227}",0.05532404605764896,test,0.9054,2.3012882499999705,2.3014105409999956,0.23565845799998897,2.5704094169999507,0.9053999999999999,0.9131417440385156,"[0.0936, 0.1094, 0.1284, 0.0932, 0.097, 0.0706, 0.1068, 0.0944, 0.0866, 0.12]",/Users/deepakkanneganti/Documents/Experimemt 3/MINIST/traditional adaptive composition techniques/client_profiles/weights/clean+translate244.pt
clean+translate245,clean+translate245,corrupt_fl,/Users/deepakkanneganti/Documents/Experimemt 3/MINIST/FL_C/artifacts/federated_artifact_corrupt/clean_translate,client_19_round_14.pt,/Users/deepakkanneganti/Documents/Experimemt 3/MINIST/FL_C/artifacts/federated_artifact_corrupt/clean_translate/clients/client_19_round_14.pt,client_19,14,round_snapshot,clean+translate,client_19,digit_classification,mnist_image,1x28x28,digit_label,digits_0_9,10,mnist_c_clean+translate,clean+translate,1432,"{""0"": 73, ""1"": 88, ""2"": 334, ""3"": 233, ""4"": 104, ""5"": 85, ""6"": 167, ""7"": 67, ""8"": 54, ""9"": 227}",0.08081904264529133,test,0.8884,2.225158707999981,2.2256265830000075,0.22597650000000158,2.591884875000005,0.8883999999999999,0.8985871421758982,"[0.0868, 0.1166, 0.1174, 0.102, 0.098, 0.082, 0.1066, 0.087, 0.0704, 0.1332]",/Users/deepakkanneganti/Documents/Experimemt 3/MINIST/traditional adaptive composition techniques/client_profiles/weights/clean+translate245.pt
clean+translate246,clean+translate246,corrupt_fl,/Users/deepakkanneganti/Documents/Experimemt 3/MINIST/FL_C/artifacts/federated_artifact_corrupt/clean_translate,client_19_round_15.pt,/Users/deepakkanneganti/Documents/Experimemt 3/MINIST/FL_C/artifacts/federated_artifact_corrupt/clean_translate/clients/client_19_round_15.pt,client_19,15,round_snapshot,clean+translate,client_19,digit_classification,mnist_image,1x28x28,digit_label,digits_0_9,10,mnist_c_clean+translate,clean+translate,1432,"{""0"": 73, ""1"": 88, ""2"": 334, ""3"": 233, ""4"": 104, ""5"": 85, ""6"": 167, ""7"": 67, ""8"": 54, ""9"": 227}",0.043716600239147536,test,0.9154,2.3133419170000025,2.313519917000008,0.25118254199992407,2.649635834000037,0.9154,0.9372988117708522,"[0.0924, 0.1164, 0.1226, 0.1068, 0.1094, 0.085, 0.1014, 0.099, 0.0732, 0.0938]",/Users/deepakkanneganti/Documents/Experimemt 3/MINIST/traditional adaptive composition techniques/client_profiles/weights/clean+translate246.pt
clean+translate247,clean+translate247,corrupt_fl,/Users/deepakkanneganti/Documents/Experimemt 3/MINIST/FL_C/artifacts/federated_artifact_corrupt/clean_translate,client_19_round_16.pt,/Users/deepakkanneganti/Documents/Experimemt 3/MINIST/FL_C/artifacts/federated_artifact_corrupt/clean_translate/clients/client_19_round_16.pt,client_19,16,round_snapshot,clean+translate,client_19,digit_classification,mnist_image,1x28x28,digit_label,digits_0_9,10,mnist_c_clean+translate,clean+translate,1432,"{""0"": 73, ""1"": 88, ""2"": 334, ""3"": 233, ""4"": 104, ""5"": 85, ""6"": 167, ""7"": 67, ""8"": 54, ""9"": 227}",0.04319727814031972,test,0.917,2.20134808399996,2.201481958000045,0.22348612500002218,2.50680658400006,0.917,0.9438112604512158,"[0.1018, 0.1116, 0.1274, 0.1102, 0.1042, 0.075, 0.0876, 0.0972, 0.0778, 0.1072]",/Users/deepakkanneganti/Documents/Experimemt 3/MINIST/traditional adaptive composition techniques/client_profiles/weights/clean+translate247.pt
clean+translate248,clean+translate248,corrupt_fl,/Users/deepakkanneganti/Documents/Experimemt 3/MINIST/FL_C/artifacts/federated_artifact_corrupt/clean_translate,client_19_round_17.pt,/Users/deepakkanneganti/Documents/Experimemt 3/MINIST/FL_C/artifacts/federated_artifact_corrupt/clean_translate/clients/client_19_round_17.pt,client_19,17,round_snapshot,clean+translate,client_19,digit_classification,mnist_image,1x28x28,digit_label,digits_0_9,10,mnist_c_clean+translate,clean+translate,1432,"{""0"": 73, ""1"": 88, ""2"": 334, ""3"": 233, ""4"": 104, ""5"": 85, ""6"": 167, ""7"": 67, ""8"": 54, ""9"": 227}",0.044714294322248965,test,0.897,2.1842152499999656,2.18434512500005,0.22472700000002988,2.4505208330000414,0.897,0.9345376690079841,"[0.089, 0.1218, 0.133, 0.1166, 0.094, 0.0892, 0.1088, 0.0958, 0.0634, 0.0884]",/Users/deepakkanneganti/Documents/Experimemt 3/MINIST/traditional adaptive composition techniques/client_profiles/weights/clean+translate248.pt
clean+translate249,clean+translate249,corrupt_fl,/Users/deepakkanneganti/Documents/Experimemt 3/MINIST/FL_C/artifacts/federated_artifact_corrupt/clean_translate,client_19_round_18.pt,/Users/deepakkanneganti/Documents/Experimemt 3/MINIST/FL_C/artifacts/federated_artifact_corrupt/clean_translate/clients/client_19_round_18.pt,client_19,18,round_snapshot,clean+translate,client_19,digit_classification,mnist_image,1x28x28,digit_label,digits_0_9,10,mnist_c_clean+translate,clean+translate,1432,"{""0"": 73, ""1"": 88, ""2"": 334, ""3"": 233, ""4"": 104, ""5"": 85, ""6"": 167, ""7"": 67, ""8"": 54, ""9"": 227}",0.050547845208913915,test,0.9228,2.1778578330000755,2.178083417000039,0.2581782080000039,2.5004877079999233,0.9228,0.9230094010591341,"[0.0984, 0.1116, 0.1202, 0.1124, 0.097, 0.078, 0.0898, 0.0996, 0.078, 0.115]",/Users/deepakkanneganti/Documents/Experimemt 3/MINIST/traditional adaptive composition techniques/client_profiles/weights/clean+translate249.pt
clean+translate250,clean+translate250,corrupt_fl,/Users/deepakkanneganti/Documents/Experimemt 3/MINIST/FL_C/artifacts/federated_artifact_corrupt/clean_translate,client_19_round_19.pt,/Users/deepakkanneganti/Documents/Experimemt 3/MINIST/FL_C/artifacts/federated_artifact_corrupt/clean_translate/clients/client_19_round_19.pt,client_19,19,round_snapshot,clean+translate,client_19,digit_classification,mnist_image,1x28x28,digit_label,digits_0_9,10,mnist_c_clean+translate,clean+translate,1432,"{""0"": 73, ""1"": 88, ""2"": 334, ""3"": 233, ""4"": 104, ""5"": 85, ""6"": 167, ""7"": 67, ""8"": 54, ""9"": 227}",0.04904162318497482,test,0.9312,2.3076082919999408,2.3079040419999046,0.22420004099990365,2.615269916999978,0.9312000000000001,0.9310810151078526,"[0.092, 0.1124, 0.1092, 0.1092, 0.1024, 0.0842, 0.0972, 0.0916, 0.082, 0.1198]",/Users/deepakkanneganti/Documents/Experimemt 3/MINIST/traditional adaptive composition techniques/client_profiles/weights/clean+translate250.pt
clean+translate251,clean+translate251,corrupt_fl,/Users/deepakkanneganti/Documents/Experimemt 3/MINIST/FL_C/artifacts/federated_artifact_corrupt/clean_translate,client_19.pt,/Users/deepakkanneganti/Documents/Experimemt 3/MINIST/FL_C/artifacts/federated_artifact_corrupt/clean_translate/clients/client_19.pt,client_19,20,final_snapshot,clean+translate,client_19,digit_classification,mnist_image,1x28x28,digit_label,digits_0_9,10,mnist_c_clean+translate,clean+translate,1432,"{""0"": 73, ""1"": 88, ""2"": 334, ""3"": 233, ""4"": 104, ""5"": 85, ""6"": 167, ""7"": 67, ""8"": 54, ""9"": 227}",0.042868701611749,test,0.9278,2.196187624999993,2.1963988329999893,0.2462510420000399,2.5039130829999294,0.9278000000000001,0.9325816011895389,"[0.101, 0.1112, 0.1098, 0.1082, 0.1006, 0.0848, 0.1008, 0.0958, 0.0866, 0.1012]",/Users/deepakkanneganti/Documents/Experimemt 3/MINIST/traditional adaptive composition techniques/client_profiles/weights/clean+translate251.pt
clean+translate252,clean+translate252,corrupt_fl,/Users/deepakkanneganti/Documents/Experimemt 3/MINIST/FL_C/artifacts/federated_artifact_corrupt/clean_translate,client_19_round_20.pt,/Users/deepakkanneganti/Documents/Experimemt 3/MINIST/FL_C/artifacts/federated_artifact_corrupt/clean_translate/clients/client_19_round_20.pt,client_19,20,round_snapshot,clean+translate,client_19,digit_classification,mnist_image,1x28x28,digit_label,digits_0_9,10,mnist_c_clean+translate,clean+translate,1432,"{""0"": 73, ""1"": 88, ""2"": 334, ""3"": 233, ""4"": 104, ""5"": 85, ""6"": 167, ""7"": 67, ""8"": 54, ""9"": 227}",0.042868701611749,test,0.9278,2.2072996669999156,2.207444582999983,0.2520127089999278,2.5098466670000334,0.9278000000000001,0.9325816011895389,"[0.101, 0.1112, 0.1098, 0.1082, 0.1006, 0.0848, 0.1008, 0.0958, 0.0866, 0.1012]",/Users/deepakkanneganti/Documents/Experimemt 3/MINIST/traditional adaptive composition techniques/client_profiles/weights/clean+translate252.pt
clean+translate253,clean+translate253,corrupt_fl,/Users/deepakkanneganti/Documents/Experimemt 3/MINIST/FL_C/artifacts/federated_artifact_corrupt/clean_translate,client_2_round_1.pt,/Users/deepakkanneganti/Documents/Experimemt 3/MINIST/FL_C/artifacts/federated_artifact_corrupt/clean_translate/clients/client_2_round_1.pt,client_2,1,round_snapshot,clean+translate,client_2,digit_classification,mnist_image,1x28x28,digit_label,digits_0_9,10,mnist_c_clean+translate,clean+translate,1258,"{""0"": 74, ""1"": 284, ""2"": 68, ""3"": 90, ""4"": 181, ""5"": 182, ""6"": 168, ""7"": 68, ""8"": 55, ""9"": 88}",1.0065978487332663,test,0.5686,2.2289716250000993,2.229143166999961,0.27079508299993904,2.606589999999983,0.5686000000000001,0.7194046798290925,"[0.0728, 0.182, 0.114, 0.0596, 0.1108, 0.153, 0.1008, 0.147, 0.021, 0.039]",/Users/deepakkanneganti/Documents/Experimemt 3/MINIST/traditional adaptive composition techniques/client_profiles/weights/clean+translate253.pt
clean+translate254,clean+translate254,corrupt_fl,/Users/deepakkanneganti/Documents/Experimemt 3/MINIST/FL_C/artifacts/federated_artifact_corrupt/clean_translate,client_2_round_2.pt,/Users/deepakkanneganti/Documents/Experimemt 3/MINIST/FL_C/artifacts/federated_artifact_corrupt/clean_translate/clients/client_2_round_2.pt,client_2,2,round_snapshot,clean+translate,client_2,digit_classification,mnist_image,1x28x28,digit_label,digits_0_9,10,mnist_c_clean+translate,clean+translate,1258,"{""0"": 74, ""1"": 284, ""2"": 68, ""3"": 90, ""4"": 181, ""5"": 182, ""6"": 168, ""7"": 68, ""8"": 55, ""9"": 88}",0.398397188882033,test,0.7438,3.219515208999951,3.2201131250000117,0.37920983300000444,3.666556458000059,0.7438,0.8000988252337606,"[0.0692, 0.107, 0.1022, 0.0818, 0.1108, 0.1112, 0.1398, 0.1264, 0.054, 0.0976]",/Users/deepakkanneganti/Documents/Experimemt 3/MINIST/traditional adaptive composition techniques/client_profiles/weights/clean+translate254.pt
clean+translate255,clean+translate255,corrupt_fl,/Users/deepakkanneganti/Documents/Experimemt 3/MINIST/FL_C/artifacts/federated_artifact_corrupt/clean_translate,client_2_round_3.pt,/Users/deepakkanneganti/Documents/Experimemt 3/MINIST/FL_C/artifacts/federated_artifact_corrupt/clean_translate/clients/client_2_round_3.pt,client_2,3,round_snapshot,clean+translate,client_2,digit_classification,mnist_image,1x28x28,digit_label,digits_0_9,10,mnist_c_clean+translate,clean+translate,1258,"{""0"": 74, ""1"": 284, ""2"": 68, ""3"": 90, ""4"": 181, ""5"": 182, ""6"": 168, ""7"": 68, ""8"": 55, ""9"": 88}",0.19295486609141033,test,0.7582,3.3795970830000215,3.3799692090000235,0.2622894579999411,3.7995369999999866,0.7582,0.8500119649737444,"[0.0816, 0.1344, 0.118, 0.0932, 0.1166, 0.175, 0.1036, 0.0934, 0.0286, 0.0556]",/Users/deepakkanneganti/Documents/Experimemt 3/MINIST/traditional adaptive composition techniques/client_profiles/weights/clean+translate255.pt
clean+translate256,clean+translate256,corrupt_fl,/Users/deepakkanneganti/Documents/Experimemt 3/MINIST/FL_C/artifacts/federated_artifact_corrupt/clean_translate,client_2_round_4.pt,/Users/deepakkanneganti/Documents/Experimemt 3/MINIST/FL_C/artifacts/federated_artifact_corrupt/clean_translate/clients/client_2_round_4.pt,client_2,4,round_snapshot,clean+translate,client_2,digit_classification,mnist_image,1x28x28,digit_label,digits_0_9,10,mnist_c_clean+translate,clean+translate,1258,"{""0"": 74, ""1"": 284, ""2"": 68, ""3"": 90, ""4"": 181, ""5"": 182, ""6"": 168, ""7"": 68, ""8"": 55, ""9"": 88}",0.16464622728526593,test,0.8298,2.23019741600001,2.2303868330000114,0.22441812499994285,2.555909124999971,0.8298,0.8507632144932809,"[0.0944, 0.1168, 0.1086, 0.1214, 0.0984, 0.093, 0.0996, 0.124, 0.0604, 0.0834]",/Users/deepakkanneganti/Documents/Experimemt 3/MINIST/traditional adaptive composition techniques/client_profiles/weights/clean+translate256.pt
clean+translate257,clean+translate257,corrupt_fl,/Users/deepakkanneganti/Documents/Experimemt 3/MINIST/FL_C/artifacts/federated_artifact_corrupt/clean_translate,client_2_round_5.pt,/Users/deepakkanneganti/Documents/Experimemt 3/MINIST/FL_C/artifacts/federated_artifact_corrupt/clean_translate/clients/client_2_round_5.pt,client_2,5,round_snapshot,clean+translate,client_2,digit_classification,mnist_image,1x28x28,digit_label,digits_0_9,10,mnist_c_clean+translate,clean+translate,1258,"{""0"": 74, ""1"": 284, ""2"": 68, ""3"": 90, ""4"": 181, ""5"": 182, ""6"": 168, ""7"": 68, ""8"": 55, ""9"": 88}",0.1504639534900586,test,0.8612,2.4989036669999223,2.4991223329999457,0.2510714170000483,2.7952044169999226,0.8612,0.8947080261503644,"[0.111, 0.1308, 0.097, 0.0768, 0.1128, 0.1072, 0.094, 0.0796, 0.0998, 0.091]",/Users/deepakkanneganti/Documents/Experimemt 3/MINIST/traditional adaptive composition techniques/client_profiles/weights/clean+translate257.pt
clean+translate258,clean+translate258,corrupt_fl,/Users/deepakkanneganti/Documents/Experimemt 3/MINIST/FL_C/artifacts/federated_artifact_corrupt/clean_translate,client_2_round_6.pt,/Users/deepakkanneganti/Documents/Experimemt 3/MINIST/FL_C/artifacts/federated_artifact_corrupt/clean_translate/clients/client_2_round_6.pt,client_2,6,round_snapshot,clean+translate,client_2,digit_classification,mnist_image,1x28x28,digit_label,digits_0_9,10,mnist_c_clean+translate,clean+translate,1258,"{""0"": 74, ""1"": 284, ""2"": 68, ""3"": 90, ""4"": 181, ""5"": 182, ""6"": 168, ""7"": 68, ""8"": 55, ""9"": 88}",0.11966492707530657,test,0.8646,2.5871276249999937,2.5873825830000214,0.2937216669999998,2.9532798330000105,0.8646,0.9048403270782502,"[0.0866, 0.1218, 0.1156, 0.096, 0.0774, 0.0996, 0.1184, 0.0934, 0.0772, 0.114]",/Users/deepakkanneganti/Documents/Experimemt 3/MINIST/traditional adaptive composition techniques/client_profiles/weights/clean+translate258.pt
clean+translate259,clean+translate259,corrupt_fl,/Users/deepakkanneganti/Documents/Experimemt 3/MINIST/FL_C/artifacts/federated_artifact_corrupt/clean_translate,client_2_round_7.pt,/Users/deepakkanneganti/Documents/Experimemt 3/MINIST/FL_C/artifacts/federated_artifact_corrupt/clean_translate/clients/client_2_round_7.pt,client_2,7,round_snapshot,clean+translate,client_2,digit_classification,mnist_image,1x28x28,digit_label,digits_0_9,10,mnist_c_clean+translate,clean+translate,1258,"{""0"": 74, ""1"": 284, ""2"": 68, ""3"": 90, ""4"": 181, ""5"": 182, ""6"": 168, ""7"": 68, ""8"": 55, ""9"": 88}",0.08436091771970193,test,0.8692,2.6915287919999855,2.6928674999999203,0.28056724999999005,3.045890457999917,0.8692,0.8824622929531518,"[0.0946, 0.1292, 0.099, 0.1038, 0.1004, 0.1108, 0.1154, 0.0898, 0.0626, 0.0944]",/Users/deepakkanneganti/Documents/Experimemt 3/MINIST/traditional adaptive composition techniques/client_profiles/weights/clean+translate259.pt
clean+translate260,clean+translate260,corrupt_fl,/Users/deepakkanneganti/Documents/Experimemt 3/MINIST/FL_C/artifacts/federated_artifact_corrupt/clean_translate,client_2_round_8.pt,/Users/deepakkanneganti/Documents/Experimemt 3/MINIST/FL_C/artifacts/federated_artifact_corrupt/clean_translate/clients/client_2_round_8.pt,client_2,8,round_snapshot,clean+translate,client_2,digit_classification,mnist_image,1x28x28,digit_label,digits_0_9,10,mnist_c_clean+translate,clean+translate,1258,"{""0"": 74, ""1"": 284, ""2"": 68, ""3"": 90, ""4"": 181, ""5"": 182, ""6"": 168, ""7"": 68, ""8"": 55, ""9"": 88}",0.08381756364057462,test,0.876,2.5211594580000565,2.5214620000000423,0.24347275000002355,2.8835437080000474,0.876,0.8829848620844726,"[0.0976, 0.1206, 0.0894, 0.1222, 0.1032, 0.095, 0.096, 0.0876, 0.0848, 0.1036]",/Users/deepakkanneganti/Documents/Experimemt 3/MINIST/traditional adaptive composition techniques/client_profiles/weights/clean+translate260.pt
clean+translate261,clean+translate261,corrupt_fl,/Users/deepakkanneganti/Documents/Experimemt 3/MINIST/FL_C/artifacts/federated_artifact_corrupt/clean_translate,client_2_round_9.pt,/Users/deepakkanneganti/Documents/Experimemt 3/MINIST/FL_C/artifacts/federated_artifact_corrupt/clean_translate/clients/client_2_round_9.pt,client_2,9,round_snapshot,clean+translate,client_2,digit_classification,mnist_image,1x28x28,digit_label,digits_0_9,10,mnist_c_clean+translate,clean+translate,1258,"{""0"": 74, ""1"": 284, ""2"": 68, ""3"": 90, ""4"": 181, ""5"": 182, ""6"": 168, ""7"": 68, ""8"": 55, ""9"": 88}",0.09332492854446173,test,0.879,4.6773577919999525,4.677692875000048,0.29354237500001545,5.116099167000016,0.8789999999999999,0.8991810330821574,"[0.104, 0.1384, 0.0904, 0.0946, 0.1036, 0.1086, 0.1174, 0.086, 0.071, 0.086]",/Users/deepakkanneganti/Documents/Experimemt 3/MINIST/traditional adaptive composition techniques/client_profiles/weights/clean+translate261.pt
clean+translate262,clean+translate262,corrupt_fl,/Users/deepakkanneganti/Documents/Experimemt 3/MINIST/FL_C/artifacts/federated_artifact_corrupt/clean_translate,client_2_round_10.pt,/Users/deepakkanneganti/Documents/Experimemt 3/MINIST/FL_C/artifacts/federated_artifact_corrupt/clean_translate/clients/client_2_round_10.pt,client_2,10,round_snapshot,clean+translate,client_2,digit_classification,mnist_image,1x28x28,digit_label,digits_0_9,10,mnist_c_clean+translate,clean+translate,1258,"{""0"": 74, ""1"": 284, ""2"": 68, ""3"": 90, ""4"": 181, ""5"": 182, ""6"": 168, ""7"": 68, ""8"": 55, ""9"": 88}",0.08542996716375152,test,0.9122,2.4767266249999693,2.476920290999942,0.39587316700010433,3.0153115829999706,0.9122,0.9349984413320644,"[0.095, 0.1214, 0.101, 0.1152, 0.1002, 0.0936, 0.1064, 0.092, 0.0812, 0.094]",/Users/deepakkanneganti/Documents/Experimemt 3/MINIST/traditional adaptive composition techniques/client_profiles/weights/clean+translate262.pt
clean+translate263,clean+translate263,corrupt_fl,/Users/deepakkanneganti/Documents/Experimemt 3/MINIST/FL_C/artifacts/federated_artifact_corrupt/clean_translate,client_2_round_11.pt,/Users/deepakkanneganti/Documents/Experimemt 3/MINIST/FL_C/artifacts/federated_artifact_corrupt/clean_translate/clients/client_2_round_11.pt,client_2,11,round_snapshot,clean+translate,client_2,digit_classification,mnist_image,1x28x28,digit_label,digits_0_9,10,mnist_c_clean+translate,clean+translate,1258,"{""0"": 74, ""1"": 284, ""2"": 68, ""3"": 90, ""4"": 181, ""5"": 182, ""6"": 168, ""7"": 68, ""8"": 55, ""9"": 88}",0.07541129017869631,test,0.9256,2.6394858329999806,2.6396894169999996,0.2762377080000533,3.014599583000063,0.9256,0.92788072491134,"[0.1012, 0.1236, 0.101, 0.0984, 0.0994, 0.0886, 0.0938, 0.098, 0.092, 0.104]",/Users/deepakkanneganti/Documents/Experimemt 3/MINIST/traditional adaptive composition techniques/client_profiles/weights/clean+translate263.pt
clean+translate264,clean+translate264,corrupt_fl,/Users/deepakkanneganti/Documents/Experimemt 3/MINIST/FL_C/artifacts/federated_artifact_corrupt/clean_translate,client_2_round_12.pt,/Users/deepakkanneganti/Documents/Experimemt 3/MINIST/FL_C/artifacts/federated_artifact_corrupt/clean_translate/clients/client_2_round_12.pt,client_2,12,round_snapshot,clean+translate,client_2,digit_classification,mnist_image,1x28x28,digit_label,digits_0_9,10,mnist_c_clean+translate,clean+translate,1258,"{""0"": 74, ""1"": 284, ""2"": 68, ""3"": 90, ""4"": 181, ""5"": 182, ""6"": 168, ""7"": 68, ""8"": 55, ""9"": 88}",0.0713307171439131,test,0.9026,3.6008718340000314,3.601138459000026,0.30437429099993096,4.025791207999987,0.9026,0.9151743341273015,"[0.0974, 0.1212, 0.091, 0.1428, 0.0994, 0.0858, 0.0986, 0.0874, 0.0798, 0.0966]",/Users/deepakkanneganti/Documents/Experimemt 3/MINIST/traditional adaptive composition techniques/client_profiles/weights/clean+translate264.pt
clean+translate265,clean+translate265,corrupt_fl,/Users/deepakkanneganti/Documents/Experimemt 3/MINIST/FL_C/artifacts/federated_artifact_corrupt/clean_translate,client_2_round_13.pt,/Users/deepakkanneganti/Documents/Experimemt 3/MINIST/FL_C/artifacts/federated_artifact_corrupt/clean_translate/clients/client_2_round_13.pt,client_2,13,round_snapshot,clean+translate,client_2,digit_classification,mnist_image,1x28x28,digit_label,digits_0_9,10,mnist_c_clean+translate,clean+translate,1258,"{""0"": 74, ""1"": 284, ""2"": 68, ""3"": 90, ""4"": 181, ""5"": 182, ""6"": 168, ""7"": 68, ""8"": 55, ""9"": 88}",0.07580728729565939,test,0.8994,2.5612892919999695,2.561546499999963,0.2708027909999373,2.9552370420000216,0.8994,0.9112269253921791,"[0.0846, 0.1182, 0.0904, 0.113, 0.0936, 0.1114, 0.1116, 0.103, 0.0656, 0.1086]",/Users/deepakkanneganti/Documents/Experimemt 3/MINIST/traditional adaptive composition techniques/client_profiles/weights/clean+translate265.pt
clean+translate266,clean+translate266,corrupt_fl,/Users/deepakkanneganti/Documents/Experimemt 3/MINIST/FL_C/artifacts/federated_artifact_corrupt/clean_translate,client_2_round_14.pt,/Users/deepakkanneganti/Documents/Experimemt 3/MINIST/FL_C/artifacts/federated_artifact_corrupt/clean_translate/clients/client_2_round_14.pt,client_2,14,round_snapshot,clean+translate,client_2,digit_classification,mnist_image,1x28x28,digit_label,digits_0_9,10,mnist_c_clean+translate,clean+translate,1258,"{""0"": 74, ""1"": 284, ""2"": 68, ""3"": 90, ""4"": 181, ""5"": 182, ""6"": 168, ""7"": 68, ""8"": 55, ""9"": 88}",0.08010752759873867,test,0.9008,2.6417554590000236,2.642149375000031,0.29500054199991155,2.980355750000058,0.9007999999999999,0.9090263251484464,"[0.0996, 0.1388, 0.0944, 0.101, 0.103, 0.0978, 0.0964, 0.099, 0.0838, 0.0862]",/Users/deepakkanneganti/Documents/Experimemt 3/MINIST/traditional adaptive composition techniques/client_profiles/weights/clean+translate266.pt
clean+translate267,clean+translate267,corrupt_fl,/Users/deepakkanneganti/Documents/Experimemt 3/MINIST/FL_C/artifacts/federated_artifact_corrupt/clean_translate,client_2_round_15.pt,/Users/deepakkanneganti/Documents/Experimemt 3/MINIST/FL_C/artifacts/federated_artifact_corrupt/clean_translate/clients/client_2_round_15.pt,client_2,15,round_snapshot,clean+translate,client_2,digit_classification,mnist_image,1x28x28,digit_label,digits_0_9,10,mnist_c_clean+translate,clean+translate,1258,"{""0"": 74, ""1"": 284, ""2"": 68, ""3"": 90, ""4"": 181, ""5"": 182, ""6"": 168, ""7"": 68, ""8"": 55, ""9"": 88}",0.06690984868134062,test,0.934,2.8812317499999835,2.881478083999923,0.27882337500000176,3.2445895829999927,0.9339999999999999,0.9404091874060578,"[0.0996, 0.1106, 0.0938, 0.1006, 0.1046, 0.0958, 0.0976, 0.1014, 0.0906, 0.1054]",/Users/deepakkanneganti/Documents/Experimemt 3/MINIST/traditional adaptive composition techniques/client_profiles/weights/clean+translate267.pt
clean+translate268,clean+translate268,corrupt_fl,/Users/deepakkanneganti/Documents/Experimemt 3/MINIST/FL_C/artifacts/federated_artifact_corrupt/clean_translate,client_2_round_16.pt,/Users/deepakkanneganti/Documents/Experimemt 3/MINIST/FL_C/artifacts/federated_artifact_corrupt/clean_translate/clients/client_2_round_16.pt,client_2,16,round_snapshot,clean+translate,client_2,digit_classification,mnist_image,1x28x28,digit_label,digits_0_9,10,mnist_c_clean+translate,clean+translate,1258,"{""0"": 74, ""1"": 284, ""2"": 68, ""3"": 90, ""4"": 181, ""5"": 182, ""6"": 168, ""7"": 68, ""8"": 55, ""9"": 88}",0.06800376614555717,test,0.9282,3.915236957999923,3.9187582080000993,0.514283459000012,4.617289625000012,0.9282,0.9317915711680145,"[0.0976, 0.1166, 0.1034, 0.1122, 0.0874, 0.0868, 0.1036, 0.0992, 0.0944, 0.0988]",/Users/deepakkanneganti/Documents/Experimemt 3/MINIST/traditional adaptive composition techniques/client_profiles/weights/clean+translate268.pt
clean+translate269,clean+translate269,corrupt_fl,/Users/deepakkanneganti/Documents/Experimemt 3/MINIST/FL_C/artifacts/federated_artifact_corrupt/clean_translate,client_2_round_17.pt,/Users/deepakkanneganti/Documents/Experimemt 3/MINIST/FL_C/artifacts/federated_artifact_corrupt/clean_translate/clients/client_2_round_17.pt,client_2,17,round_snapshot,clean+translate,client_2,digit_classification,mnist_image,1x28x28,digit_label,digits_0_9,10,mnist_c_clean+translate,clean+translate,1258,"{""0"": 74, ""1"": 284, ""2"": 68, ""3"": 90, ""4"": 181, ""5"": 182, ""6"": 168, ""7"": 68, ""8"": 55, ""9"": 88}",0.05734154436116417,test,0.9196,4.78666895799995,4.787407292000012,0.7217458339999894,5.677765499999964,0.9196,0.921350046794939,"[0.0922, 0.1156, 0.0952, 0.0972, 0.0926, 0.0934, 0.1044, 0.0984, 0.1022, 0.1088]",/Users/deepakkanneganti/Documents/Experimemt 3/MINIST/traditional adaptive composition techniques/client_profiles/weights/clean+translate269.pt
clean+translate270,clean+translate270,corrupt_fl,/Users/deepakkanneganti/Documents/Experimemt 3/MINIST/FL_C/artifacts/federated_artifact_corrupt/clean_translate,client_2_round_18.pt,/Users/deepakkanneganti/Documents/Experimemt 3/MINIST/FL_C/artifacts/federated_artifact_corrupt/clean_translate/clients/client_2_round_18.pt,client_2,18,round_snapshot,clean+translate,client_2,digit_classification,mnist_image,1x28x28,digit_label,digits_0_9,10,mnist_c_clean+translate,clean+translate,1258,"{""0"": 74, ""1"": 284, ""2"": 68, ""3"": 90, ""4"": 181, ""5"": 182, ""6"": 168, ""7"": 68, ""8"": 55, ""9"": 88}",0.06733208615332842,test,0.9314,6.2296366670000225,6.230901750000044,0.5955003750000287,7.358445042000085,0.9314000000000002,0.9399102775877327,"[0.098, 0.122, 0.1002, 0.1028, 0.0944, 0.0884, 0.1022, 0.0932, 0.0898, 0.109]",/Users/deepakkanneganti/Documents/Experimemt 3/MINIST/traditional adaptive composition techniques/client_profiles/weights/clean+translate270.pt
clean+translate271,clean+translate271,corrupt_fl,/Users/deepakkanneganti/Documents/Experimemt 3/MINIST/FL_C/artifacts/federated_artifact_corrupt/clean_translate,client_2_round_19.pt,/Users/deepakkanneganti/Documents/Experimemt 3/MINIST/FL_C/artifacts/federated_artifact_corrupt/clean_translate/clients/client_2_round_19.pt,client_2,19,round_snapshot,clean+translate,client_2,digit_classification,mnist_image,1x28x28,digit_label,digits_0_9,10,mnist_c_clean+translate,clean+translate,1258,"{""0"": 74, ""1"": 284, ""2"": 68, ""3"": 90, ""4"": 181, ""5"": 182, ""6"": 168, ""7"": 68, ""8"": 55, ""9"": 88}",0.05653209582281609,test,0.929,4.61297049999996,4.613427333999994,0.350100709000003,5.145755417000032,0.9289999999999999,0.9303204326805435,"[0.0908, 0.122, 0.0936, 0.1142, 0.0986, 0.0884, 0.1072, 0.0952, 0.0824, 0.1076]",/Users/deepakkanneganti/Documents/Experimemt 3/MINIST/traditional adaptive composition techniques/client_profiles/weights/clean+translate271.pt
clean+translate272,clean+translate272,corrupt_fl,/Users/deepakkanneganti/Documents/Experimemt 3/MINIST/FL_C/artifacts/federated_artifact_corrupt/clean_translate,client_2.pt,/Users/deepakkanneganti/Documents/Experimemt 3/MINIST/FL_C/artifacts/federated_artifact_corrupt/clean_translate/clients/client_2.pt,client_2,20,final_snapshot,clean+translate,client_2,digit_classification,mnist_image,1x28x28,digit_label,digits_0_9,10,mnist_c_clean+translate,clean+translate,1258,"{""0"": 74, ""1"": 284, ""2"": 68, ""3"": 90, ""4"": 181, ""5"": 182, ""6"": 168, ""7"": 68, ""8"": 55, ""9"": 88}",0.05510156846915682,test,0.9296,3.344540790999986,3.3448043750000807,0.3507247920000509,3.8097017920000553,0.9296,0.9422646925512862,"[0.0974, 0.108, 0.1042, 0.1006, 0.1082, 0.0974, 0.1022, 0.09, 0.094, 0.098]",/Users/deepakkanneganti/Documents/Experimemt 3/MINIST/traditional adaptive composition techniques/client_profiles/weights/clean+translate272.pt
clean+translate273,clean+translate273,corrupt_fl,/Users/deepakkanneganti/Documents/Experimemt 3/MINIST/FL_C/artifacts/federated_artifact_corrupt/clean_translate,client_2_round_20.pt,/Users/deepakkanneganti/Documents/Experimemt 3/MINIST/FL_C/artifacts/federated_artifact_corrupt/clean_translate/clients/client_2_round_20.pt,client_2,20,round_snapshot,clean+translate,client_2,digit_classification,mnist_image,1x28x28,digit_label,digits_0_9,10,mnist_c_clean+translate,clean+translate,1258,"{""0"": 74, ""1"": 284, ""2"": 68, ""3"": 90, ""4"": 181, ""5"": 182, ""6"": 168, ""7"": 68, ""8"": 55, ""9"": 88}",0.05510156846915682,test,0.9296,2.587373708999962,2.5877382919999263,0.2622382080000989,2.9741628749999336,0.9296,0.9422646925512862,"[0.0974, 0.108, 0.1042, 0.1006, 0.1082, 0.0974, 0.1022, 0.09, 0.094, 0.098]",/Users/deepakkanneganti/Documents/Experimemt 3/MINIST/traditional adaptive composition techniques/client_profiles/weights/clean+translate273.pt
clean+translate274,clean+translate274,corrupt_fl,/Users/deepakkanneganti/Documents/Experimemt 3/MINIST/FL_C/artifacts/federated_artifact_corrupt/clean_translate,client_3_round_1.pt,/Users/deepakkanneganti/Documents/Experimemt 3/MINIST/FL_C/artifacts/federated_artifact_corrupt/clean_translate/clients/client_3_round_1.pt,client_3,1,round_snapshot,clean+translate,client_3,digit_classification,mnist_image,1x28x28,digit_label,digits_0_9,10,mnist_c_clean+translate,clean+translate,2268,"{""0"": 74, ""1"": 284, ""2"": 335, ""3"": 90, ""4"": 104, ""5"": 86, ""6"": 118, ""7"": 430, ""8"": 659, ""9"": 88}",0.7085794731974602,test,0.6608,2.705342666999968,2.7055674999999155,0.270361792000017,3.0493203329999687,0.6608,0.744896973353546,"[0.0612, 0.196, 0.1044, 0.1012, 0.0722, 0.0676, 0.0716, 0.2122, 0.0778, 0.0358]",/Users/deepakkanneganti/Documents/Experimemt 3/MINIST/traditional adaptive composition techniques/client_profiles/weights/clean+translate274.pt
clean+translate275,clean+translate275,corrupt_fl,/Users/deepakkanneganti/Documents/Experimemt 3/MINIST/FL_C/artifacts/federated_artifact_corrupt/clean_translate,client_3_round_2.pt,/Users/deepakkanneganti/Documents/Experimemt 3/MINIST/FL_C/artifacts/federated_artifact_corrupt/clean_translate/clients/client_3_round_2.pt,client_3,2,round_snapshot,clean+translate,client_3,digit_classification,mnist_image,1x28x28,digit_label,digits_0_9,10,mnist_c_clean+translate,clean+translate,2268,"{""0"": 74, ""1"": 284, ""2"": 335, ""3"": 90, ""4"": 104, ""5"": 86, ""6"": 118, ""7"": 430, ""8"": 659, ""9"": 88}",0.3611546390586429,test,0.792,2.947195082999997,2.9474464170000374,0.35445949999996174,3.395856125000023,0.792,0.7994525046127942,"[0.0762, 0.1194, 0.1184, 0.0954, 0.096, 0.066, 0.0936, 0.1174, 0.148, 0.0696]",/Users/deepakkanneganti/Documents/Experimemt 3/MINIST/traditional adaptive composition techniques/client_profiles/weights/clean+translate275.pt
clean+translate276,clean+translate276,corrupt_fl,/Users/deepakkanneganti/Documents/Experimemt 3/MINIST/FL_C/artifacts/federated_artifact_corrupt/clean_translate,client_3_round_3.pt,/Users/deepakkanneganti/Documents/Experimemt 3/MINIST/FL_C/artifacts/federated_artifact_corrupt/clean_translate/clients/client_3_round_3.pt,client_3,3,round_snapshot,clean+translate,client_3,digit_classification,mnist_image,1x28x28,digit_label,digits_0_9,10,mnist_c_clean+translate,clean+translate,2268,"{""0"": 74, ""1"": 284, ""2"": 335, ""3"": 90, ""4"": 104, ""5"": 86, ""6"": 118, ""7"": 430, ""8"": 659, ""9"": 88}",0.18513354817750277,test,0.8286,2.66950262499995,2.669783583000026,0.4461025000000518,3.255856209000058,0.8286,0.845955702966809,"[0.0884, 0.1258, 0.1178, 0.0984, 0.0986, 0.0718, 0.0764, 0.1094, 0.1378, 0.0756]",/Users/deepakkanneganti/Documents/Experimemt 3/MINIST/traditional adaptive composition techniques/client_profiles/weights/clean+translate276.pt
clean+translate277,clean+translate277,corrupt_fl,/Users/deepakkanneganti/Documents/Experimemt 3/MINIST/FL_C/artifacts/federated_artifact_corrupt/clean_translate,client_3_round_4.pt,/Users/deepakkanneganti/Documents/Experimemt 3/MINIST/FL_C/artifacts/federated_artifact_corrupt/clean_translate/clients/client_3_round_4.pt,client_3,4,round_snapshot,clean+translate,client_3,digit_classification,mnist_image,1x28x28,digit_label,digits_0_9,10,mnist_c_clean+translate,clean+translate,2268,"{""0"": 74, ""1"": 284, ""2"": 335, ""3"": 90, ""4"": 104, ""5"": 86, ""6"": 118, ""7"": 430, ""8"": 659, ""9"": 88}",0.14060801198637043,test,0.8092,2.755999332999977,2.7562137920000396,0.2792952500000183,3.1381887499999266,0.8092,0.8613600022355252,"[0.0768, 0.1136, 0.136, 0.0624, 0.1066, 0.0788, 0.0796, 0.153, 0.1412, 0.052]",/Users/deepakkanneganti/Documents/Experimemt 3/MINIST/traditional adaptive composition techniques/client_profiles/weights/clean+translate277.pt
clean+translate278,clean+translate278,corrupt_fl,/Users/deepakkanneganti/Documents/Experimemt 3/MINIST/FL_C/artifacts/federated_artifact_corrupt/clean_translate,client_3_round_5.pt,/Users/deepakkanneganti/Documents/Experimemt 3/MINIST/FL_C/artifacts/federated_artifact_corrupt/clean_translate/clients/client_3_round_5.pt,client_3,5,round_snapshot,clean+translate,client_3,digit_classification,mnist_image,1x28x28,digit_label,digits_0_9,10,mnist_c_clean+translate,clean+translate,2268,"{""0"": 74, ""1"": 284, ""2"": 335, ""3"": 90, ""4"": 104, ""5"": 86, ""6"": 118, ""7"": 430, ""8"": 659, ""9"": 88}",0.1295165693456376,test,0.8562,2.9172590839999657,2.9175031249999392,0.277708958000062,3.2279757500000414,0.8562,0.8510531583735002,"[0.097, 0.1172, 0.1068, 0.0682, 0.103, 0.0838, 0.0896, 0.1114, 0.1384, 0.0846]",/Users/deepakkanneganti/Documents/Experimemt 3/MINIST/traditional adaptive composition techniques/client_profiles/weights/clean+translate278.pt
clean+translate279,clean+translate279,corrupt_fl,/Users/deepakkanneganti/Documents/Experimemt 3/MINIST/FL_C/artifacts/federated_artifact_corrupt/clean_translate,client_3_round_6.pt,/Users/deepakkanneganti/Documents/Experimemt 3/MINIST/FL_C/artifacts/federated_artifact_corrupt/clean_translate/clients/client_3_round_6.pt,client_3,6,round_snapshot,clean+translate,client_3,digit_classification,mnist_image,1x28x28,digit_label,digits_0_9,10,mnist_c_clean+translate,clean+translate,2268,"{""0"": 74, ""1"": 284, ""2"": 335, ""3"": 90, ""4"": 104, ""5"": 86, ""6"": 118, ""7"": 430, ""8"": 659, ""9"": 88}",0.09466387510851577,test,0.8594,2.6693297499999744,2.669538917000068,0.2792226249999885,3.0473405000000184,0.8594000000000002,0.8794321355246832,"[0.079, 0.1296, 0.1416, 0.0892, 0.0908, 0.0772, 0.0826, 0.107, 0.1236, 0.0794]",/Users/deepakkanneganti/Documents/Experimemt 3/MINIST/traditional adaptive composition techniques/client_profiles/weights/clean+translate279.pt
clean+translate280,clean+translate280,corrupt_fl,/Users/deepakkanneganti/Documents/Experimemt 3/MINIST/FL_C/artifacts/federated_artifact_corrupt/clean_translate,client_3_round_7.pt,/Users/deepakkanneganti/Documents/Experimemt 3/MINIST/FL_C/artifacts/federated_artifact_corrupt/clean_translate/clients/client_3_round_7.pt,client_3,7,round_snapshot,clean+translate,client_3,digit_classification,mnist_image,1x28x28,digit_label,digits_0_9,10,mnist_c_clean+translate,clean+translate,2268,"{""0"": 74, ""1"": 284, ""2"": 335, ""3"": 90, ""4"": 104, ""5"": 86, ""6"": 118, ""7"": 430, ""8"": 659, ""9"": 88}",0.0921982013516956,test,0.8638,2.7567575420000594,2.7569897910000236,0.2927184999999781,3.107966165999983,0.8638,0.8880704328027296,"[0.08, 0.1148, 0.1094, 0.0894, 0.093, 0.0816, 0.0802, 0.1214, 0.1518, 0.0784]",/Users/deepakkanneganti/Documents/Experimemt 3/MINIST/traditional adaptive composition techniques/client_profiles/weights/clean+translate280.pt
clean+translate281,clean+translate281,corrupt_fl,/Users/deepakkanneganti/Documents/Experimemt 3/MINIST/FL_C/artifacts/federated_artifact_corrupt/clean_translate,client_3_round_8.pt,/Users/deepakkanneganti/Documents/Experimemt 3/MINIST/FL_C/artifacts/federated_artifact_corrupt/clean_translate/clients/client_3_round_8.pt,client_3,8,round_snapshot,clean+translate,client_3,digit_classification,mnist_image,1x28x28,digit_label,digits_0_9,10,mnist_c_clean+translate,clean+translate,2268,"{""0"": 74, ""1"": 284, ""2"": 335, ""3"": 90, ""4"": 104, ""5"": 86, ""6"": 118, ""7"": 430, ""8"": 659, ""9"": 88}",0.08310742469297515,test,0.9012,2.655669874999944,2.6561419170000136,0.28289024999992307,2.985224125000059,0.9012,0.8805084889734144,"[0.0948, 0.1194, 0.0932, 0.0976, 0.1004, 0.0804, 0.0852, 0.1276, 0.1182, 0.0832]",/Users/deepakkanneganti/Documents/Experimemt 3/MINIST/traditional adaptive composition techniques/client_profiles/weights/clean+translate281.pt
clean+translate282,clean+translate282,corrupt_fl,/Users/deepakkanneganti/Documents/Experimemt 3/MINIST/FL_C/artifacts/federated_artifact_corrupt/clean_translate,client_3_round_9.pt,/Users/deepakkanneganti/Documents/Experimemt 3/MINIST/FL_C/artifacts/federated_artifact_corrupt/clean_translate/clients/client_3_round_9.pt,client_3,9,round_snapshot,clean+translate,client_3,digit_classification,mnist_image,1x28x28,digit_label,digits_0_9,10,mnist_c_clean+translate,clean+translate,2268,"{""0"": 74, ""1"": 284, ""2"": 335, ""3"": 90, ""4"": 104, ""5"": 86, ""6"": 118, ""7"": 430, ""8"": 659, ""9"": 88}",0.0774382451997587,test,0.8722,2.6134948330000043,2.613719832999891,0.2620942080000077,2.910784499999977,0.8722,0.9087836583680702,"[0.0928, 0.1108, 0.1358, 0.085, 0.093, 0.0682, 0.0774, 0.1042, 0.1508, 0.082]",/Users/deepakkanneganti/Documents/Experimemt 3/MINIST/traditional adaptive composition techniques/client_profiles/weights/clean+translate282.pt
clean+translate283,clean+translate283,corrupt_fl,/Users/deepakkanneganti/Documents/Experimemt 3/MINIST/FL_C/artifacts/federated_artifact_corrupt/clean_translate,client_3_round_10.pt,/Users/deepakkanneganti/Documents/Experimemt 3/MINIST/FL_C/artifacts/federated_artifact_corrupt/clean_translate/clients/client_3_round_10.pt,client_3,10,round_snapshot,clean+translate,client_3,digit_classification,mnist_image,1x28x28,digit_label,digits_0_9,10,mnist_c_clean+translate,clean+translate,2268,"{""0"": 74, ""1"": 284, ""2"": 335, ""3"": 90, ""4"": 104, ""5"": 86, ""6"": 118, ""7"": 430, ""8"": 659, ""9"": 88}",0.06241875236715983,test,0.9004,2.989852874999997,2.990188167000042,0.2795856660000027,3.366979624999999,0.9004,0.9250097732243068,"[0.0852, 0.1358, 0.0988, 0.091, 0.092, 0.093, 0.0926, 0.1116, 0.1074, 0.0926]",/Users/deepakkanneganti/Documents/Experimemt 3/MINIST/traditional adaptive composition techniques/client_profiles/weights/clean+translate283.pt
clean+translate284,clean+translate284,corrupt_fl,/Users/deepakkanneganti/Documents/Experimemt 3/MINIST/FL_C/artifacts/federated_artifact_corrupt/clean_translate,client_3_round_11.pt,/Users/deepakkanneganti/Documents/Experimemt 3/MINIST/FL_C/artifacts/federated_artifact_corrupt/clean_translate/clients/client_3_round_11.pt,client_3,11,round_snapshot,clean+translate,client_3,digit_classification,mnist_image,1x28x28,digit_label,digits_0_9,10,mnist_c_clean+translate,clean+translate,2268,"{""0"": 74, ""1"": 284, ""2"": 335, ""3"": 90, ""4"": 104, ""5"": 86, ""6"": 118, ""7"": 430, ""8"": 659, ""9"": 88}",0.06241792372289907,test,0.91,2.794204250000007,2.7944687499999645,0.2806649159999779,3.1830825419999655,0.9099999999999999,0.9146364285210346,"[0.102, 0.1122, 0.1104, 0.0926, 0.0926, 0.0794, 0.0856, 0.1136, 0.1274, 0.0842]",/Users/deepakkanneganti/Documents/Experimemt 3/MINIST/traditional adaptive composition techniques/client_profiles/weights/clean+translate284.pt
clean+translate285,clean+translate285,corrupt_fl,/Users/deepakkanneganti/Documents/Experimemt 3/MINIST/FL_C/artifacts/federated_artifact_corrupt/clean_translate,client_3_round_12.pt,/Users/deepakkanneganti/Documents/Experimemt 3/MINIST/FL_C/artifacts/federated_artifact_corrupt/clean_translate/clients/client_3_round_12.pt,client_3,12,round_snapshot,clean+translate,client_3,digit_classification,mnist_image,1x28x28,digit_label,digits_0_9,10,mnist_c_clean+translate,clean+translate,2268,"{""0"": 74, ""1"": 284, ""2"": 335, ""3"": 90, ""4"": 104, ""5"": 86, ""6"": 118, ""7"": 430, ""8"": 659, ""9"": 88}",0.05436502435865501,test,0.901,2.6299231670000154,2.6423377499999106,0.27607045799993557,3.0158378749999883,0.901,0.9161623034361216,"[0.0904, 0.1206, 0.1088, 0.0924, 0.0924, 0.0722, 0.0884, 0.1188, 0.1254, 0.0906]",/Users/deepakkanneganti/Documents/Experimemt 3/MINIST/traditional adaptive composition techniques/client_profiles/weights/clean+translate285.pt
clean+translate286,clean+translate286,corrupt_fl,/Users/deepakkanneganti/Documents/Experimemt 3/MINIST/FL_C/artifacts/federated_artifact_corrupt/clean_translate,client_3_round_13.pt,/Users/deepakkanneganti/Documents/Experimemt 3/MINIST/FL_C/artifacts/federated_artifact_corrupt/clean_translate/clients/client_3_round_13.pt,client_3,13,round_snapshot,clean+translate,client_3,digit_classification,mnist_image,1x28x28,digit_label,digits_0_9,10,mnist_c_clean+translate,clean+translate,2268,"{""0"": 74, ""1"": 284, ""2"": 335, ""3"": 90, ""4"": 104, ""5"": 86, ""6"": 118, ""7"": 430, ""8"": 659, ""9"": 88}",0.05251860089979514,test,0.9106,2.6738792500000272,2.674063208000007,0.2780475420000812,2.990282250000064,0.9106000000000002,0.9232801974678044,"[0.0788, 0.1122, 0.112, 0.0996, 0.0944, 0.08, 0.0894, 0.1066, 0.1242, 0.1028]",/Users/deepakkanneganti/Documents/Experimemt 3/MINIST/traditional adaptive composition techniques/client_profiles/weights/clean+translate286.pt
clean+translate287,clean+translate287,corrupt_fl,/Users/deepakkanneganti/Documents/Experimemt 3/MINIST/FL_C/artifacts/federated_artifact_corrupt/clean_translate,client_3_round_14.pt,/Users/deepakkanneganti/Documents/Experimemt 3/MINIST/FL_C/artifacts/federated_artifact_corrupt/clean_translate/clients/client_3_round_14.pt,client_3,14,round_snapshot,clean+translate,client_3,digit_classification,mnist_image,1x28x28,digit_label,digits_0_9,10,mnist_c_clean+translate,clean+translate,2268,"{""0"": 74, ""1"": 284, ""2"": 335, ""3"": 90, ""4"": 104, ""5"": 86, ""6"": 118, ""7"": 430, ""8"": 659, ""9"": 88}",0.052075156916139856,test,0.9188,2.7396992079999336,2.739853499999981,0.2738569580000103,3.1099511659999735,0.9187999999999998,0.9303542260688341,"[0.083, 0.1178, 0.103, 0.109, 0.0854, 0.0882, 0.086, 0.1014, 0.1368, 0.0894]",/Users/deepakkanneganti/Documents/Experimemt 3/MINIST/traditional adaptive composition techniques/client_profiles/weights/clean+translate287.pt
clean+translate288,clean+translate288,corrupt_fl,/Users/deepakkanneganti/Documents/Experimemt 3/MINIST/FL_C/artifacts/federated_artifact_corrupt/clean_translate,client_3_round_15.pt,/Users/deepakkanneganti/Documents/Experimemt 3/MINIST/FL_C/artifacts/federated_artifact_corrupt/clean_translate/clients/client_3_round_15.pt,client_3,15,round_snapshot,clean+translate,client_3,digit_classification,mnist_image,1x28x28,digit_label,digits_0_9,10,mnist_c_clean+translate,clean+translate,2268,"{""0"": 74, ""1"": 284, ""2"": 335, ""3"": 90, ""4"": 104, ""5"": 86, ""6"": 118, ""7"": 430, ""8"": 659, ""9"": 88}",0.050315644333346024,test,0.9178,3.798720458000048,3.799015666999935,0.34234808300004715,4.201095208999959,0.9178,0.9398448524503358,"[0.0886, 0.1114, 0.103, 0.0964, 0.112, 0.0856, 0.0854, 0.123, 0.109, 0.0856]",/Users/deepakkanneganti/Documents/Experimemt 3/MINIST/traditional adaptive composition techniques/client_profiles/weights/clean+translate288.pt
clean+translate289,clean+translate289,corrupt_fl,/Users/deepakkanneganti/Documents/Experimemt 3/MINIST/FL_C/artifacts/federated_artifact_corrupt/clean_translate,client_3_round_16.pt,/Users/deepakkanneganti/Documents/Experimemt 3/MINIST/FL_C/artifacts/federated_artifact_corrupt/clean_translate/clients/client_3_round_16.pt,client_3,16,round_snapshot,clean+translate,client_3,digit_classification,mnist_image,1x28x28,digit_label,digits_0_9,10,mnist_c_clean+translate,clean+translate,2268,"{""0"": 74, ""1"": 284, ""2"": 335, ""3"": 90, ""4"": 104, ""5"": 86, ""6"": 118, ""7"": 430, ""8"": 659, ""9"": 88}",0.046979846303454705,test,0.907,2.7353554170000507,2.7356613749999497,0.3343709160000117,3.1834189160000506,0.907,0.929410009654306,"[0.094, 0.1114, 0.1208, 0.0922, 0.0942, 0.0774, 0.0842, 0.122, 0.1264, 0.0774]",/Users/deepakkanneganti/Documents/Experimemt 3/MINIST/traditional adaptive composition techniques/client_profiles/weights/clean+translate289.pt
clean+translate290,clean+translate290,corrupt_fl,/Users/deepakkanneganti/Documents/Experimemt 3/MINIST/FL_C/artifacts/federated_artifact_corrupt/clean_translate,client_3_round_17.pt,/Users/deepakkanneganti/Documents/Experimemt 3/MINIST/FL_C/artifacts/federated_artifact_corrupt/clean_translate/clients/client_3_round_17.pt,client_3,17,round_snapshot,clean+translate,client_3,digit_classification,mnist_image,1x28x28,digit_label,digits_0_9,10,mnist_c_clean+translate,clean+translate,2268,"{""0"": 74, ""1"": 284, ""2"": 335, ""3"": 90, ""4"": 104, ""5"": 86, ""6"": 118, ""7"": 430, ""8"": 659, ""9"": 88}",0.04413702940844275,test,0.922,2.7906590410000263,2.7909005420000312,0.2808481250000341,3.167590165999968,0.922,0.9328549978833666,"[0.0898, 0.1194, 0.1076, 0.0962, 0.1006, 0.0872, 0.0892, 0.1058, 0.119, 0.0852]",/Users/deepakkanneganti/Documents/Experimemt 3/MINIST/traditional adaptive composition techniques/client_profiles/weights/clean+translate290.pt
clean+translate291,clean+translate291,corrupt_fl,/Users/deepakkanneganti/Documents/Experimemt 3/MINIST/FL_C/artifacts/federated_artifact_corrupt/clean_translate,client_3_round_18.pt,/Users/deepakkanneganti/Documents/Experimemt 3/MINIST/FL_C/artifacts/federated_artifact_corrupt/clean_translate/clients/client_3_round_18.pt,client_3,18,round_snapshot,clean+translate,client_3,digit_classification,mnist_image,1x28x28,digit_label,digits_0_9,10,mnist_c_clean+translate,clean+translate,2268,"{""0"": 74, ""1"": 284, ""2"": 335, ""3"": 90, ""4"": 104, ""5"": 86, ""6"": 118, ""7"": 430, ""8"": 659, ""9"": 88}",0.04279020446766582,test,0.9284,2.562440959000014,2.5625922079999555,0.31720691700002135,2.9944950830000607,0.9284000000000001,0.911302627522999,"[0.0868, 0.1218, 0.1032, 0.1098, 0.0994, 0.0764, 0.082, 0.1132, 0.1106, 0.0968]",/Users/deepakkanneganti/Documents/Experimemt 3/MINIST/traditional adaptive composition techniques/client_profiles/weights/clean+translate291.pt
clean+translate292,clean+translate292,corrupt_fl,/Users/deepakkanneganti/Documents/Experimemt 3/MINIST/FL_C/artifacts/federated_artifact_corrupt/clean_translate,client_3_round_19.pt,/Users/deepakkanneganti/Documents/Experimemt 3/MINIST/FL_C/artifacts/federated_artifact_corrupt/clean_translate/clients/client_3_round_19.pt,client_3,19,round_snapshot,clean+translate,client_3,digit_classification,mnist_image,1x28x28,digit_label,digits_0_9,10,mnist_c_clean+translate,clean+translate,2268,"{""0"": 74, ""1"": 284, ""2"": 335, ""3"": 90, ""4"": 104, ""5"": 86, ""6"": 118, ""7"": 430, ""8"": 659, ""9"": 88}",0.04302054145200937,test,0.923,2.66025179199994,2.6605858749999243,0.2673335419999603,2.962071165999987,0.9229999999999998,0.9040355320677153,"[0.0854, 0.1076, 0.1004, 0.0992, 0.0972, 0.0804, 0.0918, 0.1156, 0.1146, 0.1078]",/Users/deepakkanneganti/Documents/Experimemt 3/MINIST/traditional adaptive composition techniques/client_profiles/weights/clean+translate292.pt
clean+translate293,clean+translate293,corrupt_fl,/Users/deepakkanneganti/Documents/Experimemt 3/MINIST/FL_C/artifacts/federated_artifact_corrupt/clean_translate,client_3.pt,/Users/deepakkanneganti/Documents/Experimemt 3/MINIST/FL_C/artifacts/federated_artifact_corrupt/clean_translate/clients/client_3.pt,client_3,20,final_snapshot,clean+translate,client_3,digit_classification,mnist_image,1x28x28,digit_label,digits_0_9,10,mnist_c_clean+translate,clean+translate,2268,"{""0"": 74, ""1"": 284, ""2"": 335, ""3"": 90, ""4"": 104, ""5"": 86, ""6"": 118, ""7"": 430, ""8"": 659, ""9"": 88}",0.04783511679205629,test,0.9268,2.552042207999989,2.5522894169999972,0.29602349999993294,2.8890001249999386,0.9268000000000001,0.9258262141663953,"[0.0912, 0.111, 0.1068, 0.0906, 0.106, 0.0826, 0.0936, 0.1086, 0.1266, 0.083]",/Users/deepakkanneganti/Documents/Experimemt 3/MINIST/traditional adaptive composition techniques/client_profiles/weights/clean+translate293.pt
clean+translate294,clean+translate294,corrupt_fl,/Users/deepakkanneganti/Documents/Experimemt 3/MINIST/FL_C/artifacts/federated_artifact_corrupt/clean_translate,client_3_round_20.pt,/Users/deepakkanneganti/Documents/Experimemt 3/MINIST/FL_C/artifacts/federated_artifact_corrupt/clean_translate/clients/client_3_round_20.pt,client_3,20,round_snapshot,clean+translate,client_3,digit_classification,mnist_image,1x28x28,digit_label,digits_0_9,10,mnist_c_clean+translate,clean+translate,2268,"{""0"": 74, ""1"": 284, ""2"": 335, ""3"": 90, ""4"": 104, ""5"": 86, ""6"": 118, ""7"": 430, ""8"": 659, ""9"": 88}",0.04783511679205629,test,0.9268,2.668904207999958,2.669144250000045,0.2947704999999132,3.0084128330000794,0.9268000000000001,0.9258262141663953,"[0.0912, 0.111, 0.1068, 0.0906, 0.106, 0.0826, 0.0936, 0.1086, 0.1266, 0.083]",/Users/deepakkanneganti/Documents/Experimemt 3/MINIST/traditional adaptive composition techniques/client_profiles/weights/clean+translate294.pt
clean+translate295,clean+translate295,corrupt_fl,/Users/deepakkanneganti/Documents/Experimemt 3/MINIST/FL_C/artifacts/federated_artifact_corrupt/clean_translate,client_4_round_1.pt,/Users/deepakkanneganti/Documents/Experimemt 3/MINIST/FL_C/artifacts/federated_artifact_corrupt/clean_translate/clients/client_4_round_1.pt,client_4,1,round_snapshot,clean+translate,client_4,digit_classification,mnist_image,1x28x28,digit_label,digits_0_9,10,mnist_c_clean+translate,clean+translate,1688,"{""0"": 74, ""1"": 89, ""2"": 334, ""3"": 234, ""4"": 181, ""5"": 86, ""6"": 118, ""7"": 429, ""8"": 55, ""9"": 88}",0.8282078412317094,test,0.6226,2.6774718750000375,2.677866458000153,0.3365176249999422,3.097055459000103,0.6226,0.7430725657054611,"[0.084, 0.0988, 0.092, 0.1182, 0.1958, 0.0486, 0.0722, 0.2312, 0.031, 0.0282]",/Users/deepakkanneganti/Documents/Experimemt 3/MINIST/traditional adaptive composition techniques/client_profiles/weights/clean+translate295.pt
clean+translate296,clean+translate296,corrupt_fl,/Users/deepakkanneganti/Documents/Experimemt 3/MINIST/FL_C/artifacts/federated_artifact_corrupt/clean_translate,client_4_round_2.pt,/Users/deepakkanneganti/Documents/Experimemt 3/MINIST/FL_C/artifacts/federated_artifact_corrupt/clean_translate/clients/client_4_round_2.pt,client_4,2,round_snapshot,clean+translate,client_4,digit_classification,mnist_image,1x28x28,digit_label,digits_0_9,10,mnist_c_clean+translate,clean+translate,1688,"{""0"": 74, ""1"": 89, ""2"": 334, ""3"": 234, ""4"": 181, ""5"": 86, ""6"": 118, ""7"": 429, ""8"": 55, ""9"": 88}",0.3847748397494711,test,0.76,2.6587045840001338,2.6588864169998487,0.2724961249998614,3.0270742499999415,0.76,0.7979868135184558,"[0.103, 0.1148, 0.1174, 0.1288, 0.1312, 0.0824, 0.0688, 0.1404, 0.0414, 0.0718]",/Users/deepakkanneganti/Documents/Experimemt 3/MINIST/traditional adaptive composition techniques/client_profiles/weights/clean+translate296.pt
clean+translate297,clean+translate297,corrupt_fl,/Users/deepakkanneganti/Documents/Experimemt 3/MINIST/FL_C/artifacts/federated_artifact_corrupt/clean_translate,client_4_round_3.pt,/Users/deepakkanneganti/Documents/Experimemt 3/MINIST/FL_C/artifacts/federated_artifact_corrupt/clean_translate/clients/client_4_round_3.pt,client_4,3,round_snapshot,clean+translate,client_4,digit_classification,mnist_image,1x28x28,digit_label,digits_0_9,10,mnist_c_clean+translate,clean+translate,1688,"{""0"": 74, ""1"": 89, ""2"": 334, ""3"": 234, ""4"": 181, ""5"": 86, ""6"": 118, ""7"": 429, ""8"": 55, ""9"": 88}",0.2154794762886706,test,0.8316,2.819834333000017,2.820377292000103,0.3276662089999718,3.1904254999999466,0.8315999999999999,0.8640409063443975,"[0.0858, 0.121, 0.1006, 0.117, 0.1142, 0.0688, 0.095, 0.124, 0.0646, 0.109]",/Users/deepakkanneganti/Documents/Experimemt 3/MINIST/traditional adaptive composition techniques/client_profiles/weights/clean+translate297.pt
clean+translate298,clean+translate298,corrupt_fl,/Users/deepakkanneganti/Documents/Experimemt 3/MINIST/FL_C/artifacts/federated_artifact_corrupt/clean_translate,client_4_round_4.pt,/Users/deepakkanneganti/Documents/Experimemt 3/MINIST/FL_C/artifacts/federated_artifact_corrupt/clean_translate/clients/client_4_round_4.pt,client_4,4,round_snapshot,clean+translate,client_4,digit_classification,mnist_image,1x28x28,digit_label,digits_0_9,10,mnist_c_clean+translate,clean+translate,1688,"{""0"": 74, ""1"": 89, ""2"": 334, ""3"": 234, ""4"": 181, ""5"": 86, ""6"": 118, ""7"": 429, ""8"": 55, ""9"": 88}",0.15166578282202994,test,0.8406,2.7064722909999546,2.7068365830000403,0.26848266699994383,3.062737499999912,0.8406,0.8810686148590017,"[0.0852, 0.11, 0.1204, 0.123, 0.1048, 0.0908, 0.0726, 0.1126, 0.0576, 0.123]",/Users/deepakkanneganti/Documents/Experimemt 3/MINIST/traditional adaptive composition techniques/client_profiles/weights/clean+translate298.pt
clean+translate299,clean+translate299,corrupt_fl,/Users/deepakkanneganti/Documents/Experimemt 3/MINIST/FL_C/artifacts/federated_artifact_corrupt/clean_translate,client_4_round_5.pt,/Users/deepakkanneganti/Documents/Experimemt 3/MINIST/FL_C/artifacts/federated_artifact_corrupt/clean_translate/clients/client_4_round_5.pt,client_4,5,round_snapshot,clean+translate,client_4,digit_classification,mnist_image,1x28x28,digit_label,digits_0_9,10,mnist_c_clean+translate,clean+translate,1688,"{""0"": 74, ""1"": 89, ""2"": 334, ""3"": 234, ""4"": 181, ""5"": 86, ""6"": 118, ""7"": 429, ""8"": 55, ""9"": 88}",0.13710344902106694,test,0.839,2.726485417000049,2.7267094579999593,0.28901733299994703,3.1037314579998565,0.8390000000000001,0.8756640803267105,"[0.0808, 0.1136, 0.106, 0.1222, 0.1062, 0.0894, 0.0856, 0.1568, 0.0728, 0.0666]",/Users/deepakkanneganti/Documents/Experimemt 3/MINIST/traditional adaptive composition techniques/client_profiles/weights/clean+translate299.pt
clean+translate300,clean+translate300,corrupt_fl,/Users/deepakkanneganti/Documents/Experimemt 3/MINIST/FL_C/artifacts/federated_artifact_corrupt/clean_translate,client_4_round_6.pt,/Users/deepakkanneganti/Documents/Experimemt 3/MINIST/FL_C/artifacts/federated_artifact_corrupt/clean_translate/clients/client_4_round_6.pt,client_4,6,round_snapshot,clean+translate,client_4,digit_classification,mnist_image,1x28x28,digit_label,digits_0_9,10,mnist_c_clean+translate,clean+translate,1688,"{""0"": 74, ""1"": 89, ""2"": 334, ""3"": 234, ""4"": 181, ""5"": 86, ""6"": 118, ""7"": 429, ""8"": 55, ""9"": 88}",0.11005547638272956,test,0.8734,2.6763741659999596,2.676630292000027,0.28124845799993636,3.050841750000018,0.8734,0.9040032437757936,"[0.0828, 0.1192, 0.1194, 0.1404, 0.0898, 0.0702, 0.0954, 0.11, 0.0756, 0.0972]",/Users/deepakkanneganti/Documents/Experimemt 3/MINIST/traditional adaptive composition techniques/client_profiles/weights/clean+translate300.pt
clean+translate301,clean+translate301,corrupt_fl,/Users/deepakkanneganti/Documents/Experimemt 3/MINIST/FL_C/artifacts/federated_artifact_corrupt/clean_translate,client_4_round_7.pt,/Users/deepakkanneganti/Documents/Experimemt 3/MINIST/FL_C/artifacts/federated_artifact_corrupt/clean_translate/clients/client_4_round_7.pt,client_4,7,round_snapshot,clean+translate,client_4,digit_classification,mnist_image,1x28x28,digit_label,digits_0_9,10,mnist_c_clean+translate,clean+translate,1688,"{""0"": 74, ""1"": 89, ""2"": 334, ""3"": 234, ""4"": 181, ""5"": 86, ""6"": 118, ""7"": 429, ""8"": 55, ""9"": 88}",0.09983187678846575,test,0.8984,2.5848805830000856,2.585012415999927,0.2970381669999824,2.9204744589999336,0.8984,0.9251098446739493,"[0.0986, 0.1046, 0.1004, 0.118, 0.0994, 0.0834, 0.095, 0.0976, 0.098, 0.105]",/Users/deepakkanneganti/Documents/Experimemt 3/MINIST/traditional adaptive composition techniques/client_profiles/weights/clean+translate301.pt
clean+translate302,clean+translate302,corrupt_fl,/Users/deepakkanneganti/Documents/Experimemt 3/MINIST/FL_C/artifacts/federated_artifact_corrupt/clean_translate,client_4_round_8.pt,/Users/deepakkanneganti/Documents/Experimemt 3/MINIST/FL_C/artifacts/federated_artifact_corrupt/clean_translate/clients/client_4_round_8.pt,client_4,8,round_snapshot,clean+translate,client_4,digit_classification,mnist_image,1x28x28,digit_label,digits_0_9,10,mnist_c_clean+translate,clean+translate,1688,"{""0"": 74, ""1"": 89, ""2"": 334, ""3"": 234, ""4"": 181, ""5"": 86, ""6"": 118, ""7"": 429, ""8"": 55, ""9"": 88}",0.08055250025132582,test,0.9052,2.5657133329998487,2.565856541999892,0.30425304100003814,2.914751124999839,0.9052,0.895857926776109,"[0.0974, 0.1048, 0.1008, 0.1212, 0.0962, 0.0832, 0.0812, 0.1074, 0.1028, 0.105]",/Users/deepakkanneganti/Documents/Experimemt 3/MINIST/traditional adaptive composition techniques/client_profiles/weights/clean+translate302.pt
clean+translate303,clean+translate303,corrupt_fl,/Users/deepakkanneganti/Documents/Experimemt 3/MINIST/FL_C/artifacts/federated_artifact_corrupt/clean_translate,client_4_round_9.pt,/Users/deepakkanneganti/Documents/Experimemt 3/MINIST/FL_C/artifacts/federated_artifact_corrupt/clean_translate/clients/client_4_round_9.pt,client_4,9,round_snapshot,clean+translate,client_4,digit_classification,mnist_image,1x28x28,digit_label,digits_0_9,10,mnist_c_clean+translate,clean+translate,1688,"{""0"": 74, ""1"": 89, ""2"": 334, ""3"": 234, ""4"": 181, ""5"": 86, ""6"": 118, ""7"": 429, ""8"": 55, ""9"": 88}",0.08238249904076968,test,0.899,2.747306582999954,2.747462374999941,0.2928380000000743,3.0789645830000154,0.899,0.9172280980944421,"[0.0954, 0.1168, 0.1178, 0.121, 0.1068, 0.0844, 0.0956, 0.1014, 0.0668, 0.094]",/Users/deepakkanneganti/Documents/Experimemt 3/MINIST/traditional adaptive composition techniques/client_profiles/weights/clean+translate303.pt
clean+translate304,clean+translate304,corrupt_fl,/Users/deepakkanneganti/Documents/Experimemt 3/MINIST/FL_C/artifacts/federated_artifact_corrupt/clean_translate,client_4_round_10.pt,/Users/deepakkanneganti/Documents/Experimemt 3/MINIST/FL_C/artifacts/federated_artifact_corrupt/clean_translate/clients/client_4_round_10.pt,client_4,10,round_snapshot,clean+translate,client_4,digit_classification,mnist_image,1x28x28,digit_label,digits_0_9,10,mnist_c_clean+translate,clean+translate,1688,"{""0"": 74, ""1"": 89, ""2"": 334, ""3"": 234, ""4"": 181, ""5"": 86, ""6"": 118, ""7"": 429, ""8"": 55, ""9"": 88}",0.07155523446965076,test,0.9038,3.183775624999953,3.184141208000028,0.3073315829999501,3.546677083000077,0.9038,0.9250678407085973,"[0.0866, 0.112, 0.1298, 0.1226, 0.0954, 0.0834, 0.093, 0.1066, 0.0824, 0.0882]",/Users/deepakkanneganti/Documents/Experimemt 3/MINIST/traditional adaptive composition techniques/client_profiles/weights/clean+translate304.pt
clean+translate305,clean+translate305,corrupt_fl,/Users/deepakkanneganti/Documents/Experimemt 3/MINIST/FL_C/artifacts/federated_artifact_corrupt/clean_translate,client_4_round_11.pt,/Users/deepakkanneganti/Documents/Experimemt 3/MINIST/FL_C/artifacts/federated_artifact_corrupt/clean_translate/clients/client_4_round_11.pt,client_4,11,round_snapshot,clean+translate,client_4,digit_classification,mnist_image,1x28x28,digit_label,digits_0_9,10,mnist_c_clean+translate,clean+translate,1688,"{""0"": 74, ""1"": 89, ""2"": 334, ""3"": 234, ""4"": 181, ""5"": 86, ""6"": 118, ""7"": 429, ""8"": 55, ""9"": 88}",0.0598630108427079,test,0.9088,4.006186790999891,4.00730016600005,0.35410329100000126,4.5074961659997825,0.9088,0.917259229749944,"[0.0996, 0.1076, 0.1284, 0.1168, 0.0854, 0.0796, 0.089, 0.096, 0.0972, 0.1004]",/Users/deepakkanneganti/Documents/Experimemt 3/MINIST/traditional adaptive composition techniques/client_profiles/weights/clean+translate305.pt
clean+translate306,clean+translate306,corrupt_fl,/Users/deepakkanneganti/Documents/Experimemt 3/MINIST/FL_C/artifacts/federated_artifact_corrupt/clean_translate,client_4_round_12.pt,/Users/deepakkanneganti/Documents/Experimemt 3/MINIST/FL_C/artifacts/federated_artifact_corrupt/clean_translate/clients/client_4_round_12.pt,client_4,12,round_snapshot,clean+translate,client_4,digit_classification,mnist_image,1x28x28,digit_label,digits_0_9,10,mnist_c_clean+translate,clean+translate,1688,"{""0"": 74, ""1"": 89, ""2"": 334, ""3"": 234, ""4"": 181, ""5"": 86, ""6"": 118, ""7"": 429, ""8"": 55, ""9"": 88}",0.06047009503734963,test,0.903,2.450734499999953,2.4521909170000527,0.25824695900018924,2.8279959170001803,0.9029999999999999,0.9228983435942434,"[0.0932, 0.111, 0.1024, 0.1408, 0.093, 0.0722, 0.0914, 0.096, 0.1046, 0.0954]",/Users/deepakkanneganti/Documents/Experimemt 3/MINIST/traditional adaptive composition techniques/client_profiles/weights/clean+translate306.pt
clean+translate307,clean+translate307,corrupt_fl,/Users/deepakkanneganti/Documents/Experimemt 3/MINIST/FL_C/artifacts/federated_artifact_corrupt/clean_translate,client_4_round_13.pt,/Users/deepakkanneganti/Documents/Experimemt 3/MINIST/FL_C/artifacts/federated_artifact_corrupt/clean_translate/clients/client_4_round_13.pt,client_4,13,round_snapshot,clean+translate,client_4,digit_classification,mnist_image,1x28x28,digit_label,digits_0_9,10,mnist_c_clean+translate,clean+translate,1688,"{""0"": 74, ""1"": 89, ""2"": 334, ""3"": 234, ""4"": 181, ""5"": 86, ""6"": 118, ""7"": 429, ""8"": 55, ""9"": 88}",0.05412523529403621,test,0.9314,2.8019579169999815,2.8026173749999543,0.7699317499998415,3.6104620000000978,0.9313999999999998,0.9380344273922223,"[0.09, 0.1108, 0.1204, 0.1042, 0.1018, 0.088, 0.0912, 0.1106, 0.0814, 0.1016]",/Users/deepakkanneganti/Documents/Experimemt 3/MINIST/traditional adaptive composition techniques/client_profiles/weights/clean+translate307.pt
clean+translate308,clean+translate308,corrupt_fl,/Users/deepakkanneganti/Documents/Experimemt 3/MINIST/FL_C/artifacts/federated_artifact_corrupt/clean_translate,client_4_round_14.pt,/Users/deepakkanneganti/Documents/Experimemt 3/MINIST/FL_C/artifacts/federated_artifact_corrupt/clean_translate/clients/client_4_round_14.pt,client_4,14,round_snapshot,clean+translate,client_4,digit_classification,mnist_image,1x28x28,digit_label,digits_0_9,10,mnist_c_clean+translate,clean+translate,1688,"{""0"": 74, ""1"": 89, ""2"": 334, ""3"": 234, ""4"": 181, ""5"": 86, ""6"": 118, ""7"": 429, ""8"": 55, ""9"": 88}",0.059518642568339906,test,0.9048,3.3378905829999894,3.339099790999853,0.26959020899994357,3.744893667000042,0.9047999999999998,0.9151575802105151,"[0.0782, 0.119, 0.112, 0.1266, 0.0834, 0.0808, 0.0872, 0.1204, 0.099, 0.0934]",/Users/deepakkanneganti/Documents/Experimemt 3/MINIST/traditional adaptive composition techniques/client_profiles/weights/clean+translate308.pt
clean+translate309,clean+translate309,corrupt_fl,/Users/deepakkanneganti/Documents/Experimemt 3/MINIST/FL_C/artifacts/federated_artifact_corrupt/clean_translate,client_4_round_15.pt,/Users/deepakkanneganti/Documents/Experimemt 3/MINIST/FL_C/artifacts/federated_artifact_corrupt/clean_translate/clients/client_4_round_15.pt,client_4,15,round_snapshot,clean+translate,client_4,digit_classification,mnist_image,1x28x28,digit_label,digits_0_9,10,mnist_c_clean+translate,clean+translate,1688,"{""0"": 74, ""1"": 89, ""2"": 334, ""3"": 234, ""4"": 181, ""5"": 86, ""6"": 118, ""7"": 429, ""8"": 55, ""9"": 88}",0.05745299203720476,test,0.9316,2.500179666000122,2.5003484159999516,0.2729309999999714,2.8558615409999675,0.9316000000000001,0.9545557316437085,"[0.0854, 0.1104, 0.1066, 0.1078, 0.104, 0.0926, 0.098, 0.107, 0.094, 0.0942]",/Users/deepakkanneganti/Documents/Experimemt 3/MINIST/traditional adaptive composition techniques/client_profiles/weights/clean+translate309.pt
clean+translate310,clean+translate310,corrupt_fl,/Users/deepakkanneganti/Documents/Experimemt 3/MINIST/FL_C/artifacts/federated_artifact_corrupt/clean_translate,client_4_round_16.pt,/Users/deepakkanneganti/Documents/Experimemt 3/MINIST/FL_C/artifacts/federated_artifact_corrupt/clean_translate/clients/client_4_round_16.pt,client_4,16,round_snapshot,clean+translate,client_4,digit_classification,mnist_image,1x28x28,digit_label,digits_0_9,10,mnist_c_clean+translate,clean+translate,1688,"{""0"": 74, ""1"": 89, ""2"": 334, ""3"": 234, ""4"": 181, ""5"": 86, ""6"": 118, ""7"": 429, ""8"": 55, ""9"": 88}",0.05231245455797762,test,0.8942,2.6357841669998834,2.636238583000022,0.2717946249999841,2.9554240840000148,0.8942,0.9241735408578403,"[0.099, 0.109, 0.145, 0.1174, 0.0848, 0.0752, 0.0838, 0.1198, 0.0728, 0.0932]",/Users/deepakkanneganti/Documents/Experimemt 3/MINIST/traditional adaptive composition techniques/client_profiles/weights/clean+translate310.pt
clean+translate311,clean+translate311,corrupt_fl,/Users/deepakkanneganti/Documents/Experimemt 3/MINIST/FL_C/artifacts/federated_artifact_corrupt/clean_translate,client_4_round_17.pt,/Users/deepakkanneganti/Documents/Experimemt 3/MINIST/FL_C/artifacts/federated_artifact_corrupt/clean_translate/clients/client_4_round_17.pt,client_4,17,round_snapshot,clean+translate,client_4,digit_classification,mnist_image,1x28x28,digit_label,digits_0_9,10,mnist_c_clean+translate,clean+translate,1688,"{""0"": 74, ""1"": 89, ""2"": 334, ""3"": 234, ""4"": 181, ""5"": 86, ""6"": 118, ""7"": 429, ""8"": 55, ""9"": 88}",0.05328293252248494,test,0.9204,2.5669444579998526,2.5672313750001194,0.2786167080000723,2.899937750000163,0.9204000000000001,0.9532104613276711,"[0.106, 0.1208, 0.1176, 0.0984, 0.1058, 0.0818, 0.091, 0.115, 0.0712, 0.0924]",/Users/deepakkanneganti/Documents/Experimemt 3/MINIST/traditional adaptive composition techniques/client_profiles/weights/clean+translate311.pt
clean+translate312,clean+translate312,corrupt_fl,/Users/deepakkanneganti/Documents/Experimemt 3/MINIST/FL_C/artifacts/federated_artifact_corrupt/clean_translate,client_4_round_18.pt,/Users/deepakkanneganti/Documents/Experimemt 3/MINIST/FL_C/artifacts/federated_artifact_corrupt/clean_translate/clients/client_4_round_18.pt,client_4,18,round_snapshot,clean+translate,client_4,digit_classification,mnist_image,1x28x28,digit_label,digits_0_9,10,mnist_c_clean+translate,clean+translate,1688,"{""0"": 74, ""1"": 89, ""2"": 334, ""3"": 234, ""4"": 181, ""5"": 86, ""6"": 118, ""7"": 429, ""8"": 55, ""9"": 88}",0.04705907460967345,test,0.9374,3.238964957999997,3.239243833000046,0.40276204199994936,3.677592916000094,0.9374,0.9388509767073221,"[0.1054, 0.1166, 0.0976, 0.1166, 0.1, 0.0734, 0.0866, 0.1122, 0.0854, 0.1062]",/Users/deepakkanneganti/Documents/Experimemt 3/MINIST/traditional adaptive composition techniques/client_profiles/weights/clean+translate312.pt
clean+translate313,clean+translate313,corrupt_fl,/Users/deepakkanneganti/Documents/Experimemt 3/MINIST/FL_C/artifacts/federated_artifact_corrupt/clean_translate,client_4_round_19.pt,/Users/deepakkanneganti/Documents/Experimemt 3/MINIST/FL_C/artifacts/federated_artifact_corrupt/clean_translate/clients/client_4_round_19.pt,client_4,19,round_snapshot,clean+translate,client_4,digit_classification,mnist_image,1x28x28,digit_label,digits_0_9,10,mnist_c_clean+translate,clean+translate,1688,"{""0"": 74, ""1"": 89, ""2"": 334, ""3"": 234, ""4"": 181, ""5"": 86, ""6"": 118, ""7"": 429, ""8"": 55, ""9"": 88}",0.04461465331370987,test,0.9392,2.654356084000028,2.6548747909998838,0.3034261669999978,3.063910999999962,0.9392000000000001,0.9359015468801893,"[0.0996, 0.1124, 0.1, 0.1056, 0.113, 0.0772, 0.1, 0.1064, 0.0894, 0.0964]",/Users/deepakkanneganti/Documents/Experimemt 3/MINIST/traditional adaptive composition techniques/client_profiles/weights/clean+translate313.pt
clean+translate314,clean+translate314,corrupt_fl,/Users/deepakkanneganti/Documents/Experimemt 3/MINIST/FL_C/artifacts/federated_artifact_corrupt/clean_translate,client_4.pt,/Users/deepakkanneganti/Documents/Experimemt 3/MINIST/FL_C/artifacts/federated_artifact_corrupt/clean_translate/clients/client_4.pt,client_4,20,final_snapshot,clean+translate,client_4,digit_classification,mnist_image,1x28x28,digit_label,digits_0_9,10,mnist_c_clean+translate,clean+translate,1688,"{""0"": 74, ""1"": 89, ""2"": 334, ""3"": 234, ""4"": 181, ""5"": 86, ""6"": 118, ""7"": 429, ""8"": 55, ""9"": 88}",0.037795300947480084,test,0.9422,2.6628881250001086,2.6633316249999552,0.4017215000001215,3.154493582999976,0.9422,0.9522811736802028,"[0.0914, 0.1094, 0.1028, 0.108, 0.1044, 0.0824, 0.0996, 0.107, 0.0968, 0.0982]",/Users/deepakkanneganti/Documents/Experimemt 3/MINIST/traditional adaptive composition techniques/client_profiles/weights/clean+translate314.pt
clean+translate315,clean+translate315,corrupt_fl,/Users/deepakkanneganti/Documents/Experimemt 3/MINIST/FL_C/artifacts/federated_artifact_corrupt/clean_translate,client_4_round_20.pt,/Users/deepakkanneganti/Documents/Experimemt 3/MINIST/FL_C/artifacts/federated_artifact_corrupt/clean_translate/clients/client_4_round_20.pt,client_4,20,round_snapshot,clean+translate,client_4,digit_classification,mnist_image,1x28x28,digit_label,digits_0_9,10,mnist_c_clean+translate,clean+translate,1688,"{""0"": 74, ""1"": 89, ""2"": 334, ""3"": 234, ""4"": 181, ""5"": 86, ""6"": 118, ""7"": 429, ""8"": 55, ""9"": 88}",0.037795300947480084,test,0.9422,2.8320286670000314,2.8322768329999235,0.30322833299987906,3.238005583999893,0.9422,0.9522811736802028,"[0.0914, 0.1094, 0.1028, 0.108, 0.1044, 0.0824, 0.0996, 0.107, 0.0968, 0.0982]",/Users/deepakkanneganti/Documents/Experimemt 3/MINIST/traditional adaptive composition techniques/client_profiles/weights/clean+translate315.pt
clean+translate316,clean+translate316,corrupt_fl,/Users/deepakkanneganti/Documents/Experimemt 3/MINIST/FL_C/artifacts/federated_artifact_corrupt/clean_translate,client_5_round_1.pt,/Users/deepakkanneganti/Documents/Experimemt 3/MINIST/FL_C/artifacts/federated_artifact_corrupt/clean_translate/clients/client_5_round_1.pt,client_5,1,round_snapshot,clean+translate,client_5,digit_classification,mnist_image,1x28x28,digit_label,digits_0_9,10,mnist_c_clean+translate,clean+translate,1733,"{""0"": 292, ""1"": 89, ""2"": 334, ""3"": 90, ""4"": 104, ""5"": 86, ""6"": 167, ""7"": 429, ""8"": 55, ""9"": 87}",0.7576638644649869,test,0.6454,2.916193791000069,2.9164049999999406,0.3077869590001683,3.330188458000066,0.6454000000000001,0.741001678483495,"[0.107, 0.1088, 0.1592, 0.0466, 0.072, 0.1118, 0.087, 0.222, 0.0382, 0.0474]",/Users/deepakkanneganti/Documents/Experimemt 3/MINIST/traditional adaptive composition techniques/client_profiles/weights/clean+translate316.pt
clean+translate317,clean+translate317,corrupt_fl,/Users/deepakkanneganti/Documents/Experimemt 3/MINIST/FL_C/artifacts/federated_artifact_corrupt/clean_translate,client_5_round_2.pt,/Users/deepakkanneganti/Documents/Experimemt 3/MINIST/FL_C/artifacts/federated_artifact_corrupt/clean_translate/clients/client_5_round_2.pt,client_5,2,round_snapshot,clean+translate,client_5,digit_classification,mnist_image,1x28x28,digit_label,digits_0_9,10,mnist_c_clean+translate,clean+translate,1733,"{""0"": 292, ""1"": 89, ""2"": 334, ""3"": 90, ""4"": 104, ""5"": 86, ""6"": 167, ""7"": 429, ""8"": 55, ""9"": 87}",0.3481531698434126,test,0.7454,2.5703003329999774,2.570527792000121,0.2747682920000898,2.972504792000109,0.7454,0.7786820864040407,"[0.1096, 0.0914, 0.1468, 0.0684, 0.0928, 0.0908, 0.111, 0.146, 0.069, 0.0742]",/Users/deepakkanneganti/Documents/Experimemt 3/MINIST/traditional adaptive composition techniques/client_profiles/weights/clean+translate317.pt
clean+translate318,clean+translate318,corrupt_fl,/Users/deepakkanneganti/Documents/Experimemt 3/MINIST/FL_C/artifacts/federated_artifact_corrupt/clean_translate,client_5_round_3.pt,/Users/deepakkanneganti/Documents/Experimemt 3/MINIST/FL_C/artifacts/federated_artifact_corrupt/clean_translate/clients/client_5_round_3.pt,client_5,3,round_snapshot,clean+translate,client_5,digit_classification,mnist_image,1x28x28,digit_label,digits_0_9,10,mnist_c_clean+translate,clean+translate,1733,"{""0"": 292, ""1"": 89, ""2"": 334, ""3"": 90, ""4"": 104, ""5"": 86, ""6"": 167, ""7"": 429, ""8"": 55, ""9"": 87}",0.16554509617743038,test,0.8018,2.72927750000008,2.7294813339999564,0.2803245000000061,3.1081819999999425,0.8018000000000001,0.8272726388934322,"[0.127, 0.112, 0.1198, 0.0816, 0.0888, 0.0824, 0.0992, 0.1534, 0.0686, 0.0672]",/Users/deepakkanneganti/Documents/Experimemt 3/MINIST/traditional adaptive composition techniques/client_profiles/weights/clean+translate318.pt
clean+translate319,clean+translate319,corrupt_fl,/Users/deepakkanneganti/Documents/Experimemt 3/MINIST/FL_C/artifacts/federated_artifact_corrupt/clean_translate,client_5_round_4.pt,/Users/deepakkanneganti/Documents/Experimemt 3/MINIST/FL_C/artifacts/federated_artifact_corrupt/clean_translate/clients/client_5_round_4.pt,client_5,4,round_snapshot,clean+translate,client_5,digit_classification,mnist_image,1x28x28,digit_label,digits_0_9,10,mnist_c_clean+translate,clean+translate,1733,"{""0"": 292, ""1"": 89, ""2"": 334, ""3"": 90, ""4"": 104, ""5"": 86, ""6"": 167, ""7"": 429, ""8"": 55, ""9"": 87}",0.13935892479050727,test,0.8374,2.6837525419998656,2.683901958999968,0.26341500000012275,3.0031932920001054,0.8373999999999999,0.8609995090352212,"[0.113, 0.0866, 0.1322, 0.083, 0.1152, 0.0856, 0.0892, 0.1228, 0.0944, 0.078]",/Users/deepakkanneganti/Documents/Experimemt 3/MINIST/traditional adaptive composition techniques/client_profiles/weights/clean+translate319.pt
clean+translate320,clean+translate320,corrupt_fl,/Users/deepakkanneganti/Documents/Experimemt 3/MINIST/FL_C/artifacts/federated_artifact_corrupt/clean_translate,client_5_round_5.pt,/Users/deepakkanneganti/Documents/Experimemt 3/MINIST/FL_C/artifacts/federated_artifact_corrupt/clean_translate/clients/client_5_round_5.pt,client_5,5,round_snapshot,clean+translate,client_5,digit_classification,mnist_image,1x28x28,digit_label,digits_0_9,10,mnist_c_clean+translate,clean+translate,1733,"{""0"": 292, ""1"": 89, ""2"": 334, ""3"": 90, ""4"": 104, ""5"": 86, ""6"": 167, ""7"": 429, ""8"": 55, ""9"": 87}",0.10712682885960453,test,0.844,2.5806540420001056,2.58081729200012,0.3196819580000465,2.9423309169999357,0.844,0.8719231483943534,"[0.1112, 0.102, 0.107, 0.1094, 0.0816, 0.0996, 0.1066, 0.1396, 0.0676, 0.0754]",/Users/deepakkanneganti/Documents/Experimemt 3/MINIST/traditional adaptive composition techniques/client_profiles/weights/clean+translate320.pt
clean+translate321,clean+translate321,corrupt_fl,/Users/deepakkanneganti/Documents/Experimemt 3/MINIST/FL_C/artifacts/federated_artifact_corrupt/clean_translate,client_5_round_6.pt,/Users/deepakkanneganti/Documents/Experimemt 3/MINIST/FL_C/artifacts/federated_artifact_corrupt/clean_translate/clients/client_5_round_6.pt,client_5,6,round_snapshot,clean+translate,client_5,digit_classification,mnist_image,1x28x28,digit_label,digits_0_9,10,mnist_c_clean+translate,clean+translate,1733,"{""0"": 292, ""1"": 89, ""2"": 334, ""3"": 90, ""4"": 104, ""5"": 86, ""6"": 167, ""7"": 429, ""8"": 55, ""9"": 87}",0.0985960482309262,test,0.8512,2.8511253340000167,2.8513895420001063,0.2878742500001863,3.2180952920000436,0.8512000000000001,0.8835736590050216,"[0.0938, 0.1028, 0.1228, 0.0928, 0.1002, 0.0826, 0.095, 0.1672, 0.07, 0.0728]",/Users/deepakkanneganti/Documents/Experimemt 3/MINIST/traditional adaptive composition techniques/client_profiles/weights/clean+translate321.pt
clean+translate322,clean+translate322,corrupt_fl,/Users/deepakkanneganti/Documents/Experimemt 3/MINIST/FL_C/artifacts/federated_artifact_corrupt/clean_translate,client_5_round_7.pt,/Users/deepakkanneganti/Documents/Experimemt 3/MINIST/FL_C/artifacts/federated_artifact_corrupt/clean_translate/clients/client_5_round_7.pt,client_5,7,round_snapshot,clean+translate,client_5,digit_classification,mnist_image,1x28x28,digit_label,digits_0_9,10,mnist_c_clean+translate,clean+translate,1733,"{""0"": 292, ""1"": 89, ""2"": 334, ""3"": 90, ""4"": 104, ""5"": 86, ""6"": 167, ""7"": 429, ""8"": 55, ""9"": 87}",0.07857366997216429,test,0.864,2.729863832999854,2.730078417000186,0.2952621670001463,3.1227094170001237,0.8639999999999999,0.8671606206173013,"[0.108, 0.1062, 0.1224, 0.0946, 0.0734, 0.0964, 0.0952, 0.1518, 0.0676, 0.0844]",/Users/deepakkanneganti/Documents/Experimemt 3/MINIST/traditional adaptive composition techniques/client_profiles/weights/clean+translate322.pt
clean+translate323,clean+translate323,corrupt_fl,/Users/deepakkanneganti/Documents/Experimemt 3/MINIST/FL_C/artifacts/federated_artifact_corrupt/clean_translate,client_5_round_8.pt,/Users/deepakkanneganti/Documents/Experimemt 3/MINIST/FL_C/artifacts/federated_artifact_corrupt/clean_translate/clients/client_5_round_8.pt,client_5,8,round_snapshot,clean+translate,client_5,digit_classification,mnist_image,1x28x28,digit_label,digits_0_9,10,mnist_c_clean+translate,clean+translate,1733,"{""0"": 292, ""1"": 89, ""2"": 334, ""3"": 90, ""4"": 104, ""5"": 86, ""6"": 167, ""7"": 429, ""8"": 55, ""9"": 87}",0.06984181651135996,test,0.8964,2.5665269159999298,2.566927332999967,0.30772329100000206,2.986877249999907,0.8963999999999999,0.9142396072247092,"[0.1114, 0.1084, 0.1004, 0.0932, 0.0878, 0.092, 0.1094, 0.1268, 0.0822, 0.0884]",/Users/deepakkanneganti/Documents/Experimemt 3/MINIST/traditional adaptive composition techniques/client_profiles/weights/clean+translate323.pt
clean+translate324,clean+translate324,corrupt_fl,/Users/deepakkanneganti/Documents/Experimemt 3/MINIST/FL_C/artifacts/federated_artifact_corrupt/clean_translate,client_5_round_9.pt,/Users/deepakkanneganti/Documents/Experimemt 3/MINIST/FL_C/artifacts/federated_artifact_corrupt/clean_translate/clients/client_5_round_9.pt,client_5,9,round_snapshot,clean+translate,client_5,digit_classification,mnist_image,1x28x28,digit_label,digits_0_9,10,mnist_c_clean+translate,clean+translate,1733,"{""0"": 292, ""1"": 89, ""2"": 334, ""3"": 90, ""4"": 104, ""5"": 86, ""6"": 167, ""7"": 429, ""8"": 55, ""9"": 87}",0.0646251371307742,test,0.8772,4.02787437500001,4.028205125000113,0.294074916999989,4.448526165999965,0.8772,0.9155537421898847,"[0.1216, 0.114, 0.1252, 0.0772, 0.0942, 0.0822, 0.0932, 0.1378, 0.0788, 0.0758]",/Users/deepakkanneganti/Documents/Experimemt 3/MINIST/traditional adaptive composition techniques/client_profiles/weights/clean+translate324.pt
clean+translate325,clean+translate325,corrupt_fl,/Users/deepakkanneganti/Documents/Experimemt 3/MINIST/FL_C/artifacts/federated_artifact_corrupt/clean_translate,client_5_round_10.pt,/Users/deepakkanneganti/Documents/Experimemt 3/MINIST/FL_C/artifacts/federated_artifact_corrupt/clean_translate/clients/client_5_round_10.pt,client_5,10,round_snapshot,clean+translate,client_5,digit_classification,mnist_image,1x28x28,digit_label,digits_0_9,10,mnist_c_clean+translate,clean+translate,1733,"{""0"": 292, ""1"": 89, ""2"": 334, ""3"": 90, ""4"": 104, ""5"": 86, ""6"": 167, ""7"": 429, ""8"": 55, ""9"": 87}",0.05292885192847323,test,0.9028,2.7123827499999607,2.7128222499998174,0.29149725000002036,3.1345208340001136,0.9028,0.9168554230625101,"[0.1116, 0.116, 0.1268, 0.0972, 0.0888, 0.0958, 0.094, 0.117, 0.0744, 0.0784]",/Users/deepakkanneganti/Documents/Experimemt 3/MINIST/traditional adaptive composition techniques/client_profiles/weights/clean+translate325.pt
clean+translate326,clean+translate326,corrupt_fl,/Users/deepakkanneganti/Documents/Experimemt 3/MINIST/FL_C/artifacts/federated_artifact_corrupt/clean_translate,client_5_round_11.pt,/Users/deepakkanneganti/Documents/Experimemt 3/MINIST/FL_C/artifacts/federated_artifact_corrupt/clean_translate/clients/client_5_round_11.pt,client_5,11,round_snapshot,clean+translate,client_5,digit_classification,mnist_image,1x28x28,digit_label,digits_0_9,10,mnist_c_clean+translate,clean+translate,1733,"{""0"": 292, ""1"": 89, ""2"": 334, ""3"": 90, ""4"": 104, ""5"": 86, ""6"": 167, ""7"": 429, ""8"": 55, ""9"": 87}",0.05690538995189681,test,0.9076,2.8432308750000175,2.843510834000199,0.3850989170000503,3.3518035419999705,0.9076000000000001,0.9300976651257813,"[0.1152, 0.1164, 0.1236, 0.0852, 0.0872, 0.091, 0.0898, 0.1206, 0.0776, 0.0934]",/Users/deepakkanneganti/Documents/Experimemt 3/MINIST/traditional adaptive composition techniques/client_profiles/weights/clean+translate326.pt
clean+translate327,clean+translate327,corrupt_fl,/Users/deepakkanneganti/Documents/Experimemt 3/MINIST/FL_C/artifacts/federated_artifact_corrupt/clean_translate,client_5_round_12.pt,/Users/deepakkanneganti/Documents/Experimemt 3/MINIST/FL_C/artifacts/federated_artifact_corrupt/clean_translate/clients/client_5_round_12.pt,client_5,12,round_snapshot,clean+translate,client_5,digit_classification,mnist_image,1x28x28,digit_label,digits_0_9,10,mnist_c_clean+translate,clean+translate,1733,"{""0"": 292, ""1"": 89, ""2"": 334, ""3"": 90, ""4"": 104, ""5"": 86, ""6"": 167, ""7"": 429, ""8"": 55, ""9"": 87}",0.06500716256864723,test,0.9238,2.8838175000000774,2.88431566700001,0.35038295799995467,3.3381099170001107,0.9238,0.9374489507246437,"[0.1012, 0.11, 0.102, 0.0958, 0.1038, 0.0886, 0.098, 0.1172, 0.0878, 0.0956]",/Users/deepakkanneganti/Documents/Experimemt 3/MINIST/traditional adaptive composition techniques/client_profiles/weights/clean+translate327.pt
clean+translate328,clean+translate328,corrupt_fl,/Users/deepakkanneganti/Documents/Experimemt 3/MINIST/FL_C/artifacts/federated_artifact_corrupt/clean_translate,client_5_round_13.pt,/Users/deepakkanneganti/Documents/Experimemt 3/MINIST/FL_C/artifacts/federated_artifact_corrupt/clean_translate/clients/client_5_round_13.pt,client_5,13,round_snapshot,clean+translate,client_5,digit_classification,mnist_image,1x28x28,digit_label,digits_0_9,10,mnist_c_clean+translate,clean+translate,1733,"{""0"": 292, ""1"": 89, ""2"": 334, ""3"": 90, ""4"": 104, ""5"": 86, ""6"": 167, ""7"": 429, ""8"": 55, ""9"": 87}",0.047186555995029356,test,0.9152,3.0807331250000516,3.0817265829998632,0.49377562500012573,3.7116183339999225,0.9151999999999999,0.9262008038549321,"[0.1076, 0.107, 0.1288, 0.0842, 0.0908, 0.085, 0.0958, 0.118, 0.0792, 0.1036]",/Users/deepakkanneganti/Documents/Experimemt 3/MINIST/traditional adaptive composition techniques/client_profiles/weights/clean+translate328.pt
clean+translate329,clean+translate329,corrupt_fl,/Users/deepakkanneganti/Documents/Experimemt 3/MINIST/FL_C/artifacts/federated_artifact_corrupt/clean_translate,client_5_round_14.pt,/Users/deepakkanneganti/Documents/Experimemt 3/MINIST/FL_C/artifacts/federated_artifact_corrupt/clean_translate/clients/client_5_round_14.pt,client_5,14,round_snapshot,clean+translate,client_5,digit_classification,mnist_image,1x28x28,digit_label,digits_0_9,10,mnist_c_clean+translate,clean+translate,1733,"{""0"": 292, ""1"": 89, ""2"": 334, ""3"": 90, ""4"": 104, ""5"": 86, ""6"": 167, ""7"": 429, ""8"": 55, ""9"": 87}",0.04022221335963834,test,0.932,3.8743006659999537,3.8746379159999833,0.36512083299999176,4.400885125000059,0.932,0.9314021732468016,"[0.098, 0.1222, 0.1118, 0.1022, 0.093, 0.096, 0.089, 0.1106, 0.0862, 0.091]",/Users/deepakkanneganti/Documents/Experimemt 3/MINIST/traditional adaptive composition techniques/client_profiles/weights/clean+translate329.pt
clean+translate330,clean+translate330,corrupt_fl,/Users/deepakkanneganti/Documents/Experimemt 3/MINIST/FL_C/artifacts/federated_artifact_corrupt/clean_translate,client_5_round_15.pt,/Users/deepakkanneganti/Documents/Experimemt 3/MINIST/FL_C/artifacts/federated_artifact_corrupt/clean_translate/clients/client_5_round_15.pt,client_5,15,round_snapshot,clean+translate,client_5,digit_classification,mnist_image,1x28x28,digit_label,digits_0_9,10,mnist_c_clean+translate,clean+translate,1733,"{""0"": 292, ""1"": 89, ""2"": 334, ""3"": 90, ""4"": 104, ""5"": 86, ""6"": 167, ""7"": 429, ""8"": 55, ""9"": 87}",0.03938591503538191,test,0.9008,2.81313450000016,2.813436292000006,0.2974890000000414,3.195566000000099,0.9008,0.9246353186540298,"[0.1048, 0.1074, 0.1112, 0.093, 0.1046, 0.0954, 0.0806, 0.1418, 0.075, 0.0862]",/Users/deepakkanneganti/Documents/Experimemt 3/MINIST/traditional adaptive composition techniques/client_profiles/weights/clean+translate330.pt
clean+translate331,clean+translate331,corrupt_fl,/Users/deepakkanneganti/Documents/Experimemt 3/MINIST/FL_C/artifacts/federated_artifact_corrupt/clean_translate,client_5_round_16.pt,/Users/deepakkanneganti/Documents/Experimemt 3/MINIST/FL_C/artifacts/federated_artifact_corrupt/clean_translate/clients/client_5_round_16.pt,client_5,16,round_snapshot,clean+translate,client_5,digit_classification,mnist_image,1x28x28,digit_label,digits_0_9,10,mnist_c_clean+translate,clean+translate,1733,"{""0"": 292, ""1"": 89, ""2"": 334, ""3"": 90, ""4"": 104, ""5"": 86, ""6"": 167, ""7"": 429, ""8"": 55, ""9"": 87}",0.0373132372984574,test,0.915,2.982122249999975,2.9826087080000434,0.30419195900003615,3.4670102500001576,0.9149999999999998,0.9389552570949974,"[0.104, 0.1122, 0.1272, 0.1052, 0.0866, 0.0798, 0.0998, 0.1176, 0.0856, 0.082]",/Users/deepakkanneganti/Documents/Experimemt 3/MINIST/traditional adaptive composition techniques/client_profiles/weights/clean+translate331.pt
clean+translate332,clean+translate332,corrupt_fl,/Users/deepakkanneganti/Documents/Experimemt 3/MINIST/FL_C/artifacts/federated_artifact_corrupt/clean_translate,client_5_round_17.pt,/Users/deepakkanneganti/Documents/Experimemt 3/MINIST/FL_C/artifacts/federated_artifact_corrupt/clean_translate/clients/client_5_round_17.pt,client_5,17,round_snapshot,clean+translate,client_5,digit_classification,mnist_image,1x28x28,digit_label,digits_0_9,10,mnist_c_clean+translate,clean+translate,1733,"{""0"": 292, ""1"": 89, ""2"": 334, ""3"": 90, ""4"": 104, ""5"": 86, ""6"": 167, ""7"": 429, ""8"": 55, ""9"": 87}",0.03881883186598619,test,0.9272,2.592091208000056,2.5922520419999273,0.27896258400005536,2.9878339159999996,0.9272,0.9350317251567266,"[0.1102, 0.1218, 0.1122, 0.0888, 0.1016, 0.0894, 0.0936, 0.1126, 0.0712, 0.0986]",/Users/deepakkanneganti/Documents/Experimemt 3/MINIST/traditional adaptive composition techniques/client_profiles/weights/clean+translate332.pt
clean+translate333,clean+translate333,corrupt_fl,/Users/deepakkanneganti/Documents/Experimemt 3/MINIST/FL_C/artifacts/federated_artifact_corrupt/clean_translate,client_5_round_18.pt,/Users/deepakkanneganti/Documents/Experimemt 3/MINIST/FL_C/artifacts/federated_artifact_corrupt/clean_translate/clients/client_5_round_18.pt,client_5,18,round_snapshot,clean+translate,client_5,digit_classification,mnist_image,1x28x28,digit_label,digits_0_9,10,mnist_c_clean+translate,clean+translate,1733,"{""0"": 292, ""1"": 89, ""2"": 334, ""3"": 90, ""4"": 104, ""5"": 86, ""6"": 167, ""7"": 429, ""8"": 55, ""9"": 87}",0.03384685128860708,test,0.9024,2.502519624999877,2.502674332999959,0.26567033300011644,2.8215605410000535,0.9023999999999999,0.9197447805114172,"[0.1044, 0.1146, 0.129, 0.1012, 0.0928, 0.0822, 0.088, 0.131, 0.0738, 0.083]",/Users/deepakkanneganti/Documents/Experimemt 3/MINIST/traditional adaptive composition techniques/client_profiles/weights/clean+translate333.pt
clean+translate334,clean+translate334,corrupt_fl,/Users/deepakkanneganti/Documents/Experimemt 3/MINIST/FL_C/artifacts/federated_artifact_corrupt/clean_translate,client_5_round_19.pt,/Users/deepakkanneganti/Documents/Experimemt 3/MINIST/FL_C/artifacts/federated_artifact_corrupt/clean_translate/clients/client_5_round_19.pt,client_5,19,round_snapshot,clean+translate,client_5,digit_classification,mnist_image,1x28x28,digit_label,digits_0_9,10,mnist_c_clean+translate,clean+translate,1733,"{""0"": 292, ""1"": 89, ""2"": 334, ""3"": 90, ""4"": 104, ""5"": 86, ""6"": 167, ""7"": 429, ""8"": 55, ""9"": 87}",0.0374210121198779,test,0.9262,2.9964045829999577,2.9967775410000286,0.2779508330002045,3.3113623329998063,0.9262,0.9311937612965464,"[0.0966, 0.1164, 0.1174, 0.1002, 0.1048, 0.0842, 0.0966, 0.1196, 0.0748, 0.0894]",/Users/deepakkanneganti/Documents/Experimemt 3/MINIST/traditional adaptive composition techniques/client_profiles/weights/clean+translate334.pt
clean+translate335,clean+translate335,corrupt_fl,/Users/deepakkanneganti/Documents/Experimemt 3/MINIST/FL_C/artifacts/federated_artifact_corrupt/clean_translate,client_5.pt,/Users/deepakkanneganti/Documents/Experimemt 3/MINIST/FL_C/artifacts/federated_artifact_corrupt/clean_translate/clients/client_5.pt,client_5,20,final_snapshot,clean+translate,client_5,digit_classification,mnist_image,1x28x28,digit_label,digits_0_9,10,mnist_c_clean+translate,clean+translate,1733,"{""0"": 292, ""1"": 89, ""2"": 334, ""3"": 90, ""4"": 104, ""5"": 86, ""6"": 167, ""7"": 429, ""8"": 55, ""9"": 87}",0.03125965770422703,test,0.9298,2.8844783340000504,2.8847407920000023,0.29933937500004504,3.2802627920000305,0.9298,0.9345802005478003,"[0.1038, 0.1096, 0.1232, 0.088, 0.1026, 0.0896, 0.0974, 0.1064, 0.0932, 0.0862]",/Users/deepakkanneganti/Documents/Experimemt 3/MINIST/traditional adaptive composition techniques/client_profiles/weights/clean+translate335.pt
clean+translate336,clean+translate336,corrupt_fl,/Users/deepakkanneganti/Documents/Experimemt 3/MINIST/FL_C/artifacts/federated_artifact_corrupt/clean_translate,client_5_round_20.pt,/Users/deepakkanneganti/Documents/Experimemt 3/MINIST/FL_C/artifacts/federated_artifact_corrupt/clean_translate/clients/client_5_round_20.pt,client_5,20,round_snapshot,clean+translate,client_5,digit_classification,mnist_image,1x28x28,digit_label,digits_0_9,10,mnist_c_clean+translate,clean+translate,1733,"{""0"": 292, ""1"": 89, ""2"": 334, ""3"": 90, ""4"": 104, ""5"": 86, ""6"": 167, ""7"": 429, ""8"": 55, ""9"": 87}",0.03125965770422703,test,0.9298,3.0907769590000953,3.0910749170000145,0.2899962910000795,3.483717917000149,0.9298,0.9345802005478003,"[0.1038, 0.1096, 0.1232, 0.088, 0.1026, 0.0896, 0.0974, 0.1064, 0.0932, 0.0862]",/Users/deepakkanneganti/Documents/Experimemt 3/MINIST/traditional adaptive composition techniques/client_profiles/weights/clean+translate336.pt
clean+translate337,clean+translate337,corrupt_fl,/Users/deepakkanneganti/Documents/Experimemt 3/MINIST/FL_C/artifacts/federated_artifact_corrupt/clean_translate,client_6_round_1.pt,/Users/deepakkanneganti/Documents/Experimemt 3/MINIST/FL_C/artifacts/federated_artifact_corrupt/clean_translate/clients/client_6_round_1.pt,client_6,1,round_snapshot,clean+translate,client_6,digit_classification,mnist_image,1x28x28,digit_label,digits_0_9,10,mnist_c_clean+translate,clean+translate,1541,"{""0"": 292, ""1"": 89, ""2"": 334, ""3"": 90, ""4"": 181, ""5"": 86, ""6"": 118, ""7"": 68, ""8"": 55, ""9"": 228}",1.002790162196526,test,0.557,2.5818368329998975,2.5820114580001245,0.31573291700010486,3.017906124999854,0.5569999999999999,0.7246816579669578,"[0.171, 0.0702, 0.1386, 0.0454, 0.204, 0.0704, 0.0548, 0.0716, 0.0202, 0.1538]",/Users/deepakkanneganti/Documents/Experimemt 3/MINIST/traditional adaptive composition techniques/client_profiles/weights/clean+translate337.pt
clean+translate338,clean+translate338,corrupt_fl,/Users/deepakkanneganti/Documents/Experimemt 3/MINIST/FL_C/artifacts/federated_artifact_corrupt/clean_translate,client_6_round_2.pt,/Users/deepakkanneganti/Documents/Experimemt 3/MINIST/FL_C/artifacts/federated_artifact_corrupt/clean_translate/clients/client_6_round_2.pt,client_6,2,round_snapshot,clean+translate,client_6,digit_classification,mnist_image,1x28x28,digit_label,digits_0_9,10,mnist_c_clean+translate,clean+translate,1541,"{""0"": 292, ""1"": 89, ""2"": 334, ""3"": 90, ""4"": 181, ""5"": 86, ""6"": 118, ""7"": 68, ""8"": 55, ""9"": 228}",0.35614356395000446,test,0.7128,2.7633661249999477,2.763527415999988,0.2990937910001321,3.109658042000092,0.7128,0.78190048581909,"[0.1024, 0.1034, 0.136, 0.0936, 0.1158, 0.0948, 0.0954, 0.0732, 0.0242, 0.1612]",/Users/deepakkanneganti/Documents/Experimemt 3/MINIST/traditional adaptive composition techniques/client_profiles/weights/clean+translate338.pt
clean+translate339,clean+translate339,corrupt_fl,/Users/deepakkanneganti/Documents/Experimemt 3/MINIST/FL_C/artifacts/federated_artifact_corrupt/clean_translate,client_6_round_3.pt,/Users/deepakkanneganti/Documents/Experimemt 3/MINIST/FL_C/artifacts/federated_artifact_corrupt/clean_translate/clients/client_6_round_3.pt,client_6,3,round_snapshot,clean+translate,client_6,digit_classification,mnist_image,1x28x28,digit_label,digits_0_9,10,mnist_c_clean+translate,clean+translate,1541,"{""0"": 292, ""1"": 89, ""2"": 334, ""3"": 90, ""4"": 181, ""5"": 86, ""6"": 118, ""7"": 68, ""8"": 55, ""9"": 228}",0.22632763756868932,test,0.766,3.0950727910001206,3.095729709000125,0.5225518329998522,3.689598624999917,0.7659999999999999,0.8142754776193922,"[0.0896, 0.1132, 0.1674, 0.0836, 0.1018, 0.0658, 0.0846, 0.0538, 0.0706, 0.1696]",/Users/deepakkanneganti/Documents/Experimemt 3/MINIST/traditional adaptive composition techniques/client_profiles/weights/clean+translate339.pt
clean+translate340,clean+translate340,corrupt_fl,/Users/deepakkanneganti/Documents/Experimemt 3/MINIST/FL_C/artifacts/federated_artifact_corrupt/clean_translate,client_6_round_4.pt,/Users/deepakkanneganti/Documents/Experimemt 3/MINIST/FL_C/artifacts/federated_artifact_corrupt/clean_translate/clients/client_6_round_4.pt,client_6,4,round_snapshot,clean+translate,client_6,digit_classification,mnist_image,1x28x28,digit_label,digits_0_9,10,mnist_c_clean+translate,clean+translate,1541,"{""0"": 292, ""1"": 89, ""2"": 334, ""3"": 90, ""4"": 181, ""5"": 86, ""6"": 118, ""7"": 68, ""8"": 55, ""9"": 228}",0.16061140560300258,test,0.7914,3.3784297080001124,3.378631958999904,0.34251274999996895,3.8228081669999483,0.7914,0.8434186619692463,"[0.1038, 0.1126, 0.1534, 0.1332, 0.141, 0.0658, 0.0724, 0.08, 0.05, 0.0878]",/Users/deepakkanneganti/Documents/Experimemt 3/MINIST/traditional adaptive composition techniques/client_profiles/weights/clean+translate340.pt
clean+translate341,clean+translate341,corrupt_fl,/Users/deepakkanneganti/Documents/Experimemt 3/MINIST/FL_C/artifacts/federated_artifact_corrupt/clean_translate,client_6_round_5.pt,/Users/deepakkanneganti/Documents/Experimemt 3/MINIST/FL_C/artifacts/federated_artifact_corrupt/clean_translate/clients/client_6_round_5.pt,client_6,5,round_snapshot,clean+translate,client_6,digit_classification,mnist_image,1x28x28,digit_label,digits_0_9,10,mnist_c_clean+translate,clean+translate,1541,"{""0"": 292, ""1"": 89, ""2"": 334, ""3"": 90, ""4"": 181, ""5"": 86, ""6"": 118, ""7"": 68, ""8"": 55, ""9"": 228}",0.1208780327687213,test,0.8396,2.8073252500000763,2.80756324999993,0.2995491670001229,3.2198470830001042,0.8395999999999999,0.8639371808862293,"[0.111, 0.1022, 0.1332, 0.0852, 0.1056, 0.079, 0.1048, 0.063, 0.0642, 0.1518]",/Users/deepakkanneganti/Documents/Experimemt 3/MINIST/traditional adaptive composition techniques/client_profiles/weights/clean+translate341.pt
clean+translate342,clean+translate342,corrupt_fl,/Users/deepakkanneganti/Documents/Experimemt 3/MINIST/FL_C/artifacts/federated_artifact_corrupt/clean_translate,client_6_round_6.pt,/Users/deepakkanneganti/Documents/Experimemt 3/MINIST/FL_C/artifacts/federated_artifact_corrupt/clean_translate/clients/client_6_round_6.pt,client_6,6,round_snapshot,clean+translate,client_6,digit_classification,mnist_image,1x28x28,digit_label,digits_0_9,10,mnist_c_clean+translate,clean+translate,1541,"{""0"": 292, ""1"": 89, ""2"": 334, ""3"": 90, ""4"": 181, ""5"": 86, ""6"": 118, ""7"": 68, ""8"": 55, ""9"": 228}",0.11582270535664299,test,0.8472,2.857607041999927,2.8578892919999817,0.31199020799999744,3.296002875000113,0.8472,0.8883998980313534,"[0.1058, 0.107, 0.1272, 0.0904, 0.1108, 0.073, 0.127, 0.0802, 0.0768, 0.1018]",/Users/deepakkanneganti/Documents/Experimemt 3/MINIST/traditional adaptive composition techniques/client_profiles/weights/clean+translate342.pt
clean+translate343,clean+translate343,corrupt_fl,/Users/deepakkanneganti/Documents/Experimemt 3/MINIST/FL_C/artifacts/federated_artifact_corrupt/clean_translate,client_6_round_7.pt,/Users/deepakkanneganti/Documents/Experimemt 3/MINIST/FL_C/artifacts/federated_artifact_corrupt/clean_translate/clients/client_6_round_7.pt,client_6,7,round_snapshot,clean+translate,client_6,digit_classification,mnist_image,1x28x28,digit_label,digits_0_9,10,mnist_c_clean+translate,clean+translate,1541,"{""0"": 292, ""1"": 89, ""2"": 334, ""3"": 90, ""4"": 181, ""5"": 86, ""6"": 118, ""7"": 68, ""8"": 55, ""9"": 228}",0.11121445470817913,test,0.873,2.718382292000115,2.7190540829999463,0.30879283300009774,3.1050532079998447,0.873,0.8956635305439369,"[0.1114, 0.1072, 0.1116, 0.1206, 0.099, 0.081, 0.0908, 0.0896, 0.0626, 0.1262]",/Users/deepakkanneganti/Documents/Experimemt 3/MINIST/traditional adaptive composition techniques/client_profiles/weights/clean+translate343.pt
clean+translate344,clean+translate344,corrupt_fl,/Users/deepakkanneganti/Documents/Experimemt 3/MINIST/FL_C/artifacts/federated_artifact_corrupt/clean_translate,client_6_round_8.pt,/Users/deepakkanneganti/Documents/Experimemt 3/MINIST/FL_C/artifacts/federated_artifact_corrupt/clean_translate/clients/client_6_round_8.pt,client_6,8,round_snapshot,clean+translate,client_6,digit_classification,mnist_image,1x28x28,digit_label,digits_0_9,10,mnist_c_clean+translate,clean+translate,1541,"{""0"": 292, ""1"": 89, ""2"": 334, ""3"": 90, ""4"": 181, ""5"": 86, ""6"": 118, ""7"": 68, ""8"": 55, ""9"": 228}",0.07024182615658411,test,0.8858,3.0959355830000277,3.0974042919999647,0.4261730420000731,3.656215500000144,0.8857999999999999,0.907693787430976,"[0.1026, 0.1146, 0.1264, 0.1022, 0.1038, 0.0806, 0.099, 0.0904, 0.0722, 0.1082]",/Users/deepakkanneganti/Documents/Experimemt 3/MINIST/traditional adaptive composition techniques/client_profiles/weights/clean+translate344.pt
clean+translate345,clean+translate345,corrupt_fl,/Users/deepakkanneganti/Documents/Experimemt 3/MINIST/FL_C/artifacts/federated_artifact_corrupt/clean_translate,client_6_round_9.pt,/Users/deepakkanneganti/Documents/Experimemt 3/MINIST/FL_C/artifacts/federated_artifact_corrupt/clean_translate/clients/client_6_round_9.pt,client_6,9,round_snapshot,clean+translate,client_6,digit_classification,mnist_image,1x28x28,digit_label,digits_0_9,10,mnist_c_clean+translate,clean+translate,1541,"{""0"": 292, ""1"": 89, ""2"": 334, ""3"": 90, ""4"": 181, ""5"": 86, ""6"": 118, ""7"": 68, ""8"": 55, ""9"": 228}",0.07526110208187348,test,0.8716,3.131396708000011,3.1317448749998675,0.31512950000001183,3.55577766600004,0.8716000000000002,0.896898525237752,"[0.1146, 0.1134, 0.1524, 0.0942, 0.1096, 0.0726, 0.0878, 0.0848, 0.056, 0.1146]",/Users/deepakkanneganti/Documents/Experimemt 3/MINIST/traditional adaptive composition techniques/client_profiles/weights/clean+translate345.pt
clean+translate346,clean+translate346,corrupt_fl,/Users/deepakkanneganti/Documents/Experimemt 3/MINIST/FL_C/artifacts/federated_artifact_corrupt/clean_translate,client_6_round_10.pt,/Users/deepakkanneganti/Documents/Experimemt 3/MINIST/FL_C/artifacts/federated_artifact_corrupt/clean_translate/clients/client_6_round_10.pt,client_6,10,round_snapshot,clean+translate,client_6,digit_classification,mnist_image,1x28x28,digit_label,digits_0_9,10,mnist_c_clean+translate,clean+translate,1541,"{""0"": 292, ""1"": 89, ""2"": 334, ""3"": 90, ""4"": 181, ""5"": 86, ""6"": 118, ""7"": 68, ""8"": 55, ""9"": 228}",0.0969460219091091,test,0.8962,2.877913167000088,2.8783207089998086,0.4706878750000669,3.4529227909999918,0.8962,0.9309188020722092,"[0.099, 0.1124, 0.1346, 0.1024, 0.1014, 0.0856, 0.0986, 0.0754, 0.0802, 0.1104]",/Users/deepakkanneganti/Documents/Experimemt 3/MINIST/traditional adaptive composition techniques/client_profiles/weights/clean+translate346.pt
clean+translate347,clean+translate347,corrupt_fl,/Users/deepakkanneganti/Documents/Experimemt 3/MINIST/FL_C/artifacts/federated_artifact_corrupt/clean_translate,client_6_round_11.pt,/Users/deepakkanneganti/Documents/Experimemt 3/MINIST/FL_C/artifacts/federated_artifact_corrupt/clean_translate/clients/client_6_round_11.pt,client_6,11,round_snapshot,clean+translate,client_6,digit_classification,mnist_image,1x28x28,digit_label,digits_0_9,10,mnist_c_clean+translate,clean+translate,1541,"{""0"": 292, ""1"": 89, ""2"": 334, ""3"": 90, ""4"": 181, ""5"": 86, ""6"": 118, ""7"": 68, ""8"": 55, ""9"": 228}",0.06867141604650384,test,0.9004,2.6709717910000563,2.6712587500001064,0.27507104099981916,3.1034756659998948,0.9004,0.9098131886352171,"[0.102, 0.1094, 0.1294, 0.1066, 0.0924, 0.0836, 0.0964, 0.0712, 0.0922, 0.1168]",/Users/deepakkanneganti/Documents/Experimemt 3/MINIST/traditional adaptive composition techniques/client_profiles/weights/clean+translate347.pt
clean+translate348,clean+translate348,corrupt_fl,/Users/deepakkanneganti/Documents/Experimemt 3/MINIST/FL_C/artifacts/federated_artifact_corrupt/clean_translate,client_6_round_12.pt,/Users/deepakkanneganti/Documents/Experimemt 3/MINIST/FL_C/artifacts/federated_artifact_corrupt/clean_translate/clients/client_6_round_12.pt,client_6,12,round_snapshot,clean+translate,client_6,digit_classification,mnist_image,1x28x28,digit_label,digits_0_9,10,mnist_c_clean+translate,clean+translate,1541,"{""0"": 292, ""1"": 89, ""2"": 334, ""3"": 90, ""4"": 181, ""5"": 86, ""6"": 118, ""7"": 68, ""8"": 55, ""9"": 228}",0.0778527191798322,test,0.9104,2.713642082999968,2.713783542000101,0.2623274999998557,3.0531942079999226,0.9103999999999999,0.9320445862360082,"[0.105, 0.1122, 0.1084, 0.1048, 0.102, 0.0792, 0.0916, 0.0944, 0.078, 0.1244]",/Users/deepakkanneganti/Documents/Experimemt 3/MINIST/traditional adaptive composition techniques/client_profiles/weights/clean+translate348.pt
clean+translate349,clean+translate349,corrupt_fl,/Users/deepakkanneganti/Documents/Experimemt 3/MINIST/FL_C/artifacts/federated_artifact_corrupt/clean_translate,client_6_round_13.pt,/Users/deepakkanneganti/Documents/Experimemt 3/MINIST/FL_C/artifacts/federated_artifact_corrupt/clean_translate/clients/client_6_round_13.pt,client_6,13,round_snapshot,clean+translate,client_6,digit_classification,mnist_image,1x28x28,digit_label,digits_0_9,10,mnist_c_clean+translate,clean+translate,1541,"{""0"": 292, ""1"": 89, ""2"": 334, ""3"": 90, ""4"": 181, ""5"": 86, ""6"": 118, ""7"": 68, ""8"": 55, ""9"": 228}",0.05309247966537301,test,0.9168,2.6249935410000944,2.625142374999996,0.2677852920000987,2.94569704200012,0.9168,0.9190317002122649,"[0.0964, 0.1142, 0.1164, 0.0954, 0.1012, 0.0822, 0.106, 0.0946, 0.0838, 0.1098]",/Users/deepakkanneganti/Documents/Experimemt 3/MINIST/traditional adaptive composition techniques/client_profiles/weights/clean+translate349.pt
clean+translate350,clean+translate350,corrupt_fl,/Users/deepakkanneganti/Documents/Experimemt 3/MINIST/FL_C/artifacts/federated_artifact_corrupt/clean_translate,client_6_round_14.pt,/Users/deepakkanneganti/Documents/Experimemt 3/MINIST/FL_C/artifacts/federated_artifact_corrupt/clean_translate/clients/client_6_round_14.pt,client_6,14,round_snapshot,clean+translate,client_6,digit_classification,mnist_image,1x28x28,digit_label,digits_0_9,10,mnist_c_clean+translate,clean+translate,1541,"{""0"": 292, ""1"": 89, ""2"": 334, ""3"": 90, ""4"": 181, ""5"": 86, ""6"": 118, ""7"": 68, ""8"": 55, ""9"": 228}",0.05187349366650988,test,0.9004,2.5749636660000306,2.57509691700011,0.3123526669999137,2.9271857080000245,0.9004,0.9082666253009597,"[0.0954, 0.1188, 0.1378, 0.1156, 0.08, 0.0918, 0.0996, 0.0882, 0.0774, 0.0954]",/Users/deepakkanneganti/Documents/Experimemt 3/MINIST/traditional adaptive composition techniques/client_profiles/weights/clean+translate350.pt
clean+translate351,clean+translate351,corrupt_fl,/Users/deepakkanneganti/Documents/Experimemt 3/MINIST/FL_C/artifacts/federated_artifact_corrupt/clean_translate,client_6_round_15.pt,/Users/deepakkanneganti/Documents/Experimemt 3/MINIST/FL_C/artifacts/federated_artifact_corrupt/clean_translate/clients/client_6_round_15.pt,client_6,15,round_snapshot,clean+translate,client_6,digit_classification,mnist_image,1x28x28,digit_label,digits_0_9,10,mnist_c_clean+translate,clean+translate,1541,"{""0"": 292, ""1"": 89, ""2"": 334, ""3"": 90, ""4"": 181, ""5"": 86, ""6"": 118, ""7"": 68, ""8"": 55, ""9"": 228}",0.06660158607440117,test,0.9146,2.6764702089999446,2.676646541999844,0.3272915000000012,3.050963625000122,0.9146000000000001,0.9436072714464776,"[0.1024, 0.1112, 0.1144, 0.0996, 0.1142, 0.0846, 0.0956, 0.0884, 0.078, 0.1116]",/Users/deepakkanneganti/Documents/Experimemt 3/MINIST/traditional adaptive composition techniques/client_profiles/weights/clean+translate351.pt
clean+translate352,clean+translate352,corrupt_fl,/Users/deepakkanneganti/Documents/Experimemt 3/MINIST/FL_C/artifacts/federated_artifact_corrupt/clean_translate,client_6_round_16.pt,/Users/deepakkanneganti/Documents/Experimemt 3/MINIST/FL_C/artifacts/federated_artifact_corrupt/clean_translate/clients/client_6_round_16.pt,client_6,16,round_snapshot,clean+translate,client_6,digit_classification,mnist_image,1x28x28,digit_label,digits_0_9,10,mnist_c_clean+translate,clean+translate,1541,"{""0"": 292, ""1"": 89, ""2"": 334, ""3"": 90, ""4"": 181, ""5"": 86, ""6"": 118, ""7"": 68, ""8"": 55, ""9"": 228}",0.056405873145334996,test,0.8802,3.0853278750000754,3.085798291999936,0.4118829580002057,3.6011741669999537,0.8802,0.9276391439027472,"[0.1302, 0.1176, 0.145, 0.0852, 0.0952, 0.082, 0.094, 0.092, 0.0692, 0.0896]",/Users/deepakkanneganti/Documents/Experimemt 3/MINIST/traditional adaptive composition techniques/client_profiles/weights/clean+translate352.pt
clean+translate353,clean+translate353,corrupt_fl,/Users/deepakkanneganti/Documents/Experimemt 3/MINIST/FL_C/artifacts/federated_artifact_corrupt/clean_translate,client_6_round_17.pt,/Users/deepakkanneganti/Documents/Experimemt 3/MINIST/FL_C/artifacts/federated_artifact_corrupt/clean_translate/clients/client_6_round_17.pt,client_6,17,round_snapshot,clean+translate,client_6,digit_classification,mnist_image,1x28x28,digit_label,digits_0_9,10,mnist_c_clean+translate,clean+translate,1541,"{""0"": 292, ""1"": 89, ""2"": 334, ""3"": 90, ""4"": 181, ""5"": 86, ""6"": 118, ""7"": 68, ""8"": 55, ""9"": 228}",0.043431452409818,test,0.9118,4.138752167000121,4.1391135419999046,0.4253125000000182,4.793750583000019,0.9117999999999998,0.9145438426009712,"[0.1168, 0.119, 0.1294, 0.0828, 0.1078, 0.0828, 0.0966, 0.0926, 0.0758, 0.0964]",/Users/deepakkanneganti/Documents/Experimemt 3/MINIST/traditional adaptive composition techniques/client_profiles/weights/clean+translate353.pt
clean+translate354,clean+translate354,corrupt_fl,/Users/deepakkanneganti/Documents/Experimemt 3/MINIST/FL_C/artifacts/federated_artifact_corrupt/clean_translate,client_6_round_18.pt,/Users/deepakkanneganti/Documents/Experimemt 3/MINIST/FL_C/artifacts/federated_artifact_corrupt/clean_translate/clients/client_6_round_18.pt,client_6,18,round_snapshot,clean+translate,client_6,digit_classification,mnist_image,1x28x28,digit_label,digits_0_9,10,mnist_c_clean+translate,clean+translate,1541,"{""0"": 292, ""1"": 89, ""2"": 334, ""3"": 90, ""4"": 181, ""5"": 86, ""6"": 118, ""7"": 68, ""8"": 55, ""9"": 228}",0.05018810919509866,test,0.9214,2.7667600409999977,2.767004666000048,0.31947412499994243,3.219272374999946,0.9214,0.9361607741862413,"[0.1108, 0.1114, 0.1234, 0.0922, 0.1036, 0.0824, 0.0878, 0.1018, 0.085, 0.1016]",/Users/deepakkanneganti/Documents/Experimemt 3/MINIST/traditional adaptive composition techniques/client_profiles/weights/clean+translate354.pt
clean+translate355,clean+translate355,corrupt_fl,/Users/deepakkanneganti/Documents/Experimemt 3/MINIST/FL_C/artifacts/federated_artifact_corrupt/clean_translate,client_6_round_19.pt,/Users/deepakkanneganti/Documents/Experimemt 3/MINIST/FL_C/artifacts/federated_artifact_corrupt/clean_translate/clients/client_6_round_19.pt,client_6,19,round_snapshot,clean+translate,client_6,digit_classification,mnist_image,1x28x28,digit_label,digits_0_9,10,mnist_c_clean+translate,clean+translate,1541,"{""0"": 292, ""1"": 89, ""2"": 334, ""3"": 90, ""4"": 181, ""5"": 86, ""6"": 118, ""7"": 68, ""8"": 55, ""9"": 228}",0.04085654937154733,test,0.9326,2.6962956669999585,2.696514083000011,0.29469754199999443,3.0858381250000093,0.9326000000000001,0.9170429502303663,"[0.104, 0.1152, 0.1152, 0.0932, 0.1018, 0.0816, 0.1074, 0.1012, 0.0818, 0.0986]",/Users/deepakkanneganti/Documents/Experimemt 3/MINIST/traditional adaptive composition techniques/client_profiles/weights/clean+translate355.pt
clean+translate356,clean+translate356,corrupt_fl,/Users/deepakkanneganti/Documents/Experimemt 3/MINIST/FL_C/artifacts/federated_artifact_corrupt/clean_translate,client_6.pt,/Users/deepakkanneganti/Documents/Experimemt 3/MINIST/FL_C/artifacts/federated_artifact_corrupt/clean_translate/clients/client_6.pt,client_6,20,final_snapshot,clean+translate,client_6,digit_classification,mnist_image,1x28x28,digit_label,digits_0_9,10,mnist_c_clean+translate,clean+translate,1541,"{""0"": 292, ""1"": 89, ""2"": 334, ""3"": 90, ""4"": 181, ""5"": 86, ""6"": 118, ""7"": 68, ""8"": 55, ""9"": 228}",0.03833399793989091,test,0.9194,2.511055375000069,2.5112095000001773,0.2798687920001157,2.8401837920000617,0.9194000000000001,0.9210911476519921,"[0.0994, 0.1122, 0.106, 0.104, 0.1112, 0.0914, 0.0934, 0.0944, 0.071, 0.117]",/Users/deepakkanneganti/Documents/Experimemt 3/MINIST/traditional adaptive composition techniques/client_profiles/weights/clean+translate356.pt
clean+translate357,clean+translate357,corrupt_fl,/Users/deepakkanneganti/Documents/Experimemt 3/MINIST/FL_C/artifacts/federated_artifact_corrupt/clean_translate,client_6_round_20.pt,/Users/deepakkanneganti/Documents/Experimemt 3/MINIST/FL_C/artifacts/federated_artifact_corrupt/clean_translate/clients/client_6_round_20.pt,client_6,20,round_snapshot,clean+translate,client_6,digit_classification,mnist_image,1x28x28,digit_label,digits_0_9,10,mnist_c_clean+translate,clean+translate,1541,"{""0"": 292, ""1"": 89, ""2"": 334, ""3"": 90, ""4"": 181, ""5"": 86, ""6"": 118, ""7"": 68, ""8"": 55, ""9"": 228}",0.03833399793989091,test,0.9194,3.6209874999999556,3.6216715830000794,0.28329291600016404,3.950064832999942,0.9194000000000001,0.9210911476519921,"[0.0994, 0.1122, 0.106, 0.104, 0.1112, 0.0914, 0.0934, 0.0944, 0.071, 0.117]",/Users/deepakkanneganti/Documents/Experimemt 3/MINIST/traditional adaptive composition techniques/client_profiles/weights/clean+translate357.pt
clean+translate358,clean+translate358,corrupt_fl,/Users/deepakkanneganti/Documents/Experimemt 3/MINIST/FL_C/artifacts/federated_artifact_corrupt/clean_translate,client_7_round_1.pt,/Users/deepakkanneganti/Documents/Experimemt 3/MINIST/FL_C/artifacts/federated_artifact_corrupt/clean_translate/clients/client_7_round_1.pt,client_7,1,round_snapshot,clean+translate,client_7,digit_classification,mnist_image,1x28x28,digit_label,digits_0_9,10,mnist_c_clean+translate,clean+translate,1323,"{""0"": 74, ""1"": 284, ""2"": 68, ""3"": 234, ""4"": 104, ""5"": 182, ""6"": 167, ""7"": 68, ""8"": 55, ""9"": 87}",0.9030725007707422,test,0.6132,2.855511750000005,2.8557377499998893,0.2819233330001225,3.2376238340000327,0.6132,0.7070787295388662,"[0.0578, 0.1328, 0.0872, 0.1874, 0.0572, 0.1274, 0.1482, 0.1264, 0.0198, 0.0558]",/Users/deepakkanneganti/Documents/Experimemt 3/MINIST/traditional adaptive composition techniques/client_profiles/weights/clean+translate358.pt
clean+translate359,clean+translate359,corrupt_fl,/Users/deepakkanneganti/Documents/Experimemt 3/MINIST/FL_C/artifacts/federated_artifact_corrupt/clean_translate,client_7_round_2.pt,/Users/deepakkanneganti/Documents/Experimemt 3/MINIST/FL_C/artifacts/federated_artifact_corrupt/clean_translate/clients/client_7_round_2.pt,client_7,2,round_snapshot,clean+translate,client_7,digit_classification,mnist_image,1x28x28,digit_label,digits_0_9,10,mnist_c_clean+translate,clean+translate,1323,"{""0"": 74, ""1"": 284, ""2"": 68, ""3"": 234, ""4"": 104, ""5"": 182, ""6"": 167, ""7"": 68, ""8"": 55, ""9"": 87}",0.4187871651215987,test,0.7384,2.83991412499995,2.840283750000026,0.34452558399993904,3.3061859169999934,0.7384000000000001,0.7539207173026881,"[0.0656, 0.14, 0.071, 0.1688, 0.0804, 0.0838, 0.1232, 0.104, 0.0932, 0.07]",/Users/deepakkanneganti/Documents/Experimemt 3/MINIST/traditional adaptive composition techniques/client_profiles/weights/clean+translate359.pt
clean+translate360,clean+translate360,corrupt_fl,/Users/deepakkanneganti/Documents/Experimemt 3/MINIST/FL_C/artifacts/federated_artifact_corrupt/clean_translate,client_7_round_3.pt,/Users/deepakkanneganti/Documents/Experimemt 3/MINIST/FL_C/artifacts/federated_artifact_corrupt/clean_translate/clients/client_7_round_3.pt,client_7,3,round_snapshot,clean+translate,client_7,digit_classification,mnist_image,1x28x28,digit_label,digits_0_9,10,mnist_c_clean+translate,clean+translate,1323,"{""0"": 74, ""1"": 284, ""2"": 68, ""3"": 234, ""4"": 104, ""5"": 182, ""6"": 167, ""7"": 68, ""8"": 55, ""9"": 87}",0.21659879160649848,test,0.8038,2.9203679170000214,2.920709792000025,0.2612537920001614,3.4184293749999597,0.8038000000000001,0.8343933971262488,"[0.0714, 0.13, 0.089, 0.1208, 0.0812, 0.0898, 0.1416, 0.0782, 0.097, 0.101]",/Users/deepakkanneganti/Documents/Experimemt 3/MINIST/traditional adaptive composition techniques/client_profiles/weights/clean+translate360.pt
clean+translate361,clean+translate361,corrupt_fl,/Users/deepakkanneganti/Documents/Experimemt 3/MINIST/FL_C/artifacts/federated_artifact_corrupt/clean_translate,client_7_round_4.pt,/Users/deepakkanneganti/Documents/Experimemt 3/MINIST/FL_C/artifacts/federated_artifact_corrupt/clean_translate/clients/client_7_round_4.pt,client_7,4,round_snapshot,clean+translate,client_7,digit_classification,mnist_image,1x28x28,digit_label,digits_0_9,10,mnist_c_clean+translate,clean+translate,1323,"{""0"": 74, ""1"": 284, ""2"": 68, ""3"": 234, ""4"": 104, ""5"": 182, ""6"": 167, ""7"": 68, ""8"": 55, ""9"": 87}",0.15770898962562735,test,0.8246,2.874234625000099,2.8746467089999896,0.4904023750000306,3.4590350840001065,0.8246,0.8628014952768762,"[0.081, 0.1524, 0.0926, 0.1192, 0.0906, 0.0772, 0.1018, 0.0922, 0.0888, 0.1042]",/Users/deepakkanneganti/Documents/Experimemt 3/MINIST/traditional adaptive composition techniques/client_profiles/weights/clean+translate361.pt
clean+translate362,clean+translate362,corrupt_fl,/Users/deepakkanneganti/Documents/Experimemt 3/MINIST/FL_C/artifacts/federated_artifact_corrupt/clean_translate,client_7_round_5.pt,/Users/deepakkanneganti/Documents/Experimemt 3/MINIST/FL_C/artifacts/federated_artifact_corrupt/clean_translate/clients/client_7_round_5.pt,client_7,5,round_snapshot,clean+translate,client_7,digit_classification,mnist_image,1x28x28,digit_label,digits_0_9,10,mnist_c_clean+translate,clean+translate,1323,"{""0"": 74, ""1"": 284, ""2"": 68, ""3"": 234, ""4"": 104, ""5"": 182, ""6"": 167, ""7"": 68, ""8"": 55, ""9"": 87}",0.1471524401426767,test,0.8612,2.8941298749998623,2.89442162499995,0.2678141669998695,3.2580710830000044,0.8612,0.8803950229838807,"[0.0932, 0.1306, 0.1174, 0.0922, 0.1038, 0.0864, 0.1004, 0.0962, 0.0806, 0.0992]",/Users/deepakkanneganti/Documents/Experimemt 3/MINIST/traditional adaptive composition techniques/client_profiles/weights/clean+translate362.pt
clean+translate363,clean+translate363,corrupt_fl,/Users/deepakkanneganti/Documents/Experimemt 3/MINIST/FL_C/artifacts/federated_artifact_corrupt/clean_translate,client_7_round_6.pt,/Users/deepakkanneganti/Documents/Experimemt 3/MINIST/FL_C/artifacts/federated_artifact_corrupt/clean_translate/clients/client_7_round_6.pt,client_7,6,round_snapshot,clean+translate,client_7,digit_classification,mnist_image,1x28x28,digit_label,digits_0_9,10,mnist_c_clean+translate,clean+translate,1323,"{""0"": 74, ""1"": 284, ""2"": 68, ""3"": 234, ""4"": 104, ""5"": 182, ""6"": 167, ""7"": 68, ""8"": 55, ""9"": 87}",0.10912969155293523,test,0.8746,2.5963102499999877,2.5964581250000265,0.2712126249998619,2.9658846250001716,0.8746,0.9166529778601481,"[0.082, 0.1274, 0.1046, 0.1028, 0.0884, 0.0778, 0.1182, 0.1012, 0.083, 0.1146]",/Users/deepakkanneganti/Documents/Experimemt 3/MINIST/traditional adaptive composition techniques/client_profiles/weights/clean+translate363.pt
clean+translate364,clean+translate364,corrupt_fl,/Users/deepakkanneganti/Documents/Experimemt 3/MINIST/FL_C/artifacts/federated_artifact_corrupt/clean_translate,client_7_round_7.pt,/Users/deepakkanneganti/Documents/Experimemt 3/MINIST/FL_C/artifacts/federated_artifact_corrupt/clean_translate/clients/client_7_round_7.pt,client_7,7,round_snapshot,clean+translate,client_7,digit_classification,mnist_image,1x28x28,digit_label,digits_0_9,10,mnist_c_clean+translate,clean+translate,1323,"{""0"": 74, ""1"": 284, ""2"": 68, ""3"": 234, ""4"": 104, ""5"": 182, ""6"": 167, ""7"": 68, ""8"": 55, ""9"": 87}",0.11391846135710225,test,0.883,2.684865041999956,2.685073958999965,0.29446374999997715,3.016632917000152,0.883,0.8893790617503449,"[0.0948, 0.1146, 0.1054, 0.1306, 0.0904, 0.0968, 0.1044, 0.0912, 0.0722, 0.0996]",/Users/deepakkanneganti/Documents/Experimemt 3/MINIST/traditional adaptive composition techniques/client_profiles/weights/clean+translate364.pt
clean+translate365,clean+translate365,corrupt_fl,/Users/deepakkanneganti/Documents/Experimemt 3/MINIST/FL_C/artifacts/federated_artifact_corrupt/clean_translate,client_7_round_8.pt,/Users/deepakkanneganti/Documents/Experimemt 3/MINIST/FL_C/artifacts/federated_artifact_corrupt/clean_translate/clients/client_7_round_8.pt,client_7,8,round_snapshot,clean+translate,client_7,digit_classification,mnist_image,1x28x28,digit_label,digits_0_9,10,mnist_c_clean+translate,clean+translate,1323,"{""0"": 74, ""1"": 284, ""2"": 68, ""3"": 234, ""4"": 104, ""5"": 182, ""6"": 167, ""7"": 68, ""8"": 55, ""9"": 87}",0.10682341583411802,test,0.8634,3.933305125000061,3.9344073749998643,0.3306691669999964,4.365575666000041,0.8634000000000001,0.8793379192769541,"[0.102, 0.1244, 0.0862, 0.1492, 0.0778, 0.0848, 0.0918, 0.1144, 0.073, 0.0964]",/Users/deepakkanneganti/Documents/Experimemt 3/MINIST/traditional adaptive composition techniques/client_profiles/weights/clean+translate365.pt
clean+translate366,clean+translate366,corrupt_fl,/Users/deepakkanneganti/Documents/Experimemt 3/MINIST/FL_C/artifacts/federated_artifact_corrupt/clean_translate,client_7_round_9.pt,/Users/deepakkanneganti/Documents/Experimemt 3/MINIST/FL_C/artifacts/federated_artifact_corrupt/clean_translate/clients/client_7_round_9.pt,client_7,9,round_snapshot,clean+translate,client_7,digit_classification,mnist_image,1x28x28,digit_label,digits_0_9,10,mnist_c_clean+translate,clean+translate,1323,"{""0"": 74, ""1"": 284, ""2"": 68, ""3"": 234, ""4"": 104, ""5"": 182, ""6"": 167, ""7"": 68, ""8"": 55, ""9"": 87}",0.09215732574970885,test,0.9014,3.4947046659999614,3.495248624999931,0.4222140839999611,4.027120791000016,0.9014,0.9282989809390391,"[0.1006, 0.132, 0.0996, 0.0986, 0.0976, 0.0892, 0.1038, 0.1094, 0.0796, 0.0896]",/Users/deepakkanneganti/Documents/Experimemt 3/MINIST/traditional adaptive composition techniques/client_profiles/weights/clean+translate366.pt
clean+translate367,clean+translate367,corrupt_fl,/Users/deepakkanneganti/Documents/Experimemt 3/MINIST/FL_C/artifacts/federated_artifact_corrupt/clean_translate,client_7_round_10.pt,/Users/deepakkanneganti/Documents/Experimemt 3/MINIST/FL_C/artifacts/federated_artifact_corrupt/clean_translate/clients/client_7_round_10.pt,client_7,10,round_snapshot,clean+translate,client_7,digit_classification,mnist_image,1x28x28,digit_label,digits_0_9,10,mnist_c_clean+translate,clean+translate,1323,"{""0"": 74, ""1"": 284, ""2"": 68, ""3"": 234, ""4"": 104, ""5"": 182, ""6"": 167, ""7"": 68, ""8"": 55, ""9"": 87}",0.09515563144602558,test,0.9022,4.915341582999872,4.9178502090001075,0.320323708999922,5.446040583000013,0.9022,0.922664903988158,"[0.096, 0.1298, 0.1, 0.1096, 0.0878, 0.1132, 0.0888, 0.0922, 0.0782, 0.1044]",/Users/deepakkanneganti/Documents/Experimemt 3/MINIST/traditional adaptive composition techniques/client_profiles/weights/clean+translate367.pt
clean+translate368,clean+translate368,corrupt_fl,/Users/deepakkanneganti/Documents/Experimemt 3/MINIST/FL_C/artifacts/federated_artifact_corrupt/clean_translate,client_7_round_11.pt,/Users/deepakkanneganti/Documents/Experimemt 3/MINIST/FL_C/artifacts/federated_artifact_corrupt/clean_translate/clients/client_7_round_11.pt,client_7,11,round_snapshot,clean+translate,client_7,digit_classification,mnist_image,1x28x28,digit_label,digits_0_9,10,mnist_c_clean+translate,clean+translate,1323,"{""0"": 74, ""1"": 284, ""2"": 68, ""3"": 234, ""4"": 104, ""5"": 182, ""6"": 167, ""7"": 68, ""8"": 55, ""9"": 87}",0.07442047582431273,test,0.9126,4.655898916000069,4.6568843749998905,0.8872308750001139,5.754009708000012,0.9126000000000001,0.9246963387882944,"[0.1188, 0.1198, 0.1052, 0.116, 0.0924, 0.0838, 0.0932, 0.0944, 0.0872, 0.0892]",/Users/deepakkanneganti/Documents/Experimemt 3/MINIST/traditional adaptive composition techniques/client_profiles/weights/clean+translate368.pt
clean+translate369,clean+translate369,corrupt_fl,/Users/deepakkanneganti/Documents/Experimemt 3/MINIST/FL_C/artifacts/federated_artifact_corrupt/clean_translate,client_7_round_12.pt,/Users/deepakkanneganti/Documents/Experimemt 3/MINIST/FL_C/artifacts/federated_artifact_corrupt/clean_translate/clients/client_7_round_12.pt,client_7,12,round_snapshot,clean+translate,client_7,digit_classification,mnist_image,1x28x28,digit_label,digits_0_9,10,mnist_c_clean+translate,clean+translate,1323,"{""0"": 74, ""1"": 284, ""2"": 68, ""3"": 234, ""4"": 104, ""5"": 182, ""6"": 167, ""7"": 68, ""8"": 55, ""9"": 87}",0.07013545303859493,test,0.9076,4.080018167000162,4.08053783399987,0.34973124999987704,4.614644624999983,0.9075999999999999,0.9248499481260223,"[0.088, 0.1186, 0.0942, 0.1142, 0.0926, 0.0966, 0.115, 0.0978, 0.0884, 0.0946]",/Users/deepakkanneganti/Documents/Experimemt 3/MINIST/traditional adaptive composition techniques/client_profiles/weights/clean+translate369.pt
clean+translate370,clean+translate370,corrupt_fl,/Users/deepakkanneganti/Documents/Experimemt 3/MINIST/FL_C/artifacts/federated_artifact_corrupt/clean_translate,client_7_round_13.pt,/Users/deepakkanneganti/Documents/Experimemt 3/MINIST/FL_C/artifacts/federated_artifact_corrupt/clean_translate/clients/client_7_round_13.pt,client_7,13,round_snapshot,clean+translate,client_7,digit_classification,mnist_image,1x28x28,digit_label,digits_0_9,10,mnist_c_clean+translate,clean+translate,1323,"{""0"": 74, ""1"": 284, ""2"": 68, ""3"": 234, ""4"": 104, ""5"": 182, ""6"": 167, ""7"": 68, ""8"": 55, ""9"": 87}",0.058419813232665714,test,0.8942,3.0366079169998557,3.0370265829999425,0.3054594590000761,3.4807408749998103,0.8942,0.91487092851732,"[0.0916, 0.1178, 0.0996, 0.133, 0.0948, 0.0846, 0.0866, 0.117, 0.0704, 0.1046]",/Users/deepakkanneganti/Documents/Experimemt 3/MINIST/traditional adaptive composition techniques/client_profiles/weights/clean+translate370.pt
clean+translate371,clean+translate371,corrupt_fl,/Users/deepakkanneganti/Documents/Experimemt 3/MINIST/FL_C/artifacts/federated_artifact_corrupt/clean_translate,client_7_round_14.pt,/Users/deepakkanneganti/Documents/Experimemt 3/MINIST/FL_C/artifacts/federated_artifact_corrupt/clean_translate/clients/client_7_round_14.pt,client_7,14,round_snapshot,clean+translate,client_7,digit_classification,mnist_image,1x28x28,digit_label,digits_0_9,10,mnist_c_clean+translate,clean+translate,1323,"{""0"": 74, ""1"": 284, ""2"": 68, ""3"": 234, ""4"": 104, ""5"": 182, ""6"": 167, ""7"": 68, ""8"": 55, ""9"": 87}",0.06446075553751805,test,0.9092,2.760124874999974,2.7603698750001513,0.3126622079998924,3.189410250000037,0.9091999999999999,0.916267833658312,"[0.104, 0.1368, 0.1058, 0.1096, 0.0874, 0.1008, 0.0896, 0.1004, 0.0742, 0.0914]",/Users/deepakkanneganti/Documents/Experimemt 3/MINIST/traditional adaptive composition techniques/client_profiles/weights/clean+translate371.pt
clean+translate372,clean+translate372,corrupt_fl,/Users/deepakkanneganti/Documents/Experimemt 3/MINIST/FL_C/artifacts/federated_artifact_corrupt/clean_translate,client_7_round_15.pt,/Users/deepakkanneganti/Documents/Experimemt 3/MINIST/FL_C/artifacts/federated_artifact_corrupt/clean_translate/clients/client_7_round_15.pt,client_7,15,round_snapshot,clean+translate,client_7,digit_classification,mnist_image,1x28x28,digit_label,digits_0_9,10,mnist_c_clean+translate,clean+translate,1323,"{""0"": 74, ""1"": 284, ""2"": 68, ""3"": 234, ""4"": 104, ""5"": 182, ""6"": 167, ""7"": 68, ""8"": 55, ""9"": 87}",0.07364416974737789,test,0.9206,3.0502702910000608,3.0505515840000044,0.3029912909998984,3.4553355000000465,0.9206,0.9380448440447162,"[0.0898, 0.1234, 0.0972, 0.1156, 0.101, 0.0898, 0.1038, 0.1106, 0.0738, 0.095]",/Users/deepakkanneganti/Documents/Experimemt 3/MINIST/traditional adaptive composition techniques/client_profiles/weights/clean+translate372.pt
clean+translate373,clean+translate373,corrupt_fl,/Users/deepakkanneganti/Documents/Experimemt 3/MINIST/FL_C/artifacts/federated_artifact_corrupt/clean_translate,client_7_round_16.pt,/Users/deepakkanneganti/Documents/Experimemt 3/MINIST/FL_C/artifacts/federated_artifact_corrupt/clean_translate/clients/client_7_round_16.pt,client_7,16,round_snapshot,clean+translate,client_7,digit_classification,mnist_image,1x28x28,digit_label,digits_0_9,10,mnist_c_clean+translate,clean+translate,1323,"{""0"": 74, ""1"": 284, ""2"": 68, ""3"": 234, ""4"": 104, ""5"": 182, ""6"": 167, ""7"": 68, ""8"": 55, ""9"": 87}",0.050729200378003894,test,0.93,2.9818422920000103,2.982127042000002,0.3952199999998811,3.4834990829999697,0.9299999999999999,0.9396419055324109,"[0.1048, 0.1142, 0.105, 0.1148, 0.0948, 0.0844, 0.0926, 0.111, 0.0898, 0.0886]",/Users/deepakkanneganti/Documents/Experimemt 3/MINIST/traditional adaptive composition techniques/client_profiles/weights/clean+translate373.pt
clean+translate374,clean+translate374,corrupt_fl,/Users/deepakkanneganti/Documents/Experimemt 3/MINIST/FL_C/artifacts/federated_artifact_corrupt/clean_translate,client_7_round_17.pt,/Users/deepakkanneganti/Documents/Experimemt 3/MINIST/FL_C/artifacts/federated_artifact_corrupt/clean_translate/clients/client_7_round_17.pt,client_7,17,round_snapshot,clean+translate,client_7,digit_classification,mnist_image,1x28x28,digit_label,digits_0_9,10,mnist_c_clean+translate,clean+translate,1323,"{""0"": 74, ""1"": 284, ""2"": 68, ""3"": 234, ""4"": 104, ""5"": 182, ""6"": 167, ""7"": 68, ""8"": 55, ""9"": 87}",0.050201912805663815,test,0.9282,3.252764375000197,3.253261457999997,0.343661000000111,3.743098791999955,0.9282,0.9332381217069843,"[0.0992, 0.1206, 0.1008, 0.1112, 0.0912, 0.0842, 0.0996, 0.097, 0.0918, 0.1044]",/Users/deepakkanneganti/Documents/Experimemt 3/MINIST/traditional adaptive composition techniques/client_profiles/weights/clean+translate374.pt
clean+translate375,clean+translate375,corrupt_fl,/Users/deepakkanneganti/Documents/Experimemt 3/MINIST/FL_C/artifacts/federated_artifact_corrupt/clean_translate,client_7_round_18.pt,/Users/deepakkanneganti/Documents/Experimemt 3/MINIST/FL_C/artifacts/federated_artifact_corrupt/clean_translate/clients/client_7_round_18.pt,client_7,18,round_snapshot,clean+translate,client_7,digit_classification,mnist_image,1x28x28,digit_label,digits_0_9,10,mnist_c_clean+translate,clean+translate,1323,"{""0"": 74, ""1"": 284, ""2"": 68, ""3"": 234, ""4"": 104, ""5"": 182, ""6"": 167, ""7"": 68, ""8"": 55, ""9"": 87}",0.04723486578035535,test,0.9156,2.7829261659999247,2.7830941659999553,0.3257974999999078,3.2348255829999744,0.9156000000000001,0.9110020721328369,"[0.0944, 0.1216, 0.0984, 0.1324, 0.0904, 0.0882, 0.094, 0.0978, 0.0786, 0.1042]",/Users/deepakkanneganti/Documents/Experimemt 3/MINIST/traditional adaptive composition techniques/client_profiles/weights/clean+translate375.pt
clean+translate376,clean+translate376,corrupt_fl,/Users/deepakkanneganti/Documents/Experimemt 3/MINIST/FL_C/artifacts/federated_artifact_corrupt/clean_translate,client_7_round_19.pt,/Users/deepakkanneganti/Documents/Experimemt 3/MINIST/FL_C/artifacts/federated_artifact_corrupt/clean_translate/clients/client_7_round_19.pt,client_7,19,round_snapshot,clean+translate,client_7,digit_classification,mnist_image,1x28x28,digit_label,digits_0_9,10,mnist_c_clean+translate,clean+translate,1323,"{""0"": 74, ""1"": 284, ""2"": 68, ""3"": 234, ""4"": 104, ""5"": 182, ""6"": 167, ""7"": 68, ""8"": 55, ""9"": 87}",0.043825753893928995,test,0.9186,3.031406541999786,3.0316141670000434,0.3183859159998974,3.408901541999967,0.9186,0.9196137493140286,"[0.098, 0.1204, 0.1098, 0.1168, 0.0944, 0.086, 0.1, 0.1044, 0.0646, 0.1056]",/Users/deepakkanneganti/Documents/Experimemt 3/MINIST/traditional adaptive composition techniques/client_profiles/weights/clean+translate376.pt
clean+translate377,clean+translate377,corrupt_fl,/Users/deepakkanneganti/Documents/Experimemt 3/MINIST/FL_C/artifacts/federated_artifact_corrupt/clean_translate,client_7.pt,/Users/deepakkanneganti/Documents/Experimemt 3/MINIST/FL_C/artifacts/federated_artifact_corrupt/clean_translate/clients/client_7.pt,client_7,20,final_snapshot,clean+translate,client_7,digit_classification,mnist_image,1x28x28,digit_label,digits_0_9,10,mnist_c_clean+translate,clean+translate,1323,"{""0"": 74, ""1"": 284, ""2"": 68, ""3"": 234, ""4"": 104, ""5"": 182, ""6"": 167, ""7"": 68, ""8"": 55, ""9"": 87}",0.047951237594878134,test,0.929,2.8122971249999864,2.812701625000045,0.30655141599982016,3.231075042000157,0.9289999999999999,0.9312159646370095,"[0.0984, 0.1124, 0.1026, 0.1098, 0.0924, 0.0892, 0.0948, 0.0982, 0.1026, 0.0996]",/Users/deepakkanneganti/Documents/Experimemt 3/MINIST/traditional adaptive composition techniques/client_profiles/weights/clean+translate377.pt
clean+translate378,clean+translate378,corrupt_fl,/Users/deepakkanneganti/Documents/Experimemt 3/MINIST/FL_C/artifacts/federated_artifact_corrupt/clean_translate,client_7_round_20.pt,/Users/deepakkanneganti/Documents/Experimemt 3/MINIST/FL_C/artifacts/federated_artifact_corrupt/clean_translate/clients/client_7_round_20.pt,client_7,20,round_snapshot,clean+translate,client_7,digit_classification,mnist_image,1x28x28,digit_label,digits_0_9,10,mnist_c_clean+translate,clean+translate,1323,"{""0"": 74, ""1"": 284, ""2"": 68, ""3"": 234, ""4"": 104, ""5"": 182, ""6"": 167, ""7"": 68, ""8"": 55, ""9"": 87}",0.047951237594878134,test,0.929,3.2731150829999933,3.273429374999978,0.2879648340001495,3.679596208000021,0.9289999999999999,0.9312159646370095,"[0.0984, 0.1124, 0.1026, 0.1098, 0.0924, 0.0892, 0.0948, 0.0982, 0.1026, 0.0996]",/Users/deepakkanneganti/Documents/Experimemt 3/MINIST/traditional adaptive composition techniques/client_profiles/weights/clean+translate378.pt
clean+translate379,clean+translate379,corrupt_fl,/Users/deepakkanneganti/Documents/Experimemt 3/MINIST/FL_C/artifacts/federated_artifact_corrupt/clean_translate,client_8_round_1.pt,/Users/deepakkanneganti/Documents/Experimemt 3/MINIST/FL_C/artifacts/federated_artifact_corrupt/clean_translate/clients/client_8_round_1.pt,client_8,1,round_snapshot,clean+translate,client_8,digit_classification,mnist_image,1x28x28,digit_label,digits_0_9,10,mnist_c_clean+translate,clean+translate,1365,"{""0"": 74, ""1"": 283, ""2"": 68, ""3"": 234, ""4"": 104, ""5"": 86, ""6"": 167, ""7"": 67, ""8"": 55, ""9"": 227}",0.8848187679594214,test,0.5948,2.837265333000005,2.837522290999914,0.28713375000006636,3.227786665999929,0.5948,0.7106091200734944,"[0.053, 0.2268, 0.0738, 0.1676, 0.0692, 0.1094, 0.1008, 0.0766, 0.0292, 0.0936]",/Users/deepakkanneganti/Documents/Experimemt 3/MINIST/traditional adaptive composition techniques/client_profiles/weights/clean+translate379.pt
clean+translate380,clean+translate380,corrupt_fl,/Users/deepakkanneganti/Documents/Experimemt 3/MINIST/FL_C/artifacts/federated_artifact_corrupt/clean_translate,client_8_round_2.pt,/Users/deepakkanneganti/Documents/Experimemt 3/MINIST/FL_C/artifacts/federated_artifact_corrupt/clean_translate/clients/client_8_round_2.pt,client_8,2,round_snapshot,clean+translate,client_8,digit_classification,mnist_image,1x28x28,digit_label,digits_0_9,10,mnist_c_clean+translate,clean+translate,1365,"{""0"": 74, ""1"": 283, ""2"": 68, ""3"": 234, ""4"": 104, ""5"": 86, ""6"": 167, ""7"": 67, ""8"": 55, ""9"": 227}",0.3906422675107465,test,0.724,3.206244417000107,3.2066607920000934,0.3251746250000451,3.5892805840001074,0.724,0.8164101783993892,"[0.0788, 0.1772, 0.0972, 0.1294, 0.0914, 0.0758, 0.1094, 0.0704, 0.0466, 0.1238]",/Users/deepakkanneganti/Documents/Experimemt 3/MINIST/traditional adaptive composition techniques/client_profiles/weights/clean+translate380.pt
clean+translate381,clean+translate381,corrupt_fl,/Users/deepakkanneganti/Documents/Experimemt 3/MINIST/FL_C/artifacts/federated_artifact_corrupt/clean_translate,client_8_round_3.pt,/Users/deepakkanneganti/Documents/Experimemt 3/MINIST/FL_C/artifacts/federated_artifact_corrupt/clean_translate/clients/client_8_round_3.pt,client_8,3,round_snapshot,clean+translate,client_8,digit_classification,mnist_image,1x28x28,digit_label,digits_0_9,10,mnist_c_clean+translate,clean+translate,1365,"{""0"": 74, ""1"": 283, ""2"": 68, ""3"": 234, ""4"": 104, ""5"": 86, ""6"": 167, ""7"": 67, ""8"": 55, ""9"": 227}",0.18507369302890517,test,0.823,2.7744332919999124,2.774657292000029,0.3094739169998775,3.2014176249999764,0.8230000000000001,0.8702075951455606,"[0.0826, 0.122, 0.0738, 0.1256, 0.0944, 0.0932, 0.1218, 0.1124, 0.07, 0.1042]",/Users/deepakkanneganti/Documents/Experimemt 3/MINIST/traditional adaptive composition techniques/client_profiles/weights/clean+translate381.pt
clean+translate382,clean+translate382,corrupt_fl,/Users/deepakkanneganti/Documents/Experimemt 3/MINIST/FL_C/artifacts/federated_artifact_corrupt/clean_translate,client_8_round_4.pt,/Users/deepakkanneganti/Documents/Experimemt 3/MINIST/FL_C/artifacts/federated_artifact_corrupt/clean_translate/clients/client_8_round_4.pt,client_8,4,round_snapshot,clean+translate,client_8,digit_classification,mnist_image,1x28x28,digit_label,digits_0_9,10,mnist_c_clean+translate,clean+translate,1365,"{""0"": 74, ""1"": 283, ""2"": 68, ""3"": 234, ""4"": 104, ""5"": 86, ""6"": 167, ""7"": 67, ""8"": 55, ""9"": 227}",0.13000338851953996,test,0.8436,3.0650409590000436,3.0654353750001064,0.3168829999999616,3.4816725409998526,0.8436,0.8912365578138757,"[0.0842, 0.1216, 0.1074, 0.1126, 0.1068, 0.0546, 0.0918, 0.104, 0.0818, 0.1352]",/Users/deepakkanneganti/Documents/Experimemt 3/MINIST/traditional adaptive composition techniques/client_profiles/weights/clean+translate382.pt
clean+translate383,clean+translate383,corrupt_fl,/Users/deepakkanneganti/Documents/Experimemt 3/MINIST/FL_C/artifacts/federated_artifact_corrupt/clean_translate,client_8_round_5.pt,/Users/deepakkanneganti/Documents/Experimemt 3/MINIST/FL_C/artifacts/federated_artifact_corrupt/clean_translate/clients/client_8_round_5.pt,client_8,5,round_snapshot,clean+translate,client_8,digit_classification,mnist_image,1x28x28,digit_label,digits_0_9,10,mnist_c_clean+translate,clean+translate,1365,"{""0"": 74, ""1"": 283, ""2"": 68, ""3"": 234, ""4"": 104, ""5"": 86, ""6"": 167, ""7"": 67, ""8"": 55, ""9"": 227}",0.10513697784732688,test,0.8632,2.8404344160001074,2.8406841250000525,0.3258747920001497,3.320475874999829,0.8632,0.8803412733105777,"[0.0896, 0.127, 0.0916, 0.1146, 0.1006, 0.0922, 0.0998, 0.0842, 0.0756, 0.1248]",/Users/deepakkanneganti/Documents/Experimemt 3/MINIST/traditional adaptive composition techniques/client_profiles/weights/clean+translate383.pt
clean+translate384,clean+translate384,corrupt_fl,/Users/deepakkanneganti/Documents/Experimemt 3/MINIST/FL_C/artifacts/federated_artifact_corrupt/clean_translate,client_8_round_6.pt,/Users/deepakkanneganti/Documents/Experimemt 3/MINIST/FL_C/artifacts/federated_artifact_corrupt/clean_translate/clients/client_8_round_6.pt,client_8,6,round_snapshot,clean+translate,client_8,digit_classification,mnist_image,1x28x28,digit_label,digits_0_9,10,mnist_c_clean+translate,clean+translate,1365,"{""0"": 74, ""1"": 283, ""2"": 68, ""3"": 234, ""4"": 104, ""5"": 86, ""6"": 167, ""7"": 67, ""8"": 55, ""9"": 227}",0.08391798753291368,test,0.8566,3.0271193329999733,3.027582250000023,0.2930374170000505,3.4602412920000916,0.8566,0.8764383949763475,"[0.0862, 0.1386, 0.085, 0.1408, 0.0932, 0.0642, 0.0952, 0.1122, 0.0702, 0.1144]",/Users/deepakkanneganti/Documents/Experimemt 3/MINIST/traditional adaptive composition techniques/client_profiles/weights/clean+translate384.pt
clean+translate385,clean+translate385,corrupt_fl,/Users/deepakkanneganti/Documents/Experimemt 3/MINIST/FL_C/artifacts/federated_artifact_corrupt/clean_translate,client_8_round_7.pt,/Users/deepakkanneganti/Documents/Experimemt 3/MINIST/FL_C/artifacts/federated_artifact_corrupt/clean_translate/clients/client_8_round_7.pt,client_8,7,round_snapshot,clean+translate,client_8,digit_classification,mnist_image,1x28x28,digit_label,digits_0_9,10,mnist_c_clean+translate,clean+translate,1365,"{""0"": 74, ""1"": 283, ""2"": 68, ""3"": 234, ""4"": 104, ""5"": 86, ""6"": 167, ""7"": 67, ""8"": 55, ""9"": 227}",0.07002520657172709,test,0.8782,4.136265290999972,4.136765792000006,0.5838071670000318,4.900325000000066,0.8782,0.919715701322805,"[0.0816, 0.1046, 0.114, 0.1132, 0.0874, 0.0762, 0.13, 0.0852, 0.0962, 0.1116]",/Users/deepakkanneganti/Documents/Experimemt 3/MINIST/traditional adaptive composition techniques/client_profiles/weights/clean+translate385.pt
clean+translate386,clean+translate386,corrupt_fl,/Users/deepakkanneganti/Documents/Experimemt 3/MINIST/FL_C/artifacts/federated_artifact_corrupt/clean_translate,client_8_round_8.pt,/Users/deepakkanneganti/Documents/Experimemt 3/MINIST/FL_C/artifacts/federated_artifact_corrupt/clean_translate/clients/client_8_round_8.pt,client_8,8,round_snapshot,clean+translate,client_8,digit_classification,mnist_image,1x28x28,digit_label,digits_0_9,10,mnist_c_clean+translate,clean+translate,1365,"{""0"": 74, ""1"": 283, ""2"": 68, ""3"": 234, ""4"": 104, ""5"": 86, ""6"": 167, ""7"": 67, ""8"": 55, ""9"": 227}",0.07635145002242291,test,0.8942,5.626118124999948,5.62656724999988,0.31404987500013704,6.0880508329998975,0.8941999999999999,0.8941598614442865,"[0.0934, 0.1172, 0.0886, 0.1204, 0.0982, 0.0848, 0.1024, 0.105, 0.0846, 0.1054]",/Users/deepakkanneganti/Documents/Experimemt 3/MINIST/traditional adaptive composition techniques/client_profiles/weights/clean+translate386.pt
clean+translate387,clean+translate387,corrupt_fl,/Users/deepakkanneganti/Documents/Experimemt 3/MINIST/FL_C/artifacts/federated_artifact_corrupt/clean_translate,client_8_round_9.pt,/Users/deepakkanneganti/Documents/Experimemt 3/MINIST/FL_C/artifacts/federated_artifact_corrupt/clean_translate/clients/client_8_round_9.pt,client_8,9,round_snapshot,clean+translate,client_8,digit_classification,mnist_image,1x28x28,digit_label,digits_0_9,10,mnist_c_clean+translate,clean+translate,1365,"{""0"": 74, ""1"": 283, ""2"": 68, ""3"": 234, ""4"": 104, ""5"": 86, ""6"": 167, ""7"": 67, ""8"": 55, ""9"": 227}",0.059354399613132984,test,0.8834,2.7186726249999538,2.718927375000021,0.27715104200001406,3.119840082999872,0.8834,0.928782428151215,"[0.0908, 0.1154, 0.095, 0.1116, 0.0876, 0.081, 0.0988, 0.0806, 0.109, 0.1302]",/Users/deepakkanneganti/Documents/Experimemt 3/MINIST/traditional adaptive composition techniques/client_profiles/weights/clean+translate387.pt
clean+translate388,clean+translate388,corrupt_fl,/Users/deepakkanneganti/Documents/Experimemt 3/MINIST/FL_C/artifacts/federated_artifact_corrupt/clean_translate,client_8_round_10.pt,/Users/deepakkanneganti/Documents/Experimemt 3/MINIST/FL_C/artifacts/federated_artifact_corrupt/clean_translate/clients/client_8_round_10.pt,client_8,10,round_snapshot,clean+translate,client_8,digit_classification,mnist_image,1x28x28,digit_label,digits_0_9,10,mnist_c_clean+translate,clean+translate,1365,"{""0"": 74, ""1"": 283, ""2"": 68, ""3"": 234, ""4"": 104, ""5"": 86, ""6"": 167, ""7"": 67, ""8"": 55, ""9"": 227}",0.04922642547524336,test,0.8984,2.5532358749999275,2.553394249999883,0.2645418750000772,2.882422667000128,0.8984,0.9147175692306773,"[0.0896, 0.124, 0.0826, 0.1324, 0.0922, 0.0938, 0.1064, 0.097, 0.081, 0.101]",/Users/deepakkanneganti/Documents/Experimemt 3/MINIST/traditional adaptive composition techniques/client_profiles/weights/clean+translate388.pt
clean+translate389,clean+translate389,corrupt_fl,/Users/deepakkanneganti/Documents/Experimemt 3/MINIST/FL_C/artifacts/federated_artifact_corrupt/clean_translate,client_8_round_11.pt,/Users/deepakkanneganti/Documents/Experimemt 3/MINIST/FL_C/artifacts/federated_artifact_corrupt/clean_translate/clients/client_8_round_11.pt,client_8,11,round_snapshot,clean+translate,client_8,digit_classification,mnist_image,1x28x28,digit_label,digits_0_9,10,mnist_c_clean+translate,clean+translate,1365,"{""0"": 74, ""1"": 283, ""2"": 68, ""3"": 234, ""4"": 104, ""5"": 86, ""6"": 167, ""7"": 67, ""8"": 55, ""9"": 227}",0.04724017578656926,test,0.9056,2.4680349160000787,2.468175916999826,0.28262766600005307,2.7876810830000522,0.9056000000000001,0.9057066834725778,"[0.0914, 0.1232, 0.1006, 0.1104, 0.0852, 0.0892, 0.1106, 0.1046, 0.0836, 0.1012]",/Users/deepakkanneganti/Documents/Experimemt 3/MINIST/traditional adaptive composition techniques/client_profiles/weights/clean+translate389.pt
clean+translate390,clean+translate390,corrupt_fl,/Users/deepakkanneganti/Documents/Experimemt 3/MINIST/FL_C/artifacts/federated_artifact_corrupt/clean_translate,client_8_round_12.pt,/Users/deepakkanneganti/Documents/Experimemt 3/MINIST/FL_C/artifacts/federated_artifact_corrupt/clean_translate/clients/client_8_round_12.pt,client_8,12,round_snapshot,clean+translate,client_8,digit_classification,mnist_image,1x28x28,digit_label,digits_0_9,10,mnist_c_clean+translate,clean+translate,1365,"{""0"": 74, ""1"": 283, ""2"": 68, ""3"": 234, ""4"": 104, ""5"": 86, ""6"": 167, ""7"": 67, ""8"": 55, ""9"": 227}",0.053780329935817106,test,0.9066,2.50743158399996,2.5075965830001223,0.26914654200004406,2.82041091699989,0.9065999999999999,0.9222422386714925,"[0.0838, 0.1228, 0.094, 0.1128, 0.0922, 0.0748, 0.1266, 0.0938, 0.0966, 0.1026]",/Users/deepakkanneganti/Documents/Experimemt 3/MINIST/traditional adaptive composition techniques/client_profiles/weights/clean+translate390.pt
clean+translate391,clean+translate391,corrupt_fl,/Users/deepakkanneganti/Documents/Experimemt 3/MINIST/FL_C/artifacts/federated_artifact_corrupt/clean_translate,client_8_round_13.pt,/Users/deepakkanneganti/Documents/Experimemt 3/MINIST/FL_C/artifacts/federated_artifact_corrupt/clean_translate/clients/client_8_round_13.pt,client_8,13,round_snapshot,clean+translate,client_8,digit_classification,mnist_image,1x28x28,digit_label,digits_0_9,10,mnist_c_clean+translate,clean+translate,1365,"{""0"": 74, ""1"": 283, ""2"": 68, ""3"": 234, ""4"": 104, ""5"": 86, ""6"": 167, ""7"": 67, ""8"": 55, ""9"": 227}",0.0396085389551114,test,0.9188,2.49875787499991,2.4988832090000415,0.2721550419998948,2.805983749999996,0.9187999999999998,0.9249997969683905,"[0.0948, 0.115, 0.103, 0.1122, 0.094, 0.0798, 0.1006, 0.1084, 0.0782, 0.114]",/Users/deepakkanneganti/Documents/Experimemt 3/MINIST/traditional adaptive composition techniques/client_profiles/weights/clean+translate391.pt
clean+translate392,clean+translate392,corrupt_fl,/Users/deepakkanneganti/Documents/Experimemt 3/MINIST/FL_C/artifacts/federated_artifact_corrupt/clean_translate,client_8_round_14.pt,/Users/deepakkanneganti/Documents/Experimemt 3/MINIST/FL_C/artifacts/federated_artifact_corrupt/clean_translate/clients/client_8_round_14.pt,client_8,14,round_snapshot,clean+translate,client_8,digit_classification,mnist_image,1x28x28,digit_label,digits_0_9,10,mnist_c_clean+translate,clean+translate,1365,"{""0"": 74, ""1"": 283, ""2"": 68, ""3"": 234, ""4"": 104, ""5"": 86, ""6"": 167, ""7"": 67, ""8"": 55, ""9"": 227}",0.038514572703702885,test,0.9176,2.4950814169999376,2.495218250000107,0.2843862500001251,2.8112129169999207,0.9176,0.9062854062520436,"[0.091, 0.1282, 0.1012, 0.1108, 0.085, 0.0918, 0.1046, 0.0928, 0.09, 0.1046]",/Users/deepakkanneganti/Documents/Experimemt 3/MINIST/traditional adaptive composition techniques/client_profiles/weights/clean+translate392.pt
clean+translate393,clean+translate393,corrupt_fl,/Users/deepakkanneganti/Documents/Experimemt 3/MINIST/FL_C/artifacts/federated_artifact_corrupt/clean_translate,client_8_round_15.pt,/Users/deepakkanneganti/Documents/Experimemt 3/MINIST/FL_C/artifacts/federated_artifact_corrupt/clean_translate/clients/client_8_round_15.pt,client_8,15,round_snapshot,clean+translate,client_8,digit_classification,mnist_image,1x28x28,digit_label,digits_0_9,10,mnist_c_clean+translate,clean+translate,1365,"{""0"": 74, ""1"": 283, ""2"": 68, ""3"": 234, ""4"": 104, ""5"": 86, ""6"": 167, ""7"": 67, ""8"": 55, ""9"": 227}",0.042219991979160994,test,0.9278,2.5448639999999614,2.544986457999812,0.27916095900013715,2.8704722499999207,0.9278000000000001,0.9477608681306026,"[0.085, 0.1166, 0.0966, 0.1096, 0.1082, 0.0894, 0.1038, 0.1098, 0.0812, 0.0998]",/Users/deepakkanneganti/Documents/Experimemt 3/MINIST/traditional adaptive composition techniques/client_profiles/weights/clean+translate393.pt
clean+translate394,clean+translate394,corrupt_fl,/Users/deepakkanneganti/Documents/Experimemt 3/MINIST/FL_C/artifacts/federated_artifact_corrupt/clean_translate,client_8_round_16.pt,/Users/deepakkanneganti/Documents/Experimemt 3/MINIST/FL_C/artifacts/federated_artifact_corrupt/clean_translate/clients/client_8_round_16.pt,client_8,16,round_snapshot,clean+translate,client_8,digit_classification,mnist_image,1x28x28,digit_label,digits_0_9,10,mnist_c_clean+translate,clean+translate,1365,"{""0"": 74, ""1"": 283, ""2"": 68, ""3"": 234, ""4"": 104, ""5"": 86, ""6"": 167, ""7"": 67, ""8"": 55, ""9"": 227}",0.035718648779121315,test,0.909,2.7504552919999696,2.7506077079999613,0.2650148329998956,3.0516659590000472,0.9090000000000001,0.9468064156776059,"[0.1038, 0.1222, 0.1008, 0.1158, 0.0976, 0.0738, 0.1032, 0.1102, 0.0698, 0.1028]",/Users/deepakkanneganti/Documents/Experimemt 3/MINIST/traditional adaptive composition techniques/client_profiles/weights/clean+translate394.pt
clean+translate395,clean+translate395,corrupt_fl,/Users/deepakkanneganti/Documents/Experimemt 3/MINIST/FL_C/artifacts/federated_artifact_corrupt/clean_translate,client_8_round_17.pt,/Users/deepakkanneganti/Documents/Experimemt 3/MINIST/FL_C/artifacts/federated_artifact_corrupt/clean_translate/clients/client_8_round_17.pt,client_8,17,round_snapshot,clean+translate,client_8,digit_classification,mnist_image,1x28x28,digit_label,digits_0_9,10,mnist_c_clean+translate,clean+translate,1365,"{""0"": 74, ""1"": 283, ""2"": 68, ""3"": 234, ""4"": 104, ""5"": 86, ""6"": 167, ""7"": 67, ""8"": 55, ""9"": 227}",0.042181908689213524,test,0.9098,2.5290060840000024,2.5293197080000027,0.2801921669999956,2.8441794170000776,0.9097999999999999,0.9155923438397493,"[0.0926, 0.1322, 0.0876, 0.0992, 0.0998, 0.088, 0.115, 0.0924, 0.0814, 0.1118]",/Users/deepakkanneganti/Documents/Experimemt 3/MINIST/traditional adaptive composition techniques/client_profiles/weights/clean+translate395.pt
clean+translate396,clean+translate396,corrupt_fl,/Users/deepakkanneganti/Documents/Experimemt 3/MINIST/FL_C/artifacts/federated_artifact_corrupt/clean_translate,client_8_round_18.pt,/Users/deepakkanneganti/Documents/Experimemt 3/MINIST/FL_C/artifacts/federated_artifact_corrupt/clean_translate/clients/client_8_round_18.pt,client_8,18,round_snapshot,clean+translate,client_8,digit_classification,mnist_image,1x28x28,digit_label,digits_0_9,10,mnist_c_clean+translate,clean+translate,1365,"{""0"": 74, ""1"": 283, ""2"": 68, ""3"": 234, ""4"": 104, ""5"": 86, ""6"": 167, ""7"": 67, ""8"": 55, ""9"": 227}",0.03554952655439124,test,0.9228,2.5057422500001394,2.5064857499999107,0.2795626249999259,2.928028915999903,0.9228,0.927415054472641,"[0.091, 0.1262, 0.0892, 0.106, 0.0978, 0.0834, 0.1034, 0.1078, 0.0846, 0.1106]",/Users/deepakkanneganti/Documents/Experimemt 3/MINIST/traditional adaptive composition techniques/client_profiles/weights/clean+translate396.pt
clean+translate397,clean+translate397,corrupt_fl,/Users/deepakkanneganti/Documents/Experimemt 3/MINIST/FL_C/artifacts/federated_artifact_corrupt/clean_translate,client_8_round_19.pt,/Users/deepakkanneganti/Documents/Experimemt 3/MINIST/FL_C/artifacts/federated_artifact_corrupt/clean_translate/clients/client_8_round_19.pt,client_8,19,round_snapshot,clean+translate,client_8,digit_classification,mnist_image,1x28x28,digit_label,digits_0_9,10,mnist_c_clean+translate,clean+translate,1365,"{""0"": 74, ""1"": 283, ""2"": 68, ""3"": 234, ""4"": 104, ""5"": 86, ""6"": 167, ""7"": 67, ""8"": 55, ""9"": 227}",0.03316670606815905,test,0.9082,2.5684607499999856,2.568650332999823,0.2699659170000359,2.910256415999811,0.9081999999999999,0.9175880875188731,"[0.0922, 0.1156, 0.0898, 0.1252, 0.085, 0.08, 0.1, 0.0944, 0.0898, 0.128]",/Users/deepakkanneganti/Documents/Experimemt 3/MINIST/traditional adaptive composition techniques/client_profiles/weights/clean+translate397.pt
clean+translate398,clean+translate398,corrupt_fl,/Users/deepakkanneganti/Documents/Experimemt 3/MINIST/FL_C/artifacts/federated_artifact_corrupt/clean_translate,client_8.pt,/Users/deepakkanneganti/Documents/Experimemt 3/MINIST/FL_C/artifacts/federated_artifact_corrupt/clean_translate/clients/client_8.pt,client_8,20,final_snapshot,clean+translate,client_8,digit_classification,mnist_image,1x28x28,digit_label,digits_0_9,10,mnist_c_clean+translate,clean+translate,1365,"{""0"": 74, ""1"": 283, ""2"": 68, ""3"": 234, ""4"": 104, ""5"": 86, ""6"": 167, ""7"": 67, ""8"": 55, ""9"": 227}",0.027929881502958862,test,0.9232,2.5195638339998823,2.51969333299985,0.2744976249998672,2.8372044170000663,0.9232000000000001,0.9185316202420098,"[0.088, 0.1138, 0.0954, 0.1116, 0.0966, 0.091, 0.102, 0.098, 0.1026, 0.101]",/Users/deepakkanneganti/Documents/Experimemt 3/MINIST/traditional adaptive composition techniques/client_profiles/weights/clean+translate398.pt
clean+translate399,clean+translate399,corrupt_fl,/Users/deepakkanneganti/Documents/Experimemt 3/MINIST/FL_C/artifacts/federated_artifact_corrupt/clean_translate,client_8_round_20.pt,/Users/deepakkanneganti/Documents/Experimemt 3/MINIST/FL_C/artifacts/federated_artifact_corrupt/clean_translate/clients/client_8_round_20.pt,client_8,20,round_snapshot,clean+translate,client_8,digit_classification,mnist_image,1x28x28,digit_label,digits_0_9,10,mnist_c_clean+translate,clean+translate,1365,"{""0"": 74, ""1"": 283, ""2"": 68, ""3"": 234, ""4"": 104, ""5"": 86, ""6"": 167, ""7"": 67, ""8"": 55, ""9"": 227}",0.027929881502958862,test,0.9232,2.48405562500011,2.4841850409998187,0.2688282500000696,2.7843162500000744,0.9232000000000001,0.9185316202420098,"[0.088, 0.1138, 0.0954, 0.1116, 0.0966, 0.091, 0.102, 0.098, 0.1026, 0.101]",/Users/deepakkanneganti/Documents/Experimemt 3/MINIST/traditional adaptive composition techniques/client_profiles/weights/clean+translate399.pt
clean+translate400,clean+translate400,corrupt_fl,/Users/deepakkanneganti/Documents/Experimemt 3/MINIST/FL_C/artifacts/federated_artifact_corrupt/clean_translate,client_9_round_1.pt,/Users/deepakkanneganti/Documents/Experimemt 3/MINIST/FL_C/artifacts/federated_artifact_corrupt/clean_translate/clients/client_9_round_1.pt,client_9,1,round_snapshot,clean+translate,client_9,digit_classification,mnist_image,1x28x28,digit_label,digits_0_9,10,mnist_c_clean+translate,clean+translate,1437,"{""0"": 74, ""1"": 89, ""2"": 334, ""3"": 234, ""4"": 104, ""5"": 86, ""6"": 167, ""7"": 67, ""8"": 55, ""9"": 227}",0.9236984228094419,test,0.6248,2.563083708000022,2.563251374999936,0.2778987500000767,2.883612749999884,0.6247999999999999,0.7410910073364476,"[0.0704, 0.125, 0.1056, 0.1396, 0.0852, 0.11, 0.1162, 0.084, 0.0252, 0.1388]",/Users/deepakkanneganti/Documents/Experimemt 3/MINIST/traditional adaptive composition techniques/client_profiles/weights/clean+translate400.pt
clean+translate401,clean+translate401,corrupt_fl,/Users/deepakkanneganti/Documents/Experimemt 3/MINIST/FL_C/artifacts/federated_artifact_corrupt/clean_translate,client_9_round_2.pt,/Users/deepakkanneganti/Documents/Experimemt 3/MINIST/FL_C/artifacts/federated_artifact_corrupt/clean_translate/clients/client_9_round_2.pt,client_9,2,round_snapshot,clean+translate,client_9,digit_classification,mnist_image,1x28x28,digit_label,digits_0_9,10,mnist_c_clean+translate,clean+translate,1437,"{""0"": 74, ""1"": 89, ""2"": 334, ""3"": 234, ""4"": 104, ""5"": 86, ""6"": 167, ""7"": 67, ""8"": 55, ""9"": 227}",0.3799315554400285,test,0.744,2.7471345419999125,2.7473645840000245,0.27647508400013976,3.0804031659999964,0.744,0.7880064580573065,"[0.0702, 0.1086, 0.1068, 0.1128, 0.1084, 0.0756, 0.1608, 0.0784, 0.0684, 0.11]",/Users/deepakkanneganti/Documents/Experimemt 3/MINIST/traditional adaptive composition techniques/client_profiles/weights/clean+translate401.pt
clean+translate402,clean+translate402,corrupt_fl,/Users/deepakkanneganti/Documents/Experimemt 3/MINIST/FL_C/artifacts/federated_artifact_corrupt/clean_translate,client_9_round_3.pt,/Users/deepakkanneganti/Documents/Experimemt 3/MINIST/FL_C/artifacts/federated_artifact_corrupt/clean_translate/clients/client_9_round_3.pt,client_9,3,round_snapshot,clean+translate,client_9,digit_classification,mnist_image,1x28x28,digit_label,digits_0_9,10,mnist_c_clean+translate,clean+translate,1437,"{""0"": 74, ""1"": 89, ""2"": 334, ""3"": 234, ""4"": 104, ""5"": 86, ""6"": 167, ""7"": 67, ""8"": 55, ""9"": 227}",0.22600611713197497,test,0.8054,2.5630383749999055,2.563198542000009,0.26066045800007487,2.9203477920000296,0.8054,0.8381639922707065,"[0.0898, 0.1012, 0.1272, 0.1086, 0.0806, 0.082, 0.1032, 0.0846, 0.079, 0.1438]",/Users/deepakkanneganti/Documents/Experimemt 3/MINIST/traditional adaptive composition techniques/client_profiles/weights/clean+translate402.pt
clean+translate403,clean+translate403,corrupt_fl,/Users/deepakkanneganti/Documents/Experimemt 3/MINIST/FL_C/artifacts/federated_artifact_corrupt/clean_translate,client_9_round_4.pt,/Users/deepakkanneganti/Documents/Experimemt 3/MINIST/FL_C/artifacts/federated_artifact_corrupt/clean_translate/clients/client_9_round_4.pt,client_9,4,round_snapshot,clean+translate,client_9,digit_classification,mnist_image,1x28x28,digit_label,digits_0_9,10,mnist_c_clean+translate,clean+translate,1437,"{""0"": 74, ""1"": 89, ""2"": 334, ""3"": 234, ""4"": 104, ""5"": 86, ""6"": 167, ""7"": 67, ""8"": 55, ""9"": 227}",0.16025126689217156,test,0.8394,2.5463206249999075,2.5464666670000042,0.28387724999993225,2.870131582999875,0.8394,0.8737284894699217,"[0.0774, 0.1124, 0.1484, 0.093, 0.1092, 0.0874, 0.105, 0.0694, 0.0796, 0.1182]",/Users/deepakkanneganti/Documents/Experimemt 3/MINIST/traditional adaptive composition techniques/client_profiles/weights/clean+translate403.pt
clean+translate404,clean+translate404,corrupt_fl,/Users/deepakkanneganti/Documents/Experimemt 3/MINIST/FL_C/artifacts/federated_artifact_corrupt/clean_translate,client_9_round_5.pt,/Users/deepakkanneganti/Documents/Experimemt 3/MINIST/FL_C/artifacts/federated_artifact_corrupt/clean_translate/clients/client_9_round_5.pt,client_9,5,round_snapshot,clean+translate,client_9,digit_classification,mnist_image,1x28x28,digit_label,digits_0_9,10,mnist_c_clean+translate,clean+translate,1437,"{""0"": 74, ""1"": 89, ""2"": 334, ""3"": 234, ""4"": 104, ""5"": 86, ""6"": 167, ""7"": 67, ""8"": 55, ""9"": 227}",0.14069967582407925,test,0.8604,2.7266411250000147,2.7268825830001333,0.2940393330000006,3.0621052500000587,0.8603999999999999,0.8919372304872352,"[0.093, 0.1054, 0.11, 0.1028, 0.092, 0.1086, 0.1144, 0.0758, 0.0714, 0.1266]",/Users/deepakkanneganti/Documents/Experimemt 3/MINIST/traditional adaptive composition techniques/client_profiles/weights/clean+translate404.pt
clean+translate405,clean+translate405,corrupt_fl,/Users/deepakkanneganti/Documents/Experimemt 3/MINIST/FL_C/artifacts/federated_artifact_corrupt/clean_translate,client_9_round_6.pt,/Users/deepakkanneganti/Documents/Experimemt 3/MINIST/FL_C/artifacts/federated_artifact_corrupt/clean_translate/clients/client_9_round_6.pt,client_9,6,round_snapshot,clean+translate,client_9,digit_classification,mnist_image,1x28x28,digit_label,digits_0_9,10,mnist_c_clean+translate,clean+translate,1437,"{""0"": 74, ""1"": 89, ""2"": 334, ""3"": 234, ""4"": 104, ""5"": 86, ""6"": 167, ""7"": 67, ""8"": 55, ""9"": 227}",0.12639115215279162,test,0.875,2.5899259999998776,2.5900623339998674,0.27960887500012177,3.004380000000083,0.875,0.8979200728796614,"[0.0924, 0.1162, 0.1138, 0.1072, 0.0972, 0.0808, 0.1022, 0.0816, 0.0698, 0.1388]",/Users/deepakkanneganti/Documents/Experimemt 3/MINIST/traditional adaptive composition techniques/client_profiles/weights/clean+translate405.pt
clean+translate406,clean+translate406,corrupt_fl,/Users/deepakkanneganti/Documents/Experimemt 3/MINIST/FL_C/artifacts/federated_artifact_corrupt/clean_translate,client_9_round_7.pt,/Users/deepakkanneganti/Documents/Experimemt 3/MINIST/FL_C/artifacts/federated_artifact_corrupt/clean_translate/clients/client_9_round_7.pt,client_9,7,round_snapshot,clean+translate,client_9,digit_classification,mnist_image,1x28x28,digit_label,digits_0_9,10,mnist_c_clean+translate,clean+translate,1437,"{""0"": 74, ""1"": 89, ""2"": 334, ""3"": 234, ""4"": 104, ""5"": 86, ""6"": 167, ""7"": 67, ""8"": 55, ""9"": 227}",0.09812278515245351,test,0.8868,2.6305526659998577,2.630788832999997,0.29517441699999836,2.96612899999991,0.8867999999999998,0.897688272026615,"[0.0862, 0.1134, 0.1086, 0.1064, 0.0938, 0.1006, 0.1114, 0.0862, 0.0718, 0.1216]",/Users/deepakkanneganti/Documents/Experimemt 3/MINIST/traditional adaptive composition techniques/client_profiles/weights/clean+translate406.pt
clean+translate407,clean+translate407,corrupt_fl,/Users/deepakkanneganti/Documents/Experimemt 3/MINIST/FL_C/artifacts/federated_artifact_corrupt/clean_translate,client_9_round_8.pt,/Users/deepakkanneganti/Documents/Experimemt 3/MINIST/FL_C/artifacts/federated_artifact_corrupt/clean_translate/clients/client_9_round_8.pt,client_9,8,round_snapshot,clean+translate,client_9,digit_classification,mnist_image,1x28x28,digit_label,digits_0_9,10,mnist_c_clean+translate,clean+translate,1437,"{""0"": 74, ""1"": 89, ""2"": 334, ""3"": 234, ""4"": 104, ""5"": 86, ""6"": 167, ""7"": 67, ""8"": 55, ""9"": 227}",0.0753879292557637,test,0.8882,2.519869417000109,2.5201696670001184,0.4117961249999098,2.989186833000076,0.8882000000000001,0.8872019847382688,"[0.1014, 0.11, 0.1296, 0.1006, 0.0902, 0.0846, 0.096, 0.0846, 0.0812, 0.1218]",/Users/deepakkanneganti/Documents/Experimemt 3/MINIST/traditional adaptive composition techniques/client_profiles/weights/clean+translate407.pt
clean+translate408,clean+translate408,corrupt_fl,/Users/deepakkanneganti/Documents/Experimemt 3/MINIST/FL_C/artifacts/federated_artifact_corrupt/clean_translate,client_9_round_9.pt,/Users/deepakkanneganti/Documents/Experimemt 3/MINIST/FL_C/artifacts/federated_artifact_corrupt/clean_translate/clients/client_9_round_9.pt,client_9,9,round_snapshot,clean+translate,client_9,digit_classification,mnist_image,1x28x28,digit_label,digits_0_9,10,mnist_c_clean+translate,clean+translate,1437,"{""0"": 74, ""1"": 89, ""2"": 334, ""3"": 234, ""4"": 104, ""5"": 86, ""6"": 167, ""7"": 67, ""8"": 55, ""9"": 227}",0.08633463855625854,test,0.8772,2.5712434999998095,2.571415707999904,0.27468374999989464,2.8827300000000378,0.8772,0.8976636979245624,"[0.0948, 0.1168, 0.1338, 0.1066, 0.092, 0.0916, 0.0868, 0.0746, 0.064, 0.139]",/Users/deepakkanneganti/Documents/Experimemt 3/MINIST/traditional adaptive composition techniques/client_profiles/weights/clean+translate408.pt
clean+translate409,clean+translate409,corrupt_fl,/Users/deepakkanneganti/Documents/Experimemt 3/MINIST/FL_C/artifacts/federated_artifact_corrupt/clean_translate,client_9_round_10.pt,/Users/deepakkanneganti/Documents/Experimemt 3/MINIST/FL_C/artifacts/federated_artifact_corrupt/clean_translate/clients/client_9_round_10.pt,client_9,10,round_snapshot,clean+translate,client_9,digit_classification,mnist_image,1x28x28,digit_label,digits_0_9,10,mnist_c_clean+translate,clean+translate,1437,"{""0"": 74, ""1"": 89, ""2"": 334, ""3"": 234, ""4"": 104, ""5"": 86, ""6"": 167, ""7"": 67, ""8"": 55, ""9"": 227}",0.07798790046945214,test,0.8966,2.513137207999989,2.513284958000213,0.30016024999986257,2.85433850000004,0.8966,0.9450983483930118,"[0.0886, 0.1116, 0.119, 0.1064, 0.0876, 0.087, 0.1154, 0.0746, 0.1012, 0.1086]",/Users/deepakkanneganti/Documents/Experimemt 3/MINIST/traditional adaptive composition techniques/client_profiles/weights/clean+translate409.pt
clean+translate410,clean+translate410,corrupt_fl,/Users/deepakkanneganti/Documents/Experimemt 3/MINIST/FL_C/artifacts/federated_artifact_corrupt/clean_translate,client_9_round_11.pt,/Users/deepakkanneganti/Documents/Experimemt 3/MINIST/FL_C/artifacts/federated_artifact_corrupt/clean_translate/clients/client_9_round_11.pt,client_9,11,round_snapshot,clean+translate,client_9,digit_classification,mnist_image,1x28x28,digit_label,digits_0_9,10,mnist_c_clean+translate,clean+translate,1437,"{""0"": 74, ""1"": 89, ""2"": 334, ""3"": 234, ""4"": 104, ""5"": 86, ""6"": 167, ""7"": 67, ""8"": 55, ""9"": 227}",0.06544954955784811,test,0.9126,2.5573146660001385,2.557452000000012,0.2956747919999998,2.889125500000091,0.9125999999999997,0.9108577424012514,"[0.0956, 0.1162, 0.1156, 0.107, 0.1048, 0.085, 0.0926, 0.085, 0.0884, 0.1098]",/Users/deepakkanneganti/Documents/Experimemt 3/MINIST/traditional adaptive composition techniques/client_profiles/weights/clean+translate410.pt
clean+translate411,clean+translate411,corrupt_fl,/Users/deepakkanneganti/Documents/Experimemt 3/MINIST/FL_C/artifacts/federated_artifact_corrupt/clean_translate,client_9_round_12.pt,/Users/deepakkanneganti/Documents/Experimemt 3/MINIST/FL_C/artifacts/federated_artifact_corrupt/clean_translate/clients/client_9_round_12.pt,client_9,12,round_snapshot,clean+translate,client_9,digit_classification,mnist_image,1x28x28,digit_label,digits_0_9,10,mnist_c_clean+translate,clean+translate,1437,"{""0"": 74, ""1"": 89, ""2"": 334, ""3"": 234, ""4"": 104, ""5"": 86, ""6"": 167, ""7"": 67, ""8"": 55, ""9"": 227}",0.05833160727181368,test,0.9106,2.5532274580000376,2.5535106249999444,0.2734520839999277,2.861157791999858,0.9106,0.9352973548900492,"[0.098, 0.1102, 0.12, 0.1092, 0.0962, 0.0976, 0.0896, 0.0816, 0.0894, 0.1082]",/Users/deepakkanneganti/Documents/Experimemt 3/MINIST/traditional adaptive composition techniques/client_profiles/weights/clean+translate411.pt
clean+translate412,clean+translate412,corrupt_fl,/Users/deepakkanneganti/Documents/Experimemt 3/MINIST/FL_C/artifacts/federated_artifact_corrupt/clean_translate,client_9_round_13.pt,/Users/deepakkanneganti/Documents/Experimemt 3/MINIST/FL_C/artifacts/federated_artifact_corrupt/clean_translate/clients/client_9_round_13.pt,client_9,13,round_snapshot,clean+translate,client_9,digit_classification,mnist_image,1x28x28,digit_label,digits_0_9,10,mnist_c_clean+translate,clean+translate,1437,"{""0"": 74, ""1"": 89, ""2"": 334, ""3"": 234, ""4"": 104, ""5"": 86, ""6"": 167, ""7"": 67, ""8"": 55, ""9"": 227}",0.062330834567546844,test,0.9048,2.5367531670001426,2.5369084999999814,0.2834495419999712,2.865406041000142,0.9048,0.9267060764498226,"[0.09, 0.1116, 0.1252, 0.1132, 0.0964, 0.0928, 0.0982, 0.0826, 0.0778, 0.1122]",/Users/deepakkanneganti/Documents/Experimemt 3/MINIST/traditional adaptive composition techniques/client_profiles/weights/clean+translate412.pt
clean+translate413,clean+translate413,corrupt_fl,/Users/deepakkanneganti/Documents/Experimemt 3/MINIST/FL_C/artifacts/federated_artifact_corrupt/clean_translate,client_9_round_14.pt,/Users/deepakkanneganti/Documents/Experimemt 3/MINIST/FL_C/artifacts/federated_artifact_corrupt/clean_translate/clients/client_9_round_14.pt,client_9,14,round_snapshot,clean+translate,client_9,digit_classification,mnist_image,1x28x28,digit_label,digits_0_9,10,mnist_c_clean+translate,clean+translate,1437,"{""0"": 74, ""1"": 89, ""2"": 334, ""3"": 234, ""4"": 104, ""5"": 86, ""6"": 167, ""7"": 67, ""8"": 55, ""9"": 227}",0.06450580420076019,test,0.9132,2.6988573749999887,2.699137999999948,0.2918180840001696,3.038024999999834,0.9132,0.91321034051864,"[0.1008, 0.1218, 0.1208, 0.1072, 0.094, 0.099, 0.0902, 0.0862, 0.0744, 0.1056]",/Users/deepakkanneganti/Documents/Experimemt 3/MINIST/traditional adaptive composition techniques/client_profiles/weights/clean+translate413.pt
clean+translate414,clean+translate414,corrupt_fl,/Users/deepakkanneganti/Documents/Experimemt 3/MINIST/FL_C/artifacts/federated_artifact_corrupt/clean_translate,client_9_round_15.pt,/Users/deepakkanneganti/Documents/Experimemt 3/MINIST/FL_C/artifacts/federated_artifact_corrupt/clean_translate/clients/client_9_round_15.pt,client_9,15,round_snapshot,clean+translate,client_9,digit_classification,mnist_image,1x28x28,digit_label,digits_0_9,10,mnist_c_clean+translate,clean+translate,1437,"{""0"": 74, ""1"": 89, ""2"": 334, ""3"": 234, ""4"": 104, ""5"": 86, ""6"": 167, ""7"": 67, ""8"": 55, ""9"": 227}",0.05361637747329143,test,0.9048,2.5255051249998814,2.525666375000128,0.2508160830000179,2.862874791999957,0.9048,0.921746293386938,"[0.0898, 0.1192, 0.1252, 0.118, 0.0998, 0.0904, 0.096, 0.0846, 0.0686, 0.1084]",/Users/deepakkanneganti/Documents/Experimemt 3/MINIST/traditional adaptive composition techniques/client_profiles/weights/clean+translate414.pt
clean+translate415,clean+translate415,corrupt_fl,/Users/deepakkanneganti/Documents/Experimemt 3/MINIST/FL_C/artifacts/federated_artifact_corrupt/clean_translate,client_9_round_16.pt,/Users/deepakkanneganti/Documents/Experimemt 3/MINIST/FL_C/artifacts/federated_artifact_corrupt/clean_translate/clients/client_9_round_16.pt,client_9,16,round_snapshot,clean+translate,client_9,digit_classification,mnist_image,1x28x28,digit_label,digits_0_9,10,mnist_c_clean+translate,clean+translate,1437,"{""0"": 74, ""1"": 89, ""2"": 334, ""3"": 234, ""4"": 104, ""5"": 86, ""6"": 167, ""7"": 67, ""8"": 55, ""9"": 227}",0.04821532093531763,test,0.9222,2.4449905830001626,2.4452275420001115,0.2902504169999247,2.7704527079999934,0.9221999999999999,0.9430400513552367,"[0.1026, 0.1162, 0.1322, 0.1136, 0.0962, 0.08, 0.0852, 0.0936, 0.0848, 0.0956]",/Users/deepakkanneganti/Documents/Experimemt 3/MINIST/traditional adaptive composition techniques/client_profiles/weights/clean+translate415.pt
clean+translate416,clean+translate416,corrupt_fl,/Users/deepakkanneganti/Documents/Experimemt 3/MINIST/FL_C/artifacts/federated_artifact_corrupt/clean_translate,client_9_round_17.pt,/Users/deepakkanneganti/Documents/Experimemt 3/MINIST/FL_C/artifacts/federated_artifact_corrupt/clean_translate/clients/client_9_round_17.pt,client_9,17,round_snapshot,clean+translate,client_9,digit_classification,mnist_image,1x28x28,digit_label,digits_0_9,10,mnist_c_clean+translate,clean+translate,1437,"{""0"": 74, ""1"": 89, ""2"": 334, ""3"": 234, ""4"": 104, ""5"": 86, ""6"": 167, ""7"": 67, ""8"": 55, ""9"": 227}",0.0476878048826216,test,0.9246,2.61047545800011,2.610729666999987,0.29846316699990894,2.9508911249999983,0.9245999999999999,0.9287207117485475,"[0.098, 0.1236, 0.1168, 0.0962, 0.1074, 0.0902, 0.1028, 0.0918, 0.0738, 0.0994]",/Users/deepakkanneganti/Documents/Experimemt 3/MINIST/traditional adaptive composition techniques/client_profiles/weights/clean+translate416.pt
clean+translate417,clean+translate417,corrupt_fl,/Users/deepakkanneganti/Documents/Experimemt 3/MINIST/FL_C/artifacts/federated_artifact_corrupt/clean_translate,client_9_round_18.pt,/Users/deepakkanneganti/Documents/Experimemt 3/MINIST/FL_C/artifacts/federated_artifact_corrupt/clean_translate/clients/client_9_round_18.pt,client_9,18,round_snapshot,clean+translate,client_9,digit_classification,mnist_image,1x28x28,digit_label,digits_0_9,10,mnist_c_clean+translate,clean+translate,1437,"{""0"": 74, ""1"": 89, ""2"": 334, ""3"": 234, ""4"": 104, ""5"": 86, ""6"": 167, ""7"": 67, ""8"": 55, ""9"": 227}",0.04211197995270292,test,0.9324,2.795802457999798,2.7960219999999936,0.26456824999991113,3.11698483400005,0.9324,0.941663380292708,"[0.0952, 0.1148, 0.114, 0.1098, 0.0992, 0.081, 0.0904, 0.0914, 0.0906, 0.1136]",/Users/deepakkanneganti/Documents/Experimemt 3/MINIST/traditional adaptive composition techniques/client_profiles/weights/clean+translate417.pt
clean+translate418,clean+translate418,corrupt_fl,/Users/deepakkanneganti/Documents/Experimemt 3/MINIST/FL_C/artifacts/federated_artifact_corrupt/clean_translate,client_9_round_19.pt,/Users/deepakkanneganti/Documents/Experimemt 3/MINIST/FL_C/artifacts/federated_artifact_corrupt/clean_translate/clients/client_9_round_19.pt,client_9,19,round_snapshot,clean+translate,client_9,digit_classification,mnist_image,1x28x28,digit_label,digits_0_9,10,mnist_c_clean+translate,clean+translate,1437,"{""0"": 74, ""1"": 89, ""2"": 334, ""3"": 234, ""4"": 104, ""5"": 86, ""6"": 167, ""7"": 67, ""8"": 55, ""9"": 227}",0.045898584442006216,test,0.9232,2.5470785420000084,2.5472245409998777,0.2749093750001066,2.941860707999922,0.9231999999999999,0.9137748942131897,"[0.0942, 0.111, 0.1096, 0.1086, 0.1034, 0.0768, 0.1106, 0.0798, 0.087, 0.119]",/Users/deepakkanneganti/Documents/Experimemt 3/MINIST/traditional adaptive composition techniques/client_profiles/weights/clean+translate418.pt
clean+translate419,clean+translate419,corrupt_fl,/Users/deepakkanneganti/Documents/Experimemt 3/MINIST/FL_C/artifacts/federated_artifact_corrupt/clean_translate,client_9.pt,/Users/deepakkanneganti/Documents/Experimemt 3/MINIST/FL_C/artifacts/federated_artifact_corrupt/clean_translate/clients/client_9.pt,client_9,20,final_snapshot,clean+translate,client_9,digit_classification,mnist_image,1x28x28,digit_label,digits_0_9,10,mnist_c_clean+translate,clean+translate,1437,"{""0"": 74, ""1"": 89, ""2"": 334, ""3"": 234, ""4"": 104, ""5"": 86, ""6"": 167, ""7"": 67, ""8"": 55, ""9"": 227}",0.0355482074794256,test,0.9304,2.5583245419998093,2.5585249589998966,0.2767015409999658,2.882300541999939,0.9304,0.9372669295190171,"[0.097, 0.1188, 0.1142, 0.0994, 0.105, 0.093, 0.09, 0.0944, 0.0848, 0.1034]",/Users/deepakkanneganti/Documents/Experimemt 3/MINIST/traditional adaptive composition techniques/client_profiles/weights/clean+translate419.pt
clean+translate420,clean+translate420,corrupt_fl,/Users/deepakkanneganti/Documents/Experimemt 3/MINIST/FL_C/artifacts/federated_artifact_corrupt/clean_translate,client_9_round_20.pt,/Users/deepakkanneganti/Documents/Experimemt 3/MINIST/FL_C/artifacts/federated_artifact_corrupt/clean_translate/clients/client_9_round_20.pt,client_9,20,round_snapshot,clean+translate,client_9,digit_classification,mnist_image,1x28x28,digit_label,digits_0_9,10,mnist_c_clean+translate,clean+translate,1437,"{""0"": 74, ""1"": 89, ""2"": 334, ""3"": 234, ""4"": 104, ""5"": 86, ""6"": 167, ""7"": 67, ""8"": 55, ""9"": 227}",0.0355482074794256,test,0.9304,2.5448476660001234,2.545015374999821,0.26539487500008363,2.9004201249999824,0.9304,0.9372669295190171,"[0.097, 0.1188, 0.1142, 0.0994, 0.105, 0.093, 0.09, 0.0944, 0.0848, 0.1034]",/Users/deepakkanneganti/Documents/Experimemt 3/MINIST/traditional adaptive composition techniques/client_profiles/weights/clean+translate420.pt
